OBJECTID;UIDENTSTLAE;ULAND;UREGBEZ;UKREIS;UGEMEINDE;UJAHR;UMONAT;USTUNDE;UWOCHENTAG;UKATEGORIE;UART;UTYP1;ULICHTVERH;IstStrassenzustand;IstRad;IstPKW;IstFuss;IstKrad;IstGkfz;IstSonstige;LINREFX;LINREFY;XGCSWGS84;YGCSWGS84
81812;08220328437200384570;08;4;37;065;2022;03;08;2;3;6;3;0;0;0;0;1;0;1;0;518251,901383224001620;5318147,729545149952173;9,244755784000059;48,016361602000103
81818;08220403231202630781;08;2;36;013;2022;04;13;1;3;6;7;0;1;0;1;1;0;0;0;476393,585086808016058;5408858,036306570284069;8,678333211000050;48,832250633999998
81819;08220417231202746420;08;2;36;043;2022;04;10;1;3;6;4;0;0;0;1;1;0;0;0;469823,356498005974572;5410445,536982970312238;8,588690907000061;48,846246662000098
81821;08220416111230489931;08;1;11;000;2022;04;19;7;3;0;7;0;0;1;0;0;0;0;0;515033,916989282006398;5394614,066052240319550;9,204336267000031;48,704379723999999
81823;08220419121100652351;08;1;25;026;2022;04;17;3;3;0;7;0;0;0;1;1;0;0;0;493961,123752752027940;5440648,211174099706113;8,917240110000019;49,118643153000100
81828;08220305311300339980;08;3;15;095;2022;03;17;7;3;0;1;0;0;1;0;0;0;0;0;425724,316397599002812;5318086,277912910096347;8,004055974000041;48,011752166000100
81829;08220406215402975530;08;2;15;009;2022;04;18;4;3;0;7;0;0;1;0;0;0;0;0;469701,916289441986009;5441695,728613959625363;8,584706171000050;49,127348782000098
81836;08220302118101327540;08;1;18;079;2022;03;14;4;3;0;1;0;0;1;0;0;0;0;0;510161,739935285993852;5421828,779177550226450;9,138789866000019;48,949297930999997
81838;08220413421200470021;08;4;25;072;2022;04;13;4;3;5;3;0;0;1;1;0;0;0;0;583799,879857358988374;5373371,466840280219913;10,134579818000100;48,507866096000001
81842;08220330326300392680;08;3;26;068;2022;03;11;4;3;5;7;0;1;1;1;0;0;0;0;448227,775123479019385;5321777,490152190439403;8,305325108000030;48,047179701000097
81848;08220405231202483891;08;2;36;072;2022;04;17;3;3;6;7;0;0;0;1;1;0;0;0;465783,475944340985734;5410059,330825099721551;8,533661194000050;48,842562939000103
81850;08220327416010407600;08;4;15;053;2022;03;15;1;2;2;1;0;0;1;1;0;0;0;0;533919,761056851013564;5361722,243130709975958;9,458339782000049;48,407742949000102
81858;08220314212000413980;08;2;12;000;2022;03;16;2;3;5;3;0;0;1;1;0;0;0;0;458987,197652126022149;5428138,286615369841456;8,439220678000030;49,004776832000097
81862;08220317222600365270;08;2;22;000;2022;03;05;5;3;5;2;2;0;1;1;0;0;0;0;463538,220087809022516;5483420,104011929593980;8,496412217000060;49,502315510000102
81865;08220401335000627291;08;3;35;075;2022;04;13;6;3;6;4;0;1;0;1;1;0;0;0;487948,338082954986021;5289043,675187899731100;8,839200759000050;47,754649818000097
81867;08220311115100365430;08;1;15;003;2022;03;11;6;2;4;2;0;0;1;1;0;0;0;0;502910,719742838002276;5393251,063615709543228;9,039552106000031;48,692292436000102
81873;08220412118300523651;08;1;18;046;2022;04;18;3;3;0;7;0;0;1;1;0;0;0;0;514641,406644797010813;5412677,699009289965034;9,199644963000029;48,866887665000000
81883;08220407222400651601;08;2;26;105;2022;04;13;5;3;6;7;0;1;0;0;1;0;1;0;471157,472846989985555;5479194,440990589559078;8,601949878000029;49,464717379000000
81886;08220413216200463011;08;2;16;063;2022;04;15;4;3;0;1;0;0;1;0;0;0;0;0;430192,717951510974672;5402028,071398000232875;8,050010428000061;48,767342128000102
81889;08220325317500377960;08;3;17;096;2022;03;13;6;3;8;1;0;0;1;0;0;0;0;0;423259,665999993972946;5368047,436999510042369;7,961961185000060;48,460879052999999
81893;08220323435100410770;08;4;35;016;2022;03;16;4;3;5;2;0;0;1;1;0;0;0;0;535250,588343061041087;5277759,333650959655643;9,469411215000040;47,652269600000103
81895;08220303435100329520;08;4;35;016;2022;03;19;5;3;5;3;2;0;1;1;0;0;0;0;536785,975000001024455;5279446,943999489769340;9,489998352000040;47,667368224000001
81897;08220418119200561511;08;1;19;020;2022;04;20;2;2;9;7;2;0;1;0;0;0;0;0;522147,216134749993216;5405823,385233540087938;9,301619854000020;48,805005354000102
81899;08220411111500481801;08;1;11;000;2022;04;08;2;3;6;4;0;0;0;1;1;0;0;0;507949,832380904990714;5407658,611376339569688;9,108303899000020;48,821858614000099
81910;08220323119300401190;08;1;19;067;2022;03;16;4;3;5;2;0;0;1;1;0;0;0;0;539150,299207807984203;5405785,999950470402837;9,533170709000050;48,803830589000000
81911;08220408416010439911;08;4;16;025;2022;04;07;6;2;6;4;0;1;0;0;1;0;0;1;502251,655999055015855;5360283,270013229921460;9,030418220000060;48,395705988000003
81922;08220324231202414450;08;2;36;072;2022;03;18;5;2;0;1;0;0;1;0;0;0;0;0;467461,065441042010207;5410634,226064540445805;8,556478749000060;48,847824672000101
81923;08220312119200342780;08;1;19;020;2022;03;10;7;3;0;1;0;0;1;0;0;0;0;0;519045,015540710999630;5407048,018066650256515;9,259428734000039;48,816124736000098
81931;08220318118400384810;08;1;18;048;2022;03;07;6;3;3;6;0;0;1;1;0;0;0;0;515432,209139722981490;5414490,024823259562254;9,210496377000030;48,883171724000100
81939;08220323235100398750;08;2;35;085;2022;03;13;4;3;1;7;0;0;1;1;0;0;0;0;480222,744776933977846;5398837,208867490291595;8,730991892000080;48,742238540000102
81944;08220327436300402850;08;4;36;081;2022;03;13;1;3;0;1;0;0;1;0;0;0;0;0;556933,864156350959092;5281854,575764349661767;9,758667239000030;47,687569562000100
81948;08220407435100434321;08;4;35;035;2022;04;17;5;3;5;2;0;0;1;1;0;0;0;0;542245,709000002010725;5282884,904999489895999;9,563052738000071;47,697966812000097
81950;08220410335100481271;08;3;35;043;2022;04;15;1;3;8;1;0;0;1;0;0;0;0;0;513794,484996989020146;5280017,018342340365052;9,183766962000050;47,673396715000102
81951;08220413325102471871;08;3;25;070;2022;04;12;4;3;5;3;0;0;1;1;0;0;0;0;462121,626997690007556;5347646,494931370019913;8,489437982000030;48,280887974999999
81953;08220325317500402320;08;3;17;097;2022;03;12;6;3;9;1;0;0;1;0;0;0;0;0;425656,373576200974640;5364455,081661250442266;7,995013083000060;48,428853269999998
81959;08220322311400384640;08;3;15;048;2022;03;18;3;2;0;1;0;0;1;0;0;0;0;0;398111,595505070989020;5312335,725139110349119;7,635262435000070;47,956221969000097
81965;08220411216200480651;08;2;16;007;2022;04;05;2;3;0;7;2;0;1;0;0;0;0;0;431546,194999995990656;5395963,883999519981444;8,069434509000081;48,712946109000001
81967;08220309436000353930;08;4;35;035;2022;03;17;4;2;5;3;0;0;1;1;0;0;0;0;542529,729498094995506;5280787,694837120361626;9,566633569000031;47,679079078000001
81971;08220313121400360000;08;1;25;013;2022;03;15;1;3;5;3;0;0;1;1;0;0;0;0;501294,737999999022577;5436894,580999529920518;9,017731736000030;49,084905833999997
81972;08220306231202414510;08;2;36;070;2022;03;00;1;2;4;6;2;0;1;1;0;0;0;0;468926,032197223976254;5416276,136580700054765;8,576017714000050;48,898651950999998
81977;08220325335400413700;08;3;35;079;2022;03;11;6;2;2;6;0;0;1;1;0;0;0;0;500630,186000002024230;5299496,892999500036240;9,008423461000060;47,848814971000103
81981;08220329435100411720;08;4;35;016;2022;03;16;3;3;5;3;0;0;1;1;0;0;0;0;537358,126086964039132;5278834,569098779931664;9,497566890000030;47,661825657000101
81984;08220319311010359640;08;3;36;069;2022;03;10;7;3;6;4;0;0;0;1;1;0;0;0;408509,553305762005039;5268219,162145519629121;7,783788001000060;47,560940818000098
81992;08220331435100392870;08;4;35;057;2022;03;08;5;2;5;3;0;0;1;1;0;0;0;0;542770,452969864010811;5279278,753674039617181;9,569692841000061;47,665486863000098
81993;08220413111330474061;08;1;11;000;2022;04;19;4;3;0;7;0;0;1;0;0;0;0;0;515722,200782875996083;5408697,658733749762177;9,214229388000041;48,831057599000097
81994;08220324426200375050;08;4;26;073;2022;03;15;5;3;5;3;0;0;1;1;0;0;0;0;566447,042000005021691;5337261,812999499961734;9,893971526000030;48,185116155999999
81995;08220313119300369480;08;1;19;037;2022;03;20;1;3;8;1;2;0;1;0;0;0;0;0;547673,411267246003263;5417614,185275790281594;9,650613552000040;48,909632923000103
81997;08220326121100379360;08;1;25;026;2022;03;11;7;3;0;7;0;0;1;0;0;0;0;0;496438,025454299000558;5443066,185566050000489;8,951163479000060;49,140413167000098
82005;08220417121600656181;08;1;25;059;2022;04;11;1;3;0;1;0;0;1;0;0;0;0;0;529155,745301611954346;5439483,646982059814036;9,399476449000080;49,107505893999999
82009;08220331136300412160;08;1;36;065;2022;03;06;5;3;8;6;1;1;1;1;0;0;0;0;564271,761008918983862;5402174,950720399618149;9,874690583000071;48,769259589999997
82011;08220324127202391960;08;1;27;008;2022;03;16;5;3;2;6;0;0;1;1;0;0;0;0;574878,327395663014613;5460996,509288529865444;10,029879916000001;49,297122291999997
82024;08220311111500363860;08;1;11;000;2022;03;08;6;3;5;3;0;0;1;1;0;0;0;0;510792,427311339997686;5402152,348304069600999;9,146884956000060;48,772281908000103
82027;08220314435200377370;08;4;35;015;2022;03;15;2;3;5;3;0;0;1;1;0;0;0;0;518786,613331136002671;5294956,368979089893401;9,250915427000050;47,807687886000103
82039;08220301317500340190;08;3;17;096;2022;03;12;3;3;0;3;0;0;1;1;0;0;0;0;421639,101424453023355;5369692,644544900394976;7,939735999000050;48,475477761999997
82046;08220320128200379390;08;1;28;138;2022;03;16;1;2;2;6;0;0;1;0;0;1;0;0;538783,232441009022295;5480180,423818220384419;9,535331003000071;49,473032334000003
82049;08220322317010367360;08;3;17;065;2022;03;14;3;2;6;4;0;0;0;0;1;0;1;0;416278,560555557021871;5354453,191351450048387;7,870259751000050;48,337711107000104
82050;08220319311400386830;08;3;15;074;2022;03;19;7;2;9;1;2;0;1;0;0;0;0;0;398341,587589228991419;5295852,482072980143130;7,642222720000060;47,807994460000003
82051;08220303316100345280;08;3;16;039;2022;03;14;5;3;5;3;0;0;1;1;0;0;0;0;417936,664999988977797;5327255,970999499782920;7,897893432000050;48,093284943000100
82056;08220407118300488091;08;1;18;051;2022;04;14;5;3;5;3;0;0;1;1;0;0;0;0;509277,711000001989305;5414928,402999529615045;9,126558842000071;48,887237956000000
82083;08220327435100382370;08;4;35;016;2022;03;14;1;3;0;7;0;0;1;0;0;0;0;0;536157,094308599014767;5278449,914166130125523;9,481539307000050;47,658433015000099
82085;08220321317300388630;08;3;17;065;2022;03;07;2;3;6;4;1;0;0;0;1;0;0;1;420371,251565302023664;5353494,278060309588909;7,925657562000030;48,329614710999998
82086;08220408216300436941;08;2;16;033;2022;04;19;6;3;5;3;0;1;1;1;0;0;0;0;448058,020999999018386;5413928,407999530434608;8,291605059000061;48,876135673000100
82087;08220317311200355570;08;3;11;000;2022;03;08;5;3;5;3;0;0;1;1;0;0;0;0;414602,625999987008981;5317818,954999499954283;7,855010089000070;48,007957985000097
82089;08220402311010616961;08;3;11;000;2022;04;22;7;3;0;7;2;1;1;0;0;0;0;0;411773,657821734028403;5319094,936966580338776;7,816825546000080;48,019051481000098
82093;08220314135200362410;08;1;35;019;2022;03;13;2;3;3;2;0;0;1;0;0;0;1;0;585140,136124223005027;5392305,457277010194957;10,156602920000100;48,677986212000100
82102;08220414211100546851;08;2;11;000;2022;04;17;5;2;6;7;0;0;0;1;1;0;0;0;442627,046457240998279;5402976,127747249789536;8,219075602000030;48,777140566000099
82105;08220310325202359250;08;3;25;049;2022;03;09;5;3;6;4;0;0;0;1;1;0;0;0;472829,383000001020264;5333206,543999499641359;8,634689353000059;48,151526787000101
82107;08220412118600572901;08;1;18;050;2022;04;13;3;3;3;6;0;0;1;1;0;0;0;0;507083,137339252978563;5416073,490273820236325;9,096642191000059;48,897567869000099
82108;08220324121200374190;08;1;21;000;2022;03;19;5;3;5;2;2;0;1;1;0;0;0;0;514867,500000000989530;5441546,813999529927969;9,203784480000021;49,126576286999999
82114;08220308436400356380;08;4;36;082;2022;03;09;3;2;5;3;0;0;1;1;0;0;0;0;548319,008530321996659;5294845,621997090056539;9,645322030000051;47,805151772000002
82117;08220318111500358940;08;1;11;000;2022;03;15;6;3;5;3;0;0;1;1;0;0;0;0;509191,983000000996981;5397406,926999519579113;9,124997030000030;48,729617867000101
82124;08220330121200414520;08;1;21;000;2022;03;12;4;3;0;7;0;1;1;0;0;0;0;0;515096,254854244005401;5441663,952143959701061;9,206924319000050;49,127624410000102
82141;08220307118400333290;08;1;18;048;2022;03;07;2;2;6;4;0;0;0;1;1;0;0;0;515200,886076396971475;5415180,425688929855824;9,207366815000061;48,889388103999998
82144;08220316222701369560;08;2;22;000;2022;03;09;4;3;3;3;0;0;1;1;0;0;0;0;462172,890129723993596;5480556,289649800397456;8,477829982000060;49,476473382000101
82146;08220409222014515441;08;2;26;059;2022;04;18;7;2;3;6;0;0;1;1;0;0;0;0;465270,637000000977423;5460194,820999540388584;8,522368632000051;49,293513212999997
82149;08220404231000426481;08;2;31;000;2022;04;16;2;3;6;4;0;0;0;1;1;0;0;0;477694,868361780012492;5416153,193719910457730;8,695666876000081;48,897923799000097
82150;08220418221200639151;08;2;21;000;2022;04;17;2;3;0;1;0;0;1;0;0;0;0;0;482537,292437625990715;5470054,557978140190244;8,759400942000070;49,382939131999997
82153;08220407135010434781;08;1;35;032;2022;04;16;5;2;6;4;0;0;0;1;1;0;0;0;580202,041874240967445;5392940,141119239851832;10,089656599000000;48,684348779000103
82155;08220331335100410430;08;3;35;002;2022;03;14;5;3;5;3;0;0;1;1;0;0;0;0;505565,932919394981582;5285704,003815379925072;9,074220832000041;47,724689440000098
82156;08220412435100500191;08;4;35;024;2022;04;08;3;3;5;2;0;0;1;1;0;0;0;0;527775,131113091018051;5279556,493783510290086;9,369981633000069;47,668803697999998
82157;08220324317600396111;08;3;17;146;2022;03;10;5;3;3;6;0;0;1;1;0;0;0;0;430363,079254646028858;5355106,871339890174568;8,060179416000040;48,345300760999997
82162;08220328121400408160;08;1;25;061;2022;03;06;2;3;2;6;1;0;1;1;0;0;0;0;501378,328209885978140;5446306,896179630421102;9,018908691000039;49,169573350000100
82163;08220314335300349280;08;3;35;022;2022;03;15;2;3;0;1;0;0;1;0;0;0;0;0;481701,053000001003966;5296460,044999499805272;8,755534326000030;47,821231108000099
82171;08220414221011563191;08;2;21;000;2022;04;20;5;3;0;3;2;0;1;0;0;0;0;1;477470,021051380026620;5471778,412692629732192;8,689487933000070;49,398278618000099
82174;08220310118500346850;08;1;18;049;2022;03;10;5;3;5;4;0;0;0;1;1;0;0;0;519141,703662011015695;5421035,919672990217805;9,261400659000060;48,941952908000097
82179;08220311136300341780;08;1;36;029;2022;03;16;6;3;4;2;0;0;1;1;0;0;0;0;569135,081335718976334;5411616,680909640155733;9,942458230000060;48,853663802000000
82184;08220308212010335940;08;2;15;108;2022;03;10;3;3;5;3;0;0;1;0;0;0;0;1;448047,255090679973364;5423215,636195849627256;8,290275649000019;48,959673903000102
82186;08220407426010501131;08;4;26;021;2022;04;10;5;2;5;3;0;0;1;1;0;0;0;0;559147,947675512987189;5327077,255493960343301;9,794365881000029;48,094216554000099
82190;08220414237100543491;08;2;37;002;2022;04;11;5;3;5;3;0;0;1;1;0;0;0;0;455339,209174220974091;5354412,416840660385787;8,397306362000050;48,341313378999999
82198;08220404317100443621;08;3;17;116;2022;04;17;2;3;6;7;0;0;0;1;1;0;0;0;433083,764939095999580;5387617,156814550049603;8,091684351000030;48,638034271000002
82199;08220418115200498221;08;1;15;004;2022;04;18;2;3;5;3;0;0;1;1;0;0;0;0;487401,005981603986584;5373995,153959999792278;8,829384363000029;48,518942104000097
82206;08220324311400400790;08;3;15;048;2022;03;16;5;3;5;3;0;0;1;1;0;0;0;0;394815,216482823016122;5307006,791414669714868;7,592424477000070;47,907757428000103
82212;08220322435100393950;08;4;35;057;2022;03;21;3;3;6;6;2;0;1;0;1;0;0;0;543114,917230142978951;5279243,439855489879847;9,574277306000059;47,665146263000103
82218;08220310436200655621;08;4;36;064;2022;03;15;5;2;8;1;0;0;1;0;0;0;0;0;541942,240652299951762;5292846,595229440368712;9,559968678000081;47,787613534999998
82221;08220323435200384110;08;4;35;036;2022;03;17;4;3;5;2;0;0;1;0;0;0;0;0;520338,568391326989513;5282641,626361150294542;9,271067212000050;47,696839102000098
82233;08220414426100647411;08;4;26;038;2022;04;15;5;2;0;7;0;0;1;0;0;0;0;0;559432,909200257970951;5313599,936386399902403;9,796322162000020;47,972944538999997
82235;08220312426100363720;08;4;26;021;2022;03;22;7;2;3;6;2;0;1;0;0;0;0;0;558950,397000001976267;5326756,478999500162899;9,791668710000071;48,091349099000098
82237;08220320426300390060;08;4;26;124;2022;03;15;1;3;0;1;0;0;1;0;0;0;0;0;548487,876738716033287;5330747,125772340223193;9,651627449000051;48,128132724000103
82239;08220316212702376550;08;2;15;108;2022;03;11;4;2;5;3;0;0;1;1;0;0;0;0;447444,632921466021799;5423741,344357220456004;8,281976042000050;48,964351690999997
82258;08220315121200412840;08;1;21;000;2022;03;18;3;3;6;2;2;1;0;1;1;0;0;0;516067,263000001024920;5442274,431999529711902;9,220258150000060;49,133091267000097
82260;08220322215102405070;08;2;15;109;2022;03;08;3;3;5;3;0;0;1;1;0;0;0;0;464572,034512753016315;5440578,122429599985480;8,514491825000050;49,117021475999998
82262;08220318118600357820;08;1;18;050;2022;03;20;6;2;0;1;2;0;1;0;0;0;0;0;504122,742731522012036;5420624,534152570180595;9,056296640000030;48,938534654000101
82266;08220413435100483511;08;4;35;016;2022;04;19;4;3;8;1;0;0;1;0;0;0;0;0;539181,412531762965955;5279930,330957920290530;9,521948214000080;47,671576720000097
82275;08220405111500506721;08;1;11;000;2022;04;08;3;3;3;6;0;1;1;0;0;0;0;1;508067,236254394985735;5397186,350690050050616;9,109697895000069;48,727649133000099
82282;08220301311010331510;08;3;15;089;2022;03;07;3;2;5;3;0;0;1;1;0;0;0;0;406979,903784107009415;5310009,042603390291333;7,754520939000030;47,936643027000102
82284;08220413216100594381;08;2;16;012;2022;04;10;4;2;5;2;0;0;1;0;0;0;0;0;443710,722011472971644;5419223,854854970239103;8,231591249000081;48,923388573000103
82288;08220313231000372860;08;2;37;004;2022;03;16;1;2;0;1;0;0;1;0;0;0;0;0;451457,380395652027801;5373892,639767279848456;8,342668560000050;48,516269571000102
82292;08220319317300378880;08;3;17;065;2022;03;16;7;3;0;1;0;0;1;0;0;0;0;0;414038,638364403974265;5355112,340011189691722;7,839905975000020;48,343339223000001
82295;08220417326100762760;08;3;26;005;2022;04;11;1;3;4;6;0;0;1;0;0;1;0;0;466608,650389218993951;5299609,635722230188549;8,553668579000030;47,848962110999999
82299;08220310115300350790;08;1;15;028;2022;03;19;5;3;8;1;0;0;1;0;0;0;0;0;502257,606431547028478;5406184,122083740308881;9,030748232000059;48,808641020000003
82302;08220325116100418520;08;1;16;019;2022;03;17;6;2;4;2;0;0;1;1;0;0;0;0;523211,506404469022527;5396736,847452489659190;9,315601458000060;48,723225390000003
82312;08220404117400440401;08;1;17;051;2022;04;15;2;2;6;4;0;0;0;1;1;0;0;0;543025,390013664960861;5394743,525840120390058;9,584787092000060;48,704241488000001
82317;08220310335300339840;08;3;35;075;2022;03;19;5;3;0;1;2;0;1;0;0;0;0;0;486956,419814192980994;5289705,724167860113084;8,825946289000060;47,760587317000002
82319;08220412335100561581;08;3;35;043;2022;04;18;3;3;5;2;0;0;1;1;0;0;0;0;512734,147202301013749;5279797,481211069971323;9,169635050000069;47,671443146999998
82322;08220305336200351130;08;3;36;105;2022;03;13;7;3;5;3;0;0;1;1;0;0;0;0;399772,528999970003497;5267278,703999480232596;7,667889338000070;47,551190776000098
82325;08220314416100362450;08;4;16;036;2022;03;16;2;3;5;3;0;0;1;1;0;0;0;0;494925,987000000022817;5372500,918999509885907;8,931305732000061;48,505605330000002
82329;08220317326200355620;08;3;26;074;2022;03;11;5;3;5;2;0;0;1;1;0;0;0;0;463722,875962321995758;5323403,035170099698007;8,513089623000040;48,062873297000102
82343;08220406226300488271;08;2;26;056;2022;04;13;4;3;6;4;0;0;0;0;1;0;0;1;488262,516000000992790;5469843,891999539919198;8,838288182000040;49,381181439999999
82344;08220328222700408360;08;2;22;000;2022;03;18;2;2;5;3;0;0;1;1;0;0;0;0;462003,497822495992295;5481525,989759090356529;8,475398605000070;49,485184758000102
82345;08220314235100350000;08;2;35;055;2022;03;16;2;2;8;1;0;0;1;0;0;0;0;0;476312,466420588025358;5397978,601687960326672;8,677854869000040;48,734378177000103
82350;08220301435100329910;08;4;35;029;2022;03;07;3;3;5;3;0;0;1;1;0;0;0;0;544831,520000000949949;5272585,496999490074813;9,596458563000059;47,605126216000002
82356;08220330317100396590;08;3;17;098;2022;03;07;4;3;5;3;1;1;1;1;0;0;0;0;438070,559999998018611;5369107,013999509625137;8,162120951000080;48,472042985000002
82358;08220411222600760990;08;2;22;000;2022;04;13;2;3;1;3;0;0;1;1;0;0;0;0;463341,260108141985256;5483261,067798590287566;8,493706797000071;49,500873189000103
82359;08220323221011370930;08;2;21;000;2022;03;16;4;2;2;6;0;0;1;1;0;0;0;0;478773,412973913014866;5472828,574063249863684;8,707395128000030;49,407771527000101
82361;08220304311010389290;08;3;11;000;2022;03;16;6;3;5;2;0;0;1;1;0;0;0;0;413069,667570555990096;5315388,996251129545271;7,834953133000060;47,985893029000103
82363;08220418335300536651;08;3;35;100;2022;04;17;2;3;4;6;0;0;1;0;0;0;0;0;486715,684706931991968;5284365,394085129722953;8,822896946000069;47,712532465000002
82364;08220327415400396880;08;4;15;061;2022;03;14;1;3;2;6;0;0;1;0;0;1;0;0;509551,272861286997795;5364352,954140580259264;9,129123200000040;48,432250628000098
82369;08220301212102331240;08;2;15;101;2022;03;10;3;3;5;3;0;0;1;0;0;0;1;0;467345,590755881974474;5423828,358018839731812;8,553849433000041;48,966506285000001
82372;08220311111250341610;08;1;11;000;2022;03;07;6;3;2;6;0;0;1;1;0;0;0;0;514934,289531173009891;5404118,509168289601803;9,203326820000029;48,789883674000102
82373;08220414311010640281;08;3;11;000;2022;04;17;5;3;3;6;0;0;1;0;0;0;0;0;412888,834999985003378;5314819,637999500147998;7,832645617000030;47,980746852000003
82374;08220325335100410120;08;3;35;043;2022;03;09;6;3;0;1;0;0;1;0;0;0;0;0;513467,457211519998964;5280289,201020830310881;9,179418790000060;47,675852615000103
82378;08220330121300393920;08;1;21;000;2022;03;14;4;3;6;6;0;1;0;1;1;0;0;0;511667,184000000997912;5440717,797999530099332;9,159894910000050;49,119188055999999
82384;08220417311400534551;08;3;15;074;2022;04;14;1;3;0;1;0;0;1;0;0;0;0;0;398606,184088158013765;5296901,976271409541368;7,645510212000030;47,817476365000097
82386;08220311117100340660;08;1;17;019;2022;03;12;6;3;6;7;0;0;0;1;1;0;0;0;551634,621140046045184;5393760,985950360074639;9,701669702000061;48,694749838000099
82387;08220411135200459191;08;1;35;019;2022;04;15;2;3;3;2;0;0;1;1;0;0;0;0;584937,926750462967902;5390768,889671259559691;10,153540990000099;48,664193396000002
82389;08220309121600360260;08;1;25;102;2022;03;12;4;3;0;7;0;0;1;0;0;0;0;0;521510,304712786979508;5445560,002487289719284;9,295048644000079;49,162479398000102
82394;08220307128010345420;08;2;25;014;2022;03;16;2;2;6;4;0;0;0;0;1;0;0;1;524855,011166829033755;5485368,398485019803047;9,343408596000071;49,520426462000003
82397;08220315317500376610;08;3;17;034;2022;03;10;3;2;5;3;0;0;1;1;0;0;0;0;426681,430912440991960;5361328,612476210109890;8,009414285000050;48,400850268000099
82403;08220416335300588541;08;3;35;075;2022;04;10;7;2;6;4;0;0;0;1;1;0;0;0;487858,060000000987202;5289948,496999490074813;8,837970954000070;47,762789286000000
82413;08220305326100332720;08;3;26;012;2022;03;14;7;3;6;4;0;0;0;1;1;0;0;0;461880,856000001018401;5311486,999999499879777;8,489426372000031;47,955559515000097
82426;08220325436400376750;08;4;36;082;2022;03;07;6;3;5;2;0;0;1;1;0;0;0;0;547322,015000000945292;5294363,726999499835074;9,631954992000029;47,800890266000103
82427;08220313437100399260;08;4;37;100;2022;03;13;1;3;3;6;0;0;1;1;0;0;0;0;539020,587730310973711;5321780,812451460398734;9,523583528000071;48,048116671999999
82440;08220413127100497641;08;1;27;076;2022;04;10;4;2;6;4;0;0;0;1;1;0;0;0;556644,748151673004031;5439685,799706310033798;9,776117006000050;49,107406614000098
82443;08220313225100383540;08;2;25;118;2022;03;15;1;3;0;1;0;0;1;0;0;0;0;0;503702,871195813990198;5477051,711905759759247;9,051083210000060;49,446117369000000
82446;08220328337101393400;08;3;37;013;2022;03;15;2;2;3;1;0;0;1;0;0;0;0;0;431218,974233784014359;5294215,183357779867947;8,081529431000041;47,797618709000098
82451;08220404136100454741;08;1;36;002;2022;04;08;2;3;6;4;0;0;0;1;1;0;0;0;572836,462743266019970;5414768,640691399574280;9,993469328000060;48,881590557999999
82452;08220417415200562791;08;4;15;085;2022;04;15;1;3;2;1;0;0;1;0;0;0;0;0;533771,902077544014901;5343280,204203270375729;9,454864245000071;48,241839085999999
82454;08220411119100519551;08;1;19;008;2022;04;08;2;2;0;2;0;0;1;1;0;0;0;0;532352,876147591974586;5419940,697991119697690;9,441722099000060;48,931550975000100
82459;08220405126100647261;08;1;26;046;2022;04;15;3;3;5;3;0;0;1;1;0;0;0;0;549820,245723649044521;5458218,936045159585774;9,684916168000029;49,274696898999998
82462;08220411435100506591;08;4;35;016;2022;04;05;2;2;0;1;1;0;1;0;0;0;0;0;533751,639801861019805;5279699,376480000093579;9,449601098000070;47,669804954000000
82467;08220410118500445731;08;1;18;078;2022;04;11;1;3;6;6;0;0;1;0;1;0;0;0;515081,145064902026206;5420800,580165189690888;9,205941056000031;48,939948209000100
82473;08220320221011361660;08;2;21;000;2022;03;11;1;2;3;6;0;0;1;0;0;0;0;0;476204,150795164983720;5471643,899546150118113;8,672049839000071;49,397020525000102
82474;08220328435100390010;08;4;35;035;2022;03;14;2;2;3;2;0;0;1;1;0;0;0;0;540662,959561515017413;5279781,231670229695737;9,541669604000051;47,670143754000001
82483;08220411212702509471;08;2;15;017;2022;04;09;2;3;1;7;0;0;1;1;0;0;0;0;457390,828836255008355;5420486,105230250395834;8,418195716000071;48,935835799000102
82493;08220315126200362300;08;1;26;066;2022;03;05;3;2;3;6;2;0;1;1;0;0;0;0;535769,575223444029689;5450066,069794439710677;9,491032459000049;49,202346125000098
82503;08220416215502528251;08;2;15;066;2022;04;16;7;3;5;3;0;0;1;1;0;0;0;0;461760,387991519994102;5453609,489044480025768;8,474723503000060;49,234069690000098
82504;08220419119400587811;08;1;19;091;2022;04;17;3;2;5;3;0;0;1;0;0;1;0;0;530044,345716828014702;5403709,586580620147288;9,409012664000040;48,785658658000003
82506;08220330311400404140;08;3;15;022;2022;03;06;4;3;6;4;2;1;0;0;1;1;0;0;398215,945903920975979;5301513,919131459668279;7,639214135000030;47,858898725000103
82517;08220318119100356810;08;1;19;083;2022;03;11;6;3;5;3;0;0;1;1;0;0;0;0;535095,801335967960767;5419526,961161609739065;9,479135029000080;48,927679746000102
82518;08220302212402345460;08;2;12;000;2022;03;16;4;3;5;2;0;0;1;1;0;0;0;0;455920,819109731004573;5428228,694907429628074;8,397285771000041;49,005378683000103
82525;08220330111240391450;08;1;11;000;2022;03;10;4;3;6;4;0;1;0;0;1;0;0;1;515260,578640997991897;5403133,288436399772763;9,207732555000060;48,781012810999997
82526;08220316426010351470;08;4;26;021;2022;03;07;4;2;0;1;0;1;1;0;0;0;0;0;557715,139140510000288;5327091,802214249968529;9,775126862000040;48,094478820000099
82533;08220411335200452781;08;3;35;063;2022;04;18;2;3;4;6;0;0;1;0;0;0;0;0;495270,269606731017120;5287425,549918469972908;8,936911083000039;47,740185898999997