OBJECTID;UIDENTSTLAE;ULAND;UREGBEZ;UKREIS;UGEMEINDE;UJAHR;UMONAT;USTUNDE;UWOCHENTAG;UKATEGORIE;UART;UTYP1;ULICHTVERH;IstStrassenzustand;IstRad;IstPKW;IstFuss;IstKrad;IstGkfz;IstSonstige;LINREFX;LINREFY;XGCSWGS84;YGCSWGS84
82534;08220407335100432551;08;3;35;043;2022;04;07;5;3;0;1;0;0;1;0;0;0;0;0;514063,088526227977127;5279669,382109539583325;9,187334023000060;47,670263017000103
82539;08220414327200509461;08;3;27;049;2022;04;07;5;3;3;2;0;0;1;1;0;0;0;0;471377,057699488010257;5325235,540249530225992;8,615698352000040;48,079749524000100
82558;08220325111500388980;08;1;11;000;2022;03;19;6;3;1;5;2;0;1;1;0;0;0;0;511562,944481551996432;5406473,482802430167794;9,157493274000050;48,811140599000097
82562;08220406118400514521;08;1;18;048;2022;04;21;4;3;0;7;2;0;1;0;0;0;0;0;512466,952753832971212;5417486,117936169728637;9,170141732000049;48,910190531000097
82563;08220328231000414600;08;2;37;075;2022;03;14;2;3;0;6;0;0;1;1;0;0;0;0;445863,816201801004354;5356596,203727000392973;8,269165715000041;48,360217524000099
82580;08220304317500348270;08;3;17;096;2022;03;16;6;3;5;2;0;0;1;1;0;0;0;0;422583,312634090019856;5370221,464747670106590;7,952411492000070;48,480351433000102
82584;08220309225100374611;08;2;25;118;2022;03;17;4;3;6;6;2;0;0;1;1;0;0;0;503829,670658121001907;5477164,204291770234704;9,052833567000050;49,447128443000103
82593;08220315335100359350;08;3;35;043;2022;03;07;3;3;0;1;1;1;1;0;0;0;0;0;512305,017517751024570;5279852,832095439545810;9,163920081000070;47,671949484999999
82597;08220303111330328570;08;1;11;000;2022;03;09;5;3;5;2;0;0;1;1;0;0;0;0;507305,855472863011528;5407402,052174270153046;9,099526176000040;48,819558545000099
82602;08220416317500487041;08;3;17;096;2022;04;19;7;2;6;6;0;0;1;0;1;0;0;0;421803,552388452982996;5369730,342165470123291;7,941953660000020;48,475837323000100
82603;08220419121500509981;08;1;25;007;2022;04;15;3;3;5;3;0;0;1;1;0;0;0;0;511386,547055041999556;5451943,881503540091217;9,156366585000059;49,220175502000103
82604;08220310226500361830;08;2;26;085;2022;03;18;5;3;3;6;1;0;1;1;0;0;0;0;492348,189077361021191;5455399,346922630444169;8,894854882000059;49,251316255000098
82605;08220331118000412920;08;1;15;004;2022;03;11;5;3;3;6;0;0;1;1;0;0;0;0;489143,885420699021779;5374749,753506979905069;8,852966710000031;48,525763294999997
82616;08220317426100358760;08;4;26;011;2022;03;07;5;3;0;1;0;0;1;0;0;0;0;0;553037,972000000998378;5329621,829999499954283;9,712631331000070;48,117646284000003
82623;08220329436100411090;08;4;36;055;2022;03;13;3;3;6;3;0;0;0;1;1;0;0;0;576832,015913847018965;5296987,352558890357614;10,026454279000101;47,821646770000001
82628;08220404421200420371;08;4;21;000;2022;04;22;2;3;5;2;2;0;1;1;0;0;0;0;574486,497000008006580;5364100,718999509699643;10,006854978000000;48,425648852000101
82631;08220411121400529581;08;1;25;013;2022;04;14;2;3;5;3;0;0;1;1;0;0;0;0;506579,189999999012798;5434669,050999539904296;9,090067272000059;49,064852301000002
82636;08220413216100463861;08;2;16;043;2022;04;06;4;2;0;7;2;0;1;0;0;0;0;0;440322,410543170000892;5413288,671322910115123;8,186209030000040;48,869684957000104
82639;08220312436300368210;08;4;36;081;2022;03;12;7;3;0;7;0;0;1;0;0;0;0;0;563739,027417147997767;5284085,019487779587507;9,849665078000040;47,707000780999998
82646;08220318212010383950;08;2;15;096;2022;03;19;6;2;5;2;0;0;1;1;0;0;0;0;464047,351069731987081;5418303,923933790065348;8,509275357000041;48,916628840999998
82649;08220417311010497021;08;3;11;000;2022;04;15;1;3;5;3;0;0;1;0;0;1;0;0;414608,909309543028940;5322444,742543940432370;7,854172219000080;48,049569365000103
82651;08220416221300518821;08;2;21;000;2022;04;19;7;3;0;1;0;0;1;0;0;0;0;0;477245,822086717002094;5474759,417684090323746;8,686227171000040;49,425083933000103
82657;08220312136300363220;08;1;36;065;2022;03;02;7;3;0;1;2;0;1;0;0;0;0;0;559427,698748979950324;5404505,060109839774668;9,809110489000030;48,790700518999998
82658;08220305436400353060;08;4;36;082;2022;03;13;7;3;5;3;0;0;1;1;0;0;0;0;547008,535778795951046;5295439,350574259646237;9,627885560000040;47,810590569000098
82659;08220406231000506201;08;2;35;046;2022;04;14;4;1;6;7;0;0;0;1;1;0;0;0;480004,865936585993040;5377205,675887320190668;8,729072698000040;48,547632747000101
82662;08220308216200341930;08;2;16;007;2022;03;07;3;3;5;3;0;0;1;1;0;0;0;0;436324,566252595977858;5394344,756064499728382;8,134633732000051;48,698888255000000
82672;08220331111500407620;08;1;11;000;2022;03;15;5;3;6;2;0;1;0;1;1;0;0;0;512815,499077794025652;5401841,975036759860814;9,174409174000060;48,769451431000000
82678;08220405311100480881;08;3;15;015;2022;04;17;3;3;0;7;0;0;1;0;0;0;0;0;400141,954842346021906;5314847,846416289918125;7,661866548000030;47,979137840000099
82679;08220418415400561381;08;4;15;061;2022;04;11;2;3;5;3;0;0;1;1;0;0;0;0;514891,996000000974163;5377431,293999520130455;9,201790101000030;48,549804412000100
82684;08220407335300449311;08;3;35;075;2022;04;09;5;3;5;3;0;0;1;1;0;0;0;0;488607,205910013988614;5288034,313484760001302;8,848018110000060;47,745580016000098
82686;08220410121100494781;08;1;25;026;2022;04;02;1;2;6;6;2;0;0;1;1;0;0;0;495702,501858126022853;5445751,196076910011470;8,941050422000050;49,164561132000102
82687;08220413136300540951;08;1;36;065;2022;04;15;4;3;8;7;0;0;1;0;0;0;0;0;561260,614142540027387;5403839,530915720388293;9,833963772000059;48,784536218000000
82692;08220330221011389890;08;2;21;000;2022;03;06;4;2;6;4;2;1;0;1;1;0;0;0;475404,619478242006153;5470696,562823049724102;8,661089670000020;49,388467600000098
82695;08220319317100377200;08;3;17;001;2022;03;13;7;2;0;7;0;0;1;0;0;0;0;0;432559,247892201994546;5387117,768404300324619;8,084646817000021;48,633485890000003
82697;08220404136100440981;08;1;36;088;2022;04;11;2;3;0;7;0;0;1;0;0;0;0;0;580574,847904833965003;5411291,411915619857609;10,098314754000100;48,849358199999998
82698;08220418212010575991;08;2;12;000;2022;04;18;2;3;3;6;0;0;1;0;0;0;0;0;459762,970343126973603;5427918,987013430334628;8,449849244000060;49,002855253000099
82709;08220410311300441971;08;3;11;000;2022;04;00;1;3;0;1;2;1;1;0;0;0;0;0;412828,665400995989330;5314702,461273849941790;7,831863255000030;47,979684610000000
82712;08220325317600402820;08;3;17;041;2022;03;12;6;3;5;3;0;0;1;0;0;1;0;0;439815,005683941999450;5348303,963926590047777;8,188699218000069;48,285074678999997
82715;08220316215502381280;08;2;15;029;2022;03;16;4;3;3;7;0;0;1;1;0;0;0;0;466841,978000000992324;5448225,999999539926648;8,544968659000061;49,185941489000101
82721;08220327317100384960;08;3;17;089;2022;03;15;1;2;8;1;0;0;1;0;0;0;0;0;430472,468240539019462;5376418,201641160063446;8,058117757000050;48,537014215000099
82727;08220324425000398820;08;4;25;033;2022;03;05;5;3;4;2;2;0;1;1;0;0;0;0;552930,428552367025986;5344156,894982299767435;9,712997668000069;48,248415637999997
82729;08220306222700365120;08;2;22;000;2022;03;09;1;3;5;3;0;0;1;1;0;0;0;0;461249,022999999986496;5481167,183999549597502;8,465017532000051;49,481909784999999
82736;08220303216200332130;08;2;16;007;2022;03;22;5;3;6;6;2;0;0;1;1;0;0;0;436269,606174006010406;5397249,230517719872296;8,133438334000060;48,725008502999998
82744;08220412222700468511;08;2;22;000;2022;04;15;3;3;5;2;0;0;1;1;0;0;0;0;462848,082836277026217;5480400,709267569705844;8,487164640000060;49,475115710000097
82749;08220328222500409730;08;2;22;000;2022;03;16;2;3;1;5;0;0;1;1;0;0;0;0;465709,764115032972768;5475783,062639590352774;8,527064862000030;49,433750217000103
82758;08220415126200484711;08;1;26;058;2022;04;14;6;3;0;7;0;0;1;0;0;0;0;0;544488,766000000992790;5453837,773999540135264;9,611138251000060;49,235700855000097
82759;08220418335200638051;08;3;35;063;2022;04;12;2;2;5;3;0;0;1;1;0;0;0;0;499959,017963771009818;5287928,893294430337846;8,999453301000070;47,744732117000098
82763;08220323216200385910;08;2;11;000;2022;03;08;4;3;6;4;0;0;0;0;1;1;0;0;439704,897497129975818;5398303,049865639768541;8,179989773000051;48,734829531999999
82767;08220418316200536521;08;3;16;003;2022;04;16;2;2;3;6;0;0;1;0;0;0;0;0;429516,473493343975861;5336895,622529399581254;8,051790295000050;48,181386915000097
82770;08220308126200370470;08;1;26;011;2022;03;15;3;3;5;3;0;0;1;1;0;0;0;0;532209,107780106947757;5447522,326104969717562;9,441953324000050;49,179662469999997
82774;08220410337010495061;08;3;37;090;2022;04;19;1;2;0;1;0;0;1;0;0;0;0;0;426854,986293194000609;5271810,050797900184989;8,027020616000071;47,595573005000098
82775;08220413119100495951;08;1;19;008;2022;04;10;4;3;6;4;0;0;0;1;1;0;0;0;532184,214687564992346;5421020,791228800080717;9,439504681000070;48,941275697000002
82776;08220414335300537861;08;3;35;075;2022;04;18;5;3;2;6;0;0;1;0;0;0;0;0;488000,848739338980522;5288992,351038370281458;8,839902795000061;47,754189005999997
82777;08220325335100401910;08;3;35;043;2022;03;07;6;3;5;2;0;0;1;1;0;0;0;0;513845,016000000003260;5279559,168999490328133;9,184425606000049;47,669276062999998
82784;08220319311010359800;08;3;11;000;2022;03;20;7;3;0;7;2;0;1;0;0;0;0;0;413286,105999986000825;5315900,200999500229955;7,837749985000070;47,990520877000101
82786;08220404311100435871;08;3;15;132;2022;04;11;2;3;4;3;0;0;1;1;0;0;0;0;409051,686326927971095;5323647,179666199721396;7,779363489000050;48,059617572000001
82787;08220417311010531341;08;3;11;000;2022;04;12;1;3;3;6;0;0;1;0;0;0;0;0;406901,138360741024371;5314818,859658420085907;7,752425262000030;47,979896463000003
82791;08220309436200337800;08;4;36;039;2022;03;17;4;2;5;3;0;0;1;1;0;0;0;0;548495,992000001017004;5289348,702999490313232;9,647071571000030;47,755682911000100
82795;08220325119200379090;08;1;19;020;2022;03;14;6;3;5;3;0;0;1;1;0;0;0;0;519797,542575565981679;5406092,280552069656551;9,269633337000069;48,807503576999999
82798;08220326125102402430;08;1;26;011;2022;03;13;7;1;5;3;0;0;1;0;0;0;0;1;531486,653000000980683;5447090,777999539859593;9,432006762000070;49,175818167999999
82801;08220322212702399560;08;2;15;046;2022;03;15;3;3;6;7;0;0;1;0;1;0;0;0;451187,639072512974963;5414555,803898240439594;8,334209397000050;48,882033526999997
82803;08220319136100393610;08;1;36;088;2022;03;23;7;3;0;7;2;0;1;0;0;0;0;0;580212,524357656016946;5409610,897230500355363;10,093047871000101;48,834290211000102
82804;08220303118500328150;08;1;18;006;2022;03;08;5;3;6;7;0;0;0;0;1;0;0;1;517745,323812228976749;5421385,279186179861426;9,242346985000040;48,945137252999999
82808;08220414136300538641;08;1;36;065;2022;04;18;5;2;0;7;0;0;1;0;0;0;0;0;558830,358884525950998;5406043,678896750323474;9,801198909000050;48,804597276999999
82811;08220331135100750120;08;1;35;016;2022;03;08;5;3;5;3;0;1;1;0;0;0;0;0;591516,341299233026803;5386354,049934149719775;10,241885836000099;48,623556880000102
82813;08220324135010377000;08;1;17;026;2022;03;07;5;2;5;3;0;0;1;1;0;0;0;0;547787,495199513039552;5395215,127003730274737;9,649562547000070;48,708137094999998
82819;08220324326100395160;08;3;26;006;2022;03;17;5;2;5;3;0;0;1;1;0;0;0;0;458932,656000001006760;5308380,248999499715865;8,450235990000071;47,927426173000100
82824;08220315311010361270;08;3;11;000;2022;03;09;3;3;0;7;0;0;1;0;0;0;0;0;414191,395203943015076;5315878,119924380443990;7,849885692000040;47,990444367000102
82825;08220322115100371770;08;1;15;003;2022;03;15;3;3;4;2;0;0;1;1;0;0;0;0;502231,102000001003034;5393533,599999519996345;9,030318696000050;48,694836961000100
82833;08220310215402360700;08;2;15;009;2022;03;20;5;3;5;2;2;0;1;1;0;0;0;0;471120,962356559990440;5442600,943338619545102;8,604091609000021;49,135559690000001
82837;08220312311100384240;08;3;15;133;2022;03;17;7;3;4;6;0;0;1;1;0;0;0;0;401021,829125019023195;5327379,799688300117850;7,670757271000070;48,091995887000103
82840;08220328119400400940;08;1;19;091;2022;03;17;2;3;3;3;0;0;1;1;0;0;0;0;529518,434550881036557;5404335,160139160230756;9,401898227000061;48,791311329999999
82853;08220323135010393600;08;4;25;031;2022;03;19;4;2;6;4;2;0;0;0;1;0;1;0;565560,776938332011923;5369444,677158599719405;9,887056485000070;48,474712263000100
82861;08220320136200379700;08;1;36;002;2022;03;16;1;3;0;7;0;0;1;0;0;0;0;0;572851,112718272954226;5421577,667975500226021;9,994884511000070;48,942831937999998
82864;08220410317600445881;08;3;17;039;2022;04;11;1;3;6;4;0;0;0;1;1;0;0;0;441544,500416657014284;5343740,425811709836125;8,212641502000050;48,244183554000102
82866;08220414336400549581;08;3;36;091;2022;04;20;5;3;0;1;1;0;1;0;0;0;0;0;395870,604853441007435;5273956,286347379907966;7,614460462000070;47,610643099000100
82867;08220325221011642801;08;2;26;060;2022;03;11;6;1;6;4;0;0;0;1;1;0;0;0;477901,707644334004726;5463242,213107899762690;8,695911222000060;49,321511959000098
82870;08220320211100379670;08;2;11;000;2022;03;16;1;3;3;2;0;0;1;1;0;0;0;0;444004,992203215020709;5396528,967337709851563;8,238706172000040;48,719272519000100
82874;08220319317010387820;08;3;17;097;2022;03;19;7;2;6;2;2;0;0;1;1;0;0;0;425555,880296971008647;5364757,661928149871528;7,993601071000060;48,431563144999998
82888;08220328311500411020;08;3;15;113;2022;03;16;2;3;6;4;0;0;0;1;1;0;0;0;441349,994753187987953;5307583,372637460008264;8,214986761000031;47,918889211000099
82892;08220318317300357280;08;3;17;065;2022;03;12;6;3;5;2;0;0;1;1;0;0;0;0;416766,885999988007825;5354695,263999509625137;7,876800076000050;48,339953055000102
82899;08220310127010351420;08;1;27;063;2022;03;11;5;2;8;1;0;0;1;0;0;0;0;0;564581,379886938957497;5435662,366887450218201;9,884204982000030;49,070436000000001
82900;08220330436400415450;08;4;36;082;2022;03;20;4;3;6;4;2;1;1;0;1;0;0;0;547674,542389185051434;5294777,884725390002131;9,636708001000040;47,804590406000003
82904;08220311435100368810;08;4;35;029;2022;03;15;6;3;4;2;0;0;1;1;0;0;0;0;544967,804945272975601;5271668,200113099999726;9,598177568000040;47,596863556000102
82908;08220314311010360740;08;3;11;000;2022;03;16;2;3;0;7;0;0;1;0;0;0;0;0;408398,097626390983351;5316550,899712570011616;7,772110964000030;47,995692506000097
82910;08220321335300380240;08;3;35;075;2022;03;15;2;3;6;3;0;0;0;1;1;0;0;0;487987,165337054990232;5289006,388635650277138;8,839719839000050;47,754315055000099
82915;08220413426300464451;08;4;26;078;2022;04;22;4;3;5;3;2;0;1;1;0;0;0;0;544428,444045791984536;5326848,251048020087183;9,596669841000050;48,093352756000101
82919;08220329222301398800;08;2;22;000;2022;03;08;3;3;0;1;0;0;1;0;0;0;0;0;463657,671470035973471;5483520,601958519779146;8,498052693000030;49,503226606000098
82921;08220323212010386020;08;2;12;000;2022;03;19;4;3;0;7;2;0;1;1;0;0;0;0;453052,925392260018270;5428761,871482569724321;8,358012630000079;49,009963137000099
82927;08220411212010596871;08;2;12;000;2022;04;08;2;2;5;3;0;0;1;0;0;0;0;1;456374,964592546981294;5426017,935726909898221;8,403732549000040;48,985524873000003
82933;08220414336300476911;08;3;36;107;2022;04;15;5;3;8;6;0;0;1;1;0;0;0;0;406663,663887960021384;5290554,672248289920390;7,754485377000040;47,761599349999997
82934;08220325317100377290;08;3;17;001;2022;03;20;6;3;5;3;2;0;1;1;0;0;0;0;431598,475222304987255;5386633,606565889902413;8,071688208000070;48,629026483000096
82943;08220420117300632971;08;1;17;026;2022;04;20;4;2;0;1;0;0;1;0;0;0;0;0;548904,451708170003258;5394766,944986630231142;9,664690884000040;48,704018896000001
82945;08220509128200667680;08;1;28;115;2022;05;15;2;3;3;6;0;0;1;1;0;0;0;0;551404,026265511987731;5494509,455290930345654;9,711393741000050;49,600971491000102
82946;08220423317500570171;08;3;17;096;2022;04;15;7;3;0;1;0;0;1;0;0;0;0;0;422012,527827267011162;5370033,965845639817417;7,944724081000060;48,478594347000097
82947;08220428136300647121;08;1;36;065;2022;04;18;5;3;5;3;0;0;1;1;0;0;0;0;557554,227575320983306;5405298,123691920191050;9,783716752000030;48,798010425000001
82950;08220508111340667330;08;1;11;000;2022;05;18;1;3;5;2;0;0;1;1;0;0;0;0;507296,468263437971473;5407400,689177329652011;9,099398272000030;48,819546394000000
82969;08220501212102662480;08;2;15;101;2022;05;16;1;2;0;7;0;0;1;0;0;0;0;0;465723,352442151983269;5428473,372645259834826;8,531294140000060;49,008201904000003
82973;08220426118400643701;08;1;18;048;2022;04;21;3;3;5;3;2;0;1;1;0;0;0;0;515203,434000000008382;5414685,651999530382454;9,207383166000060;48,884937188999999
82976;08220429116100648691;08;1;16;019;2022;04;13;6;3;0;7;0;0;1;1;0;0;0;0;522728,755104465992190;5398517,904979839920998;9,309135908000030;48,739265408999998
82979;08220508226700664100;08;2;26;041;2022;05;13;1;3;6;4;0;0;0;1;1;0;0;0;476187,987506908015348;5464896,184757100418210;8,672230809000039;49,336324907000098
82985;08220419326400578191;08;3;26;074;2022;04;16;3;2;5;3;0;0;1;1;0;0;0;0;459590,270007800019812;5324551,252108030021191;8,457515815000020;48,072955004000100
82988;08220423425000637511;08;4;25;033;2022;04;17;7;3;0;1;0;0;1;0;0;0;0;0;553043,649571688962169;5344649,822082540020347;9,714584466000080;48,252840589000101
82990;08220512435100725060;08;4;35;016;2022;05;11;5;3;6;4;0;0;0;1;1;0;0;0;536069,431310949963517;5279161,361954309977591;9,480430582000050;47,664839092000101
82994;08220502121600710130;08;1;25;021;2022;05;17;2;3;5;1;0;0;1;1;0;0;0;0;525185,204999999026768;5447458,609999540261924;9,345573808000040;49,179417933000103
82997;08220420336400641481;08;3;36;008;2022;04;13;4;3;4;2;0;0;1;1;0;0;0;0;396926,779999964986928;5276253,600999480113387;7,627969020000020;47,631476765000102
83002;08220511437200672850;08;4;37;047;2022;05;11;4;3;3;6;0;0;1;1;0;0;0;0;519418,934649648028426;5334415,853304520249367;9,261145348000070;48,162690742000102
83004;08220510215502683300;08;2;15;066;2022;05;07;3;3;0;7;0;0;1;0;0;0;0;0;457004,109027682978194;5453510,945415560156107;8,409403127000081;49,232867772000098
83005;08220425111500633311;08;1;11;000;2022;04;07;2;3;5;2;0;0;1;1;0;0;0;0;516193,690245343022980;5398629,097092749550939;9,220257078000030;48,740469851000100
83012;08220423119100637131;08;1;19;008;2022;04;11;7;3;6;4;0;0;0;1;1;0;0;0;531060,715306682977825;5421698,929395340383053;9,424214427000040;48,947433297000003
83014;08220428116010647291;08;1;16;080;2022;04;08;5;3;5;4;0;0;0;1;1;0;0;0;521886,958572037983686;5395688,701555280014873;9,297536535000059;48,713844256000101
83018;08220425226100546691;08;2;26;013;2022;04;07;2;3;6;4;0;0;0;1;1;0;0;0;498551,969102506991476;5479325,549066890031099;8,980015274000040;49,466579867000100
83038;08220511216100671700;08;2;16;043;2022;05;10;4;3;0;3;0;0;1;1;0;0;0;0;442057,917339776002336;5412086,537826419807971;8,210043025000060;48,859036388000000
83044;08220506121400706540;08;1;25;013;2022;05;15;6;2;5;7;0;0;1;1;0;0;0;0;504928,857000001007691;5436184,967999530024827;9,067493163000050;49,078504148000000
83047;08220509212010674370;08;2;12;000;2022;05;13;2;2;5;2;0;0;1;0;0;0;1;0;455094,109386246011127;5427494,734752830117941;8,386063634000040;48,998717043000099
83048;08220507335010764550;08;3;35;022;2022;05;14;7;2;3;6;0;0;1;0;0;0;0;1;482280,986000001023058;5299218,855999499559402;8,763168982000019;47,846069395000001
83060;08220507115200673270;08;1;15;021;2022;05;19;7;3;6;3;0;0;0;1;1;0;0;0;490172,360303743975237;5382423,074629199691117;8,866714915000051;48,594811604000000
83061;08220426215502644711;08;2;15;099;2022;04;18;3;3;1;7;0;1;1;1;0;0;0;0;462671,368235611007549;5445801,909452989697456;8,487962127000060;49,163897163999998
83069;08220502436200657470;08;4;36;064;2022;05;09;2;3;4;6;0;0;1;0;0;0;0;0;544437,843085973057896;5292121,479888319969177;9,593211311000060;47,780922267999998
83074;08220428136200648961;08;1;36;068;2022;04;17;5;3;5;3;0;0;1;1;0;0;0;0;594906,340561421005987;5428383,995627500116825;10,297596190000000;49,001053024999997
83076;08220421135010636191;08;1;35;019;2022;04;16;5;3;4;2;0;0;1;1;0;0;0;0;584910,863067144993693;5392426,470489970408380;10,153513827999999;48,679105866000000
83078;08220503226700755020;08;2;26;060;2022;05;15;3;3;5;3;0;0;1;1;0;0;0;0;478105,539562439022120;5461702,866759279742837;8,698800498000031;49,307672885000002
83087;08220506317000679920;08;3;17;034;2022;05;03;6;3;6;4;2;1;0;1;1;0;0;0;426609,247999992978293;5363914,186999510042369;8,007986845000060;48,424099599999998
83089;08220510115300704140;08;1;15;050;2022;05;15;3;3;5;3;0;0;1;1;0;0;0;0;487952,967068159021437;5402539,396454690024257;8,836028589000019;48,775740741000000
83090;08220423317200542191;08;3;17;057;2022;04;15;7;3;5;3;0;0;1;1;0;0;0;0;416974,512973126024008;5383638,530516140162945;7,873854848000060;48,600316866000099
83092;08220512435100676730;08;4;35;016;2022;05;13;5;3;1;2;0;0;1;1;0;0;0;0;534906,920610456028953;5278261,948395480401814;9,464875087000051;47,656810475000000
83101;08220429437000589331;08;4;36;083;2022;04;12;6;2;6;4;0;0;0;1;1;0;0;0;531718,310034919995815;5301345,747624889947474;9,424096450000039;47,864666955000096
83110;08220420311010584521;08;3;11;000;2022;04;13;4;3;3;2;0;0;1;1;0;0;0;0;414576,015995841997210;5318205,861767300404608;7,854576307000060;48,011434799000000
83112;08220422127100634091;08;1;27;025;2022;04;23;6;3;9;1;2;0;1;0;0;0;0;0;556367,712895381031558;5427684,723681700415909;9,770651100000070;48,999485795000098
83116;08220507215502664700;08;2;15;099;2022;05;13;7;3;5;3;0;0;1;1;0;0;0;0;463192,368961401982233;5446631,530105180107057;8,495032530000060;49,171391072000098
83122;08220422115200585221;08;1;15;021;2022;04;16;6;3;3;2;0;0;1;1;0;0;0;0;490607,172000001010019;5382413,350999520160258;8,872612152000039;48,594730802000100
83126;08220502435100607010;08;4;35;016;2022;05;11;2;3;5;3;0;0;1;1;0;0;0;0;536047,424025390995666;5279162,566165380179882;9,480137564000071;47,664851153000001
83129;08220506116010684930;08;1;16;073;2022;05;15;6;1;6;7;0;0;0;0;1;0;0;1;521191,187625839025714;5388943,927299500443041;9,287732351000050;48,653192308000001
83130;08220509212010668530;08;2;12;000;2022;05;14;2;3;1;5;0;0;1;1;0;0;0;0;455689,295591488014907;5427886,698314679786563;8,394157551000029;49,002285808000103
83138;08220510325302672120;08;3;25;001;2022;05;16;3;3;0;7;0;0;0;0;1;0;0;1;457186,766643199021928;5350400,299750789999962;8,422645147000029;48,305347413000000
83141;08220430116500654471;08;1;16;049;2022;04;13;7;2;6;7;0;0;0;1;1;0;0;0;525484,765000000945292;5385887,510999520309269;9,345841194000061;48,625536360000098
83144;08220428121600573191;08;1;25;001;2022;04;23;5;3;6;7;2;0;0;0;1;1;0;0;520542,155907783017028;5434651,073670309968293;9,281213866000030;49,064383147999997
83145;08220512115100674680;08;1;15;002;2022;05;13;5;3;5;2;0;0;1;1;0;0;0;0;499604,815244539000560;5386365,283575450070202;8,994636636000051;48,630353606000000
83159;08220512111500976550;08;1;11;000;2022;05;17;5;2;6;4;0;0;0;1;1;0;0;1;513225,676128619001247;5402323,805410539731383;9,180006836000080;48,773777361000000
83160;08220426435100650121;08;4;35;035;2022;04;16;3;3;5;3;0;1;1;1;0;0;0;0;539899,954807410947978;5280421,271951319649816;9,531564584000019;47,675949929000097
83163;08220425212010641761;08;2;12;000;2022;04;21;2;3;5;3;2;1;1;1;0;0;0;0;460010,421494761016220;5427855,430251279845834;8,453238679000039;49,002299628999999
83166;08220422212502601781;08;2;12;000;2022;04;07;6;3;5;3;0;0;1;0;0;0;0;1;452832,632834366988391;5429733,584579659625888;8,354887457000070;49,018686920000100
83168;08220427136100634361;08;1;36;082;2022;04;14;4;2;0;7;0;0;1;0;0;0;0;0;585367,254799733986147;5417054,457585239782929;10,164829210000100;48,900550029999998
83173;08220510111500668890;08;1;11;000;2022;05;08;3;3;5;2;0;0;1;1;0;0;0;0;513042,528000000980683;5406997,206999519839883;9,177662517000041;48,815822657000098
83177;08220421337010532001;08;3;37;022;2022;04;18;5;2;5;6;0;0;1;1;0;0;0;1;451242,435200302978046;5298265,590468670241535;8,348436343000060;47,835887769000102
83182;08220511118600675000;08;1;18;073;2022;05;15;4;3;5;2;0;0;1;1;0;0;0;0;493859,001467238995247;5420397,246645299717784;8,916147240000040;48,936473300000003
83184;08220506127202685190;08;1;27;032;2022;05;16;6;3;0;7;0;0;1;0;0;0;0;0;567175,845000004046597;5455573,888999540358782;9,923044384000040;49,249246684000099
83191;08220503335300692540;08;3;35;075;2022;05;17;3;3;5;3;0;0;1;1;0;0;0;0;486670,311437538999598;5289291,404842999763787;8,822141179000029;47,756853616000100
83206;08220422317600596691;08;3;17;040;2022;04;15;6;2;0;3;0;0;1;1;0;0;0;0;432028,370813963003457;5347693,260134570300579;8,083845863000020;48,278792714000097
83208;08220504231000674330;08;2;31;000;2022;05;07;4;3;0;2;0;0;0;1;1;0;0;0;477769,705622977984603;5414941,943272270262241;8,696753852000031;48,887030493000097
83210;08220427111500636741;08;1;11;000;2022;04;18;4;2;6;7;0;0;0;0;1;0;0;1;506929,854481433983892;5405530,599791590124369;9,094372398000081;48,802727455000102
83216;08220429111500635611;08;1;11;000;2022;04;17;6;3;0;4;0;0;0;0;1;0;0;1;514873,313676749996375;5403068,819829399697483;9,202458666000039;48,780442237999999
83228;08220505436300667370;08;4;36;081;2022;05;08;5;3;5;3;0;0;1;0;0;0;0;1;561718,213461422943510;5287932,130863419733942;9,823275002000059;47,741808343000102
83229;08220506212010674390;08;2;12;000;2022;05;11;6;3;3;5;0;0;1;1;0;0;0;0;462246,588122977991588;5426922,429216880351305;8,483898260000050;48,994047874000003
83231;08220509436200765190;08;4;36;095;2022;05;12;2;3;5;3;0;0;1;1;0;0;0;0;537404,708103648968972;5294854,722505079582334;9,499564000000021;47,805960528000099
83237;08220430211000650321;08;2;16;023;2022;04;16;7;2;5;2;0;0;1;1;0;0;0;0;436406,178999996976927;5410078,649999530054629;8,133310297000040;48,840422171999997
83240;08220420136300635721;08;1;36;042;2022;04;13;4;2;0;1;0;0;1;0;0;0;0;0;547221,311591899953783;5403295,614525750279427;9,642793417000060;48,780867855000103
83243;08220509119100697510;08;1;19;008;2022;05;21;2;3;5;2;2;0;1;1;0;0;0;0;529714,376474878983572;5420357,415177269838750;9,405729350000060;48,935431885000099
83245;08220428222014571941;08;2;26;028;2022;04;17;5;2;4;7;0;0;1;1;0;0;0;0;471586,169999999983702;5483675,136999550275505;8,607544093000060;49,505039865000100
83255;08220429121200647971;08;1;21;000;2022;04;10;6;3;5;3;0;0;1;1;0;0;0;0;515793,108000001986511;5443777,503999530337751;9,216558825000050;49,146619008000101
83257;08220505121300660640;08;1;21;000;2022;05;15;5;3;4;6;0;0;1;0;0;0;0;0;514577,454641429008916;5443067,605961079709232;9,199863927000020;49,140263296000100
83259;08220512127100689910;08;1;27;076;2022;05;06;5;3;5;3;0;0;1;1;0;0;0;0;553347,804722273955122;5439176,070649799890816;9,730880625000051;49,103116586000098