OBJECTID;UIDENTSTLAE;ULAND;UREGBEZ;UKREIS;UGEMEINDE;UJAHR;UMONAT;USTUNDE;UWOCHENTAG;UKATEGORIE;UART;UTYP1;ULICHTVERH;IstStrassenzustand;IstRad;IstPKW;IstFuss;IstKrad;IstGkfz;IstSonstige;LINREFX;LINREFY;XGCSWGS84;YGCSWGS84
83260;08220506436400661250;08;4;36;009;2022;05;13;6;3;0;1;0;0;1;0;0;0;0;0;556001,500366798951291;5308173,116177610121667;9,749643639000061;47,924431703000003
83261;08220510226400669360;08;2;26;063;2022;05;07;3;3;5;3;0;0;1;1;0;0;0;0;469489,237923127016984;5472244,769214940257370;8,579462289000050;49,402125679999997
83267;08220505111500686630;08;1;11;000;2022;05;16;5;2;6;2;0;0;0;1;1;0;0;0;511647,309561830013990;5406501,478063739836216;9,158643160000050;48,811390866000103
83274;08220423435200601821;08;4;35;066;2022;04;01;7;3;0;1;2;0;1;0;0;0;0;0;519981,167250354017597;5287890,838284499943256;9,266544713000030;47,744080197000102
83283;08220421116100590221;08;1;16;019;2022;04;18;5;3;8;1;0;0;1;0;0;0;0;0;522266,670798857987393;5397751,545935209840536;9,302809741000029;48,732388004000001
83285;08220429416200647551;08;4;16;009;2022;04;13;6;3;6;4;0;0;0;1;1;0;0;0;507207,558906065009069;5383559,339409030042589;9,097770636000060;48,605069349000097
83287;08220505212010684900;08;2;15;009;2022;05;12;5;3;1;5;0;1;0;1;1;0;0;1;470770,467000000993721;5441631,374999539926648;8,599357007000039;49,126821662000097
83291;08220503311010658200;08;3;11;000;2022;05;14;3;3;5;3;0;0;1;0;0;1;0;0;415626,835754895990249;5315650,135986359789968;7,869166158000040;47,988584554000099
83293;08220510311010731310;08;3;15;047;2022;05;07;3;3;0;7;0;0;1;0;0;0;0;1;415059,802357046981342;5322472,121987340040505;7,860215887000040;48,049875826000097
83307;08220502216100705990;08;2;16;043;2022;05;08;2;3;5;2;0;0;1;1;0;0;0;0;441127,010999998019543;5412530,657999530434608;8,197288864000029;48,862943580000000
83308;08220511111500675050;08;1;11;000;2022;05;17;4;3;5;2;0;0;1;1;0;0;0;0;513043,493730047019199;5406994,991222590208054;9,177675601000031;48,815802704000099
83320;08220513111500678920;08;1;11;000;2022;05;10;6;3;5;3;0;0;1;1;0;0;0;0;512494,729429949016776;5399492,995794880203903;9,169972453000071;48,748326642999999
83321;08220422311010589991;08;3;11;000;2022;04;07;6;3;3;2;0;0;1;1;0;0;0;0;414712,842999987013172;5318882,671999500133097;7,856275953000020;48,017541234000099
83323;08220504425000660480;08;4;25;020;2022;05;16;4;2;3;2;0;0;1;1;0;0;0;0;558933,254956285003573;5361154,161528590135276;9,796227363000069;48,400790020999999
83328;08220426226600573801;08;2;22;000;2022;04;14;3;3;0;4;0;0;0;0;1;0;0;1;462653,738804817025084;5482452,979301650077105;8,484288235000070;49,493562916000002
83329;08220509231000668040;08;2;37;004;2022;05;15;2;3;5;3;0;0;1;1;0;0;0;0;455791,936671672970988;5375122,228692240081728;8,401230336000030;48,527650979999997
83330;08220423326100639471;08;3;26;012;2022;04;14;7;3;6;7;0;0;0;0;1;0;0;1;462707,475986324017867;5309906,576396989636123;8,500634800000061;47,941389244000000
83333;08220421335300594241;08;3;35;075;2022;04;15;5;3;5;3;0;0;1;1;0;0;0;0;486329,761380970012397;5288783,251757889986038;8,817613201000031;47,752274362999998
83337;08220511231000705600;08;2;31;000;2022;05;07;4;2;6;4;0;0;0;0;1;1;0;0;475049,255614752008114;5414920,690825710073113;8,659645807000061;48,886735757000103
83344;08220428118400580381;08;1;18;048;2022;04;17;5;3;3;2;0;0;1;1;0;0;0;0;514674,150732828013133;5417066,691423689946532;9,200249033000031;48,906369122999998
83346;08220507212010841080;08;2;15;029;2022;05;20;7;1;0;7;0;0;1;0;0;0;0;0;467487,734247507993132;5448262,185075250454247;8,553827235000030;49,186301550000103
83357;08220509335100669590;08;3;35;043;2022;05;14;2;3;0;1;0;0;1;0;0;0;0;0;513794,426307132001966;5280018,093653059564531;9,183766214000061;47,673406391000100
83366;08220420127202632091;08;1;27;014;2022;04;06;4;3;2;6;0;0;1;0;0;0;0;0;575452,137307191034779;5442598,609195699915290;10,034312277000000;49,131584501000098
83369;08220423335100648191;08;3;35;002;2022;04;13;7;3;7;7;0;0;1;0;0;0;0;0;505843,639574299973901;5289138,024617729708552;9,077970122000069;47,755584891000098
83375;08220428337010585641;08;3;37;066;2022;04;16;5;2;0;1;0;0;1;0;0;0;0;0;433005,930999997013714;5270355,399999490007758;8,109052330000051;47,583150674000102
83376;08220513111500709660;08;1;11;000;2022;05;12;6;2;0;7;0;0;1;0;0;0;0;0;516329,788041902997065;5409294,901663539931178;9,222532051000030;48,836414601000101
83377;08220422117400633951;08;1;17;023;2022;04;11;6;2;3;2;0;0;1;1;0;0;0;0;548241,351748981047422;5386799,595280320383608;9,654749700000020;48,632399860000099
83379;08220504135010659750;08;4;25;085;2022;05;07;4;2;5;3;0;0;1;1;0;0;0;0;582670,898573425016366;5374782,727705770172179;10,119577095000100;48,520709535000002
83385;08220423435100860530;08;4;35;016;2022;04;10;7;3;5;3;0;0;1;1;0;0;0;0;536875,457255664980039;5278280,650072939693928;9,491091807000030;47,656869528000101
83386;08220428221011597421;08;2;21;000;2022;04;11;5;3;3;6;0;0;1;0;0;0;1;0;476305,137130231014453;5471749,996253809891641;8,673435263000041;49,397978788000003
83394;08220421118400544581;08;1;18;048;2022;04;08;5;3;4;6;0;0;1;0;0;0;0;0;514236,513640000019222;5415945,781057399697602;9,194237830000080;48,896295942000101
83395;08220430115100650631;08;1;15;044;2022;04;17;7;3;1;5;0;0;1;1;0;0;0;0;504797,237234179978259;5389340,262249610386789;9,065141526000049;48,657098742000102
83400;08220507211100689290;08;2;11;000;2022;05;08;7;3;6;4;0;0;0;1;1;0;0;0;441457,075580740987789;5403701,115769140422344;8,203049049000070;48,783552903999997
83406;08220504231202681920;08;2;36;071;2022;05;10;4;2;0;7;0;0;1;1;0;0;0;0;468709,804716745973565;5422367,386102770455182;8,572600164000050;48,953434793000000
83409;08220506326300683650;08;3;26;031;2022;05;21;6;3;3;6;2;0;1;1;0;0;0;0;452144,852668781997636;5334863,438167420215905;8,356412397000041;48,165212564000100
83411;08220509426010695090;08;4;26;071;2022;05;12;2;2;6;4;0;0;0;1;1;0;0;0;564334,196836811956018;5330009,226973369717598;9,864452332000040;48,120090000000097
83422;08220501116100662580;08;1;16;004;2022;05;16;1;3;4;6;0;0;1;0;0;0;0;0;528649,454922694945708;5396392,098054340109229;9,389514417000040;48,719897846000002
83430;08220502111500705450;08;1;11;000;2022;05;16;2;3;6;7;0;0;0;1;1;0;0;0;512458,058877505012788;5401299,774763599969447;9,169528288000039;48,764581087000103
83431;08220510421200673010;08;4;25;031;2022;05;16;3;3;5;3;0;0;1;1;0;0;0;0;569951,895000005024485;5368665,136999510228634;9,946331015000061;48,467226928999999
83436;08220505311010665350;08;3;36;069;2022;05;18;5;3;5;3;0;1;1;1;0;0;0;0;410540,159395637980197;5270529,642131259664893;7,810304741000040;47,582008741000003
83440;08220510311010669500;08;3;11;000;2022;05;09;3;2;8;1;0;0;1;1;0;0;0;0;415001,730344099982176;5319624,423260710202157;7,860002099000040;48,024252062000102
83443;08220508117100729710;08;1;17;037;2022;05;13;1;2;0;6;0;0;1;1;0;0;0;0;555108,069525721017271;5398611,485503519885242;9,749514695000070;48,738084373000000
83444;08220503126200604880;08;1;26;069;2022;05;13;3;3;6;4;0;0;0;1;1;0;0;0;536772,005643208045512;5447364,378026990219951;9,504545736000070;49,177985170000099
83446;08220510317010669890;08;3;17;096;2022;05;07;3;1;5;3;0;0;1;1;0;0;0;0;420576,978079400025308;5371985,166891540400684;7,924931744000050;48,495965360000099
83447;08220420117200632291;08;1;17;024;2022;04;17;4;3;5;7;0;0;1;0;0;0;0;1;560180,926699175033718;5386478,230634990148246;9,816735958000040;48,628473972000101
83450;08220422426010639161;08;4;25;141;2022;04;18;6;2;3;2;0;0;1;0;0;1;0;0;564483,434790338971652;5362065,267049930058420;9,871345336000051;48,408442563999998
83456;08220510136100699470;08;1;36;033;2022;05;11;3;3;0;7;0;0;1;0;0;0;0;0;580462,180713044013828;5415650,234439009800553;10,097636552000001;48,888576811000100
83458;08220420215102511311;08;2;12;000;2022;04;10;4;3;0;7;0;0;1;0;0;0;0;0;455737,546559575013816;5431719,411821509711444;8,394399090000039;49,036764847000001
83459;08220429316100640641;08;3;16;002;2022;04;14;6;3;0;1;0;0;1;0;0;0;0;0;407679,796999979997054;5330405,737999499775469;7,759494104000050;48,120213321000101
83462;08220504426200679930;08;4;26;070;2022;05;16;4;3;5;3;0;0;1;1;0;0;0;0;565223,804000003961846;5341755,187999510206282;9,878207025000050;48,225664485000003
83465;08220511435100670650;08;4;35;057;2022;05;12;4;3;5;3;0;0;1;0;0;0;0;1;543262,031583006959409;5279327,688969819806516;9,576245064000030;47,665894450000103
83468;08220509325202688380;08;3;25;049;2022;05;16;2;3;0;1;0;0;1;0;0;0;0;0;470790,416000001016073;5334734,640999509952962;8,607171018000029;48,165184263000100
83470;08220428421300634631;08;4;21;000;2022;04;20;5;3;5;3;0;0;1;1;0;0;0;0;571301,182599960942753;5353727,843132699839771;9,962044771000020;48,332710187000004
83472;08220508235100676660;08;2;35;084;2022;05;11;1;2;0;1;0;0;1;0;0;0;0;0;478588,873787697986700;5391951,292056569829583;8,709125722000071;48,680239133000001
83474;08220501121300598500;08;1;21;000;2022;05;16;1;3;5;3;0;0;1;1;0;0;0;0;514312,567000002018176;5443248,563999529927969;9,196238639000059;49,141897304000103
83478;08220505435100661220;08;4;35;057;2022;05;12;5;3;5;3;0;0;1;1;0;0;0;0;544084,316453716950491;5280280,924488970078528;9,587293425000039;47,674415404000101
83480;08220509111500666590;08;1;11;000;2022;05;09;2;3;5;3;0;0;1;0;0;0;1;0;513395,641073104983661;5402516,243127400055528;9,182326385000071;48,775504880000000
83487;08220501435100868200;08;4;35;035;2022;05;20;1;3;0;1;1;0;1;0;0;0;0;0;541689,400958843994886;5281132,244848369620740;9,555471129000070;47,682233828000101
83488;08220511116010710930;08;1;16;049;2022;05;19;4;2;2;6;0;0;1;1;0;0;0;0;525450,653071522945538;5385043,951898669824004;9,345326516000060;48,617949052000000
83490;08220420221011587731;08;2;26;041;2022;04;16;4;2;6;2;0;0;0;1;1;0;0;0;477624,680151093984023;5465845,094634810462594;8,691953110000039;49,344914694000103
83501;08220422316200572851;08;3;16;010;2022;04;15;6;2;2;1;0;0;1;1;0;1;0;0;430973,204771474993322;5335822,932741859927773;8,071559147000070;48,171897258999998
83505;08220427311010759600;08;3;15;064;2022;04;16;4;3;4;6;0;0;1;0;0;0;0;0;422684,195022950007115;5313365,152553100138903;7,964148852000050;47,968921592000100
83509;08220509435100665680;08;4;35;057;2022;05;07;2;3;9;1;0;0;1;0;0;0;0;0;543651,605825277976692;5279496,772634940221906;9,581450767000041;47,667389560000103
83512;08220512317600705800;08;3;17;093;2022;05;15;5;3;0;7;0;0;1;0;0;0;0;0;442862,756338422012050;5354858,061690400354564;8,228891326000049;48,344317015000101
83515;08220504221200761560;08;2;21;000;2022;05;21;4;3;8;1;2;0;1;0;0;0;0;0;476537,990545673004817;5471934,730666509829462;8,676633506000030;49,399649465000003
83516;08220429235200646831;08;2;35;085;2022;04;07;6;3;7;7;0;0;1;0;0;0;0;0;480886,838515012990683;5391081,840578489936888;8,740383854000070;48,672492111000103
83531;08220508121600695010;08;1;25;001;2022;05;08;1;3;0;7;0;0;1;0;0;0;0;0;520887,764252208988182;5434890,469669730402529;9,285957401000079;49,066524987000001
83532;08220504211100659970;08;2;11;000;2022;05;15;4;3;6;4;0;0;0;1;1;0;0;0;444018,164624717028346;5400470,433621989563107;8,238349795000030;48,754728112000102
83537;08220420111500636441;08;1;11;000;2022;04;18;4;3;6;2;0;0;0;1;1;0;0;0;511544,417982606973965;5396774,325104280374944;9,156968753000060;48,723887832999999
83539;08220430116500656721;08;1;16;049;2022;04;06;7;3;0;7;0;0;1;0;0;0;0;0;524885,853779281955212;5385830,243898269720376;9,337710377000059;48,625045300000103
83541;08220505317300682450;08;3;17;065;2022;05;13;5;3;5;3;0;1;1;1;0;0;0;0;415649,518216381024104;5353095,505516200326383;7,862044955000040;48,325415202000002
83545;08220507335100663980;08;3;35;043;2022;05;13;7;3;5;3;0;0;1;1;0;0;0;0;512373,597956486977637;5279842,389299039728940;9,164833369000061;47,671854215000103
83562;08220508221200691280;08;2;21;000;2022;05;20;1;3;6;4;0;0;1;0;1;0;0;0;477771,640607555978931;5473030,666487039998174;8,693574757000020;49,409553549000101
83565;08220502311300685060;08;3;11;000;2022;05;07;2;2;3;6;0;0;1;0;0;0;0;0;413620,885875279025640;5315934,637901919893920;7,842229251000050;47,990875958000103
83570;08220428316100642461;08;3;16;017;2022;04;18;5;3;0;6;0;0;1;1;0;0;0;0;407935,175031122984365;5341674,165107980370522;7,760484199000080;48,221607716000101
83575;08220502136100664010;08;1;36;088;2022;05;17;2;3;0;7;0;0;0;1;1;1;0;0;580046,986170402029529;5409860,910139660350978;10,090841354000100;48,836560251000002
83579;08220429436500579331;08;4;36;003;2022;04;18;6;2;2;2;0;1;1;0;0;0;0;1;578918,894950489979237;5305886,129557499662042;10,055954186000100;47,901446430000099
83583;08220511437100673690;08;4;37;100;2022;05;16;4;3;5;3;0;0;1;1;0;0;0;0;538702,081257774028927;5318059,429456690326333;9,518973668000060;48,014655648000002
83586;08220425221011577921;08;2;21;000;2022;04;16;2;2;3;2;0;0;1;0;0;0;0;1;477690,308658080990426;5472896,018776830285788;8,692461152000019;49,408339437000102
83589;08220502317300710070;08;3;17;065;2022;05;13;2;3;5;3;0;0;1;0;0;1;0;0;414306,342271463014185;5355516,885374530218542;7,843435679000040;48,347014407000103
83594;08220426226600643791;08;2;26;096;2022;04;07;3;3;5;3;0;1;1;0;0;0;0;1;475264,885786412982270;5486738,300091929733753;8,658162025000021;49,532753128000103
83598;08220428121600646441;08;1;25;008;2022;04;10;5;3;5;3;0;0;1;1;0;0;0;0;523135,762258574017324;5431695,077699550427496;9,316549899000050;49,037700817000001
83602;08220510435100668460;08;4;35;035;2022;05;11;3;3;5;3;0;0;1;1;0;0;0;0;542120,055876241996884;5283185,708713510073721;9,561407165000050;47,700681416000101
83611;08220426215202556521;08;2;15;084;2022;04;08;3;3;1;7;0;0;1;0;0;0;0;1;474049,323751955991611;5447908,576872279867530;8,643894099000020;49,183433551000100
83627;08220428311100637161;08;3;15;059;2022;04;06;5;3;5;3;0;0;1;1;0;0;0;0;401869,973999972979072;5322778,021999499760568;7,683201018000030;48,050735481000103
83629;08220421127202632691;08;1;27;014;2022;04;14;5;3;5;3;0;0;1;1;0;0;0;0;578618,735815580002964;5442533,292461859993637;10,077699987000100;49,130600065000102
83632;08220502121300674430;08;1;21;000;2022;05;15;2;3;4;2;0;0;1;1;0;0;0;0;513686,647174849989824;5444317,901385669596493;9,187693073000050;49,151530622000102
83636;08220430117010649061;08;1;17;024;2022;04;19;7;3;6;4;0;0;0;1;1;0;0;0;561630,373799517052248;5386013,768608990125358;9,836335698000029;48,624154859999997
83637;08220422437200560521;08;4;37;031;2022;04;16;6;3;5;3;0;0;1;1;0;0;0;0;521745,204672811029013;5343220,723909859545529;9,292879793000051;48,241830648000096
83639;08220427435200644061;08;4;35;034;2022;04;11;4;3;3;2;0;0;1;1;0;0;0;0;529777,651929483981803;5284666,937738539651036;9,397004617000050;47,714695583000001
83646;08220422127202634671;08;1;27;014;2022;04;14;6;2;5;3;0;0;1;0;0;0;0;0;579344,581067266990431;5443544,279836559668183;10,087846926000100;49,139599371000003
83650;08220511325302702930;08;3;25;024;2022;05;07;4;3;6;4;0;0;0;1;1;0;0;0;456143,005741760018282;5336910,885558909736574;8,409967806000051;48,183920759999999
83652;08220506136300683740;08;1;36;042;2022;05;11;6;3;0;1;0;0;1;0;0;0;0;0;551535,334566044039093;5405462,756751669570804;9,701784857000060;48,800019436000099
83656;08220421436400592571;08;4;36;087;2022;04;07;5;2;1;3;0;0;1;1;0;0;0;0;546073,549470760975964;5304466,007000139914453;9,616359437000030;47,891870128999997
83657;08220508127100665040;08;1;27;025;2022;05;10;1;3;5;3;0;0;1;0;0;0;0;0;556627,528284947969951;5427354,999278940260410;9,774156953000039;48,996496212000103
83658;08220504221011658670;08;2;21;000;2022;05;16;4;3;4;2;0;0;1;1;0;0;0;0;477521,108870779979043;5471094,948377120308578;8,690230688000041;49,392132837000098
83660;08220503118100710000;08;1;18;077;2022;05;09;3;2;5;2;0;0;1;1;0;0;0;0;513526,558000000019092;5423150,647999529726803;9,184790520000041;48,961124538000000
83663;08220422221200566101;08;2;21;000;2022;04;21;6;3;4;6;2;0;1;0;0;0;0;1;477824,491241573996376;5472785,574083000421524;8,694316997000040;49,407350908000097
83673;08220421435200632481;08;4;35;053;2022;04;20;5;3;0;7;2;0;1;0;0;0;0;0;506121,475174430001061;5294293,957212120294571;9,081749895000030;47,801972953000103
83677;08220502436000684890;08;4;36;087;2022;05;18;2;2;2;6;0;0;1;1;0;0;0;0;547526,493694760021754;5302537,080390100367367;9,635582981000031;47,874409957000097
83679;08220420121200543451;08;1;21;000;2022;04;08;4;3;0;7;0;0;1;0;0;0;0;0;515920,603425343986601;5444866,639766110107303;9,218350111000060;49,156412834000001
83684;08220512311010740090;08;3;11;000;2022;05;14;5;3;5;2;0;0;1;1;0;0;0;0;414130,072799031971954;5316787,510567819699645;7,848881990000050;47,998616448000099
83689;08220510311010695910;08;3;11;000;2022;05;17;3;3;3;6;0;0;1;1;0;0;0;0;414562,677999986975919;5313150,756999500095844;7,855403528000070;47,965960295999999
83702;08220422231202646041;08;2;36;072;2022;04;19;6;3;5;3;0;0;1;1;0;0;0;0;464443,576999999000691;5410268,329999529756606;8,515382172000050;48,844367690000098
83703;08220508437100664760;08;4;37;088;2022;05;21;1;3;0;1;2;0;1;0;0;0;0;0;518107,747775199008174;5308235,062207460403442;9,242404972000029;47,927179938999998
83708;08220506226600690580;08;2;26;096;2022;05;12;6;3;0;6;0;0;1;0;0;0;0;1;475581,265784555987921;5488930,886417550034821;8,662398448000030;49,552487423000102
83710;08220509317100713200;08;3;17;089;2022;05;11;2;3;5;2;0;0;1;1;0;0;0;0;430755,791379420028534;5376411,734311070293188;8,061956444000030;48,536987375000102
83711;08220425111500633771;08;1;11;000;2022;04;08;2;3;6;2;0;0;0;1;1;0;0;0;511500,556564921978861;5406197,542404820211232;9,156635790000051;48,808659429999999
83718;08220430415400656431;08;4;15;061;2022;04;02;7;3;3;7;2;0;1;0;0;0;0;0;513899,254112449008971;5375547,921830969862640;9,188275442000080;48,532883845000100
83729;08220507335200674220;08;3;35;063;2022;05;16;7;3;0;1;0;0;1;0;0;0;0;0;499754,510909767996054;5291178,210142959840596;8,996723350000019;47,773968015000001
83738;08220505436300683550;08;4;36;079;2022;05;05;5;3;5;3;1;0;1;1;0;0;0;0;552650,830254444968887;5287462,211539129726589;9,702276193000049;47,738384398000100
83748;08220501436000685400;08;4;35;024;2022;05;13;1;1;9;1;0;0;1;0;0;0;0;0;525507,969709760975093;5279469,444948489777744;9,339777154000050;47,668113877000103
83750;08220419317100587111;08;3;17;001;2022;04;15;3;3;0;6;0;0;1;0;0;0;0;0;428680,273277888016310;5384037,911623249761760;8,032535863000019;48,605352388000000
83758;08220510235200699580;08;2;35;047;2022;05;13;3;3;5;2;0;0;1;1;0;0;0;0;472827,792000000015832;5387539,554999520070851;8,631151513000081;48,640327120999999
83760;08220420317300509211;08;3;17;127;2022;04;06;4;3;6;5;0;0;0;0;1;0;0;1;421243,491148872999474;5352276,312467039562762;7,937651171000030;48,318768259000102
83763;08220508425000671000;08;4;25;020;2022;05;19;1;2;8;1;0;0;1;0;0;0;0;0;559385,632000004989095;5360619,031999509781599;9,802262958000030;48,395933712999998
83764;08220504436500680010;08;4;36;003;2022;05;17;4;2;5;3;0;0;1;1;0;0;0;0;580550,232607639045455;5304688,311245869845152;10,077554313000100;47,890468370000100
83765;08220501225100671500;08;2;25;117;2022;05;21;1;2;5;3;2;0;1;1;0;0;0;0;513910,835979436989874;5470287,148263730108738;9,191670267000060;49,385122756000001
83767;08220511317100675420;08;3;17;110;2022;05;12;4;3;3;2;0;0;1;1;0;0;0;0;427466,094836469972506;5382405,762879109941423;8,016352932000069;48,590531808000001
83778;08220426231000553601;08;2;31;000;2022;04;12;3;3;5;3;0;0;1;1;0;0;0;0;479409,830650925985537;5415929,625199220143259;8,719076931000069;48,895972024999999
83786;08220507326200662980;08;3;26;074;2022;05;14;7;3;0;1;0;0;1;0;0;0;0;0;463605,121102808974683;5323430,076488929800689;8,511506879000020;48,063109874000098
83787;08220503311010672930;08;3;15;064;2022;05;13;3;3;5;3;0;0;1;1;0;0;0;0;422065,099242501019035;5313113,804839249700308;7,955901412000060;47,966585436999999
83791;08220420316100638711;08;3;16;017;2022;04;11;4;2;5;3;0;0;1;1;0;0;0;0;409253,792999980971217;5340095,868999510072172;7,778570952000050;48,207601259999997
83801;08220428325202575211;08;3;25;049;2022;04;13;5;3;5;3;0;0;1;1;0;0;0;0;471537,096856423013378;5334486,129022180102766;8,617229255000041;48,162982347000103
83803;08220508118600692960;08;1;18;073;2022;05;13;1;3;2;6;0;0;1;0;0;0;0;0;496701,014365106006153;5421786,709962969645858;8,954942466000031;48,948994183000103
83804;08220504118400679530;08;1;18;048;2022;05;09;4;2;6;3;0;0;0;1;1;0;0;0;513176,637757477001287;5415301,528701770119369;9,179756566000041;48,890523864999999
83814;08220428435200602141;08;4;35;067;2022;04;08;5;3;3;2;0;0;1;1;0;0;0;0;528569,580112998955883;5294939,296460810117424;9,381573863000030;47,807174326000101
83830;08220504216100659570;08;2;16;043;2022;05;13;4;3;5;3;0;0;1;1;0;0;0;0;440151,440000000002328;5413465,474999530240893;8,183851977000071;48,871258812000100
83835;08220421116200590491;08;1;16;078;2022;04;16;5;3;5;3;0;0;1;1;0;0;0;0;510211,141999999992549;5393401,613999520428479;9,138756894000039;48,693570035000100
83843;08220508117400665640;08;1;17;038;2022;05;13;1;3;6;4;0;0;0;1;1;0;0;0;547295,646363949053921;5397768,430909859947860;9,643170190000030;48,731142808000101
83847;08220420311010531181;08;3;36;045;2022;04;16;4;2;5;3;0;0;1;1;0;0;0;0;398579,915999968012329;5280309,080999479629099;7,649027319000030;47,668217794000000
83852;08220511335100686720;08;3;35;043;2022;05;17;4;3;0;7;0;0;1;0;0;0;0;0;512182,193525535985827;5279284,582857769913971;9,162268051000069;47,666838891000097
83854;08220426121500600131;08;1;25;063;2022;04;17;3;3;0;5;0;0;1;1;0;0;0;0;525842,101421131985262;5463657,894665930420160;9,355632307000061;49,325103963000103
83863;08220511118200716650;08;1;18;080;2022;05;05;4;3;5;3;0;0;1;1;0;0;0;0;509399,518484189000446;5408554,089875330217183;9,128074059000030;48,829893974000100
83865;08220420118000596261;08;1;18;007;2022;04;11;4;1;5;3;0;0;1;1;0;0;0;0;513659,774346438003704;5429845,299509120173752;9,186835470000061;49,021343899000001
83866;08220506116010683360;08;1;16;019;2022;05;18;6;3;5;3;0;0;1;1;0;0;0;0;520251,550999999977648;5398610,366999519988894;9,275448201000071;48,740182649000097
83874;08220502117010670560;08;1;17;030;2022;05;07;2;2;6;7;0;0;0;0;1;0;1;0;547981,408232963993214;5389721,240603090263903;9,651560369000039;48,658701785000098
83880;08220505212010661400;08;2;12;000;2022;05;16;5;3;5;2;0;0;1;1;0;0;0;0;456370,838787699001841;5426440,431885790079832;8,403630808000059;48,989324996999997
83882;08220511437200673740;08;4;37;031;2022;05;12;4;3;0;6;0;0;1;1;0;0;0;0;515471,246051061025355;5345534,356865460053086;9,208462969000040;48,262829965000002
83896;08220505222700683120;08;2;22;000;2022;05;07;5;3;5;3;0;1;1;1;0;0;0;0;461714,230484001978766;5481067,201216420158744;8,471449415000050;49,481040015000097
83908;08220511325102685360;08;3;25;012;2022;05;12;4;3;5;3;0;0;1;0;0;0;0;1;463700,705883032991551;5355054,848608399741352;8,510083893000060;48,347628743000001
83915;08220513118400709240;08;1;18;048;2022;05;19;6;2;5;3;0;0;1;0;0;1;0;0;513334,369000000995584;5415309,191999520175159;9,181908585000031;48,890589428000098
83916;08220421317100524561;08;3;17;089;2022;04;10;5;3;5;3;0;0;1;1;0;0;0;0;431947,194999996980187;5375936,693999510258436;8,078171643000079;48,532844667000099
83924;08220505421200668610;08;4;25;075;2022;05;14;5;3;6;4;0;0;0;1;1;0;0;0;568248,906802962999791;5379135,405059769749641;9,925008617000060;48,561596264999999
83926;08220509126100700550;08;1;26;028;2022;05;15;2;2;3;6;0;0;1;0;0;0;0;1;534044,859999999054708;5459312,952999539673328;9,468142647000040;49,285619457000102
83930;08220509221011689310;08;2;21;000;2022;05;06;2;3;6;7;1;0;0;0;1;0;0;1;474932,985999999975320;5471904,881999550387263;8,654514732000051;49,399317001000000
83940;08220428116200645071;08;1;16;080;2022;04;07;5;3;6;4;0;0;0;1;1;0;0;0;516978,759275251999497;5396257,950334699824452;9,230837379000040;48,719118189000000
83941;08220512136300705090;08;1;36;065;2022;05;21;5;3;5;3;2;1;1;0;0;1;0;0;559318,258006909047253;5405974,363639700226486;9,807832808000059;48,803927412000100
83946;08220429311100646931;08;3;15;132;2022;04;23;6;2;0;1;2;0;1;0;0;0;0;0;409594,719383184972685;5322239,111357799731195;7,786947512000040;48,047029066000100
83950;08220501225100670760;08;2;25;009;2022;05;16;1;2;9;1;0;0;1;0;0;0;0;0;519341,622976666025352;5468722,132823009975255;9,266421455000060;49,370897292000102
83952;08220511335300689570;08;3;35;075;2022;05;16;4;3;0;1;0;0;1;0;0;0;0;0;487704,651231280993670;5289878,877976769581437;8,835925757000039;47,762159979000003
83963;08220504436300674210;08;4;36;081;2022;05;00;4;2;0;1;2;1;1;0;0;0;0;0;556677,374000002979301;5276949,587999490089715;9,754613377000060;47,643462267000103
83967;08220506222014176290;08;2;22;000;2022;05;18;6;2;6;4;0;0;0;1;1;0;0;0;465164,159122065000702;5482060,806183530017734;8,518987678000030;49,490184843000101
83974;08220508317300664370;08;3;17;150;2022;05;13;1;2;6;4;0;0;0;1;1;0;0;0;407919,454945932026021;5359575,091613519936800;7,756366983000020;48,382617048999997
83979;08220420135010633541;08;1;35;032;2022;04;17;4;1;4;2;0;0;1;1;0;0;0;0;576227,850269188056700;5391030,604755650274456;10,035319066000101;48,667671177000003
83981;08220429425000636771;08;4;25;020;2022;04;12;6;3;3;2;0;0;1;1;0;0;0;0;558366,591755100991577;5361511,391728039830923;9,788621803000069;48,404056279000002
83987;08220507311300675820;08;3;15;109;2022;05;22;7;3;4;6;2;0;1;0;0;0;0;0;420552,499999993015081;5313377,564999500289559;7,935591858000070;47,968772160000100
83991;08220419316200647871;08;3;16;056;2022;04;11;3;2;4;2;0;0;1;1;0;0;0;0;421118,868939457985107;5325929,200194359757006;7,940867650000030;48,081751858000104
83992;08220421215402521951;08;2;15;009;2022;04;12;5;3;3;6;0;0;1;1;0;0;0;0;474023,343000000983011;5436998,245999529957771;8,644240598000071;49,085291492000103
83995;08220505235200699570;08;2;35;046;2022;05;07;5;3;6;4;0;0;0;1;1;0;0;0;479383,750640876009129;5371390,671217899769545;8,720944403000029;48,495299338999999
83996;08220427311100585061;08;3;15;072;2022;04;05;4;3;0;7;1;0;1;0;0;0;0;0;400501,562999970978126;5320146,071999490261078;7,665455194000060;48,026850037000003
84003;08220422317300571901;08;3;17;065;2022;04;15;6;3;5;3;0;0;1;1;0;0;0;0;413624,265342304017395;5355206,790326350368559;7,834295618000060;48,344132256000101
84005;08220505111500661710;08;1;11;000;2022;05;12;5;3;6;4;0;0;0;1;1;0;0;0;511524,033822152996436;5410434,378604239784181;9,157074625000060;48,846772950000101