OBJECTID;UIDENTSTLAE;ULAND;UREGBEZ;UKREIS;UGEMEINDE;UJAHR;UMONAT;USTUNDE;UWOCHENTAG;UKATEGORIE;UART;UTYP1;ULICHTVERH;IstStrassenzustand;IstRad;IstPKW;IstFuss;IstKrad;IstGkfz;IstSonstige;LINREFX;LINREFY;XGCSWGS84;YGCSWGS84
84012;08220423235100536791;08;2;35;065;2022;04;14;7;3;2;6;0;0;1;1;0;0;0;0;474224,240520136023406;5403952,644724099896848;8,649081820000051;48,788036716000100
84014;08220512317100709320;08;3;17;098;2022;05;15;5;3;3;5;0;0;1;1;0;0;0;0;438292,721876137016807;5369377,987247089855373;8,165086381000039;48,474502362000102
84018;08220502226600670470;08;2;26;096;2022;05;11;2;3;0;7;0;0;1;0;0;0;0;0;475655,477804489026312;5490992,128504909574986;8,663296988000070;49,571030423000103
84030;08220428426100634501;08;4;26;021;2022;04;07;5;3;3;2;0;0;1;1;0;0;0;0;557718,437270822003484;5327093,021749209612608;9,775171317000060;48,094489492000001
84032;08220421435200552071;08;4;35;052;2022;04;12;5;2;0;7;0;0;0;1;1;0;0;0;521470,549374284979422;5289845,290278829634190;9,286509030000049;47,761617446999999
84042;08220505317500659670;08;3;17;100;2022;05;07;5;3;6;4;0;1;0;1;1;0;0;0;423689,592999993008561;5367458,141999510116875;7,967883136000070;48,455630642000102
84053;08220423215102637531;08;2;15;109;2022;04;17;7;3;0;7;0;0;1;0;0;0;0;0;464585,405509159027133;5440228,297507870011032;8,514705754000030;49,113875532000101
84056;08220512119300707540;08;1;19;061;2022;05;06;5;3;5;3;0;0;1;1;0;0;0;0;542154,044905359973200;5416232,075933709740639;9,575150624000059;48,897600737000097
84071;08220428316200639731;08;3;16;055;2022;04;14;5;3;5;3;0;0;1;1;0;0;0;0;426715,327996797976084;5332056,194084079936147;8,014946203000020;48,137536347000001
84077;08220510317500670360;08;3;17;034;2022;05;19;3;3;1;1;0;0;1;1;0;0;0;0;427166,382978574023582;5361533,774360139854252;8,015929721000020;48,402751963000100
84086;08220507128300693450;08;1;28;131;2022;05;12;7;3;4;2;0;0;1;1;0;0;0;0;536866,286250650999136;5512176,728115529753268;9,511877727000069;49,760935924000101
84089;08220425311010558501;08;3;36;069;2022;04;15;2;2;5;3;0;0;1;0;0;0;0;0;407403,009913560003042;5269508,414373990148306;7,768810054000030;47,572381757000102
84095;08220511317500684000;08;3;17;009;2022;05;16;4;3;5;3;0;0;1;1;0;0;0;0;425054,071525136998389;5362054,008652050048113;7,987301504000070;48,407183934999999
84097;08220425336400555401;08;3;36;091;2022;04;12;2;3;0;7;0;0;1;0;0;0;0;0;394732,965936507971492;5271713,997505130246282;7,599866092000070;47,590289624999997
84100;08220428327200645511;08;3;27;046;2022;04;15;5;3;5;2;0;0;1;1;0;0;0;0;480833,742874954012223;5324284,512048600241542;8,742708126000030;48,071547625000100
84112;08220510216200685080;08;2;16;007;2022;05;14;3;3;5;3;0;0;1;1;0;0;0;0;435785,822756998008117;5395244,359113370068371;8,127173027000030;48,706924996000097
84115;08220513119400726360;08;1;19;091;2022;05;13;6;3;5;3;0;0;1;0;0;0;0;0;527056,340256153955124;5406861,190578090026975;9,368543631000019;48,814146848000100
84127;08220512222800689510;08;2;22;000;2022;05;22;5;2;1;5;2;0;1;1;0;0;0;0;462792,264649743970949;5486504,281930849887431;8,485819223000020;49,530010679000000
84140;08220507135200664930;08;1;35;032;2022;05;15;7;3;0;1;0;0;1;0;0;0;0;0;576231,675257975002751;5391032,636921689845622;10,035371382000100;48,667688988000101
84141;08220510215402700230;08;2;15;009;2022;05;13;3;3;5;3;0;0;1;0;0;0;0;0;469486,004625050001778;5441121,885319470427930;8,581790178000061;49,122176275000101
84142;08220425316100640711;08;3;16;043;2022;04;23;2;3;0;1;2;1;1;0;0;0;0;0;411115,031591980019584;5332308,899982489645481;7,805245664000040;48,137821230999997
84143;08220420216300577441;08;2;16;024;2022;04;19;4;3;0;7;0;0;1;0;0;0;0;0;445651,047840777027886;5410478,813465409912169;8,259239155000049;48,844899957999999
84145;08220422135200634741;08;1;35;019;2022;04;14;6;3;6;4;0;0;0;1;1;0;0;0;582828,511583306943066;5392459,541481940075755;10,125237480000100;48,679683074000103
84148;08220511317500675880;08;3;17;089;2022;05;16;4;2;0;6;0;0;1;1;0;0;0;0;429690,267754770000465;5372451,514189580455422;8,048191623000040;48,501246185000099
84151;08220509335100667310;08;3;35;002;2022;05;07;2;3;5;2;0;0;1;1;0;0;0;0;505571,229999999981374;5284473,404999489895999;9,074275729000020;47,713616932000001
84153;08220428436100644641;08;4;36;055;2022;04;12;5;3;5;2;0;0;1;1;0;0;0;0;576604,003257457981817;5297687,327973400242627;10,023532393000000;47,827970962000101
84156;08220504115100703720;08;1;15;003;2022;05;17;4;3;0;2;0;0;0;1;1;0;0;0;501671,169916178972926;5393249,239147350192070;9,022708567000050;48,692280574000101
84157;08220430221200652701;08;2;21;000;2022;04;09;7;2;3;2;0;1;1;1;0;0;0;0;477689,168227188987657;5472531,216027529910207;8,692465927000059;49,405058048999997
84162;08220430435200636071;08;4;35;052;2022;04;14;7;2;0;1;0;1;1;0;0;0;0;0;521384,123000001010951;5289853,528999489732087;9,285356152000080;47,761694447000103
84171;08220510317300696810;08;3;17;059;2022;05;09;3;3;5;3;0;0;1;1;0;0;0;0;412819,598480282002129;5349737,005897490307689;7,824569375000070;48,294822158000002
84172;08220419335000578661;08;3;35;043;2022;04;10;3;2;1;5;0;0;1;1;0;0;0;0;513596,122071489982773;5279521,379506629891694;9,181109001000040;47,668941326999999
84175;08220523231102728070;08;2;36;050;2022;05;18;2;3;4;2;0;0;1;1;0;0;0;0;484338,192999998980667;5422968,385999529622495;8,786046390000021;48,959434565000002
84176;08220603118100835680;08;1;18;079;2022;06;14;6;3;0;1;0;0;1;0;0;0;0;0;509987,266144784982316;5421970,521243140101433;9,136410372000061;48,950575838000098
84183;08220519121300731060;08;1;21;000;2022;05;17;5;3;6;4;0;0;0;1;1;0;0;0;513470,548141899984330;5443700,261667319573462;9,184708941000050;49,145979523999998
84185;08220612421300794680;08;4;25;039;2022;06;20;1;2;0;1;0;0;1;0;0;0;0;0;565984,785273407003842;5352269,246033689938486;9,890093273000049;48,320166798000102
84187;08220610311010781180;08;3;15;056;2022;06;18;6;2;2;1;0;0;1;0;0;1;0;0;415455,075888190011028;5310313,182689500041306;7,867914217000020;47,940553398000098
84189;08220529226600755220;08;2;26;082;2022;05;18;1;3;0;7;0;0;1;0;0;0;0;0;480931,753160248976201;5479359,541882149875164;8,736832989000050;49,466587980000000
84191;08220604317200789270;08;3;17;141;2022;06;16;7;3;8;3;0;0;1;0;0;0;0;0;420203,107479133002926;5379883,987788270227611;7,918359633000020;48,566965897000003
84195;08220516135200685710;08;1;35;019;2022;05;07;2;3;6;4;0;0;0;1;1;0;0;0;584551,475703403004445;5392546,899390909820795;10,148657209000000;48,680237819000098
84200;08220524426200718610;08;4;26;073;2022;05;16;3;3;5;3;0;0;1;1;0;0;0;0;564257,411587452981621;5335502,221215129829943;9,864249911000060;48,169512376999997
84202;08220526119300721640;08;1;19;001;2022;05;11;5;2;0;1;0;0;1;0;0;0;0;0;552346,875343797029927;5410233,088697159662843;9,713443960000060;48,842861711000097
84209;08220610118300781050;08;1;18;081;2022;06;05;6;3;3;6;0;0;1;1;0;0;0;0;519890,528907709987834;5415324,939278090372682;9,271348162000040;48,890555319000001
84211;08220601436100866740;08;4;36;055;2022;06;11;4;3;5;3;0;0;1;1;0;0;0;0;577520,597891713026911;5297153,994849500246346;10,035681816000000;47,823063268000098
84212;08220521215502719420;08;2;15;029;2022;05;09;7;3;5;3;0;0;1;1;0;0;0;0;466835,258384927001316;5448220,311532779596746;8,544876917000069;49,185889958000097
84215;08220522421200710260;08;4;21;000;2022;05;16;1;3;5;3;0;0;1;1;0;0;0;0;575059,847987476037815;5363102,204326099716127;10,014425117000000;48,416599032000100
84217;08220604119300789200;08;1;19;037;2022;06;15;7;2;0;1;0;0;1;0;0;0;0;0;546992,357330522034317;5419773,811024749651551;9,641568377000061;48,929111198999998
84222;08220611415300808170;08;4;15;059;2022;06;18;7;2;3;7;0;0;1;1;0;0;0;0;516333,133595269988291;5368168,854516400024295;9,220955168000049;48,466440650999999
84226;08220525311010728180;08;3;36;069;2022;05;13;4;2;8;1;0;0;1;0;0;0;0;0;406287,747509388020262;5269315,428695370443165;7,754026056000040;47,570485598000097
84244;08220524226700745520;08;2;26;098;2022;05;14;3;2;6;4;0;0;0;1;1;0;0;0;478339,915143672027625;5459815,014626620337367;8,702127090000030;49,290699964000098
84247;08220610436400804260;08;4;36;082;2022;06;22;6;2;0;1;2;0;1;0;0;0;0;0;547654,675128184026107;5294693,884150950238109;9,636433453000050;47,803836128999997
84259;08220605426200801120;08;4;26;134;2022;06;01;1;3;0;1;2;0;1;0;0;0;0;0;561766,614000004017726;5337588,137999510392547;9,831056135000040;48,188524178000101
84271;08220602121400772730;08;1;25;038;2022;06;08;5;3;6;7;0;0;0;1;1;0;0;0;501884,782279025996104;5435072,896600780077279;9,025804039000040;49,068517356000001
84274;08220605212502773000;08;2;12;000;2022;06;17;1;3;0;7;0;1;1;0;0;0;0;0;452670,479561370972078;5429217,983352419920266;8,352729958000049;49,014036659000098
84276;08220521231000739330;08;2;37;040;2022;05;12;7;3;5;3;0;0;1;1;0;0;0;0;479912,083165316027589;5366442,883340519852936;8,728333402000031;48,450804462000100
84278;08220605421300771310;08;4;21;000;2022;06;22;1;3;3;2;2;0;1;1;0;0;0;0;571736,311790538951755;5361302,984261630102992;9,969207137000071;48,400801780999998
84288;08220515316100686020;08;3;16;002;2022;05;16;1;2;8;1;0;0;1;0;0;0;0;0;404065,687881762976758;5329744,485088810324669;7,711092649000020;48,113731157000103
84290;08220613335300788470;08;3;35;075;2022;06;18;2;3;0;1;0;0;1;0;0;0;0;0;487956,808630547020584;5289035,658684370107949;8,839313998000019;47,754577847000100
84295;08220523121600725170;08;1;25;008;2022;05;09;2;3;5;3;0;0;1;1;0;0;0;0;523118,473056656017434;5431850,643164659850299;9,316322221000060;49,039100843000000
84299;08220528126200753640;08;1;26;011;2022;05;14;7;3;5;3;0;0;1;1;0;0;0;0;527976,898642588057555;5446146,092327689751983;9,383787342000060;49,167490677000004
84301;08220611335200793820;08;3;35;098;2022;06;11;7;3;3;6;0;0;1;1;0;0;0;0;498710,689167773991358;5293631,283369479700923;8,982783722000020;47,796038360000097
84307;08220601231000778940;08;2;37;028;2022;06;19;4;2;5;3;0;0;1;1;0;0;0;0;460768,101014134997968;5366505,647116620093584;8,469435317000030;48,450466753000100
84308;08220516335200712020;08;3;35;061;2022;05;14;2;3;0;1;0;0;1;0;0;0;0;0;493832,005969401972834;5278466,278134649619460;8,917853121000061;47,659561351000001
84310;08220526436200750190;08;4;36;064;2022;05;18;5;3;1;5;0;0;1;1;0;0;0;0;542686,298555774963461;5292553,878315939567983;9,569873265000069;47,784931047999997
84315;08220514437000681960;08;4;37;053;2022;05;15;7;2;5;3;0;0;1;1;0;0;0;0;526984,902226881007664;5321106,272249310277402;9,362048625000060;48,042670314000098
84326;08220526317500735550;08;3;17;096;2022;05;09;5;2;8;1;0;0;1;0;0;0;0;0;421341,848681648029014;5362500,379082789644599;7,937065595000040;48,410746660000001
84337;08220517116010713110;08;1;16;047;2022;05;15;3;3;6;4;0;0;0;1;1;0;0;0;519449,742028562002815;5393228,689974480308592;9,264288930000021;48,691794815999998
84342;08220518231000700510;08;2;31;000;2022;05;17;4;3;5;3;0;0;1;1;0;0;0;0;479174,386383274977561;5415792,332517449744046;8,715871675000070;48,894729115000104
84343;08220526118400750290;08;1;18;048;2022;05;14;5;3;0;7;0;0;1;0;0;0;0;0;515724,070583582972176;5417492,955767340026796;9,214592956000050;48,910177900000100
84346;08220611311010797730;08;3;15;107;2022;06;12;7;3;5;2;0;0;1;1;0;0;0;0;411696,543652235995978;5310626,471648409962654;7,817532752000030;47,942864475000100
84352;08220521121400734080;08;1;25;086;2022;05;01;7;3;0;1;2;1;1;0;0;0;0;0;504701,398335466976278;5444956,144104219973087;9,064480662000051;49,157406393000002
84353;08220516435100687920;08;4;35;029;2022;05;12;2;2;0;1;0;0;1;0;0;0;0;0;542503,021226990967989;5271466,112719040364027;9,565372254000071;47,595211583000001
84357;08220530226500737390;08;2;26;085;2022;05;12;2;3;5;5;0;0;1;1;0;0;0;0;491404,577976737986319;5455526,553655140101910;8,881885824000049;49,252447978000099
84365;08220531317500758020;08;3;17;096;2022;05;18;3;3;5;3;0;0;1;1;0;0;0;0;421413,225016481999774;5369645,773702340200543;7,936689131000040;48,475027972000099
84366;08220516118100758420;08;1;18;079;2022;05;12;2;3;5;3;0;0;1;1;0;0;0;0;509859,845395363983698;5423012,858737329952419;9,134695252000030;48,959954398000001
84367;08220611127100806890;08;1;27;052;2022;06;21;7;3;8;1;0;0;1;0;0;0;0;0;542851,286963172955438;5436566,902621449902654;9,586807439000040;49,080467984999999
84372;08220514421300057910;08;4;21;000;2022;05;12;7;3;5;7;0;0;1;1;0;0;0;0;572096,832216423004866;5361415,454947030171752;9,974096605000060;48,401772354000101
84373;08220608436200800480;08;4;36;064;2022;06;10;4;2;6;7;0;0;0;1;1;0;0;0;544126,279441491002217;5292033,344265090301633;9,589043444000030;47,780150726000002
84379;08220518111500754780;08;1;11;000;2022;05;15;4;3;5;3;0;0;1;1;0;0;0;0;517044,881943091982976;5408565,028305630199611;9,232246467000040;48,829829582000102
84382;08220519216100696790;08;2;16;043;2022;05;13;5;3;0;7;0;0;1;0;0;0;0;0;440906,041961322014686;5412599,187359659932554;8,194266449000050;48,863538984999998
84390;08220603119200790680;08;1;19;020;2022;06;15;6;3;1;5;0;0;1;1;0;0;0;0;520562,586075250001159;5406966,274232280440629;9,280096538000070;48,815341010000097
84391;08220530121500284940;08;1;25;039;2022;05;18;2;2;5;2;0;0;1;1;0;0;0;0;513981,492265406006481;5458539,336205529980361;9,192231874000070;49,279449034999999
84396;08220522118100710420;08;1;18;015;2022;05;18;1;2;4;6;0;0;1;0;0;0;0;0;507441,835456522996537;5428936,723464930430055;9,101771368000071;49,013277094000003
84399;08220518335400700080;08;3;35;079;2022;05;18;4;3;0;1;0;0;1;0;0;0;0;0;497322,137375249003526;5295699,382983740419149;8,964229500000039;47,814641792000003
84401;08220612415400807580;08;4;15;061;2022;06;23;1;3;0;3;2;0;1;0;0;0;0;0;517016,289811233000364;5378893,268297240138054;9,230634336000040;48,562902637000001
84402;08220601111500779070;08;1;11;000;2022;06;19;4;3;5;3;0;0;1;1;0;0;0;0;509551,141868552018423;5403169,040800949558616;9,130014724000031;48,781448308000101
84403;08220610416200804450;08;4;16;041;2022;06;17;6;3;6;7;0;0;0;0;1;0;0;1;498073,534236005973071;5374939,035255810245872;8,973907371000051;48,527557078000001
84405;08220528311010727990;08;3;11;000;2022;05;17;7;2;0;1;0;0;1;0;0;0;0;0;416322,048844353004824;5309080,446050809696317;7,879760555000080;47,929578069000101
84409;08220514317500681180;08;3;17;096;2022;05;17;7;3;5;3;0;0;1;1;0;0;0;0;422222,901258815021720;5368799,432734300382435;7,947799868000060;48,467515876999997
84414;08220601417200772980;08;4;17;002;2022;06;15;4;3;0;7;0;0;1;0;0;0;0;0;493761,182173936977051;5344036,810346559621394;8,915958639000049;48,249515101999997
84416;08220517121200723750;08;1;21;000;2022;05;17;3;3;6;7;0;0;1;0;1;0;0;0;516176,629300798987970;5444285,477081379853189;9,221838118000051;49,151178404000099
84418;08220522317100724530;08;3;17;089;2022;05;12;1;2;4;6;0;0;1;0;0;0;0;0;429291,349947230017278;5376349,894020520150661;8,042131173000030;48,536267778000102
84422;08220525436200746120;08;4;36;064;2022;05;07;4;3;5;2;0;1;1;1;0;0;0;0;540457,595140071003698;5289787,441327629610896;9,539863214000039;47,760184872000103
84423;08220527436000759280;08;4;35;024;2022;05;11;6;3;3;1;0;0;1;0;0;0;0;0;529349,935976529959589;5279832,369720719754696;9,390977039000060;47,671216332000000
84425;08220611435100801230;08;4;35;016;2022;06;02;7;2;0;7;2;0;1;0;0;0;0;0;536065,694000000949018;5277829,147999489679933;9,480270865000019;47,652852827000103
84430;08220601317000767030;08;3;17;150;2022;06;10;4;3;5;3;0;0;1;1;0;0;0;0;407881,987693287024740;5359806,005992019549012;7,755810451000060;48,384688529000101
84434;08220602435100785100;08;4;35;016;2022;06;15;5;3;5;3;0;0;1;1;0;0;0;0;535588,918933572014794;5277737,899152940139174;9,473914660000050;47,652058222999997
84438;08220522225200725950;08;2;25;091;2022;05;17;1;3;5;3;0;0;1;1;0;0;0;0;524341,957999999984168;5476742,195999540388584;9,335789152000070;49,442857113000102
84440;08220606421300772510;08;4;21;000;2022;06;20;2;3;0;1;0;0;1;0;0;0;0;0;568373,101510985055938;5355855,577893800102174;9,922887997000030;48,352173807000000
84441;08220519212010698770;08;2;12;000;2022;05;14;5;3;5;3;0;0;1;0;0;0;1;0;452797,895375353982672;5429611,548203350044787;8,354426578000069;49,017586543999997
84457;08220519115200734560;08;1;15;021;2022;05;14;5;3;5;3;0;0;1;1;0;0;0;0;489934,517347650020383;5382520,213159860111773;8,863486880000041;48,595681705000104
84475;08220604121200775310;08;1;21;000;2022;06;09;7;3;0;7;0;1;1;0;0;0;0;0;515477,326765435980633;5443339,581356559880078;9,212211967000030;49,142687790000103
84476;08220530436000751100;08;4;35;034;2022;05;20;2;3;5;3;0;0;1;1;0;0;0;0;529672,742551348055713;5285022,604273639619350;9,395630191000070;47,717900493999998
84477;08220521421200706720;08;4;25;092;2022;05;18;7;2;0;1;0;0;1;0;0;0;0;0;584577,474995478987694;5375855,702115249820054;10,145609410000100;48,530106490999998
84478;08220517216200694420;08;2;16;041;2022;05;17;3;2;8;1;0;0;1;0;0;0;0;0;433037,613211292016786;5392342,678010299801826;8,090293373000071;48,680535470000102
84479;08220606212702782930;08;2;15;108;2022;06;13;2;3;0;7;0;0;1;0;0;0;0;0;446567,198974706989247;5424208,529716880060732;8,269927993000071;48,968478762000103
84484;08220518311500726080;08;3;15;113;2022;05;14;4;3;4;6;0;0;1;0;0;0;0;0;439429,683999997971114;5308189,057999500073493;8,189201435000030;47,924159639999999
84485;08220526335100724290;08;3;35;063;2022;05;13;5;3;3;6;0;0;1;0;0;0;0;0;503648,564866882981732;5290425,246955210343003;9,048692647000051;47,767182910000002
84488;08220604326300792660;08;3;26;065;2022;06;19;7;2;0;1;0;0;1;0;0;0;0;0;452208,128113640006632;5325534,439985140226781;8,358309523000059;48,081289669999997
84496;08220517116010694850;08;1;16;077;2022;05;06;3;3;5;3;0;0;1;0;0;0;0;1;518032,881820979004260;5388748,213163400068879;9,244841032000069;48,651530782000101
84498;08220522335300710430;08;3;35;026;2022;05;12;1;3;0;1;0;0;1;0;0;0;0;0;480779,565000001981389;5282115,282999499700963;8,743858017000040;47,692137521000099
84500;08220603337010770060;08;3;37;096;2022;06;11;6;2;6;4;0;0;0;1;1;0;0;0;421349,309214903973043;5267769,750273359939456;7,954519781000040;47,558580509000102
84502;08220518311010723710;08;3;11;000;2022;05;09;4;3;5;3;0;0;1;1;0;0;0;0;413065,712419714021962;5315387,174940439872444;7,834900506000050;47,985876108000099
84508;08220607226600795200;08;2;26;096;2022;06;09;3;3;5;3;0;0;1;1;0;0;0;0;474894,703592532023322;5488600,486253519542515;8,652927611000051;49,549487530000100
84516;08220603121400790290;08;1;25;061;2022;06;17;6;3;2;6;0;0;1;1;0;0;0;0;503203,766292252985295;5447217,230035689659417;9,043958335000070;49,177755299000097
84518;08220515211000695040;08;3;17;126;2022;05;11;1;2;0;7;0;0;1;0;0;0;0;0;439416,499132074008230;5380756,733119159936905;8,178636127000059;48,576968438999998
84523;08220606311400814320;08;3;15;076;2022;06;12;2;3;3;2;0;0;1;0;0;0;0;0;392956,285999957995955;5297413,601999480277300;7,569932167000050;47,821163052000003
84525;08220525216300717390;08;2;16;033;2022;05;15;4;3;5;3;0;0;1;0;0;0;0;1;446863,977999999013264;5413448,291999530047178;8,275384189000020;48,871715797000000
84532;08220604126100774980;08;1;26;020;2022;06;19;7;3;2;6;0;0;1;0;0;0;0;0;555400,376930849044584;5463318,410917369648814;9,762330754000059;49,320083209000103
84545;08220612119300863110;08;1;19;067;2022;06;10;1;3;0;7;0;0;1;0;0;0;0;0;540658,376374767976813;5402737,475996119901538;9,553405900000030;48,776310692000003
84548;08220519317300707800;08;3;17;059;2022;05;11;5;3;5;2;0;0;1;1;0;0;0;0;412958,013598144985735;5350172,831230320036411;7,826345323000060;48,298761388999999
84553;08220517111500711210;08;1;11;000;2022;05;15;3;2;5;7;0;0;1;1;0;0;0;0;513548,012814223009627;5402823,274523319676518;9,184410403000070;48,778263610000103
84556;08220604111500771510;08;1;11;000;2022;06;08;7;2;6;4;0;1;0;1;1;0;0;0;511500,689113139989786;5406197,486826379783452;9,156637594000070;48,808658928000099
84560;08220517437100725990;08;4;37;118;2022;05;17;3;2;9;7;0;0;1;0;0;0;0;0;513297,888172885985114;5307741,445930629968643;9,178001439000070;47,922856600999999
84567;08220601212702774400;08;2;15;046;2022;06;16;4;3;5;3;0;0;1;1;0;0;0;0;451164,435937381000258;5414748,047804780304432;8,333869967000060;48,883760969999997
84570;08220527117300723870;08;1;17;026;2022;05;10;6;3;3;2;0;0;1;1;0;0;0;0;547788,678189862985164;5395057,078323409892619;9,649560327000071;48,706715277999997
84574;08220514335200712900;08;3;35;063;2022;05;18;7;2;0;1;0;0;1;0;0;0;0;0;500256,636306496977340;5287532,949577550403774;9,003423284000061;47,741169527000103
84576;08220520221011740260;08;2;21;000;2022;05;16;6;2;5;2;0;1;1;1;0;0;0;0;477434,671783079975285;5474431,767259850166738;8,688849944000030;49,422143812999998
84585;08220611311010791150;08;3;36;004;2022;06;18;7;2;8;1;0;0;1;0;0;0;0;0;414968,390419840987306;5296405,453014819882810;7,864136814000060;47,815380540000000
84587;08220607335300777030;08;3;35;100;2022;06;08;3;3;8;7;0;1;1;0;0;0;0;0;487780,161000000021886;5286582,383999490179121;8,837026003000060;47,732501050000103
84590;08220613212010815690;08;2;15;046;2022;06;07;2;2;4;6;0;0;1;0;0;0;0;0;451100,465075876971241;5414732,600845959968865;8,332999297000070;48,883616978000099
84591;08220601235100779450;08;2;35;008;2022;06;07;4;3;6;4;0;0;0;0;1;0;0;1;476989,322459709015675;5402370,022715030238032;8,686814361000071;48,773908185000003
84596;08220530225100755530;08;2;25;009;2022;05;14;2;3;0;7;0;0;1;0;0;0;0;0;519328,951914014003705;5469018,736573480069637;9,266261329000031;49,373565626000101
84601;08220513212502727470;08;2;12;000;2022;05;18;6;3;5;2;0;0;1;1;0;0;0;0;452474,341164972982369;5428283,863040629774332;8,350157149000040;49,005619148999997
84602;08220607118400781570;08;1;18;048;2022;06;09;3;3;5;3;0;0;1;1;0;0;0;0;513954,113162823021412;5416593,859444440342486;9,190407026000059;48,902132301999998
84604;08220524435100714530;08;4;35;016;2022;05;07;3;3;0;1;0;0;1;0;0;0;0;0;535231,790800304966979;5277760,950074600055814;9,469161038000040;47,652285167000102
84608;08220527118500724930;08;1;18;049;2022;05;10;6;3;4;2;0;0;1;1;0;0;0;0;518446,021312134980690;5420080,479128640145063;9,251857218000049;48,933379258999999
84610;08220602311010767660;08;3;11;000;2022;06;19;5;3;6;4;0;0;1;0;1;0;0;0;414595,474317184998654;5317424,622500670142472;7,854992743000030;48,004409859000098
84613;08220608435200785910;08;4;35;036;2022;06;16;4;3;8;1;0;0;1;0;0;0;0;0;521170,995768719993066;5282209,129478249698877;9,282140462000029;47,692920942000100
84619;08220606211100771430;08;2;11;000;2022;06;00;2;3;0;7;2;1;1;0;0;0;0;0;439924,526372755004559;5406068,246609710156918;8,181842315000040;48,804699162000098
84626;08220514212010718480;08;2;15;096;2022;05;15;7;3;3;6;0;0;1;1;0;0;0;0;462620,192261310003232;5415869,061634929850698;8,490019510000019;48,894641737000001
84646;08220613215202800670;08;2;15;084;2022;06;06;2;3;5;3;0;0;1;1;0;0;0;0;471965,049000000988599;5446965,831999540328979;8,615359193000071;49,174861706000101
84647;08220601215202767480;08;2;15;100;2022;06;16;4;3;5;2;0;0;1;1;0;0;0;0;474726,681999999971595;5451877,739999540150166;8,652939154000020;49,219164999000000
84657;08220515435200683620;08;4;35;066;2022;05;16;1;3;0;1;0;0;1;0;0;0;0;0;518386,029892345017288;5289688,370572449639440;9,245342121000020;47,760300931000103
84661;08220519111500699590;08;1;11;000;2022;05;07;5;3;4;6;0;0;1;0;0;0;0;0;516038,444462139974348;5398746,824639899656177;9,218150115000070;48,741532939000102
84664;08220531336200852190;08;3;36;069;2022;05;15;3;3;0;1;0;0;1;0;0;0;0;0;408709,190758569980972;5267758,842044710181653;7,786536864000030;47,556827950000098
84666;08220526436000745680;08;4;37;078;2022;05;13;5;1;5;2;0;0;1;1;0;0;0;0;505269,875351571012288;5312900,630691350437701;9,070604267000020;47,969391437000098
84671;08220608119400802250;08;1;19;079;2022;06;13;4;3;5;2;0;0;1;1;0;0;0;0;523524,738774320983794;5408996,115733879618347;9,320561793000021;48,833495859999999
84676;08220521317500719350;08;3;17;100;2022;05;11;7;3;5;2;0;0;1;1;0;0;0;0;423796,210581002000254;5367184,286027089692652;7,969374783000030;48,453180226000001
84678;08220605311010770390;08;3;11;000;2022;06;01;1;2;0;1;2;0;1;0;0;0;0;0;413770,716594967001583;5317036,536835939623415;7,844015653000040;48,000808157999998
84680;08220523435100714040;08;4;35;016;2022;05;14;2;3;4;2;0;0;1;1;0;0;0;0;536295,636009454028681;5277812,259393280372024;9,483331386000030;47,652688015000102
84688;08220526335300724750;08;3;35;035;2022;05;15;5;3;0;7;0;0;1;0;0;0;0;0;485910,369998815003783;5289299,879877059720457;8,812001016000069;47,756913709000102
84700;08220606136100773750;08;1;36;021;2022;06;13;2;3;0;7;0;0;1;0;0;0;0;0;575089,724403628031723;5409546,180650670081377;10,023240178000000;48,834348797000096
84701;08220522421300720150;08;4;25;039;2022;05;18;1;3;0;1;0;0;1;0;0;0;0;0;566748,686358239036053;5350288,260382380336523;9,900083032000049;48,302266473000003
84703;08220531118000752340;08;1;15;013;2022;05;10;3;2;5;3;0;0;1;1;0;0;0;0;495480,064032313006464;5390633,964415689930320;8,938609804000070;48,668739135000102
84705;08220528118400745160;08;1;18;048;2022;05;13;7;3;5;3;0;0;1;0;0;0;0;0;515641,076921101019252;5417597,236263070255518;9,213464312000040;48,911118078000101
84709;08220519317300696290;08;3;17;065;2022;05;09;5;3;6;7;0;0;0;1;1;0;0;0;416211,468569502001628;5354469,564862179569900;7,869351336000020;48,337849491000000
84719;08220521119100744340;08;1;19;075;2022;05;14;7;3;5;3;0;0;1;1;0;0;0;0;535407,531398477032781;5428531,932943649590015;9,484174334000040;49,008664820000000
84720;08220518212502710900;08;2;12;000;2022;05;07;4;3;5;2;0;0;1;1;0;0;0;0;452555,636204047012143;5431587,557051010429859;8,350882309000040;49,035342153999999
84722;08220513136200692260;08;1;36;019;2022;05;14;6;2;5;3;0;0;1;1;0;0;0;0;582392,024421480018646;5424348,272308309562504;10,125714922000000;48,966553352000098
84727;08220601127100766130;08;1;27;025;2022;06;13;4;3;0;7;0;0;1;0;0;0;0;0;556756,024825265049003;5425415,125258659943938;9,775642572000040;48,979035614000097
84728;08220516317100705540;08;3;17;001;2022;05;07;2;3;5;3;0;0;1;1;0;0;0;0;432190,220999996003229;5386640,940999520011246;8,079716806000020;48,629156900000098
84732;08220602435200944280;08;4;35;034;2022;06;15;5;3;5;3;0;0;1;1;0;0;0;0;531317,084000000031665;5284741,359999489970505;9,417533589000071;47,715292352000098