OBJECTID;UIDENTSTLAE;ULAND;UREGBEZ;UKREIS;UGEMEINDE;UJAHR;UMONAT;USTUNDE;UWOCHENTAG;UKATEGORIE;UART;UTYP1;ULICHTVERH;IstStrassenzustand;IstRad;IstPKW;IstFuss;IstKrad;IstGkfz;IstSonstige;LINREFX;LINREFY;XGCSWGS84;YGCSWGS84
84735;08220609117010781070;08;1;17;024;2022;06;09;5;3;2;6;0;0;1;1;0;0;0;0;561654,186367901973426;5385640,419176340103149;9,836603295000030;48,620794143000097
84736;08220520337100737920;08;3;37;066;2022;05;18;6;3;0;7;0;0;1;0;0;0;0;0;429688,036061724997126;5268481,600423890165985;8,065233964000070;47,565941551000002
84739;08220517337010692330;08;3;37;126;2022;05;07;3;3;0;1;0;0;1;0;0;0;0;0;446700,801788515003864;5275964,320112559944391;8,290480661000061;47,634884756000098
84743;08220612337100797620;08;3;37;013;2022;06;18;1;3;0;1;0;0;1;0;0;0;0;0;428941,447861630993430;5293599,791636059992015;8,051221413000061;47,791835117000097
84745;08220610316100794160;08;3;16;017;2022;06;16;6;1;5;3;0;0;1;1;0;0;0;0;409998,658999982988462;5339769,600999499671161;7,788663605000070;48,204772596000097
84753;08220520119300702810;08;1;19;086;2022;05;17;6;3;5;3;0;1;1;1;0;0;0;0;535137,222702290979214;5405966,664578219875693;9,478535953000060;48,805695603000103
84754;08220515311100716790;08;3;15;015;2022;05;19;1;3;0;7;0;0;1;0;0;0;0;0;398911,576913132972550;5313531,120668260380626;7,645693564000060;47,967101037000099
84757;08220602118400810350;08;1;18;048;2022;06;07;5;3;5;3;0;0;1;1;0;0;0;0;516032,882348686980549;5414182,250480320304632;9,218677468000070;48,880387820000102
84759;08220517121600723010;08;1;25;110;2022;05;20;3;2;0;7;0;0;1;0;0;0;0;0;528274,871971582993865;5441762,257634789682925;9,387567153000020;49,128043644000101
84760;08220605127100786060;08;1;27;063;2022;06;00;1;3;0;7;2;0;1;0;0;0;0;0;565781,815573405008763;5434159,198781900107861;9,900394125000050;49,056788828999998
84774;08220516335100685840;08;3;35;043;2022;05;20;2;3;0;1;1;1;1;0;0;0;0;0;514420,759712492988911;5279905,432221580296755;9,192106318000070;47,672379036000102
84775;08220611226600852430;08;2;26;031;2022;06;09;7;3;5;5;0;0;1;1;0;0;0;0;473888,868767481995746;5493431,054715599864721;8,638702012000071;49,592893750000002
84778;08220530211000756920;08;2;16;015;2022;05;17;2;2;5;3;0;0;1;1;0;0;0;0;451179,724100810999516;5404863,053514559753239;8,335256195000060;48,794844069000099
84780;08220520226600701730;08;2;26;096;2022;05;07;6;3;8;1;0;0;1;0;0;0;0;0;477719,721000000019558;5484326,520999549888074;8,692223363000039;49,511155221000102
84783;08220606235100795160;08;2;35;073;2022;06;11;2;2;1;5;0;0;1;1;0;0;0;0;479173,577375657972880;5406898,789182390086353;8,716313042000021;48,814725140000100
84787;08220531335000752480;08;3;35;035;2022;05;11;3;2;5;3;0;0;1;1;0;0;1;0;483327,946979935979471;5290138,341956100426614;8,777511638000020;47,764396155000000
84789;08220607221200794210;08;2;21;000;2022;06;02;3;3;0;1;2;1;1;0;0;0;0;0;483686,616682169027627;5473086,182654850184917;8,775111585000049;49,410240242000000
84790;08220519436500867620;08;4;36;055;2022;05;12;5;1;5;3;0;0;1;1;0;0;0;0;582649,787927379016764;5295613,723758859559894;10,103901729000000;47,808568673000103
84793;08220516316100685950;08;3;16;011;2022;05;05;2;3;5;3;0;0;1;0;0;0;0;0;415019,138812905002851;5329707,129499970003963;7,858230863000070;48,114951265999998
84796;08220603337100769640;08;3;37;096;2022;06;11;6;3;5;3;0;0;1;1;0;0;0;0;421140,004769211984240;5267735,371760839596391;7,951744208000040;47,558245835000001
84817;08220517216100741570;08;2;16;043;2022;05;07;3;3;4;6;0;0;1;0;0;0;0;0;439652,095424053026363;5414131,648904600180686;8,176944906000070;48,877202574000101
84823;08220526127202750180;08;1;27;014;2022;05;20;5;3;0;1;0;0;1;0;0;0;0;0;575589,151901994948275;5440944,440598119981587;10,035880210000100;49,116690153000000
84828;08220608226600801150;08;2;26;040;2022;06;18;4;2;8;7;0;1;1;0;0;0;0;0;475040,478499780001584;5494699,427499780431390;8,654555868000051;49,604350790000098
84833;08220521317300729250;08;3;17;065;2022;05;06;7;3;6;2;0;0;0;1;1;0;0;0;416809,839773821993731;5354976,192824849858880;7,877324111000060;48,342485646000100
84839;08220530426200734360;08;4;26;070;2022;05;10;2;3;0;1;0;0;1;0;0;0;0;0;565042,995741256047040;5342167,279258630238473;9,875836079000070;48,229390133999999
84840;08220525335000735970;08;3;35;097;2022;05;19;4;3;0;1;0;0;1;0;0;0;0;0;484655,445999999996275;5297639,474999500438571;8,794961608000049;47,831920179000100
84860;08220606237100781560;08;2;37;002;2022;06;14;2;2;0;1;0;0;1;0;0;0;0;0;455280,510169496003073;5353159,249079409986734;8,396647306000030;48,330035528000103
84868;08220602415100769130;08;4;15;014;2022;06;13;5;3;5;3;0;0;1;1;0;0;0;0;524630,628765010042116;5375604,868594420142472;9,333641026000070;48,533066660000003
84870;08220514335300681450;08;3;35;075;2022;05;14;7;3;4;6;0;0;1;0;0;0;0;0;487762,288000000000466;5289295,437999489717185;8,836711310000060;47,756911558000098
84879;08220531212010754440;08;2;12;000;2022;05;09;3;3;5;3;0;0;1;1;0;0;0;0;455226,885070800024550;5429039,371075290255249;8,387708455000050;49,012620835000099
84880;08220526226100741630;08;2;26;013;2022;05;12;5;2;5;3;0;0;1;1;0;0;0;0;499993,921011604019441;5477073,856798520311713;8,999916137000071;49,446327842000102
84885;08220519435100744040;08;4;35;016;2022;05;04;5;3;5;3;1;0;1;1;0;0;0;0;535265,581768856965937;5279436,180046959780157;9,469746184000030;47,667356075000001
84886;08220515231202685760;08;2;36;004;2022;05;18;1;3;8;7;0;0;1;0;0;0;0;0;468941,406604046991561;5414355,724641799926758;8,576373448000030;48,881377574000098
84888;08220610436400865140;08;4;36;082;2022;06;05;6;3;5;2;1;1;1;1;0;0;0;0;547698,716000000946224;5295303,770999490283430;9,637088684000050;47,809319979000101
84892;08220604317500779150;08;3;17;021;2022;06;16;7;3;0;1;0;0;1;0;0;0;0;0;428206,805043714994099;5371644,385981289669871;8,028251206000050;48,493818186000098
84898;08220517311010725870;08;3;36;034;2022;05;06;3;3;4;7;0;0;1;1;0;0;0;0;413854,027745701023377;5277787,912397979758680;7,852938197000070;47,647752650000001
84900;08220519111500752840;08;1;11;000;2022;05;07;5;3;6;4;0;0;0;0;1;1;0;0;515104,437719436013140;5394518,644481809809804;9,205291265000030;48,703519606000000
84903;08220526317200750910;08;3;17;005;2022;05;22;5;3;0;7;2;0;1;0;0;0;0;0;423529,339933865005150;5378767,851604489609599;7,963643725000050;48,557341121999997
84908;08220608121200799910;08;1;21;000;2022;06;09;4;3;5;3;0;0;1;0;0;0;1;0;515920,807081996987108;5444867,586807720363140;9,218352941000029;49,156421348000002
84917;08220522326300709890;08;3;26;017;2022;05;16;1;3;0;1;0;0;1;0;0;0;0;0;442430,260956118989270;5321746,437651080079377;8,227545737000071;48,046403701000003
84918;08220524116200726610;08;1;16;078;2022;05;08;3;2;5;7;0;0;1;1;0;0;0;0;509268,739060244988650;5393213,016507449559867;9,125946596000061;48,691888108999997
84921;08220525311100720070;08;3;15;132;2022;05;18;4;3;1;3;0;0;1;1;0;0;0;0;409037,592709738004487;5323790,565087170340121;7,779143881000040;48,060905321000099
84923;08220518111500696520;08;1;11;000;2022;05;12;4;3;6;2;0;0;0;1;1;0;0;0;511991,290111655020155;5402114,541805219836533;9,163200313000059;48,771919853000000
84924;08220611337010811670;08;3;37;065;2022;06;17;7;3;1;6;0;0;0;1;1;0;0;0;447824,543302201025654;5276157,721033089794219;8,305415710000030;47,636716340000099
84934;08220523221011716400;08;2;21;000;2022;05;11;2;2;0;7;0;0;1;0;0;0;0;0;482157,547122585005127;5474446,988439549691975;8,753971591000040;49,422437612000103
84940;08220521436000759390;08;4;35;016;2022;05;14;7;3;3;6;0;0;1;1;0;0;0;0;534703,585295767989010;5278750,696316669695079;9,462206058000049;47,661218890999997
84946;08220531317200755520;08;3;17;057;2022;05;13;3;3;6;2;0;0;0;0;1;0;1;0;412659,013602024991997;5381013,639671619981527;7,815884577000080;48,576120490000100
84947;08220610326400857890;08;3;26;074;2022;06;10;6;3;5;2;0;0;1;1;0;0;0;0;459784,484160393010825;5322610,488114359788597;8,460305500000061;48,055506837999999
84955;08220515226700683640;08;2;26;098;2022;05;11;1;2;0;7;0;0;1;0;0;0;0;0;482167,341843043977860;5462896,636435990221798;8,754624301000041;49,318543018000099
84960;08220524118300754860;08;1;18;051;2022;05;08;3;2;6;4;0;0;0;1;1;0;0;0;509508,753000000026077;5415055,507999519817531;9,129713474000029;48,888377861000002
84962;08220525311010848990;08;3;11;000;2022;05;07;4;3;5;2;0;0;1;0;0;0;0;1;411617,766938058019150;5319257,336939429864287;7,814701918000030;48,020490757000097
84971;08220521127100720870;08;1;27;063;2022;05;08;7;3;6;2;0;0;0;1;1;0;0;0;565789,769883175962605;5434156,034351410344243;9,900502472000030;49,056759518000000
84975;08220603231000868580;08;2;36;062;2022;06;10;6;2;4;2;0;0;1;0;0;0;0;1;484704,226086950977333;5407219,895823840051889;8,791636145000041;48,817774542000102
84977;08220521111500764400;08;1;11;000;2022;05;13;7;3;6;6;0;0;1;0;1;0;0;0;513197,705931684002280;5403530,227480369620025;9,179664881000059;48,784630829000001
84982;08220525215502745100;08;2;15;066;2022;05;23;4;3;0;7;2;0;1;0;0;0;0;0;457183,662396221014205;5453362,214175400324166;8,411885240000061;49,231542550000000
84991;08220517211000712260;08;2;16;007;2022;05;18;3;2;0;7;0;0;1;0;0;0;0;1;433134,077270881971344;5395849,155293350107968;8,091036005000030;48,712086434000099
84993;08220523121600744940;08;1;25;001;2022;05;15;2;3;0;7;0;0;1;0;0;0;0;0;521180,532739804999437;5435067,306652270257473;9,289974659000050;49,068105705999997
85003;08220519121600715350;08;1;25;046;2022;05;17;5;3;4;7;0;0;1;1;0;0;0;0;520305,200745092995930;5433985,766853939741850;9,277936710000059;49,058406295000097
85004;08220525235200749580;08;2;35;020;2022;05;16;4;3;6;4;0;0;0;1;1;0;0;0;476424,855999998981133;5381178,823999520391226;8,680340326000019;48,583251453999999
85010;08220530116100748380;08;1;16;019;2022;05;19;2;2;0;1;0;0;1;0;0;0;0;0;530331,950767403002828;5398641,239853049628437;9,412554309000029;48,740051094000101
85011;08220603216300773180;08;2;16;033;2022;06;21;6;3;0;1;2;0;1;0;0;0;0;0;447632,633834429027047;5412696,850489139556885;8,285961675000070;48,865021880000000
85013;08220518226500079100;08;2;26;106;2022;05;14;4;3;1;5;0;0;1;1;0;0;0;0;501626,887635782011785;5461403,666654749773443;9,022379843000071;49,305371874000102
85016;08220520316100716040;08;3;16;036;2022;05;07;6;3;3;2;0;0;1;0;0;0;0;1;411475,772000209020916;5326287,741486369632185;7,811343349000030;48,083710773000099
85021;08220525116400734480;08;1;16;033;2022;05;09;4;3;0;1;0;0;1;0;0;0;0;0;534796,979762668954208;5387757,912649939768016;9,472365843000031;48,641913500999998
85023;08220601117300780160;08;1;17;026;2022;06;13;4;3;3;6;0;0;1;1;0;0;0;0;548969,361671235994436;5393490,730741679668427;9,665421718000060;48,692533641000097
85024;08220610337010785170;08;3;37;062;2022;06;14;6;3;5;3;0;0;1;1;0;0;0;0;456380,190632275014650;5274960,143076100386679;8,419425252000050;47,626574377000097
85029;08220514311010717930;08;3;11;000;2022;05;16;7;3;0;7;0;0;1;0;0;0;0;0;413255,842999984975904;5317382,940999500453472;7,837044713000070;48,003854517999997
85035;08220521212010729380;08;2;12;000;2022;05;15;7;3;5;3;0;0;1;1;0;0;0;0;455235,007000000972766;5429144,410999529995024;8,387807934000019;49,013566267000002
85036;08220517417300688780;08;4;17;031;2022;05;12;3;3;0;7;0;0;1;0;0;0;0;0;498143,203684035979677;5353597,383597419597208;8,974945563000061;48,335556953000001
85043;08220518119300729570;08;1;19;055;2022;05;19;4;3;5;3;0;0;1;1;0;0;0;0;544189,901017228025012;5404824,166907870210707;9,601695603000049;48,794840614000101
85046;08220608116010796910;08;1;16;012;2022;06;09;4;2;2;6;0;0;1;0;0;0;1;0;537167,938904764014296;5382196,068814620375633;9,504051784000071;48,591743399000102
85047;08220520116200734780;08;1;16;078;2022;05;18;6;2;0;1;0;0;1;0;0;0;0;0;511789,851729048008565;5392250,885178050026298;9,160176705000030;48,683190164000102
85050;08220521121400739110;08;1;25;056;2022;05;14;7;3;4;6;0;0;1;0;0;0;0;0;510951,481219510023948;5436665,454075730405748;9,149976596000039;49,082748658000099
85051;08220516226500687180;08;2;26;106;2022;05;11;2;3;3;6;0;0;1;0;0;0;0;1;498044,927000000025146;5463195,451999540440738;8,973096787000030;49,321488245000097
85055;08220530317000744730;08;3;17;121;2022;05;04;2;2;8;1;2;0;1;0;0;0;0;0;424822,255799521983135;5342962,981784240342677;7,987573952000050;48,235427368000003
85067;08220529337010751830;08;3;37;053;2022;05;17;1;2;5;3;0;0;1;1;0;0;0;0;454924,159367912972812;5269764,009029730223119;8,400581035000069;47,579723393999998
85068;08220603212010818580;08;2;15;009;2022;06;08;6;3;0;7;0;0;1;0;0;0;0;0;469980,290378634992521;5440678,733959490433335;8,588597404000041;49,118214381000001
85070;08220514335100723300;08;3;35;043;2022;05;03;7;3;7;1;2;0;1;0;0;0;0;0;513243,857960036024451;5279518,813616540282965;9,176416564000020;47,668925549999997
85072;08220520212702726370;08;2;15;017;2022;05;15;6;3;5;3;0;0;1;1;0;0;0;0;458193,882845138025004;5420447,647892889566720;8,429164337000030;48,935544651000001
85074;08220521335200706520;08;3;35;025;2022;05;14;7;2;0;1;0;0;1;0;0;0;0;0;496642,440792122972198;5279770,159779540263116;8,955273153000061;47,671313994999998
85076;08220606216200772110;08;2;16;007;2022;06;17;2;3;8;1;0;1;1;0;0;0;0;0;439270,747696370002814;5390452,375645469874144;8,175240568000049;48,664169348000001
85091;08220603121200787730;08;1;21;000;2022;06;11;6;3;0;7;0;0;1;0;0;0;0;0;515920,550259903015103;5444866,392536849714816;9,218349372000031;49,156410612000101
85093;08220515115100716310;08;1;15;022;2022;05;14;1;3;5;3;0;0;1;1;0;0;0;0;498050,719243534025736;5385872,286286840215325;8,973547093000040;48,625915591000101
85096;08220516121600722090;08;1;25;030;2022;05;16;2;3;3;6;0;0;1;0;0;0;0;1;515806,222033249970991;5438259,637295270338655;9,216522454000030;49,096983465999998
85107;08220528335300863250;08;3;35;075;2022;05;13;7;3;4;7;0;0;1;1;0;0;0;0;489501,418473116995301;5290153,112396090291440;8,859895860000050;47,764659182999999
85111;08220514317500697670;08;3;17;096;2022;05;19;7;3;8;1;0;0;1;0;0;0;0;0;421337,431853737973142;5362494,538951070047915;7,937007014000070;48,410693577000103
85118;08220517118300691180;08;1;18;046;2022;05;17;3;3;0;7;0;0;1;0;0;0;0;0;513150,145768734975718;5412183,774043999612331;9,179294902000040;48,862477835999997
85119;08220605435100771620;08;4;35;016;2022;06;14;1;2;8;1;0;1;1;0;0;0;0;0;534720,511459641973488;5283407,595528000034392;9,462801924000081;47,703117939999998
85124;08220525311010760940;08;3;11;000;2022;05;17;4;3;0;7;0;0;1;0;0;0;0;0;413635,441338726028334;5316659,513946290127933;7,842278434000040;47,997398443000101
85126;08220518136100727570;08;1;36;088;2022;05;18;4;3;0;7;0;0;1;0;0;0;0;0;580701,363903022021987;5413600,863474179990590;10,100494287000100;48,870113373999999
85134;08220605119300771750;08;1;19;067;2022;06;16;1;2;0;1;0;0;1;0;0;0;0;0;539425,571563479024917;5407323,631425330415368;9,537067061000069;48,817644980000097
85135;08220523222700735540;08;2;22;000;2022;05;10;2;3;5;2;0;0;1;1;0;0;0;0;462320,072356951015536;5481893,701626730151474;8,479734176000020;49,488511873999997
85142;08220513335300692130;08;3;35;026;2022;05;20;6;3;0;1;2;0;1;0;0;0;0;0;481276,750724309997167;5282279,864401980303228;8,750476655000060;47,693632954000101
85144;08220519212402713240;08;2;12;000;2022;05;07;5;3;5;2;0;0;1;1;0;0;0;0;456386,670481048990041;5425949,808266810141504;8,403899846000060;48,984912883000000
85145;08220525212010754270;08;2;15;009;2022;05;18;4;3;6;4;0;0;1;0;1;0;0;0;466962,152000000991393;5437232,248999530449510;8,547518816000039;49,087057851000097
85147;08220601121200781600;08;1;21;000;2022;06;17;4;3;4;6;0;0;1;0;0;0;0;0;513230,721975609019864;5440607,136305520310998;9,181318948000071;49,118160947000000
85150;08220527216100750300;08;2;16;043;2022;05;11;6;3;5;3;0;0;1;1;0;0;0;0;437965,539454984012991;5412371,609763910062611;8,154212279000030;48,861204837000102
85156;08220520117200703910;08;1;17;058;2022;05;16;6;2;4;1;0;0;1;1;0;0;0;0;546057,909320459002629;5376523,877144729718566;9,623978040000051;48,540126915000002
85160;08220606212010782020;08;2;12;000;2022;06;20;2;2;0;1;0;0;1;0;0;0;0;0;458118,844914601009805;5427618,479116669856012;8,427401675000061;49,000042765000003
85161;08220518317300695160;08;3;17;065;2022;05;18;4;3;5;2;0;0;1;1;0;0;0;0;415435,553007879992947;5351254,359140549786389;7,859528206000050;48,308825677000101
85163;08220612127202808940;08;1;27;102;2022;06;00;1;3;0;7;2;0;1;0;0;0;0;0;589871,848771215998568;5436111,584796099923551;10,230493014000000;49,071304488000102
85165;08220526421200760130;08;4;21;000;2022;05;19;5;3;0;7;0;0;1;0;0;0;0;0;574006,095376226003282;5361629,996437409892678;9,999926356000060;48,403480930999997
85173;08220602115200774020;08;1;15;021;2022;06;07;5;2;0;7;0;0;1;0;0;0;0;0;489699,263101756980177;5382873,388422629795969;8,860287493000040;48,598855122000003
85175;08220517119300691970;08;1;19;084;2022;05;19;3;3;9;1;0;0;1;0;0;0;0;0;546154,409000003011897;5412139,032999520190060;9,629266343000040;48,860497623000100
85177;08220522435200723690;08;4;35;036;2022;05;20;1;3;0;1;0;0;1;0;0;0;0;0;517924,154078343010042;5284424,154597420245409;9,238962118000069;47,712949031999997
85179;08220604121300789870;08;1;21;000;2022;06;10;7;3;0;7;0;1;1;0;0;0;0;0;513895,176791393023450;5443163,118310349993408;9,190512918000019;49,141138275000102
85180;08220530436100743270;08;4;36;055;2022;05;04;2;3;0;2;2;0;1;1;0;0;0;0;582361,619217775994912;5290627,657950099557638;10,099107458000001;47,763751642999999
85192;08220611216300818500;08;2;16;024;2022;06;01;7;2;8;7;2;0;1;0;0;0;0;0;444559,683113517006859;5407666,140116130001843;8,244745894000060;48,819503161999997
85197;08220609231000845920;08;2;36;076;2022;06;08;5;3;5;3;0;0;1;1;0;0;0;0;473230,225444096024148;5423314,643449909985065;8,634281893000040;48,962168089000002
85202;08220522337010753720;08;3;37;032;2022;05;16;1;3;2;6;0;0;1;0;0;1;0;0;439287,216455582994968;5274265,203671679832041;8,192036091000030;47,618945252000103
85208;08220518121600723410;08;1;25;001;2022;05;08;4;3;1;6;0;0;1;1;0;0;0;0;521402,055281748005655;5435357,961213280446827;9,293022774000059;49,070712598000100
85209;08220611335000791970;08;3;35;079;2022;06;13;7;2;5;2;0;0;1;1;0;0;0;0;501416,425384354020935;5298821,653868360444903;9,018930619000059;47,842738302000001
85210;08220514116200709080;08;1;16;015;2022;05;21;7;3;5;3;2;0;1;0;0;0;0;0;522971,830200886004604;5393991,255263499915600;9,312189849000051;48,698535098000001
85213;08220525335400753360;08;3;35;079;2022;05;21;4;3;7;7;1;0;1;0;1;0;0;0;497459,145511384995189;5295799,937687739729881;8,966059045000071;47,815547086000002
85225;08220606317600782050;08;3;17;040;2022;06;10;2;3;6;4;0;0;1;0;1;0;0;0;431740,245135273027699;5348445,922635939903557;8,079841281000030;48,285532349999997
85226;08220519119400723760;08;1;19;079;2022;05;12;5;2;0;1;0;0;1;0;0;0;0;0;523348,583930613996927;5413392,838018730282784;9,318412164000049;48,873054137000103
85229;08220601119400782450;08;1;19;079;2022;06;20;4;3;5;3;0;0;1;1;0;0;0;0;524160,158999999985099;5407799,411999530158937;9,329149736000030;48,822706226999998
85231;08220527111500765990;08;1;11;000;2022;05;20;6;3;5;7;1;0;1;1;0;0;0;0;510393,447374304989353;5409673,871110569685698;9,141645289000049;48,839951515000102
85238;08220516116200719280;08;1;16;078;2022;05;08;2;2;0;4;0;0;0;0;1;0;0;1;512281,377708516025450;5392769,442042370326817;9,166869950000031;48,687845660000100
85239;08220521436400731110;08;4;36;009;2022;05;15;7;3;1;1;0;0;1;1;0;0;0;0;556117,128730577998795;5307971,233389640226960;9,751165021000080;47,922605345000100
85245;08220526317100737490;08;3;17;001;2022;05;21;5;2;9;1;1;0;1;0;0;0;0;0;432467,306803680025041;5389333,533431230112910;8,083037840000030;48,653406824000101
85248;08220514231000680100;08;2;37;054;2022;05;11;7;2;5;3;0;0;1;1;0;0;0;0;467204,143999998981599;5375264,130999510176480;8,555784466000031;48,529627703000102
85249;08220608221200825950;08;2;21;000;2022;06;11;4;3;3;6;0;0;1;0;0;0;1;0;476350,349890978017356;5471768,535323229618371;8,674057276000040;49,398147301999998
85265;08220607435100794500;08;4;35;016;2022;06;09;3;3;5;3;0;1;1;0;0;0;1;0;535263,783000000985339;5279436,305999490432441;9,469722235000059;47,667357306000000
85276;08220530216200758990;08;2;16;063;2022;05;13;2;3;5;3;0;0;1;1;0;0;0;0;427402,607999994012062;5400310,362999520264566;8,012349290000030;48,751572721999999
85277;08220514335400690080;08;3;35;079;2022;05;21;7;3;0;1;1;0;1;0;0;0;0;0;499818,351568197016604;5302889,480246569961309;8,997570547000070;47,879339723000001
85280;08220522119300724130;08;1;19;067;2022;05;12;1;3;5;2;0;1;1;1;0;0;0;0;539103,476000000024214;5405697,402999529615045;9,532524635000071;48,803036560000102
85282;08220607117300775140;08;1;17;026;2022;06;14;3;3;0;2;0;0;1;1;0;0;0;0;547653,559904588037170;5394370,760207190178335;9,647644654000031;48,700551838000102
85285;08220612325000785570;08;3;26;017;2022;06;14;1;2;4;1;0;0;1;1;0;1;0;0;438875,448441263986751;5318935,777159470133483;8,180254366000041;48,020787843999997
85291;08220604417300980120;08;4;17;031;2022;06;09;7;3;3;2;0;1;1;1;0;0;0;0;497018,766905596014112;5355191,380653579719365;8,959761841000050;48,349893275000099
85295;08220515426100682240;08;4;26;043;2022;05;15;1;3;2;6;0;0;1;1;0;0;0;0;573360,140703151002526;5321938,821920840069652;9,984329413000070;48,046514696000003
85298;08220521222600749890;08;2;22;000;2022;05;10;7;3;5;3;0;0;1;1;0;0;0;0;463894,065495843999088;5481982,485032710246742;8,501458102000070;49,489406135000102
85302;08220524212402745880;08;2;12;000;2022;05;18;3;2;0;7;0;0;1;0;0;0;0;0;455674,643541463010479;5427613,773285879753530;8,393987019000059;48,999829765000101
85304;08220522211000716800;08;2;16;049;2022;05;16;1;3;6;7;0;0;0;1;1;0;0;0;439436,068031323025934;5402653,749047719873488;8,175694072000059;48,773938304000097
85305;08220513222600705760;08;2;22;000;2022;05;19;6;3;5;3;0;0;1;1;0;0;0;0;461866,999000001000240;5482663,371999549679458;8,473404379000041;49,495406346000003
85310;08220531326400760500;08;3;26;074;2022;05;07;3;3;0;1;0;0;1;0;0;0;0;0;459259,846000001009088;5323055,812999499961734;8,453222735000050;48,059480001000097
85320;08220521335000732160;08;3;35;028;2022;05;15;7;3;5;3;0;0;1;1;0;0;0;0;482978,272962227987591;5286945,945782460272312;8,772970234000070;47,735663398000000
85323;08220522435100293690;08;4;35;024;2022;05;01;1;3;8;1;2;0;1;0;0;0;0;0;528787,589369765017182;5279467,493723760358989;9,383462021000071;47,667958639000098
85326;08220526135010749170;08;1;36;045;2022;05;17;5;3;0;7;0;0;1;0;0;0;0;0;599197,592965389951132;5402124,674996550194919;10,349879367000000;48,764220690000101
85331;08220519311010865810;08;3;11;000;2022;05;15;5;3;5;3;0;0;1;0;0;0;0;1;411254,580586795986164;5320115,070041920058429;7,809654644000030;48,028155890999997
85341;08220521119400736070;08;1;19;041;2022;05;18;7;2;6;4;0;0;0;1;1;0;0;0;526554,646999615011737;5409996,990342569537461;9,361913132000041;48,842377227000000
85350;08220516311010720910;08;3;11;000;2022;05;10;2;3;3;2;0;0;1;1;0;0;0;0;416594,666505525005050;5315679,206921019591391;7,882129548000020;47,988973016999999
85351;08220611127100808490;08;1;27;100;2022;06;12;7;3;0;7;0;0;1;0;0;0;0;0;553025,437679253984243;5435217,752180229872465;9,725945256000051;49,067540340000100
85354;08220603216100773100;08;2;16;005;2022;06;07;6;3;1;5;0;0;1;1;0;0;0;0;444895,407919808989391;5418148,403008899651468;8,247907259000041;48,913821523000102
85356;08220518215202715060;08;2;15;084;2022;05;18;4;2;0;7;0;0;1;0;0;0;0;0;473084,545018707984127;5445231,370515050366521;8,630834397000060;49,159310069000099
85357;08220515116200762560;08;1;16;080;2022;05;15;1;2;0;7;0;0;0;0;1;0;0;1;517744,240042081975844;5397966,891557220369577;9,241318045000069;48,734470445000099
85358;08220609121600801490;08;1;25;008;2022;06;17;5;3;6;4;0;0;0;1;1;0;0;0;522917,016356301028281;5432059,551136029884219;9,313577614000049;49,040987579999999
85360;08220522121600740010;08;1;25;110;2022;05;19;1;3;0;7;0;0;1;0;0;0;0;0;529409,642850965959951;5443087,125984920188785;9,403217849000040;49,139907817999998
85362;08220606317000773440;08;3;17;011;2022;06;17;2;2;8;6;0;0;1;1;0;0;0;0;426216,029999996011611;5353012,595999510027468;8,004586149000030;48,325991283000100
85375;08220515426010693330;08;4;25;141;2022;05;19;1;3;5;3;0;0;1;1;0;0;0;0;567140,601000003982335;5363386,921999510377645;9,907457790000020;48,420053902000099
85377;08220601335300779400;08;3;35;100;2022;06;11;4;2;0;1;0;0;1;0;0;0;0;0;487558,978092106000986;5285968,191400109790266;8,834093687000060;47,726970579000103
85378;08220521325000736640;08;3;26;037;2022;05;18;7;1;5;3;0;0;1;1;0;0;0;0;457874,613599457021337;5328533,123107770457864;8,434092053000031;48,108667285000102
85380;08220605325302789580;08;3;25;071;2022;06;06;1;3;5;2;2;0;1;1;0;0;0;0;461288,243462563026696;5338108,094931599684060;8,479077197000040;48,195025913999999
85381;08220522417100710190;08;4;17;045;2022;05;13;1;3;0;7;0;0;1;0;0;0;0;0;492584,686587559001055;5328926,992078639566898;8,900374180000030;48,113561083999997
85382;08220524116010735000;08;1;16;079;2022;05;21;3;3;3;6;2;0;1;1;0;0;0;0;533660,311533806030639;5379777,874850410036743;9,456289022000020;48,570187736999998
85387;08220612115300807550;08;1;15;052;2022;06;03;1;2;0;7;2;0;1;0;0;0;0;0;494341,460538594983518;5410211,701597180217505;8,922876065000031;48,844850979999997
85388;08220514127100682870;08;1;27;076;2022;05;19;7;3;8;7;0;0;1;0;0;0;0;0;554487,898850603960454;5440195,103328719735146;9,746636398000019;49,112182519999998
85389;08220607435100774880;08;4;35;029;2022;06;11;3;3;4;6;0;0;1;0;0;0;0;0;543980,950440821005031;5272532,240610360167921;9,585137476000060;47,604705330000101
85392;08220601226600772440;08;2;26;107;2022;06;10;4;3;5;3;0;0;1;1;0;0;0;0;474800,792000001005363;5482889,614999550394714;8,651994108000050;49,498116451999998
85400;08220526118500721500;08;1;18;078;2022;05;20;5;3;8;7;0;0;1;0;0;0;0;0;514553,249512746988330;5420363,423113100230694;9,198716797000030;48,936028338000000
85418;08220513136100677290;08;1;36;033;2022;05;08;6;3;0;1;0;1;1;0;0;0;0;0;580406,000981215969659;5414532,127065300010145;10,096650389000001;48,878527679000101
85419;08220607327100791930;08;3;27;018;2022;06;14;3;3;6;7;0;0;0;1;1;0;0;0;473783,203695218020584;5307734,497937289997935;8,649072984000041;47,922395865000098
85424;08220516436400687320;08;4;36;087;2022;05;17;2;2;0;1;0;1;1;0;0;0;0;0;547366,916152765974402;5302572,352022299543023;9,633452916000071;47,874739083000101