OBJECTID;UIDENTSTLAE;ULAND;UREGBEZ;UKREIS;UGEMEINDE;UJAHR;UMONAT;USTUNDE;UWOCHENTAG;UKATEGORIE;UART;UTYP1;ULICHTVERH;IstStrassenzustand;IstRad;IstPKW;IstFuss;IstKrad;IstGkfz;IstSonstige;LINREFX;LINREFY;XGCSWGS84;YGCSWGS84
85426;08220527216200740620;08;2;16;028;2022;05;08;6;3;1;5;0;0;1;1;0;0;0;0;427078,988344395998865;5397899,655354560352862;8,008373965000031;48,729851380000099
85431;08220514437000709340;08;4;35;059;2022;05;12;7;3;5;3;0;0;1;1;0;0;0;0;518670,469838073011488;5294799,843320420011878;9,249357480000070;47,806282941000099
85441;08220601111110766480;08;1;11;000;2022;06;10;4;3;5;3;0;0;1;1;0;0;0;0;513089,510553844971582;5402095,166577629745007;9,178146300000041;48,771723422000001
85442;08220518316200697640;08;3;16;045;2022;05;13;4;3;0;7;0;0;1;0;0;0;0;0;414646,622026951983571;5323448,757372190244496;7,854477839000030;48,058605827000100
85445;08220528435100975600;08;4;35;016;2022;05;01;7;3;0;1;2;0;1;0;0;0;0;0;532949,824260883964598;5280405,696780069731176;9,438973841000060;47,676201382000002
85447;08220602212010768710;08;2;12;000;2022;06;15;5;3;6;4;0;0;0;1;1;0;0;0;453012,424072685011197;5428892,080294019542634;8,357443750000069;49,011131287000097
85448;08220604335400770050;08;3;35;098;2022;06;14;7;3;0;1;0;0;1;0;0;0;0;0;504656,744483897986356;5295779,443020650185645;9,062204963000060;47,815350850000101
85454;08220602118500779600;08;1;18;054;2022;06;21;5;3;5;3;1;0;1;0;0;1;0;0;518159,729444461001549;5423751,474522179923952;9,248111986000030;48,966410574000101
85455;08220521231000731380;08;2;31;000;2022;05;12;7;3;6;7;0;0;0;1;1;0;0;0;477098,650000002002344;5415938,816999520175159;8,687544166000070;48,895973588000103
85458;08220522326300740150;08;3;26;052;2022;05;14;1;2;0;3;0;0;1;1;0;0;0;0;454829,446675924002193;5327990,017282940447330;8,393243417000059;48,103572508000099
85459;08220523326400726290;08;3;26;074;2022;05;16;2;3;0;1;0;1;1;0;0;0;0;0;460583,311908151023090;5319854,954204309731722;8,471279096000050;48,030765881000001
85466;08220514121200714160;08;1;21;000;2022;05;12;7;3;0;7;0;0;1;0;0;0;0;0;515687,277096069999970;5442554,917390840128064;9,215060065000049;49,135624147999998
85467;08220607435100772820;08;4;35;016;2022;06;06;3;3;3;6;1;1;1;1;0;0;0;0;536819,941818268969655;5279782,149740600027144;9,490479038000050;47,670382264000096
85468;08220519426010716290;08;4;21;000;2022;05;10;5;2;0;7;0;0;1;0;0;0;0;0;568346,006296618958004;5362250,841675160452724;9,923562482000021;48,409704819000098
85474;08220603111500772720;08;1;11;000;2022;06;08;6;3;6;3;0;0;0;1;1;0;0;0;515518,611222053004894;5394249,015924249775708;9,210910311000021;48,701083853999997
85475;08220530117300733480;08;1;17;026;2022;05;07;2;3;5;3;0;0;1;1;0;0;0;0;552637,083000001031905;5398665,436999520286918;9,715916959000030;48,738783365000103
85476;08220518226400697400;08;2;22;000;2022;05;13;4;3;5;3;0;0;1;1;0;0;0;0;465519,353371510980651;5476480,878199229948223;8,524378096000021;49,440016034999999
85478;08220520231000736160;08;2;31;000;2022;05;14;6;3;6;2;0;0;0;1;1;0;0;0;476448,567212311027106;5415715,223314509727061;8,678687760000059;48,893937848000100
85482;08220519211100694300;08;2;11;000;2022;05;00;5;2;0;1;2;0;1;0;0;0;0;0;440938,392925625026692;5407146,712499880231917;8,195493369000079;48,814497163000098
85485;08220531311010735570;08;3;36;091;2022;05;07;3;3;5;3;0;0;1;1;0;0;0;0;395986,791453660000116;5273834,863079120405018;7,616034788000040;47,609569536000002
85491;08220514417100686230;08;4;17;010;2022;05;13;7;3;0;7;0;0;1;0;0;0;0;0;506599,587999999988824;5343411,937999510206282;9,088891446000050;48,243889603000099
85492;08220608437100786910;08;4;37;044;2022;06;06;4;3;0;7;0;0;1;0;0;0;0;0;530219,236120825982653;5323872,786855390295386;9,405637132000040;48,067415367000102
85493;08220520118500748480;08;1;18;070;2022;05;08;6;3;1;7;0;0;1;1;0;0;0;0;521040,920000000973232;5425298,910999529995024;9,287556560000040;48,980239230000102
85496;08220517416010717200;08;4;15;061;2022;05;12;3;3;5;2;0;0;1;1;0;0;0;0;514727,214188786980230;5369932,258992499671876;9,199292503000040;48,482344576000102
85498;08220519115200734460;08;1;15;021;2022;05;08;5;3;5;3;0;0;1;1;0;0;0;0;490556,644266813993454;5382405,501474659889936;8,871927063000040;48,594659426000099
85499;08220524317300717140;08;3;17;059;2022;05;15;3;3;5;3;0;0;1;1;0;0;0;0;414419,841422857018188;5348507,348265869542956;7,846389621000070;48,283979972000097
85500;08220531135200977960;08;1;35;025;2022;05;12;3;3;0;7;0;0;1;1;0;0;0;0;581602,029919572058134;5399619,392158499918878;10,109994653000101;48,744243018000098
85503;08220606437000778860;08;4;37;088;2022;06;11;2;2;6;4;0;0;0;1;1;0;0;0;515332,414999999979045;5305801,706999500282109;9,205165820000049;47,905358816000003
85505;08220525135200717090;08;1;35;032;2022;05;13;4;3;8;6;0;0;1;0;0;0;0;1;580824,050681176944636;5392650,723194509744644;10,098049248000100;48,681665387000102
85511;08220529335400728310;08;3;35;079;2022;05;10;1;2;0;1;0;0;1;0;0;0;0;0;499769,482877967006061;5298978,023101939819753;8,996919040000019;47,844146743000103
85519;08220517415400744020;08;4;15;061;2022;05;17;3;3;6;7;0;0;0;1;1;0;0;0;511016,870298315014224;5364457,009629350155592;9,148939212000069;48,433162823000004
85522;08220525117300735380;08;1;17;026;2022;05;17;4;3;4;2;0;0;1;1;0;0;0;0;547622,310972917010076;5395808,971822380088270;9,647385922000071;48,713491659000098
85527;08220528426100727290;08;4;26;021;2022;05;10;7;3;0;1;0;0;1;0;0;0;0;0;558869,763040550984442;5326976,793457530438900;9,790616334000051;48,093338543000101
85532;08220520118200721510;08;1;18;011;2022;05;17;6;3;5;3;0;0;1;1;0;0;0;0;504071,382399121997878;5407133,260332209989429;9,055460973000040;48,817170142000101
85535;08220602118000786030;08;1;18;078;2022;06;06;5;2;4;2;0;0;1;1;0;0;0;0;515099,762949735973962;5420685,487039959989488;9,206191027000051;48,938912416999997
85541;08220604121500770210;08;1;25;063;2022;06;11;7;3;0;1;0;1;1;0;0;0;0;0;527354,008999999961816;5460590,448999539949000;9,376228148000051;49,297446596000000
85544;08220525435100718590;08;4;35;057;2022;05;06;4;3;5;3;0;1;1;1;0;0;0;0;550138,295000000973232;5275751,639999490231276;9,667420042000060;47,633223746000098
85546;08220518119100709780;08;1;19;018;2022;05;07;4;3;5;3;0;0;1;1;0;0;0;0;527099,309245964046568;5419235,166735540144145;9,369948632000050;48,925456728000000
85547;08220611317000785150;08;3;17;026;2022;06;21;7;2;6;4;1;0;0;0;1;1;0;0;413476,435242454987019;5344887,294203209690750;7,834416103000020;48,251289687000103
85550;08220519435200731390;08;4;35;052;2022;05;12;5;3;6;3;0;0;0;0;1;0;1;0;522841,928000001003966;5289683,208999490365386;9,304800313000040;47,760111991000002
85551;08220525317500735500;08;3;17;047;2022;05;15;4;3;5;7;0;0;1;1;0;0;0;0;421165,065567795012612;5361508,345223730430007;7,934863461000020;48,401801233000100
85552;08220613116500972070;08;1;16;036;2022;06;17;2;3;5;2;0;0;1;1;0;0;0;0;524660,484714490943588;5378508,461383430287242;9,334217393000070;48,559186717000003
85554;08220516337101695700;08;3;37;116;2022;05;14;2;2;0;1;0;0;1;0;0;0;0;0;418782,301640973018948;5274975,595289359800518;7,919069314000070;47,623089870000101
85563;08220521436400706990;08;4;36;082;2022;05;15;7;3;6;4;0;0;0;1;1;0;0;0;547968,199692617985420;5295600,318930479697883;9,640720633000059;47,811967966000097
85565;08220607119300810640;08;1;19;061;2022;06;16;3;3;0;1;0;0;1;0;0;0;0;0;538856,396098654018715;5413372,161815449595451;9,529887662000020;48,872090245000003
85566;08220518326300711390;08;3;26;017;2022;05;18;4;3;4;2;0;0;1;0;0;1;0;0;440293,072634947020561;5321923,644804860465229;8,198847685000031;48,047801536000101
85581;08220606211100771550;08;2;11;000;2022;06;05;2;2;0;7;0;0;1;0;0;0;0;0;445452,851521870004945;5398894,197414250113070;8,258076190000050;48,740676809000000
85583;08220524216200734100;08;2;16;041;2022;05;07;3;3;8;6;0;1;1;0;0;0;0;0;434366,836028104997240;5390736,627379800193012;8,108603912000040;48,666230155000100
85584;08220531212702737840;08;2;15;108;2022;05;19;3;3;5;3;0;0;1;1;0;0;0;0;451345,392685837985482;5423825,436670989729464;8,335255193000020;48,965427490000103
85585;08220526126100723920;08;1;26;028;2022;05;14;5;3;0;7;0;0;1;0;0;0;0;0;540609,991765258018859;5461195,404270510189235;9,558605354000060;49,302150610000098
85589;08220608215502785440;08;2;15;106;2022;06;11;4;2;0;1;0;0;1;0;0;0;0;0;464214,001505310006905;5449904,025167269632220;8,508756535000030;49,200887580000000
85590;08220520111320863820;08;1;11;000;2022;05;22;6;3;6;4;2;1;0;0;1;0;0;1;516278,860579519998282;5404800,720649469643831;9,221659733000021;48,795987017000101
85594;08220521116400749620;08;1;16;079;2022;05;23;7;2;0;7;2;0;1;0;0;0;0;0;534292,171016087057069;5378823,353476080112159;9,464775337000050;48,561566601999999
85595;08220517118000723560;08;1;18;048;2022;05;09;3;2;6;7;0;0;0;1;1;0;0;0;515368,646567184012383;5415163,386059000156820;9,209654706000039;48,889230682000097
85598;08220603417300768790;08;4;17;008;2022;06;13;6;3;5;3;0;0;1;1;0;0;0;0;493287,564232938981149;5352046,869509500451386;8,909451382000039;48,321574577000000
85602;08220517437100691800;08;4;37;076;2022;05;17;3;3;1;7;0;0;1;1;0;0;0;0;525616,555717144976370;5321949,205536480061710;9,343740726000020;48,050310528000097
85604;08220513436000702750;08;4;35;016;2022;05;06;6;3;0;1;0;1;1;0;0;0;0;0;537224,600872025010176;5277577,000759400427341;9,495681459000020;47,650518521000002
85605;08220607426010859420;08;4;25;020;2022;06;15;3;2;4;6;0;0;1;1;0;0;0;0;558426,929572573979385;5363031,796890069730580;9,789648725000060;48,417727776000000
85607;08220525311010719800;08;3;11;000;2022;05;15;4;3;5;3;0;0;1;1;0;0;0;0;413709,587540204985999;5316796,551643650047481;7,843244599000060;47,998641158000098
85608;08220526317500741070;08;3;17;096;2022;05;18;5;3;0;7;0;0;1;0;0;0;0;0;422593,359769387985580;5371611,365802340209484;7,952289912000030;48,492854714000003
85614;08220515335300699660;08;3;35;026;2022;05;12;1;3;0;1;0;0;1;0;0;0;0;0;480250,728150925016962;5282491,777092060074210;8,736793479000029;47,695509106000003
85615;08220610111500781110;08;1;11;000;2022;06;18;6;3;6;4;0;0;0;1;1;0;0;0;513327,744278369995300;5400819,026833729818463;9,181347269000071;48,760238290000103
85617;08220521317500706170;08;3;17;151;2022;05;17;7;3;8;1;0;0;1;0;0;0;0;0;412171,971339887997601;5364607,252106009982526;7,812734873000070;48,428485842000001
85618;08220517111500689680;08;1;11;000;2022;05;08;3;3;5;2;0;0;1;1;0;0;0;0;515658,995000916998833;5403520,162355669774115;9,213170643000071;48,784483186000003
85622;08220603337010786420;08;3;37;096;2022;06;07;6;3;5;3;0;0;1;1;0;0;0;0;421141,385293812025338;5267735,323090329766273;7,951762564000030;47,558245565000000
85626;08220518121500693970;08;1;25;078;2022;05;09;4;3;0;1;0;0;1;0;0;0;0;0;518223,993342989007942;5454293,234845690429211;9,250368318000030;49,241143070000099
85628;08220514121400681600;08;1;25;013;2022;05;12;7;3;0;1;0;0;1;0;0;0;0;0;507061,536190061015077;5436442,190773200243711;9,096701400000031;49,080797220000100
85631;08220525212010722860;08;2;12;000;2022;05;10;4;3;5;3;0;0;1;1;0;0;0;0;455721,917911070981063;5431873,586019259877503;8,394168428000061;49,038150530000102
85636;08220527311010724660;08;3;11;000;2022;05;23;6;3;0;7;2;0;1;0;0;0;0;0;414580,284275832003914;5317960,345753310248256;7,854682435000030;48,009226861999998
85647;08220524415100714550;08;4;15;050;2022;05;07;3;3;4;6;0;0;1;0;0;1;0;0;521840,917185971979052;5377804,289608299732208;9,295968110000050;48,552956430000101
85648;08220612325302296410;08;3;25;053;2022;06;17;1;3;6;6;0;0;1;0;1;0;0;0;453060,689824400003999;5346059,305207679979503;8,367488993000050;48,266002243000102
85652;08220530111500761890;08;1;11;000;2022;05;07;2;3;5;2;0;0;1;1;0;0;0;0;507263,331202080007643;5397514,719674189575016;9,098772235000069;48,730613038000101
85653;08220602127100778970;08;1;27;023;2022;06;10;5;3;3;2;0;0;1;0;0;0;1;0;550764,275248753023334;5426515,173511830158532;9,693901797000020;48,989451970000097
85655;08220514421200750790;08;4;21;000;2022;05;05;7;3;9;1;2;0;1;0;0;0;0;0;574156,814845005981624;5362260,122080369852483;10,002073819000000;48,409131305000102
85665;08220525311010751890;08;3;15;074;2022;05;15;4;1;4;6;0;0;1;0;0;0;0;0;396776,814620381977875;5298162,636130919679999;7,620779071000070;47,828524911000002
85666;08220527335300753830;08;3;35;026;2022;05;13;6;2;0;7;0;0;1;0;0;0;0;1;481095,073565386002883;5282035,425009230151772;8,748066074000061;47,691428299999998
85669;08220608119100778250;08;1;19;018;2022;06;16;4;3;5;3;0;0;1;1;0;0;0;0;527152,015572972013615;5419499,954290280118585;9,370685771000071;48,927836325999998
85672;08220601436100772010;08;4;36;055;2022;06;16;4;3;4;6;0;1;1;0;0;0;0;0;575975,151029111002572;5297741,372171529568732;10,015140933000101;47,828531745000099
85676;08220523317300710290;08;3;17;065;2022;05;11;2;3;5;3;0;1;1;1;0;0;0;0;414206,310525426990353;5354647,077293709851801;7,842263102000060;48,339177069000101
85679;08220521119400725050;08;1;19;091;2022;05;18;7;3;5;3;0;0;1;1;0;0;0;0;528908,344000000040978;5405112,564999519847333;9,393646664000070;48,798333313999997
85682;08220607212000775440;08;2;12;000;2022;06;12;3;3;0;7;0;0;0;0;1;0;1;0;455697,393766158027574;5427792,895315799862146;8,394278501000031;49,001442621000102
85683;08220519121600748170;08;1;25;008;2022;05;08;5;3;3;6;0;0;1;0;0;0;0;1;521684,427545296028256;5433044,426509870216250;9,296764841000030;49,049891545999998
85685;08220613212402787420;08;2;12;000;2022;06;18;2;3;5;3;0;0;1;1;0;0;0;0;455851,524783513974398;5426853,040537309832871;8,396487860000040;48,992999557000097
85691;08220603127202984970;08;1;27;014;2022;06;09;6;3;0;7;0;0;1;0;0;0;0;0;578353,882328873965889;5442810,990730660036206;10,074124028000000;49,133131462999998
85697;08220522119200708380;08;1;19;093;2022;05;15;1;3;0;7;0;0;1;0;0;0;0;0;524004,158999999985099;5406241,205999529920518;9,326933319000030;48,808695030000102
85698;08220517311010715670;08;3;36;008;2022;05;15;3;3;5;3;0;0;1;1;0;0;0;0;395874,710993307991885;5275221,906458890065551;7,614214256000030;47,622028211000000
85700;08220518426200714020;08;4;26;070;2022;05;16;4;3;6;7;0;0;1;0;1;0;0;0;565699,412000003037974;5343620,331999509595335;9,884899348000030;48,242393756000098
85702;08220612436400786890;08;4;36;009;2022;06;13;1;3;0;1;0;0;1;0;0;0;0;0;553510,807000002008863;5304368,043999499641359;9,715833427000060;47,890411665999999
85712;08220527231302726980;08;2;31;000;2022;05;18;6;3;0;1;0;0;1;0;0;0;0;0;476431,819212973990943;5413851,829127529636025;8,678566720000051;48,877174762000003
85713;08220530116200737720;08;1;16;078;2022;05;12;2;3;5;3;0;0;1;1;0;0;0;0;510813,985026933019981;5393252,131997150368989;9,146944850000070;48,692215127000097
85714;08220603118600778380;08;1;18;050;2022;06;15;6;3;5;3;0;0;1;1;0;0;0;0;505881,091306772024836;5416668,340630359947681;9,080250083000070;48,902931580000001
85716;08220514436300681520;08;4;36;081;2022;05;18;7;3;5;3;0;0;1;1;0;0;0;0;557970,727638766053133;5279739,968909439630806;9,772201809000020;47,668452527000099
85718;08220520311010703580;08;3;11;000;2022;05;13;6;3;3;6;0;0;1;0;0;0;0;1;414033,770999985979870;5315698,676999500021338;7,847809392000040;47,988809039000003
85724;08220612337010803420;08;3;37;128;2022;06;18;1;1;0;1;0;0;1;0;0;0;0;0;442040,380776592995971;5286226,800240550190210;8,227084065000041;47,726814537000102
85725;08220531326200757290;08;3;26;074;2022;05;15;3;3;5;3;0;0;1;0;0;1;0;0;463703,002937206998467;5323408,618595919571817;8,512822424000030;48,062922399999998
85728;08220528435100742750;08;4;35;057;2022;05;14;7;2;5;3;0;0;1;1;0;0;0;0;543259,785500001045875;5279326,062991379760206;9,576214987000069;47,665879971000003
85730;08220604311010774970;08;3;36;050;2022;06;14;7;2;0;1;0;0;1;0;0;0;0;0;398678,873261663015001;5273054,378596560098231;7,652024796000030;47,602975336999997
85741;08220523435100734990;08;4;35;057;2022;05;11;2;3;3;2;0;0;1;0;0;0;0;0;544172,543655587942339;5280120,908596189692616;9,588452541000040;47,672969683000098
85743;08220525416100749520;08;4;16;036;2022;05;15;4;3;0;7;0;0;1;0;0;0;0;0;489141,674999998998828;5366252,088999509811401;8,853157645000071;48,449314944000001
85749;08220519311010722580;08;3;36;091;2022;05;12;5;2;6;4;0;0;0;1;1;0;0;0;395123,885471594985574;5271855,921050259843469;7,605030106000070;47,591629589999997
85756;08220604118500780720;08;1;18;063;2022;06;19;7;3;4;6;0;0;1;0;0;0;0;0;515761,841471223975532;5425427,695702370256186;9,215415442000049;48,981554987000003
85761;08220607317300775080;08;3;17;065;2022;06;10;3;3;5;2;0;0;1;1;0;0;0;0;413621,787397684995085;5355269,220153359696269;7,834249376000060;48,344693458999998
85765;08220531335100745550;08;3;35;002;2022;05;09;3;2;0;1;0;0;1;0;0;0;0;0;505175,768274191999808;5284584,899516790173948;9,069004755000041;47,714623409000097
85767;08220611127100978350;08;1;27;100;2022;06;11;7;3;6;7;0;0;0;0;1;0;1;0;555082,594658256974071;5433979,036390320397913;9,753937706000039;49,056217850000102
85772;08220514335400703480;08;3;35;098;2022;05;19;7;3;0;7;0;0;1;0;0;0;0;0;503529,136785025999416;5295949,505538580007851;9,047143730000069;47,816888157000101
85774;08220520311010730860;08;3;11;000;2022;05;12;6;3;5;6;0;0;1;1;0;0;0;0;413132,905750614008866;5315542,190776090137661;7,835769480000070;47,987279659000102
85776;08220522115100724860;08;1;15;051;2022;05;11;1;3;5;3;0;0;1;0;0;1;0;0;504890,968438684998546;5388423,831267859786749;9,066403471000060;48,648853660000000
85780;08220525117300746390;08;1;17;026;2022;05;03;4;2;0;1;2;0;1;0;0;0;0;0;548658,431723735993728;5394670,787573819980025;9,661335972000071;48,703173155000101
85781;08220612119500802480;08;1;19;085;2022;06;12;1;3;4;2;0;0;1;0;0;0;0;0;530938,306824057013728;5413388,382004969753325;9,421912750000050;48,872681796000101
85788;08220604335010791960;08;3;35;079;2022;06;20;7;3;5;2;0;0;1;1;0;0;0;0;501035,876000000978820;5299688,826999490149319;9,013846628000071;47,850541356000100
85789;08220514316100713230;08;3;16;017;2022;05;13;7;3;5;3;0;0;1;1;0;0;0;0;409182,974999981990550;5342574,388999500311911;7,777087059000050;48,229884902000002
85791;08220520118000735220;08;1;18;046;2022;05;12;6;3;3;2;0;0;1;1;0;0;0;0;515084,266000000992790;5412672,628999530337751;9,205683407000040;48,866831443000102
85792;08220515231102683110;08;2;36;061;2022;05;11;1;2;0;7;0;0;1;0;0;0;0;0;489052,272618121001869;5430877,981257840059698;8,850231303000040;49,030687531000098
85802;08220526115100738630;08;1;15;044;2022;05;15;5;3;1;6;0;0;1;1;0;0;0;0;504327,925000000977889;5389280,378999520093203;9,058768128000050;48,656563451000103
85805;08220611426010782180;08;4;26;070;2022;06;22;7;3;3;1;2;0;1;1;0;0;0;0;565224,521128535969183;5342313,096695990301669;9,878302558000030;48,230683229000100
85812;08220602135200768540;08;1;35;025;2022;06;14;5;3;2;6;0;0;1;1;0;0;0;0;580445,403387196012773;5397420,703785239718854;10,093835467000099;48,724617613000099
85820;08220521317200748210;08;3;17;141;2022;05;12;7;3;3;6;0;0;1;1;0;0;0;0;417290,283999987004790;5374889,457999509759247;7,879876153000050;48,521664423000097
85825;08220531118400750000;08;1;18;048;2022;05;09;3;3;5;3;0;0;1;1;0;0;0;0;515977,272569161024876;5414227,173749419860542;9,217920751000070;48,880793374000099
85827;08220527337010752590;08;3;37;070;2022;05;16;6;2;3;6;0;0;1;0;0;0;0;1;467027,575624231016263;5274203,355774610303342;8,561192755000040;47,620394810999997
85830;08220514118000720420;08;1;18;019;2022;05;11;7;2;5;3;0;0;1;1;0;0;0;0;502802,146000000007916;5405857,607999520376325;9,038162542000070;48,805701509000102
85835;08220516426200707880;08;4;26;014;2022;05;08;2;3;5;3;0;1;1;1;0;0;0;0;548095,601159267011099;5313910,382778829894960;9,644463147000071;47,976690174000097
85839;08220530235100755720;08;2;35;029;2022;05;17;2;3;6;4;0;0;0;1;1;0;0;0;487071,576972384995315;5393618,349046209827065;8,824311968000069;48,695469407000097
85840;08220515127100716860;08;1;27;025;2022;05;17;1;2;4;1;0;0;1;0;0;1;0;0;557111,708778691943735;5423055,219196500256658;9,780171712000030;48,957775877000103
85841;08220520436200728420;08;4;36;018;2022;05;20;6;3;3;6;0;0;1;0;0;0;0;0;550986,968560387962498;5287698,516106779687107;9,680112322000070;47,740644076000102
85850;08220611118500852380;08;1;18;053;2022;06;19;7;2;8;1;1;0;1;0;0;0;0;0;515120,119000000006054;5426891,840999529697001;9,206699621000039;48,994741859999998
85855;08220515116200717900;08;1;16;077;2022;05;11;1;3;6;4;0;0;0;1;1;0;0;0;516125,837417262024246;5391907,213283440098166;9,219071529000081;48,680001510000103
85858;08220516111500864420;08;1;11;000;2022;05;07;2;3;5;3;0;1;1;1;0;0;0;0;510747,047363721008878;5403421,560307309962809;9,146300514000069;48,783700442000097
85862;08220518435200698320;08;4;35;015;2022;05;16;4;2;6;7;0;0;0;0;1;0;0;1;521993,428315457014833;5294718,162074900232255;9,293733267000050;47,805443042000000
85863;08220525115400747710;08;1;15;045;2022;05;12;4;3;6;4;0;0;0;1;1;0;0;0;497769,790000002016313;5396159,543999520130455;8,969679237000040;48,718460154000098
85866;08220526121400722720;08;1;25;058;2022;05;15;5;3;6;7;0;0;0;1;1;0;0;0;509100,288371679023840;5443415,483587400056422;9,124777437000031;49,143498149000003
85868;08220612212010827540;08;2;15;064;2022;06;09;1;2;5;3;0;0;1;1;0;0;0;0;475292,329917278024368;5447471,719733949750662;8,660977665000081;49,179555278000102
85871;08220519435100695860;08;4;35;016;2022;05;06;5;3;5;3;0;0;1;1;0;0;0;0;536914,509089699946344;5278828,171866450458765;9,491658111000049;47,661793569000103
85872;08220515415200704420;08;4;15;027;2022;05;14;1;2;3;2;0;0;1;0;0;0;0;0;531648,466641373001039;5359851,994292549788952;9,427508899000030;48,391035771000098
85875;08220602117010825350;08;4;25;075;2022;06;16;5;2;6;3;0;0;0;1;1;0;0;0;567570,067879926995374;5377306,119631039910018;9,915512295000040;48,545215079999998
85876;08220521222600706800;08;2;22;000;2022;05;13;7;3;6;4;0;0;0;1;1;0;0;0;463584,224000000976957;5483457,083999549970031;8,497044159000041;49,502650889999998
85877;08220517119300694390;08;1;19;067;2022;05;17;3;3;0;7;0;0;1;0;0;0;0;0;538775,238999999011867;5406884,310999520123005;9,528166913000060;48,813733995000099
85880;08220524111500716110;08;1;11;000;2022;05;16;3;3;5;2;0;0;1;1;0;0;0;0;512460,452447869989555;5401226,417029430158436;9,169558638000071;48,763921117000102
85887;08220514115200708820;08;1;15;021;2022;05;11;7;3;5;3;0;0;1;1;0;0;0;0;489935,940374640980735;5382520,058510679751635;8,863506183000030;48,595680336999997
85892;08220601311010772420;08;3;11;000;2022;06;19;4;3;1;6;0;0;1;1;0;0;0;0;411397,661623651976697;5319781,898625399917364;7,811642270000050;48,025178811000004
85897;08220530216300733490;08;2;16;033;2022;05;09;2;3;5;3;0;0;1;1;0;0;0;0;447613,529000001028180;5412673,853999529965222;8,285704143000030;48,864813411000100
85899;08220609231202802630;08;2;36;043;2022;06;12;5;3;6;4;0;0;0;1;1;0;0;0;469834,945055391988717;5410623,083228520117700;8,588835779000020;48,847844365000100
85904;08220518421300722710;08;4;21;000;2022;05;18;4;3;4;6;0;0;1;0;0;0;0;0;573395,378631590981968;5357463,504811329767108;9,990948129000060;48,366073774000000
85908;08220610335300828630;08;3;35;100;2022;06;18;6;3;4;6;0;0;1;0;0;0;0;0;487954,250773295992985;5286794,824487940408289;8,839341921000029;47,734415771999998
85914;08220520136100754430;08;1;36;088;2022;05;11;6;2;0;1;0;0;1;0;0;0;0;0;580582,144056273973547;5412325,239980289712548;10,098617651000000;48,858655699000103
85923;08220710311401884490;08;3;15;074;2022;07;19;1;3;0;1;0;0;1;0;0;0;0;0;395699,478721541992854;5295873,901752360165119;7,606939489000070;47,807764361000103
85926;08220706317500875820;08;3;17;096;2022;07;23;4;3;0;6;2;0;1;0;0;0;0;0;421755,459016846027225;5368818,374276320450008;7,941473696000060;48,467628273000102
85935;08220701121600883980;08;1;25;046;2022;07;20;6;3;0;7;0;0;1;0;0;0;0;0;516251,831345549027901;5434708,270436749793589;9,222483868000040;49,065025812999998
85936;08220708136300910470;08;1;36;028;2022;07;14;6;2;0;7;0;0;1;0;0;0;0;0;566730,396285378956236;5405097,583066279999912;9,908620905000021;48,795289377000103
85938;08220719211100909950;08;2;11;000;2022;07;12;3;3;0;7;0;0;1;0;0;0;0;0;443091,631449571985286;5402404,803590529598296;8,225477695000050;48,772044092000002
85939;08220716127202921340;08;1;27;008;2022;07;15;7;3;6;7;0;0;0;1;1;0;0;0;579402,422295517055318;5462756,218620720319450;10,092442840000000;49,312376991000100
85945;08220721335400921080;08;3;35;079;2022;07;07;5;2;4;6;0;0;1;0;0;0;0;0;507448,271961455990095;5300889,665992840193212;9,099582187000070;47,861303453000097
85951;08220623435100819940;08;4;35;016;2022;06;14;5;3;0;7;0;0;1;0;0;0;0;0;530691,538859306019731;5279711,436283140443265;9,408839873000030;47,670065947000097
85953;08220618436500812820;08;4;37;056;2022;06;00;7;1;0;1;2;0;1;0;0;0;0;0;528426,439413876971230;5297963,669061440043151;9,379860578000031;47,834391766000103
85957;08220704216200886880;08;2;16;007;2022;07;17;2;3;4;3;0;0;1;1;0;0;0;0;437218,290240523987450;5393027,843325809575617;8,146978414000049;48,687133077000098
85958;08220723111140934440;08;1;11;000;2022;07;00;7;3;1;5;2;0;1;0;0;0;0;1;509623,582878734974656;5398714,369569630362093;9,130896649000020;48,741373115000002
85960;08220707425000893090;08;4;25;020;2022;07;14;5;3;6;4;0;0;0;1;1;0;0;0;560500,995218654978089;5365414,321347209624946;9,818021034000029;48,438964237999997
85964;08220712435100922630;08;4;35;016;2022;07;16;3;3;3;6;0;0;1;0;0;0;0;0;532526,480057729990222;5278861,486929279752076;9,433219014000031;47,662328868000003
85967;08220711311010901390;08;3;11;000;2022;07;07;2;3;0;3;0;0;1;1;0;0;0;0;414050,412452647986356;5315809,324197280220687;7,848010235000060;47,989806590000100
85968;08220615119400823700;08;1;19;041;2022;06;12;4;3;8;7;0;0;1;0;0;0;0;0;527390,125848965020850;5408698,211753410287201;9,373212818000070;48,830657522000102
85969;08220616317000825020;08;3;17;151;2022;06;22;5;3;4;6;2;0;1;0;0;0;0;0;412260,405287143017631;5366510,892877790145576;7,813531375000030;48,445620598000097
85970;08220718311010938410;08;3;11;000;2022;07;07;2;3;5;3;0;0;1;1;0;0;0;0;413165,046474818023853;5315621,890211679972708;7,836184033000050;47,988000948000000
85977;08220714127202929330;08;1;27;073;2022;07;15;5;3;3;6;0;0;1;1;0;0;0;0;583191,891218469943851;5446293,427787260152400;10,141152243000001;49,163815120000002
85981;08220722336400938570;08;3;36;091;2022;07;18;6;3;3;6;0;0;1;0;0;0;0;0;395060,799776068015490;5271742,496311170049012;7,604218386000070;47,590599111000103