OBJECTID;UIDENTSTLAE;ULAND;UREGBEZ;UKREIS;UGEMEINDE;UJAHR;UMONAT;USTUNDE;UWOCHENTAG;UKATEGORIE;UART;UTYP1;ULICHTVERH;IstStrassenzustand;IstRad;IstPKW;IstFuss;IstKrad;IstGkfz;IstSonstige;LINREFX;LINREFY;XGCSWGS84;YGCSWGS84
86597;08220710326400883060;08;3;26;074;2022;07;11;1;2;0;1;0;0;1;0;0;0;0;0;461075,750539975997526;5323431,231973930262029;8,477558904000031;48,062970927000002
86604;08220712118000955320;08;1;18;067;2022;07;06;3;1;5;3;0;0;1;0;0;1;0;0;507210,148971556976903;5414042,035419579595327;9,098339290000069;48,879291885999997
86608;08220714311100926620;08;3;15;132;2022;07;10;5;2;5;3;0;0;1;1;0;0;0;0;408398,160352322971448;5323247,846191430464387;7,770679991000070;48,055932054000003
86610;08220704426200873570;08;4;26;070;2022;07;14;2;2;0;7;0;0;1;0;0;0;0;0;564763,322298213024624;5342102,089202789589763;9,872060628000041;48,228832322000102
86616;08220718311010958440;08;3;11;000;2022;07;12;2;2;0;7;0;0;1;0;0;0;0;0;414595,371214093989693;5317827,484276079572737;7,854911140000070;48,008033738999998
86618;08220628212010829210;08;2;12;000;2022;06;08;3;3;0;1;0;0;1;0;0;0;0;0;454932,294436494004913;5428246,325567790307105;8,383768087000020;49,005465878999999
86626;08220616317300804870;08;3;17;121;2022;06;15;5;3;3;6;0;0;1;0;0;0;0;0;421519,064999992027879;5341765,070999500341713;7,943319135000020;48,224251543000001
86627;08220718435200933010;08;4;35;036;2022;07;11;2;3;8;1;0;0;1;0;0;0;0;0;520331,543590201996267;5282657,419833390042186;9,270974325000051;47,696981426000001
86632;08220618136300813310;08;1;36;065;2022;06;11;7;3;0;7;0;0;1;0;0;0;0;0;558385,437152976985089;5401509,835684070363641;9,794496182000049;48,763856912000101
86635;08220630311010863280;08;3;11;000;2022;06;16;5;3;0;1;0;0;1;0;0;0;0;0;412869,168292923015542;5315335,752958060242236;7,832277408000040;47,985386804000001
86642;08220712135200917500;08;1;35;019;2022;07;21;3;3;5;3;0;0;1;1;0;0;0;0;584878,011029719025828;5392307,604947069659829;10,153043223999999;48,678041221000100
86648;08220719437101909750;08;4;37;100;2022;07;07;3;3;5;2;0;0;1;1;0;0;0;0;537423,007999998982996;5318141,904999500140548;9,501829891000060;48,015473866000001
86649;08220719136300980330;08;1;36;065;2022;07;17;3;3;5;3;0;0;1;1;0;0;0;0;557859,938552235951647;5405396,440523319877684;9,787893064000061;48,798866416000102
86660;08220718336091908370;08;3;36;091;2022;07;16;2;3;0;7;0;0;1;0;0;0;0;0;394446,964060252998024;5273070,197103849612176;7,595736798000080;47,602442310000100
86671;08220707426100877770;08;4;26;120;2022;07;15;5;3;0;1;0;0;1;0;0;0;0;0;563000,106000002007931;5323783,758999500423670;9,845609570000020;48,064218746000101
86681;08220623216100815870;08;2;16;043;2022;06;05;5;3;0;2;0;0;1;1;0;0;0;0;441600,468871432996821;5411161,367580870166421;8,203938966000070;48,850671610000099
86682;08220702136300870610;08;1;36;044;2022;07;19;7;3;4;2;0;0;1;1;0;0;0;0;558382,739973995019682;5408444,364897799678147;9,795445083000059;48,826233747000103
86684;08220618226500813370;08;2;26;085;2022;06;10;7;3;5;2;0;0;1;0;0;1;0;0;490565,476195548020769;5455423,263342849910259;8,870357752000070;49,251506497000001
86695;08220626437000833370;08;4;37;124;2022;06;03;1;2;6;7;2;0;0;0;1;0;0;1;517139,627505474025384;5301919,809958090074360;9,229194125000051;47,870386505000099
86697;08220619325069827330;08;3;26;012;2022;06;02;1;2;6;4;2;0;0;1;1;0;0;0;463578,274000001023524;5313157,636999499984086;8,512019430000070;47,970688914999997
86700;08220705311010875880;08;3;11;000;2022;07;18;3;3;0;7;0;0;1;0;0;0;0;0;412915,606520891014952;5315335,004007689654827;7,832899789000070;47,985386392000102
86711;08220703116500877520;08;1;16;073;2022;07;19;1;3;7;7;0;0;1;0;1;0;0;0;521038,985810233978555;5390149,078449999913573;9,285727059000070;48,664039039000002
86716;08220615317100820700;08;3;17;001;2022;06;22;4;3;0;7;2;0;1;0;0;0;0;0;432236,194582106021699;5386587,791925669647753;8,080349342000030;48,628683805999998
86718;08220626135010839810;08;4;25;085;2022;06;19;1;3;4;6;0;0;1;0;0;0;0;0;582882,438142776954919;5373473,166694070212543;10,122181124000100;48,508902598000098
86719;08220712118400924200;08;1;18;048;2022;07;08;3;3;2;3;0;0;1;0;0;0;0;1;514456,420028903987259;5416647,699521860107780;9,197262981000049;48,902605112000103
86722;08220717336400903720;08;3;36;045;2022;07;12;1;2;0;2;0;0;1;1;0;0;0;0;399254,782509854994714;5285402,446349860168993;7,656838265000030;47,714139117999999
86730;08220718426100907770;08;4;26;021;2022;07;20;2;3;5;2;1;0;1;1;0;0;0;0;559278,385815968038514;5326147,380726990289986;9,795988400000059;48,085839115000098
86737;08220615211000818080;08;2;11;000;2022;06;11;4;2;5;3;0;0;1;1;0;0;0;0;441944,124975332000758;5403582,378751169890165;8,209695412000031;48,782530504000100
86740;08220712111500907940;08;1;11;000;2022;07;12;3;3;3;6;0;0;1;1;0;0;0;0;518001,221669388993178;5404109,376484190113842;9,245081610000060;48,789720298000098
86743;08220702212010977250;08;2;12;000;2022;07;14;7;2;0;7;0;0;1;0;0;0;0;0;456364,041517000005115;5426321,007967250421643;8,403550723000020;48,988250280999999
86748;08220703226100891400;08;2;26;013;2022;07;12;1;2;1;5;0;0;1;1;0;0;0;0;500145,212614968011621;5474196,289824680425227;9,002002245000030;49,420444288000098
86750;08220621317200811960;08;3;17;153;2022;06;17;3;3;1;5;0;0;1;1;0;0;0;0;421906,156675170001108;5390644,254195969551802;7,939414608000050;48,663965565000098
86752;08220715221050915030;08;2;21;000;2022;07;08;6;3;1;5;0;0;1;1;0;0;0;0;477420,475446700991597;5474489,003476429730654;8,688650938000020;49,422658116000001
86757;08220720326300913200;08;3;26;017;2022;07;09;4;2;8;1;0;0;1;0;0;0;0;0;445947,103450008027721;5327467,898498930037022;8,274005987000070;48,098183519000003
86760;08220718118500928130;08;1;18;014;2022;07;12;2;3;5;3;0;0;1;1;0;0;0;0;521094,785737138998229;5421060,174686419777572;9,288073026000060;48,942107572000097
86761;08220705221300880960;08;2;21;000;2022;07;08;3;3;4;6;0;0;1;0;0;0;0;0;478320,542146380001213;5473525,858947300352156;8,701114393000070;49,414027535000102
86768;08220628416010834300;08;4;15;078;2022;06;14;3;2;6;4;0;0;0;1;1;0;0;0;529856,632220446947031;5371221,731679479591548;9,404115934000060;48,493408364000103
86773;08220710317100897680;08;3;17;056;2022;07;19;1;3;0;1;0;0;1;0;0;0;0;0;433627,449545219016727;5381031,361078719608486;8,100116597000071;48,578852216000001
86776;08220706221400917310;08;2;21;000;2022;07;12;4;3;3;2;0;0;1;1;0;0;0;0;477457,913756816007663;5474336,777324199676514;8,689175816000040;49,421290257000102
86781;08220614116100861240;08;1;16;058;2022;06;11;3;3;0;1;0;0;1;0;0;0;0;0;534898,593420975026675;5395155,041458190418780;9,474369523000060;48,708451058999998
86786;08220708221300962920;08;2;21;000;2022;07;13;6;3;5;3;0;0;1;1;0;0;0;0;480803,100227985996753;5474094,119343919679523;8,735312486000050;49,419222361000003
86801;08220713425000893300;08;4;25;033;2022;07;16;4;3;6;6;0;0;1;0;1;0;0;0;553679,011972340056673;5347032,936364430002868;9,723445612000029;48,274225708000102
86807;08220706435200886170;08;4;35;034;2022;07;07;4;3;5;2;0;0;1;1;0;0;0;0;529775,653227814007550;5284670,880802240222692;9,396978240000070;47,714731153000102
86808;08220715118010931730;08;1;15;042;2022;07;21;6;3;8;7;1;0;1;0;0;0;0;0;496766,477902383019682;5406622,064660290256143;8,955956509000030;48,812576401000101
86811;08220614111500803680;08;1;11;000;2022;06;13;3;3;5;7;0;0;1;1;0;0;0;0;513344,423924785980489;5402682,126464449800551;9,181634662000020;48,776998253999999
86813;08220704435100965090;08;4;35;016;2022;07;18;2;3;1;3;1;1;1;1;0;0;0;0;535917,242864217958413;5280771,975245430134237;9,478536027000080;47,679338877000099
86814;08220723311400925280;08;3;15;050;2022;07;18;7;3;5;3;0;0;1;1;0;0;0;0;399415,949046952009667;5303328,648844740353525;7,654830415000050;47,875411065000002
86818;08220720317500920410;08;3;17;096;2022;07;15;4;3;3;6;0;0;1;0;0;0;0;1;422370,356419517018367;5364265,574066399596632;7,950634959000070;48,426752163000103
86819;08220617216200799480;08;2;16;007;2022;06;09;6;3;5;3;0;0;1;1;0;0;0;0;436744,471999996982049;5392964,586999519728124;8,140551033000071;48,686516236000003
86823;08220713128100923950;08;1;28;007;2022;07;15;4;2;0;7;0;0;1;0;0;0;0;0;559504,503694970044307;5477156,832807470113039;9,820870038000070;49,444161031000100
86830;08220615435100794030;08;4;35;035;2022;06;16;4;3;0;1;0;0;1;0;0;0;0;0;541723,758339629974216;5281102,040380540303886;9,555925999000070;47,681959853000102
86832;08220711326400903070;08;3;26;074;2022;07;15;2;3;5;2;0;0;1;1;0;0;0;0;460638,088107126008254;5323074,122534889727831;8,471717732000061;48,059731259000003
86845;08220712325302907150;08;3;25;053;2022;07;15;3;2;0;1;0;0;1;0;0;0;0;0;456731,802000000025146;5341127,465999499894679;8,417458799000030;48,221895199000102
86851;08220719116400945180;08;1;16;054;2022;07;10;3;2;5;3;0;0;1;0;0;0;0;1;532873,992950679967180;5381345,256301109679043;9,445754213000040;48,584329656000101
86854;08220702226700880070;08;2;26;041;2022;07;14;7;3;5;2;0;0;1;1;0;0;0;0;476257,401372315012850;5463988,896124600432813;8,673240288000040;49,328166597000099
86859;08220704111120873940;08;1;11;000;2022;07;15;2;3;6;4;0;0;0;1;1;0;0;0;513696,575731304998044;5401906,345892740413547;9,186402035000070;48,770011738000100
86860;08220722317500930260;08;3;17;096;2022;07;11;6;2;0;1;0;0;1;0;0;0;0;0;422519,652716731012333;5364514,193119109608233;7,952606774000060;48,429006878000102
86865;08220712221400896250;08;2;21;000;2022;07;16;3;3;4;6;0;0;1;1;0;0;0;0;470072,372075687977485;5473874,403349339962006;8,587376720000069;49,416812772000100
86876;08220617237200865870;08;2;37;040;2022;06;23;6;2;0;7;2;0;1;0;0;0;0;0;476961,975322580023203;5365561,529670610092580;8,688485565000059;48,442774401000101
86886;08220706415100984350;08;4;15;062;2022;07;19;4;3;5;3;0;0;1;1;0;0;0;0;519903,672249878989533;5378112,803522660396993;9,269731411000070;48,555796376000004
86889;08220625436400836720;08;4;36;082;2022;06;19;7;2;0;1;0;0;1;0;0;0;0;0;549111,234149949043058;5295292,899362879805267;9,655952515000020;47,809115917000000
86890;08220712121300924950;08;1;21;000;2022;07;16;3;2;5;3;0;0;1;1;0;0;0;0;514879,448089410027023;5446265,574627839960158;9,204122541000061;49,169022797000103
86893;08220717435100903330;08;4;35;016;2022;07;12;1;3;8;7;0;0;1;0;0;0;0;0;536183,415214771986939;5278006,925039899535477;9,481853163000039;47,654445787999997
86901;08220719136100912050;08;1;36;088;2022;07;18;3;3;0;1;0;0;1;0;0;0;0;0;583001,928692015004344;5415673,799517840147018;10,132280712000099;48,888453806000001
86903;08220627415100976310;08;4;15;050;2022;06;11;2;3;5;3;0;0;1;1;0;0;0;0;521295,275750973029062;5375851,746116380207241;9,288474335000050;48,535409693000098
86904;08220713128010896990;08;1;28;014;2022;07;10;4;2;3;6;0;0;1;0;0;0;1;0;544746,337330659967847;5486903,166895990259945;9,618397560000060;49,533088540999998
86911;08220615326300792870;08;3;26;052;2022;06;20;4;3;0;1;0;0;1;0;0;0;0;0;450451,216000000014901;5330112,323999499902129;8,334189846000070;48,122340088000001
86918;08220714311010896650;08;3;11;000;2022;07;18;5;3;3;2;0;0;1;1;0;0;0;0;412808,412310727988370;5314678,184461159631610;7,831596841000020;47,979463472000099
86920;08220704111500874200;08;1;11;000;2022;07;12;2;3;6;7;0;0;1;0;1;0;0;0;513399,390652913018130;5405063,881287699565291;9,182460489000050;48,798423110000002
86923;08220707325000882970;08;3;27;046;2022;07;13;5;2;6;2;0;0;0;1;1;0;0;0;480795,440000000002328;5324322,969999499619007;8,742192218000071;48,071892478999999
86936;08220713215102893880;08;2;15;102;2022;07;15;4;3;0;7;0;0;1;0;0;0;0;0;457305,461199179000687;5437944,674450649879873;8,415193434000059;49,092871950000102
86942;08220706119300933430;08;1;19;076;2022;07;12;4;3;5;3;0;0;1;1;0;0;0;0;542004,956924077006988;5406419,686428000219166;9,572109923000029;48,809344529999997
86944;08220616325102800970;08;3;25;045;2022;06;10;5;3;5;3;0;0;1;1;0;0;0;0;468428,288703422003891;5348886,326958619989455;8,574350024000070;48,292388081000098
86954;08220622121200831780;08;1;21;000;2022;06;12;4;3;5;3;0;0;1;1;0;0;0;0;515313,377367869019508;5446324,876997490413487;9,210077581000061;49,169545564000003
86958;08220627127202851590;08;1;27;008;2022;06;00;2;3;2;6;2;0;1;1;0;0;0;0;573200,874021542957053;5460022,579928000457585;10,006633536000001;49,288566297000003
86961;08220709119400910540;08;1;19;091;2022;07;14;7;3;4;6;0;0;1;0;0;1;0;0;530346,528999999980442;5404303,768999519757926;9,413170245000060;48,790989082000102
86962;08220721119100166830;08;1;19;008;2022;07;19;5;3;3;1;0;0;1;0;0;0;0;0;531437,031928631942719;5424229,197622310370207;9,429549258000071;48,970175127000097
86965;08220616225100812920;08;2;25;042;2022;06;15;5;3;8;1;0;0;1;0;0;0;0;0;509691,575098456989508;5460880,012922559864819;9,133306662000050;49,300586815000003
86966;08220718317300906920;08;3;17;065;2022;07;16;2;3;5;3;0;0;1;1;0;0;0;0;414242,285744731023442;5355363,083986160345376;7,842602652000040;48,345622299000098
86970;08220617437100797710;08;4;37;100;2022;06;10;6;3;0;7;0;0;1;0;0;0;0;0;537491,981000000028871;5318276,550999499857426;9,502766536000021;48,016681206999998
86976;08220703435200887060;08;4;35;034;2022;07;02;1;3;8;7;2;0;1;0;0;0;0;0;527369,264276167028584;5286160,800362589769065;9,364989842000060;47,728243116000002
86984;08220614335300791870;08;3;35;022;2022;06;13;3;3;5;2;0;0;1;0;0;1;0;0;482822,203540718008298;5300209,778704759664834;8,770363438000061;47,854999767999999
86985;08220718222400911840;08;2;26;038;2022;07;15;2;3;5;2;0;0;1;1;0;0;0;0;470585,886937010975089;5481449,965979680418968;8,593894033000030;49,484977616000002
86986;08220705225100912780;08;2;25;058;2022;07;16;3;3;0;1;0;0;1;0;0;0;0;0;510200,556000002019573;5466444,576999540440738;9,140449921000030;49,350632224000002
86988;08220623119100821000;08;1;19;008;2022;06;18;5;3;9;1;0;0;1;0;0;0;0;0;529493,556996059021913;5420650,471327429637313;9,402735497000039;48,938078635000103
86989;08220701225200886970;08;2;25;014;2022;07;10;6;2;6;2;0;1;0;1;1;0;0;0;523336,641790968016721;5485676,337869630195200;9,322448661000070;49,523256633000102
86995;08220713311010892390;08;3;11;000;2022;07;20;4;3;0;1;1;0;1;0;0;0;0;0;412939,474835676024668;5315337,552849530242383;7,833219085000050;47,985412569000097
86997;08220624436200818780;08;4;36;039;2022;06;11;6;3;5;3;0;0;1;1;0;0;0;0;549573,933779472950846;5288529,537103200331330;9,661359948000040;47,748230907999996
86998;08220702435100880370;08;4;35;035;2022;07;17;7;3;8;7;0;0;1;0;0;0;0;0;541498,935262714978307;5283245,958701419644058;9,553134546000020;47,701263703000102
87000;08220722118300942590;08;1;18;046;2022;07;16;6;2;0;7;0;0;1;0;0;0;0;0;514845,628305593971163;5412683,669072439894080;9,202429855000050;48,866936515000098
87004;08220715116100961140;08;1;16;004;2022;07;14;6;3;5;2;0;0;1;1;0;0;0;0;528286,215000001946464;5396524,611999520100653;9,384585057000040;48,721106511000102
87010;08220715111500933920;08;1;11;000;2022;07;15;6;3;5;2;0;0;1;0;0;0;0;1;516739,485124344006181;5406873,815843050368130;9,228016268000029;48,814624040000098
87018;08220716115300936070;08;1;15;042;2022;07;10;7;3;0;7;0;0;1;0;0;0;0;1;495842,369400491996203;5406160,990161419846117;8,943373993000019;48,808423120000000
87022;08220702326400876980;08;3;26;075;2022;07;21;7;3;6;4;1;0;0;0;1;0;0;1;460494,370862943993416;5317858,356769200414419;8,470270197000049;48,012797460999998
87024;08220721121500943720;08;1;25;007;2022;07;16;5;3;9;1;0;0;1;0;0;0;0;0;510585,705918715975713;5453901,006662799976766;9,145420674000039;49,237794653999998
87027;08220615215402805420;08;2;15;009;2022;06;08;4;3;1;5;0;0;1;1;0;0;0;0;471176,514608823985327;5441001,167367850430310;8,604967507000030;49,121171992000001
87031;08220702335400870730;08;3;35;079;2022;07;14;7;3;8;1;0;0;1;0;0;0;0;0;500666,679841461998876;5296558,814379700459540;9,008906736000030;47,822379730000101
87034;08220714311100922220;08;3;15;013;2022;07;10;5;3;5;3;0;0;1;1;0;0;0;0;403612,749825899023563;5324289,173213110305369;7,706240403000040;48,064593598000002
87040;08220715335100952980;08;3;35;043;2022;07;23;6;3;4;6;2;0;1;0;0;0;0;0;510648,104609686997719;5282331,693499259650707;9,141908230000070;47,694282844000000
87042;08220712421000917610;08;1;17;051;2022;07;22;3;3;0;1;2;0;1;0;0;0;0;0;542265,552411362994462;5395361,074629790149629;9,574523409000051;48,709848678000100
87044;08220720337010945260;08;3;37;126;2022;07;14;4;3;0;7;0;0;1;1;0;0;0;0;442444,621999999973923;5273316,070999490097165;8,234175470000030;47,610694144999997
87047;08220718221011938590;08;2;21;000;2022;07;15;2;3;5;3;0;0;1;1;0;0;0;0;477830,623741114977747;5472815,277203069999814;8,694399872000080;49,407618307000099
87055;08220630416100858790;08;4;16;036;2022;06;13;5;2;0;1;0;0;1;0;0;0;0;0;494631,525107426976319;5367469,300179109908640;8,927383822000021;48,460336323000000
87058;08220722212010966550;08;2;12;000;2022;07;20;6;3;5;3;0;0;1;1;0;0;0;0;459614,610999999975320;5427973,146999529562891;8,447815477000059;49,003332743000001
87060;08220706435100875240;08;4;35;016;2022;07;14;4;2;0;7;0;0;1;0;0;0;0;0;536546,668666878947988;5279198,340314379893243;9,486790053000050;47,665145008000103
87062;08220626421200851080;08;4;25;135;2022;06;22;1;3;0;1;2;0;1;0;0;0;0;0;568498,035292173968628;5372484,342858839780092;9,927291554000020;48,501741654000099
87072;08220720212010915060;08;2;12;000;2022;07;21;4;2;4;6;2;0;1;0;0;0;0;0;460794,482915021013469;5423661,867856550030410;8,464362770000040;48,964627792999998
87080;08220702126200870490;08;1;26;066;2022;07;14;7;3;6;7;0;0;0;1;1;0;0;0;536151,782322595943697;5450002,199720869772136;9,496273312000030;49,201749192000101
87093;08220626311010822690;08;3;36;091;2022;06;09;1;3;5;2;0;0;1;0;0;0;0;0;395774,538875796017237;5274141,640512130223215;7,613138512000030;47,612294946000098
87097;08220717435100576100;08;4;35;016;2022;07;20;1;3;8;1;2;0;1;0;0;0;0;0;533176,449222969007678;5278483,864485699683428;9,441846998000070;47,658898215000100
87101;08220701216200870140;08;2;16;028;2022;07;18;6;3;5;2;0;0;1;1;0;0;0;0;426838,685908276995178;5397502,667589739896357;8,005177139000070;48,726252434000102
87102;08220709111500883120;08;1;11;000;2022;07;13;7;3;5;2;0;0;1;1;0;0;0;0;509921,830294261977542;5399170,937434320338070;9,134964293000049;48,745475716999998
87111;08220710317100972130;08;3;17;089;2022;07;03;1;3;0;1;2;0;1;0;0;0;0;0;427607,536081783007830;5375883,541795910336077;8,019405510000070;48,531880899999997
87115;08220619426100868900;08;4;26;021;2022;06;17;1;3;0;7;0;0;1;0;0;0;0;0;558626,131039267987944;5327153,693037429824471;9,787368993000030;48,094952429000003
87122;08220717317300933380;08;3;17;026;2022;07;10;1;3;8;1;0;0;1;0;0;0;0;0;415035,538507979013957;5346160,242850249633193;7,855159197000030;48,262950803000102
87124;08220626116400826810;08;1;16;012;2022;06;13;1;3;3;6;0;0;1;1;0;0;0;0;537081,883118055993691;5382781,696766230277717;9,502937076000020;48,597016754999999
87126;08220723121200984580;08;1;21;000;2022;07;11;7;2;0;7;0;1;1;0;0;0;0;0;516007,111122968024574;5445432,794939010404050;9,219559060000050;49,161503321000097
87130;08220720117400928890;08;1;17;053;2022;07;07;4;3;0;1;0;0;1;0;0;0;0;0;549495,731025825953111;5399825,363500979728997;9,673333984000070;48,749474873000104
87135;08220629336400862980;08;3;36;078;2022;06;23;4;3;0;1;2;0;1;0;0;0;0;0;399830,841978069976903;5289042,728181590326130;7,663678731000060;47,746973670000003
87136;08220710136100909820;08;1;36;082;2022;07;17;1;3;1;6;0;0;1;1;0;0;0;0;587298,269160417024978;5416251,020765789784491;10,191000152000100;48,893054937999999
87149;08220714126200932390;08;1;26;058;2022;07;13;5;3;6;4;0;0;0;0;1;0;0;1;542060,875743772950955;5450240,943900640122592;9,577411330000070;49,203519653000100
87151;08220704136300885480;08;1;36;065;2022;07;21;2;3;0;3;0;0;1;1;0;0;0;0;559808,635748113971204;5404327,359329300001264;9,814270550000060;48,789065571999998
87152;08220722325000942830;08;3;25;057;2022;07;09;6;2;3;5;0;0;1;1;0;0;0;0;472638,567023375013378;5356596,669092589989305;8,630611112000050;48,361950133999997
87156;08220627317300834910;08;3;17;075;2022;06;18;2;3;5;3;0;0;1;1;0;0;0;0;411940,353445088025182;5360771,248570789583027;7,810409729000070;48,393950190000098
87160;08220721116100949430;08;1;16;019;2022;07;19;5;3;5;3;0;0;1;1;0;0;0;0;529956,028401045012288;5398603,989587459713221;9,407438699000069;48,739734190000000
87180;08220712136200919590;08;1;36;019;2022;07;08;3;3;8;1;0;0;1;0;0;0;0;0;582252,138943800004199;5424545,934505339711905;10,123844021000000;48,968349745000097
87184;08220622317500815900;08;3;17;096;2022;06;13;4;3;0;1;0;1;1;0;0;0;0;0;421243,525176829018164;5368753,657896449789405;7,934561461000040;48,466982256000101
87186;08220708121500880850;08;1;25;005;2022;07;17;6;3;0;7;0;0;1;0;0;0;0;0;515868,755885326012503;5452519,894079620018601;9,217941226000050;49,225257132000102
87190;08220715417300898240;08;4;17;079;2022;07;16;6;2;0;1;0;0;1;0;0;0;0;0;502831,903456636006013;5348622,445665580220520;9,038178510000019;48,290795347000000
87192;08220713119100896180;08;1;19;083;2022;07;15;4;3;5;3;0;0;1;1;0;0;0;0;535190,593525995034724;5419363,397805780172348;9,480414989000050;48,926203043000001
87193;08220629416100848440;08;4;16;036;2022;06;19;4;3;0;1;0;0;1;0;0;0;0;0;497313,896284642978571;5371809,431829379871488;8,963638761000031;48,499399190000098
87195;08220710336100885710;08;3;36;084;2022;07;16;1;3;8;1;0;0;1;0;0;0;0;0;405577,825653736013919;5277995,834356769919395;7,742719137000050;47,648468460000103
87197;08220620231000804070;08;2;31;000;2022;06;06;2;3;5;3;0;0;1;1;0;0;0;0;477349,971000000019558;5416316,720999529585242;8,690952069000049;48,899382318000100
87199;08220615426010820750;08;4;25;140;2022;06;04;4;3;3;6;2;0;1;0;0;0;0;1;579859,162795708049089;5337659,038741660304368;10,074461318000001;48,187144611000100
87203;08220618336200844150;08;3;36;105;2022;06;14;7;2;0;7;0;0;1;0;0;0;0;0;398390,182931120973080;5267710,588320019654930;7,649422142000050;47,554860908000101
87211;08220719416200947190;08;4;16;015;2022;07;12;3;2;4;6;0;0;1;0;0;0;0;0;506395,080250850005541;5366582,590879620052874;9,086488894000070;48,452349479000098
87226;08220721426100942850;08;4;26;128;2022;07;00;5;3;0;7;2;1;1;0;0;0;0;0;559122,428813343052752;5331361,509112140163779;9,794617243000060;48,132760681000001
87229;08220616111320827630;08;1;11;000;2022;06;19;5;3;0;3;0;0;1;0;0;0;0;1;516298,380216836987529;5404785,154122419655323;9,221924901000021;48,795846472000100
87238;08220625311500852290;08;3;15;102;2022;06;14;7;3;8;1;0;0;1;0;0;0;0;0;439774,078931785013992;5294368,784042580053210;8,195736628000081;47,799857793999998
87245;08220718425000938910;08;4;25;020;2022;07;21;2;3;5;3;2;0;1;1;0;0;0;0;558959,600112874992192;5361126,108662759885192;9,796579328000060;48,400535202000100
87246;08220715317500915560;08;3;17;096;2022;07;06;6;3;9;1;0;0;1;0;0;0;0;0;421297,700831029971596;5366595,720826559700072;7,935700080000060;48,447578581000101
87250;08220710121500882690;08;1;25;007;2022;07;13;1;3;0;7;0;0;1;0;0;0;0;0;512498,082194850023370;5453020,429255169816315;9,171664296000070;49,229837619000101
87252;08220706221011914140;08;2;26;098;2022;07;13;4;2;6;2;0;0;0;1;1;0;0;0;478300,638270740979351;5460338,555029509589076;8,701558528000019;49,295407834999999
87257;08220705311400903130;08;3;11;000;2022;07;09;3;2;0;7;0;0;1;0;0;0;0;0;412876,041048410988878;5315335,300120839849114;7,832369588000060;47,985383667000100
87258;08220623311010833410;08;3;36;050;2022;06;18;5;2;6;7;0;0;1;0;1;0;0;0;399034,896961710997857;5275998,352214179933071;7,656081470000060;47,629512859999998
87259;08220702121500877130;08;1;25;007;2022;07;16;7;3;0;7;0;0;1;0;0;0;0;0;512363,977633690985385;5452992,057111679576337;9,169821470000040;49,229585127000099
87263;08220630436000839280;08;4;37;088;2022;06;13;5;2;3;2;0;0;1;1;0;0;0;0;517949,691000000981148;5309257,145999499596655;9,240331720000031;47,936380294000102
87267;08220707436500905030;08;4;36;055;2022;07;13;5;2;5;3;0;0;1;0;0;0;1;0;576583,571886647026986;5297267,048811499960721;10,023185132000000;47,824192553000003
87272;08220709221200881050;08;2;21;000;2022;07;12;7;3;8;1;0;0;1;0;0;0;0;0;481949,549847649992444;5473668,858013460412621;8,751138953000069;49,415432287999998
87273;08220720436200914230;08;4;36;009;2022;07;19;4;3;5;3;0;0;1;1;0;0;0;0;556156,576807637000456;5307920,297107880003750;9,751686374000030;47,922143640000101
87280;08220708335400900590;08;3;35;079;2022;07;16;6;3;5;2;0;0;1;1;0;0;0;0;500763,632076266978402;5296165,705595069564879;9,010201309000021;47,818842638000000
87282;08220617237100826360;08;2;37;028;2022;06;14;6;3;5;3;0;0;1;1;0;0;0;0;456717,250000000000000;5368100,788999520242214;8,414490227000041;48,464551057000101
87287;08220624335100846340;08;3;35;043;2022;06;18;6;3;5;3;0;1;1;1;0;0;0;0;512059,568000000028405;5280892,821999490261078;9,160679088000050;47,681311586000000
87294;08220616121500854260;08;1;25;113;2022;06;13;5;1;8;1;0;0;1;0;0;0;0;0;530674,986204602057114;5451067,615208669565618;9,421174350000060;49,211631218000001
87301;08220723317100955580;08;3;17;089;2022;07;23;7;2;5;3;2;0;1;1;0;0;0;0;432330,184561601025052;5374514,045256639830768;8,083589773000030;48,520089067000100
87303;08220701215302869830;08;2;15;007;2022;07;15;6;3;5;2;0;0;1;1;0;0;0;0;477577,446308397979010;5431774,082286920398474;8,693203898000039;49,038437850999998
87305;08220720231000942530;08;2;31;000;2022;07;07;4;3;6;2;0;0;0;1;1;0;0;0;476442,036873242992442;5415711,812392059713602;8,678598864000040;48,893906915999999
87306;08220616335200798210;08;3;35;063;2022;06;13;5;3;0;1;0;0;1;0;0;0;0;0;495988,962330446986016;5287127,533966559916735;8,946500322000080;47,737509342000102
87309;08220627426010861870;08;4;26;120;2022;06;15;2;2;4;6;0;0;1;0;0;0;0;0;561443,764213682035916;5324838,107741910032928;9,824873643000050;48,073855648000098
87317;08220615425000807720;08;4;25;020;2022;06;13;4;3;5;3;0;0;1;1;0;0;0;0;560518,515130336978473;5365321,239904209971428;9,818244444000070;48,438125232000097
87318;08220617127202810890;08;1;27;014;2022;06;09;6;3;5;3;0;0;1;1;0;0;0;0;575444,864678257028572;5443558,766361299902201;10,034392293000099;49,140220987000099
87322;08220717136300907410;08;1;36;042;2022;07;13;1;2;0;7;0;0;1;0;0;0;0;0;546795,182416766998358;5404153,701950360089540;9,637090869000080;48,788618895000099
87324;08220625311010849740;08;3;11;000;2022;06;09;7;3;1;5;0;0;1;1;0;0;0;0;414003,942999986989889;5315218,071999499574304;7,847505957000070;47,984481801000101