OBJECTID;UIDENTSTLAE;ULAND;UREGBEZ;UKREIS;UGEMEINDE;UJAHR;UMONAT;USTUNDE;UWOCHENTAG;UKATEGORIE;UART;UTYP1;ULICHTVERH;IstStrassenzustand;IstRad;IstPKW;IstFuss;IstKrad;IstGkfz;IstSonstige;LINREFX;LINREFY;XGCSWGS84;YGCSWGS84
87326;08220723211100925380;08;2;11;000;2022;07;17;7;2;8;1;0;0;1;0;0;0;0;0;446442,253293352026958;5404267,409582580439746;8,270832986000070;48,789096083000103
87329;08220719416010917040;08;4;16;025;2022;07;08;3;2;2;6;0;0;1;1;0;0;0;0;509018,263120251009241;5358277,217631409876049;9,121786916000080;48,377597940999998
87330;08220715335100911140;08;3;35;043;2022;07;03;6;2;0;1;2;0;1;0;0;0;0;0;512197,935516975005157;5279292,398945299908519;9,162477953000060;47,666908919999997
87339;08220705435200874740;08;4;35;005;2022;07;10;3;3;0;7;0;0;1;0;0;0;0;0;523537,179999999993015;5285268,250999489799142;9,313838714000040;47,720363566000103
87344;08220714121400983490;08;1;25;013;2022;07;22;5;2;0;1;2;0;1;0;0;0;0;0;504466,431695043982472;5435764,737206820398569;9,061156318000030;49,074727494999998
87350;08220707311010876140;08;3;11;000;2022;07;00;5;3;0;7;2;0;1;0;0;0;0;0;412850,279999984020833;5315337,686999499797821;7,832023930000050;47,985401627999998
87358;08220723311100924400;08;3;15;133;2022;07;19;7;2;4;1;0;0;1;1;0;0;0;0;399952,915487396996468;5328023,228137290105224;7,656255389000020;48,097616318000100
87359;08220623136100971660;08;1;36;088;2022;06;14;5;3;0;7;0;0;1;1;0;0;0;0;579898,630000010016374;5410276,216999529860914;10,088900982000000;48,840314732000103
87369;08220702436300884930;08;4;36;094;2022;07;08;7;3;5;3;0;0;1;1;0;0;0;0;572284,486186668043956;5281691,480932610109448;9,963166935000061;47,684567641000100
87371;08220722118100922110;08;1;18;007;2022;07;07;6;3;0;5;0;0;1;1;0;0;0;0;511067,168306719977409;5427876,809630130417645;9,151320827000060;49,003688185000001
87379;08220704111500872220;08;1;11;000;2022;07;10;2;3;6;2;0;0;0;1;1;0;0;0;515016,669197811977938;5396855,768552959896624;9,204183432000040;48,724546512000103
87380;08220722421200921850;08;4;21;000;2022;07;07;6;3;8;1;0;0;1;0;0;0;0;0;572498,650935427984223;5365119,538493709638715;9,980165099000031;48,435045285000101
87385;08220712226600954980;08;2;26;040;2022;07;09;3;2;4;2;0;0;1;1;0;0;0;0;475047,890580116014462;5494896,345131210051477;8,654645939000030;49,606122272999997
87387;08220720617114919050;08;3;15;030;2022;07;11;4;3;8;1;0;0;1;0;0;0;0;0;406504,225405903998762;5329673,065682140178978;7,743862548000040;48,113451484000102
87389;08220614317300798780;08;3;17;121;2022;06;14;3;3;6;4;0;0;0;1;1;0;0;0;421669,886824566987343;5350275,277972890064120;7,943773367000060;48,300821591000002
87392;08220623121600830230;08;1;25;094;2022;06;15;5;2;0;7;0;0;1;0;0;0;0;0;513867,237601717992220;5437452,291349270381033;9,189933618000049;49,089767813000002
87394;08220708435100880380;08;4;35;016;2022;07;21;6;2;6;4;1;0;0;1;1;0;0;0;536851,141678157029673;5279297,626283519901335;9,490853759000061;47,666021045000001
87395;08220720425000946590;08;4;25;091;2022;07;08;4;3;6;7;0;0;0;1;1;0;0;0;551701,061349397990853;5337131,129545929841697;9,695582080000070;48,185312065000097
87404;08220722135200940540;08;1;35;019;2022;07;22;6;2;8;7;2;0;1;0;0;0;0;0;584995,389292608015239;5390672,520421029999852;10,154301427000100;48,663318803999999
87412;08220717425000922170;08;4;25;020;2022;07;19;1;3;0;1;0;0;1;0;0;0;0;0;557476,282010296010412;5362875,368737819604576;9,776780381000041;48,416408042999997
87414;08220723317500971610;08;3;17;096;2022;07;15;7;3;3;3;0;0;1;1;0;0;0;0;422051,387999992992263;5369731,087999509647489;7,945306298000050;48,475874806999997
87415;08220622317500810840;08;3;17;034;2022;06;07;4;3;5;3;0;1;1;1;0;0;0;0;426868,089361289981753;5361822,819586429744959;8,011849669000069;48,405317449000101
87417;08220708136300908180;08;1;36;040;2022;07;12;6;3;0;7;0;0;1;0;0;0;0;0;565035,533300210954621;5410987,107660690322518;9,886479900000040;48,848444180000101
87424;08220702435100877160;08;4;35;057;2022;07;17;7;3;4;6;0;0;1;0;0;0;0;0;548124,735283509013243;5281138,048993670381606;9,641211232000050;47,681838941000102
87425;08220709435100909260;08;4;35;005;2022;07;16;7;3;8;6;0;0;1;0;0;0;0;0;525917,313097008038312;5286301,368142150342464;9,345635716000061;47,729567815000102
87427;08220620118200806670;08;1;18;019;2022;06;17;2;3;4;6;0;0;1;1;0;0;0;0;504796,683626440004446;5405753,646569860167801;9,065325003000050;48,804754088000003
87428;08220706212010884460;08;2;15;059;2022;07;16;4;2;2;6;0;0;1;1;0;0;0;0;485175,978000001981854;5436660,147999529726803;8,796990849000050;49,082619841000103
87432;08220624135010844160;08;1;35;010;2022;06;23;6;2;6;6;2;1;0;1;1;0;0;0;601107,527148648048751;5395923,888873579911888;10,374340738000100;48,708147004000097
87433;08220702416010885690;08;4;15;061;2022;07;02;7;2;9;7;2;0;1;0;0;0;0;0;514927,727951449982356;5373512,734901989810169;9,202133909000050;48,514551051000097
87436;08220714415200898570;08;4;15;053;2022;07;16;5;3;5;3;0;0;1;1;0;0;0;0;539825,714310348965228;5361597,406876379624009;9,538128564000029;48,406274353000100
87440;08220622126200835900;08;1;26;094;2022;06;09;4;1;2;2;0;0;1;0;0;0;1;0;538577,064876473043114;5454477,608587129972875;9,529995242000039;49,241857133000103
87457;08220629216100836600;08;2;16;009;2022;06;16;4;3;4;2;0;0;1;1;0;0;0;0;446426,813000000023749;5420094,765999530442059;8,268551133000070;48,931463465999997
87458;08220714115100931690;08;1;15;046;2022;07;14;5;3;6;4;0;0;0;1;1;0;0;0;509313,723050384025555;5390701,900959890335798;9,126501271000050;48,669297202999999
87460;08220625136300850040;08;1;36;065;2022;06;23;7;3;5;3;2;0;1;1;0;0;0;0;558838,115540903992951;5405925,826341589912772;9,801287645000061;48,803536454000003
87461;08220703335100080160;08;3;35;043;2022;07;02;1;3;4;6;2;0;1;0;0;0;0;0;512313,326202297990676;5279851,263228249736130;9,164030719000040;47,671935211000097
87465;08220715127200900220;08;1;27;102;2022;07;08;6;3;0;2;0;0;1;0;0;0;0;1;588165,069306047982536;5436055,938319340348244;10,207117765000000;49,071050768000099
87466;08220627117300830920;08;1;17;026;2022;06;17;2;3;6;3;0;0;0;1;1;0;0;0;547605,891251952038147;5394853,074530890211463;9,647052462000030;48,704894141000104
87471;08220705221400886090;08;2;21;000;2022;07;18;3;3;4;2;0;0;1;1;0;0;0;0;477528,367068622028455;5470826,860282380133867;8,690345865000040;49,389721686000001
87474;08220620111500805690;08;1;11;000;2022;06;08;2;3;5;3;0;0;1;1;0;0;0;0;509283,580091464973520;5398326,382985670119524;9,126263319000030;48,737887946999997
87475;08220709115100883760;08;1;15;003;2022;07;13;7;3;4;6;0;0;1;0;0;0;0;0;503717,861140103021171;5392363,094642370007932;9,050511894000071;48,684299889000002
87480;08220714111500895830;08;1;11;000;2022;07;10;5;3;5;3;0;0;1;1;0;0;0;0;508386,299999999988358;5397614,443999519571662;9,114045208000050;48,731496058000097
87484;08220710426100906850;08;4;26;043;2022;07;03;1;3;6;6;2;0;1;0;1;0;0;0;572628,325745946960524;5323535,541936949826777;9,974782658000040;48,060962168000103
87491;08220712116200920810;08;1;16;078;2022;07;16;3;2;0;1;0;0;1;0;0;0;0;0;512313,805787143006455;5393527,281464380212128;9,167333145000040;48,694662592000000
87492;08220624119010846170;08;1;19;044;2022;06;11;6;1;5;3;0;0;1;0;0;0;1;0;540403,727716721943580;5426349,161239299923182;9,552273736000069;48,988723460000102
87497;08220705111500900380;08;1;11;000;2022;07;13;3;3;5;2;0;0;1;1;0;0;0;0;509942,397072518011555;5399226,132315539754927;9,135245390000019;48,745971922000102
87506;08220713119400921450;08;1;19;079;2022;07;18;4;3;5;3;0;0;1;1;0;0;0;0;523636,707911288016476;5408833,842834140174091;9,322078167000029;48,832031843000003
87508;08220710216300059850;08;2;16;043;2022;07;11;1;3;0;1;0;0;1;0;0;0;0;0;444292,450746098998934;5408960,895462050102651;8,240929882000049;48,831125708999998
87511;08220706117400884520;08;1;17;017;2022;07;13;4;3;5;3;0;0;1;1;0;0;0;0;546685,762264886987396;5387692,781281029805541;9,633738660000059;48,640552716999998
87513;08220616135010804370;08;1;35;025;2022;06;14;5;2;0;7;0;0;1;0;0;0;0;0;581779,739454146008939;5399457,820521569810808;10,112379403000000;48,742766482999997
87516;08220623335100815120;08;3;35;066;2022;06;11;5;3;0;1;0;0;1;0;0;0;0;0;505170,364172681991477;5282394,679739279672503;9,068906730000039;47,694916631000098
87522;08220715116200932370;08;1;16;077;2022;07;14;6;3;5;3;0;0;1;1;0;0;0;0;514585,313981304003391;5389618,808284539729357;9,198062763000051;48,659452730000098
87523;08220625436200837730;08;4;36;064;2022;06;16;7;3;5;3;0;0;1;1;0;0;0;0;538933,444666409050114;5292974,293734139762819;9,519811629000060;47,788951390000101
87527;08220614221200862730;08;2;21;000;2022;06;16;3;3;0;7;0;0;1;0;0;0;0;0;478627,254210842016619;5473435,592147479765117;8,705347705000070;49,413226450000103
87532;08220622435100810620;08;4;35;016;2022;06;05;4;3;5;3;0;1;1;1;0;0;0;0;536911,904315748950467;5278828,886114370077848;9,491623481000030;47,661800143999997
87537;08220716121400961020;08;1;25;074;2022;07;01;7;2;0;1;2;0;1;0;0;0;0;0;509957,915525657997932;5438955,776577410288155;9,136426557000050;49,103368005000000
87538;08220628111500860140;08;1;11;000;2022;06;07;3;3;5;7;0;0;1;0;0;0;0;0;513311,850273896008730;5404385,878654450178146;9,181246478000050;48,792325752000103
87540;08220629426010853140;08;4;26;070;2022;06;12;4;3;3;6;0;0;1;0;0;0;1;0;565213,897120433975942;5341778,445954330265522;9,878077229000040;48,225874727000097
87543;08220721436300952300;08;4;36;094;2022;07;19;5;3;6;4;0;0;0;0;1;0;0;1;571899,192277470952831;5282059,511638199910522;9,958094399000061;47,687921577000097
87544;08220620119100856680;08;1;19;018;2022;06;16;2;3;0;1;0;0;1;0;0;0;0;0;528105,092043034965172;5419084,889791539870203;9,383668493000069;48,924060050000001
87546;08220615317010801320;08;3;17;026;2022;06;15;4;2;5;2;0;0;1;1;0;0;0;0;411376,871999985014554;5346510,830999500118196;7,805798474000030;48,265602964999999
87548;08220711436400977910;08;4;36;082;2022;07;00;2;3;0;1;2;0;1;0;0;0;0;0;547510,242633822024800;5294593,447541420347989;9,634493659000039;47,802943184000100
87550;08220702416200888200;08;4;16;041;2022;07;18;7;3;8;3;0;0;1;0;0;0;0;1;505029,071999999985565;5370513,731999520212412;9,068061902000069;48,487728162000103
87558;08220707436000877660;08;4;36;064;2022;07;13;5;3;5;3;0;0;1;1;0;0;0;0;542811,754000002052635;5292571,299999490380287;9,571549760000041;47,785079465000102
87566;08220616215302822780;08;2;15;109;2022;06;14;5;3;3;6;0;0;1;1;0;0;0;0;464150,113698820001446;5438097,222666880115867;8,508930271000050;49,094681026000003
87575;08220701100200916310;08;1;15;003;2022;07;05;6;3;5;3;0;0;1;1;0;0;0;0;500082,719210136972833;5392315,799990730360150;9,001123837000019;48,683885488999998
87577;08220703216100879890;08;2;16;023;2022;07;11;1;3;5;2;0;0;1;0;0;0;1;0;435837,284252999001183;5408608,206269630230963;8,125788215000060;48,827137241000102
87581;08220715212010910390;08;2;15;096;2022;07;10;6;2;0;7;0;0;1;0;0;0;0;0;459851,766499745019246;5414593,320293109863997;8,452376381000020;48,882992751000103
87582;08220627117200842760;08;1;17;024;2022;06;13;2;3;6;4;0;0;0;1;1;0;0;0;560409,625857050996274;5386382,185127980075777;9,819825386000050;48,627587966000100
87583;08220712216200903270;08;2;16;041;2022;07;20;3;3;1;7;0;0;1;1;0;0;0;0;436461,368899186025374;5390606,596666559576988;8,137067336000030;48,665277113000101
87587;08220622336400813750;08;3;36;091;2022;06;17;4;2;0;7;0;0;1;0;0;0;0;0;395830,864655099983793;5274337,499663240276277;7,613841211000020;47,614065788000097
87592;08220716335400941220;08;3;35;079;2022;07;00;7;2;9;1;2;0;1;0;0;0;0;0;500387,909109022002667;5301353,035373870283365;9,005186702000060;47,865515641000101
87595;08220630128300850020;08;1;28;131;2022;06;06;5;3;0;1;0;0;1;0;0;0;0;0;535846,811945114983246;5514507,728514280170202;9,497937937000071;49,781962774000100
87602;08220615317300792460;08;3;17;065;2022;06;16;4;3;5;2;0;0;1;1;0;0;0;0;416353,069275025976822;5354435,159191249869764;7,871268553000050;48,337558779000098
87604;08220712121200889740;08;1;21;000;2022;07;07;3;3;8;7;0;0;1;0;0;0;0;0;515926,449000000022352;5442117,104999540373683;9,218321601000071;49,131679722999998
87605;08220623436200844750;08;4;36;064;2022;06;07;5;3;5;3;0;0;1;1;0;0;0;0;545254,703264808980748;5292293,390395579859614;9,604133070000049;47,782412081000103
87614;08220708136100920640;08;1;36;088;2022;07;08;6;3;8;1;0;0;1;0;0;0;0;0;578466,050986460992135;5412926,950731709599495;10,069888558000100;48,864338902000000
87619;08220712437200890180;08;4;37;114;2022;07;17;3;3;1;5;0;0;1;1;0;0;0;0;515849,559963806997985;5336151,561920129694045;9,213209592000061;48,178405691000101
87620;08220629327200856850;08;3;27;049;2022;06;13;4;2;5;3;0;0;1;0;0;0;0;1;472638,872602230985649;5324459,587316970340908;8,632689244000060;48,072823776000099
87623;08220620221011828670;08;2;21;000;2022;06;17;2;2;5;2;0;0;1;0;0;0;0;1;477527,244544045999646;5474151,843579719774425;8,690142250000060;49,419629376000003
87625;08220615128300821710;08;1;28;131;2022;06;20;4;3;4;2;0;0;1;1;0;0;0;0;536332,407149413018487;5514426,983252099715173;9,504675384000050;49,781207367000000
87628;08220712116200889510;08;1;16;015;2022;07;20;3;2;9;1;0;0;1;0;0;0;0;0;524398,610768130049109;5393102,185653570108116;9,331527117000061;48,690482905000103
87629;08220705415100876220;08;4;15;078;2022;07;18;3;2;0;1;0;0;1;0;0;0;0;0;530007,831488701980561;5369723,099323360249400;9,406054752000051;48,479919171000098
87631;08220702215402870070;08;2;15;029;2022;07;08;7;2;5;3;0;0;1;1;0;0;0;0;468820,531835825997405;5447705,175848790444434;8,572160152000039;49,181360419000001
87634;08220714221300910490;08;2;21;000;2022;07;19;5;3;5;5;0;0;1;0;0;0;0;0;477420,299593863019254;5474489,710602859966457;8,688648473000059;49,422664470000001
87639;08220707311400917490;08;3;15;007;2022;07;08;5;3;5;3;0;0;1;1;0;0;0;0;401411,824313604971394;5295982,233028129674494;7,683188759000070;47,809639238000003
87640;08220715221300923940;08;2;21;000;2022;07;02;6;3;0;1;2;0;1;0;0;0;0;0;477663,072494135994930;5473790,333200220018625;8,692035386000040;49,416382654000103
87642;08220712127202919520;08;1;27;014;2022;07;11;3;3;5;3;0;0;1;1;0;0;0;0;575405,058352360967547;5443661,453503389842808;10,033865831000099;49,141149435000003
87643;08220619127100802870;08;1;27;023;2022;06;10;1;3;0;7;0;0;1;0;0;0;0;0;550248,824000002001412;5425514,508999530225992;9,686732879000029;48,980493158000101
87644;08220709136300882210;08;1;36;065;2022;07;15;7;3;0;1;0;0;1;0;0;0;0;0;555794,650679409969598;5404634,650521860457957;9,759668684000079;48,792202798000098
87645;08220720415400965210;08;4;15;061;2022;07;07;4;3;5;3;0;0;1;1;0;0;0;0;516442,395845200982876;5370234,668145240284503;9,222514516000050;48,485022630000103
87650;08220623117300845000;08;1;17;026;2022;06;09;5;3;4;2;0;0;1;1;0;0;0;0;546791,942262975033373;5395233,613107739947736;9,636033240000071;48,708378880000097
87654;08220617316100848660;08;3;16;011;2022;06;16;6;3;5;3;0;0;1;1;0;0;0;0;413380,554446347989142;5330835,358257129788399;7,835990891000050;48,124879034000102
87658;08220630221300838040;08;2;21;000;2022;06;08;5;3;0;7;0;0;1;0;0;0;0;0;478956,131592601013836;5473667,346323070116341;8,709869377000080;49,415322509000099
87661;08220722121500934710;08;1;25;007;2022;07;19;6;2;3;6;0;0;1;1;0;0;0;0;510848,072000000975095;5452944,063999540172517;9,148999012000051;49,229182151000003
87670;08220707335300976700;08;3;35;035;2022;07;19;5;2;0;3;0;0;1;0;0;1;0;0;483384,875000000989530;5290139,610999490134418;8,778271287000051;47,764409043999997
87677;08220614311010825710;08;3;15;131;2022;06;18;3;3;3;6;0;0;1;1;0;0;0;0;406326,689510332013015;5308029,681151069700718;7,746207438000060;47,918743215000099
87680;08220623216100830730;08;2;16;052;2022;06;22;5;3;7;7;2;1;1;0;0;0;0;1;441201,395028494007420;5416725,833046199753881;8,197699578000030;48,900685898000098
87682;08220709311010898900;08;3;15;089;2022;07;14;7;3;4;6;0;0;1;1;0;0;0;0;407094,456430856022052;5310479,176984050311148;7,755952886000050;47,940888582000099
87684;08220716311010939390;08;3;11;000;2022;07;17;7;3;0;6;0;0;1;1;0;0;0;0;406103,803652187983971;5316854,780027960427105;7,741297916000060;47,998093097999998
87685;08220629221300838130;08;2;21;000;2022;06;16;4;3;6;4;0;0;0;1;1;0;0;0;477667,853053392027505;5473659,954637859947979;8,692108632000039;49,415210095000099
87691;08220621115100812860;08;1;15;013;2022;06;12;3;3;4;2;0;0;1;1;0;0;0;0;495301,183511734008789;5389499,229453310370445;8,936193120000040;48,658529582000000
87695;08220712215502922280;08;2;15;066;2022;07;07;3;3;6;4;0;0;0;1;1;0;0;0;457033,249896185006946;5453470,593786739744246;8,409807712000029;49,232506864000101
87697;08220614118200868740;08;1;18;019;2022;06;17;3;3;1;3;0;0;1;1;0;0;0;0;504608,368848213984165;5405225,116452470421791;9,062754454000070;48,800000897000103
87706;08220719136300926900;08;1;36;065;2022;07;09;3;3;4;6;0;0;1;0;0;0;0;0;558897,005079546011984;5406057,348162109963596;9,802108418000049;48,804713921000001
87707;08220715426300900350;08;4;26;097;2022;07;15;6;3;5;3;0;0;1;1;0;0;0;0;536481,819972626981325;5333514,976931559853256;9,490522649000070;48,153835600000001
87708;08220628226200847500;08;2;26;003;2022;06;12;3;3;0;7;0;0;1;0;0;0;0;0;460281,957530729006976;5462825,933766339905560;8,453500937000060;49,316875423000099
87709;08220713212702964890;08;2;15;017;2022;07;16;4;3;3;6;0;0;1;1;0;0;0;0;457358,530383669014554;5420826,904096299782395;8,417719066000069;48,938899145000100
87710;08220630116200978650;08;1;16;078;2022;06;17;5;3;0;1;0;1;1;0;0;0;0;0;509689,835362964018714;5393322,030454150401056;9,131671129000040;48,692862409000000
87716;08220619335400835060;08;3;35;057;2022;06;13;1;2;8;1;0;0;1;0;0;0;0;0;503250,639000000024680;5305196,919999499805272;9,043492968000070;47,900092381000000
87717;08220615325202806000;08;3;25;072;2022;06;06;4;2;5;3;0;0;1;1;0;0;0;0;471758,799931410001591;5330022,792672639712691;8,620506766000060;48,122836649000099
87718;08220616335100863180;08;3;35;043;2022;06;13;5;2;1;5;0;0;1;1;0;0;0;0;514426,776884378981777;5279911,613367290236056;9,192186679000031;47,672434518000003
87719;08220626136300851440;08;1;36;065;2022;06;17;1;3;0;6;0;0;1;1;0;0;0;0;556978,927377672051080;5407387,262315539643168;9,776173621000050;48,816855415000099
87724;08220714317100896140;08;3;17;110;2022;07;12;5;3;5;2;0;0;1;1;0;0;0;0;426935,902575157990213;5381861,713725339621305;8,009259678000030;48,585576495000097
87726;08220704436200894640;08;4;36;064;2022;07;15;2;3;0;7;0;0;1;0;0;0;0;0;543398,571972490986809;5287908,633476150222123;9,578917886000060;47,743089720000100
87730;08220708121300892760;08;1;21;000;2022;07;21;6;3;0;3;0;0;1;0;0;0;0;1;514605,957000000984408;5442847,286999540403485;9,200246721000040;49,138280774000101
87731;08220720100200916960;08;1;15;002;2022;07;11;4;3;5;3;0;0;1;1;0;0;0;0;500208,107400854001753;5386832,295695000328124;9,002824624000031;48,634555026999998
87734;08220715311010898960;08;3;11;000;2022;07;11;6;3;6;4;0;0;0;1;1;0;0;0;404367,254859931999817;5313757,428522850386798;7,718714804000060;47,969975144999999
87746;08220623325069284350;08;2;37;027;2022;06;11;5;3;6;4;0;0;0;1;1;0;0;0;483343,000747419020627;5367023,674605360254645;8,774709197000050;48,456129669000099
87747;08220702118010890030;08;1;18;067;2022;07;22;7;2;5;3;2;0;1;1;0;0;0;0;504342,923078457009979;5413530,673343620263040;9,059227767000040;48,874718492000099
87748;08220618116100151310;08;1;16;019;2022;06;21;7;3;0;6;1;0;1;1;0;0;0;0;525571,192288958001882;5397131,905600789934397;9,347709469000050;48,726686944999997
87751;08220630337010846070;08;3;37;065;2022;06;11;5;3;3;2;0;0;1;1;0;0;0;0;449423,084999998973217;5274322,787999490275979;8,326906715000060;47,620334030999999
87763;08220614421300977600;08;4;21;000;2022;06;07;3;3;2;2;0;0;0;1;1;0;0;0;570790,409450456965715;5364270,295283329673111;9,956929999000071;48,427600509000101
87766;08220623127100816990;08;1;27;025;2022;06;12;5;3;0;7;0;0;1;0;0;0;0;0;557044,730407731956802;5425451,040142020210624;9,779592755000071;48,979332069000101
87769;08220720325000942150;08;3;26;012;2022;07;16;4;3;6;7;0;0;0;1;1;0;0;0;462668,955000001995359;5310337,614999500103295;8,500081614000070;47,945265026000101
87771;08220716221050917300;08;2;21;000;2022;07;13;7;3;6;4;0;0;0;1;1;0;0;0;482333,573447658971418;5473943,360512269660830;8,756421206000031;49,417912678999997
87776;08220702611051915790;08;3;11;000;2022;07;22;7;3;1;1;2;0;1;1;0;0;0;0;413027,368840062001254;5315368,873587859794497;7,834390440000050;47,985706268000101
87778;08220722221011954610;08;2;26;056;2022;07;12;6;2;8;1;0;0;1;0;0;0;0;0;484486,310167960007675;5468441,767605610191822;8,786316961000070;49,368484901999999
87779;08220620311010845930;08;3;11;000;2022;06;16;2;3;5;3;0;0;1;1;0;0;0;0;413152,369656935974490;5315468,333123619668186;7,836045228000050;47,986617927000097
87784;08220626216300825750;08;2;16;059;2022;06;16;1;3;8;1;0;0;1;0;0;0;0;0;452494,819309287006035;5397121,805596220307052;8,354055064000020;48,725310170000100
87789;08220723335000928500;08;3;35;075;2022;07;14;7;3;5;3;0;0;1;1;0;0;0;0;488512,518999999971129;5290262,245999489910901;8,846696104000049;47,765624248000101
87794;08220719222301947920;08;2;22;000;2022;07;07;3;3;0;3;0;0;1;1;0;0;0;0;462939,929121177992783;5482900,305391949601471;8,488198095000030;49,497603931000100
87798;08220629436400849590;08;4;36;014;2022;06;12;4;3;0;7;0;0;1;0;0;0;0;1;557035,630478978971951;5302255,762930479831994;9,762703081000041;47,871104752000100
87813;08220704311010888300;08;3;36;091;2022;07;08;2;3;0;6;0;1;1;1;0;0;0;0;395510,075999962980859;5271935,986999480053782;7,610146239000070;47,592412144000001
87824;08220708119300947110;08;1;19;084;2022;07;17;6;3;0;1;0;0;1;0;0;0;0;0;546948,146742203971371;5414438,405167359858751;9,640351316000020;48,881121500000098
87835;08220620221300850370;08;2;21;000;2022;06;23;2;3;0;7;2;0;1;0;0;0;0;0;480832,122585198027082;5474079,801879060454667;8,735713334000019;49,419094493000003
87844;08220625327200848710;08;3;27;046;2022;06;15;7;3;0;7;0;0;1;1;0;0;0;0;480037,958530866017099;5325406,101995060220361;8,731973063000050;48,081614118000097
87849;08220719325000954250;08;3;27;050;2022;07;19;3;3;3;3;0;0;1;1;0;0;0;0;489602,231902615982108;5316978,482504329644144;8,860595101000060;48,006017827999997
87853;08220712326200979120;08;3;26;074;2022;07;13;3;3;6;6;0;0;1;0;1;0;0;0;459982,124076300009619;5322991,535064940340817;8,462922064000050;48,058947431000000
87858;08220616215402821860;08;2;15;009;2022;06;21;5;3;0;7;0;0;1;0;0;0;0;0;467375,783939248009119;5437134,043205539695919;8,553191598000071;49,086196536999999
87868;08220722317000941750;08;3;17;110;2022;07;14;6;3;3;6;0;0;1;1;0;0;0;0;427151,248321547987871;5381974,204724430106580;8,012159565000051;48,586613428000099
87875;08220619226300854590;08;2;26;056;2022;06;15;1;3;0;7;0;0;1;0;0;0;0;0;487165,262760423996951;5471410,773137610405684;8,823120384000051;49,395253349000001
87879;08220718136300907430;08;1;36;079;2022;07;11;2;3;1;5;0;0;1;0;0;0;0;1;560265,138361784978770;5402502,638917779549956;9,820217489000070;48,772608073000100
87897;08220616119500796920;08;1;19;042;2022;06;16;5;2;2;6;0;0;1;0;0;0;0;0;526733,157822750043124;5415540,004468889907002;9,364708190000041;48,892232536000101
87900;08220712118010215500;08;1;18;019;2022;07;02;3;2;6;4;2;0;0;0;1;0;0;1;505104,984073225001339;5400483,781300470232964;9,069458233000031;48,757344170000103
87907;08220622212010812100;08;2;12;000;2022;06;13;4;3;5;3;0;1;1;1;0;0;0;0;456364,093818628985900;5426318,549427259713411;8,403551702000071;48,988228170000099
87908;08220701136200869440;08;1;36;019;2022;07;06;6;3;5;3;0;0;1;1;0;0;0;0;582097,923000011942349;5424810,609999530017376;10,121790738000101;48,970750726000098
87913;08220628127100829440;08;1;27;076;2022;06;05;3;3;0;7;0;0;1;0;0;0;0;0;554577,698969215969555;5438825,741685739718378;9,747681710000050;49,099857581000002
87917;08220709317500894350;08;3;17;034;2022;07;22;7;3;8;7;2;0;1;0;0;0;0;0;427303,352708234975580;5361208,701381140388548;8,017836365000051;48,399843668000102
87918;08220721325102920230;08;3;25;070;2022;07;17;5;3;5;3;0;0;1;1;0;0;0;0;461830,730190981004853;5350074,235625280067325;8,485297699000061;48,302711343000098
87920;08220706119010917600;08;1;19;067;2022;07;16;4;2;6;7;0;0;0;1;1;0;0;0;536761,735112785012461;5402035,692541720345616;9,500307755000049;48,770240162999997
87923;08220711415300902460;08;4;15;092;2022;07;12;2;3;0;6;0;0;1;0;0;0;1;0;518679,536214029998519;5363816,521698090247810;9,252502902000060;48,427220022000000
87928;08220714326200894940;08;3;26;061;2022;07;12;5;3;5;3;0;0;1;1;0;0;0;0;470744,770000000018626;5319841,999999499879777;8,607578141000030;48,031195739000097
87930;08220704212402901570;08;2;12;000;2022;07;20;2;3;0;7;1;0;1;0;0;0;0;0;455675,347659120976459;5427624,285889210179448;8,393995498000040;48,999924378000102
87940;08220615118100805800;08;1;18;079;2022;06;09;4;2;0;7;0;0;1;0;0;0;0;0;509795,754663861996960;5423604,760714960284531;9,133833958000031;48,965279961000100
87943;08220705335100965250;08;3;35;043;2022;07;07;3;2;5;2;0;0;1;1;0;0;0;0;511456,591294614016078;5280193,608592890202999;9,152626838000060;47,675031269000002
87948;08220629128300861920;08;1;28;131;2022;06;15;4;3;3;6;0;0;1;1;0;0;0;0;544994,939000000944361;5510148,508999560028315;9,624501008000040;49,742140743000000
87949;08220714118200895050;08;1;18;011;2022;07;12;5;3;0;7;0;0;1;0;0;0;0;0;504770,901000001002103;5407897,333999530412257;9,064998800000071;48,824038688000002
87961;08220718111500945100;08;1;11;000;2022;07;13;2;3;6;2;0;0;0;1;1;0;0;0;514810,783089202013798;5403854,093065500259399;9,201635789000020;48,787507970000000
87971;08220705426010874520;08;4;26;128;2022;07;18;3;2;0;7;0;0;1;0;0;0;0;0;555473,536753830034286;5332348,547225769609213;9,745708437000079;48,141968865000102
87974;08220618111310813480;08;1;11;000;2022;06;22;7;3;6;4;2;0;0;1;1;0;0;0;515561,965570416010451;5405963,406693019904196;9,211942328000021;48,806464744000003
87975;08220716617114914410;08;3;11;000;2022;07;02;7;2;0;7;2;0;1;0;0;0;0;0;414649,782756185973994;5318708,259960950352252;7,855465200000030;48,015963913000100
87977;08220701111130876540;08;1;11;000;2022;07;23;6;3;5;3;2;0;1;1;0;0;0;0;509770,858616965997498;5402659,735558459535241;9,132993501000040;48,776863216000002
87979;08220703231102934890;08;2;36;040;2022;07;04;1;3;0;1;2;0;1;0;0;0;0;0;487763,018377335974947;5422200,655597019940615;8,832855256000069;48,952605618000099