OBJECTID;UIDENTSTLAE;ULAND;UREGBEZ;UKREIS;UGEMEINDE;UJAHR;UMONAT;USTUNDE;UWOCHENTAG;UKATEGORIE;UART;UTYP1;ULICHTVERH;IstStrassenzustand;IstRad;IstPKW;IstFuss;IstKrad;IstGkfz;IstSonstige;LINREFX;LINREFY;XGCSWGS84;YGCSWGS84
87987;08220614317100804420;08;3;17;089;2022;06;16;3;3;5;2;0;0;1;1;0;0;0;0;431878,131738653988577;5375259,504256510175765;8,077346933000060;48,526745725000097
87998;08220713317100896150;08;3;17;001;2022;07;13;4;3;5;3;0;0;1;1;0;0;0;0;432205,512069114018232;5386466,613323920406401;8,079952810000069;48,627590474000002
88009;08220712119400922690;08;1;19;079;2022;07;14;3;3;6;3;0;0;0;1;1;0;0;0;523943,543082508025691;5411440,358001749962568;9,326411432000040;48,855467556000100
88012;08220718118000946370;08;1;18;073;2022;07;13;2;3;6;4;0;0;0;1;1;0;0;0;497385,750999999989290;5420798,531999530270696;8,964300936000029;48,940108102000103
88013;08220715115200939650;08;1;15;021;2022;07;17;6;3;5;3;0;0;1;1;0;0;0;0;490310,826854950981215;5383100,297279549762607;8,868577028000059;48,600906207999998
88031;08220617212010851550;08;2;12;000;2022;06;13;6;2;3;2;0;0;1;1;0;0;0;0;455990,776389101985842;5429338,333596729673445;8,398121968000050;49,015364990000101
88040;08220722317100939230;08;3;17;001;2022;07;09;6;3;5;3;0;0;1;1;0;0;0;0;432190,220999996003229;5386640,940999520011246;8,079716806000020;48,629156900000098
88042;08220708111500908410;08;1;11;000;2022;07;16;6;3;5;2;0;0;1;1;0;0;0;0;518837,351741225982551;5400840,310983450151980;9,256315419000030;48,760287413000100
88051;08220705335010981040;08;3;35;079;2022;07;22;3;2;6;4;2;0;0;1;1;0;0;0;500910,505209315975662;5299702,556948659941554;9,012170816000040;47,850665081000002
88055;08220716426010925260;08;4;25;036;2022;07;16;7;2;4;6;0;0;1;0;0;0;0;1;548788,142168818041682;5340304,573974270373583;9,656759467000031;48,214091707000101
88056;08220629212702864550;08;2;15;017;2022;06;17;4;3;5;3;0;0;1;1;0;0;0;0;457318,173010864004027;5420854,131941010244191;8,417165154000029;48,939141282000001
88057;08220714119500928270;08;1;19;085;2022;07;11;5;3;5;3;0;0;1;1;0;0;0;0;531041,081375577021390;5415102,403533659875393;9,423444407000030;48,888095239000101
88060;08220703216100871410;08;2;16;043;2022;07;15;1;3;5;3;0;0;1;1;0;0;0;0;439876,097169585991651;5413705,045806339941919;8,180062344000021;48,873387090000101
88065;08220626436500837190;08;4;36;079;2022;06;22;1;2;5;2;2;0;1;1;0;0;0;0;553153,205662974040024;5287634,759173830039799;9,708997611000029;47,739895596000103
88066;08220712311010905630;08;3;36;105;2022;07;07;3;3;4;2;0;0;1;1;0;0;0;0;398154,561999966972508;5267885,764999479986727;7,646250622000030;47,556399771000002
88072;08220701416010869950;08;4;15;061;2022;07;17;6;3;0;7;0;0;1;0;0;0;0;0;511061,610750264022499;5364448,259717020206153;9,149543834000040;48,433083320999998
88073;08220708336200908540;08;3;36;082;2022;07;17;6;3;4;6;0;0;1;1;0;0;0;0;415047,157444186974317;5271507,264225769788027;7,870040117000030;47,591409458999998
88075;08220617415200812130;08;4;15;053;2022;06;19;6;3;5;3;0;0;1;1;0;0;0;0;537234,179694831953384;5352323,648966049775481;9,502291953000050;48,323003587000102
88078;08220713221200934010;08;2;21;000;2022;07;18;4;3;5;3;0;0;1;1;0;0;0;0;476997,770000000018626;5471669,191999539732933;8,682985714000040;49,397278532000001
88080;08220702436400884210;08;4;36;012;2022;07;00;7;3;6;6;2;0;0;1;1;0;0;0;547671,233596928999759;5301578,882198790088296;9,637412776000080;47,865778476000102
88081;08220710415100886780;08;4;15;050;2022;07;13;1;3;0;1;0;0;1;0;0;0;0;0;519568,464779493981041;5373403,327505979686975;9,264967613000071;48,513439302999998
88090;08220618421300800450;08;4;25;141;2022;06;09;7;3;1;5;0;0;1;1;0;0;0;0;569179,365543734980747;5362130,781201899982989;9,934802354000061;48,408533901000098
88099;08220719437100921950;08;4;37;124;2022;07;16;3;3;6;6;0;0;0;1;1;0;0;0;512949,455441573983990;5301095,877122679725289;9,173138021000060;47,863071461000096
88107;08220623127100819090;08;1;27;076;2022;06;16;5;2;0;1;0;0;1;0;0;0;0;0;553238,428983577992767;5440177,321797399781644;9,729514298000030;49,112132035000101
88112;08220716231000912210;08;2;37;074;2022;07;17;7;3;5;3;0;0;1;1;0;0;0;0;470528,031542675977107;5370724,682895299978554;8,601125514000049;48,488954976999999
88114;08220713225100295320;08;2;25;067;2022;07;17;4;3;2;6;0;0;1;1;0;0;0;0;510083,429000000003725;5462486,076999540440738;9,138737116000071;49,315027192000102
88117;08220703118500906300;08;1;18;053;2022;07;12;1;3;4;2;0;0;1;1;0;0;0;0;515095,353000000992324;5427570,988999529741704;9,206386298000041;49,000851784000098
88131;08220704435100884890;08;4;35;029;2022;07;17;2;3;2;6;0;0;1;1;0;0;0;0;543930,820172226987779;5272522,351763740181923;9,584469571000060;47,604619757000101
88140;08220712436400929460;08;4;36;011;2022;07;08;3;3;3;6;0;0;1;0;0;0;0;1;548748,019876569043845;5297201,988674899563193;9,651316365000071;47,826319405000000
88142;08220710136200896350;08;1;36;075;2022;07;01;1;2;8;1;2;1;1;0;0;0;0;0;599585,695497561013326;5421524,916951810009778;10,359876812000000;48,938631331000103
88144;08220620135010807490;08;1;35;031;2022;06;16;2;3;5;3;0;0;1;1;0;0;0;0;594932,031257972004823;5378978,040180889889598;10,286539631000000;48,556708088000100
88148;08220718435100943620;08;4;35;016;2022;07;09;2;3;5;3;0;0;1;1;0;0;0;0;538996,678848300012760;5283608,233354079537094;9,519816123000060;47,704679108000100
88154;08220716436500946390;08;4;37;065;2022;07;03;7;2;0;1;2;0;1;0;0;0;0;0;514782,768099222972523;5316813,035108920186758;9,198189434000030;48,004442892000000
88155;08220714111500908620;08;1;11;000;2022;07;11;5;3;0;3;0;0;1;0;0;0;1;0;516643,679510111978743;5407401,850935449823737;9,226732688000030;48,819376730000002
88158;08220722435200984620;08;4;35;059;2022;07;14;6;2;0;1;0;0;1;0;0;0;0;0;515201,416355655994266;5291047,800187439657748;9,202894688000070;47,772615367000100
88169;08220718216300910960;08;2;16;059;2022;07;18;2;3;0;1;0;0;1;0;0;0;0;0;452766,430368673987687;5396941,374103319831192;8,357768681000040;48,723707745000098
88177;08220713617114916720;08;3;11;000;2022;07;15;4;3;3;2;0;0;1;1;0;0;0;0;414458,781999988015741;5316051,485999490134418;7,853434252000060;47,992039687000002
88178;08220630231000856840;08;2;31;000;2022;06;07;5;3;4;2;0;0;1;1;0;0;0;0;479524,057000002008863;5417605,168999530375004;8,720551341000030;48,911048434000101
88182;08220621111500832460;08;1;11;000;2022;06;16;3;3;5;2;0;0;1;1;0;0;0;0;513196,104040467005689;5406690,831659819930792;9,179744633000039;48,813063304000103
88183;08220707127202901150;08;1;27;014;2022;07;17;5;3;0;2;0;0;1;1;0;0;0;0;578345,146767925005406;5442819,617801000364125;10,074005973000100;49,133210168000097
88184;08220715128200902290;08;1;28;115;2022;07;14;6;3;5;7;0;0;1;1;0;0;0;0;548272,083825511974283;5496866,749120989814401;9,668343021000060;49,622431352000000
88186;08220712311010890190;08;3;15;056;2022;07;15;3;3;0;1;0;0;1;0;0;0;0;0;415358,246407576021738;5311218,632048320025206;7,866439808000050;47,948685591000100
88193;08220720118600915700;08;1;18;050;2022;07;15;4;3;3;2;0;0;1;1;0;0;0;0;504454,268716451013461;5420345,521363150328398;9,060820622000049;48,936022438000101
88196;08220715415400575500;08;4;15;061;2022;07;17;6;3;2;6;0;0;1;1;0;0;0;1;514927,429128171992488;5375728,928926959633827;9,202209213000060;48,534488619000101
88205;08220615436500792300;08;4;36;052;2022;06;12;4;3;6;4;0;0;0;1;1;0;0;0;566020,657000003033318;5293192,591999489814043;9,881458859000080;47,788708022000002
88209;08220624117200982800;08;1;17;024;2022;06;17;6;3;3;2;0;0;1;1;0;0;0;0;560196,571210735011846;5386470,970868749544024;9,816947198000040;48,628407162000002
88212;08220714237100896030;08;2;37;045;2022;07;20;5;3;3;6;0;0;1;1;0;0;0;0;459732,531030472018756;5361661,678848540410399;8,455896519000021;48,406824483000001
88213;08220625335400849400;08;3;35;021;2022;06;15;7;3;4;6;0;0;1;1;0;0;0;0;493234,297000000020489;5306349,756999500095844;8,909458062000059;47,910437386000098
88222;08220712435100887650;08;4;35;035;2022;07;07;3;3;0;1;0;0;1;0;0;0;0;0;541732,464975874056108;5281077,453598259948194;9,556039649000070;47,681738076999999
88226;08220706118600877170;08;1;18;076;2022;07;11;4;3;5;3;0;0;1;1;0;0;0;0;498685,761236030026339;5429824,578064519912004;8,982024141000069;49,021307348999997
88227;08220615126200824680;08;1;26;066;2022;06;16;4;3;4;6;0;0;1;1;0;0;0;0;534779,389034593012184;5451116,499165070243180;9,477531011000050;49,211851701999997
88229;08220718416100926910;08;4;16;006;2022;07;17;2;3;6;4;0;0;0;1;1;0;0;0;498090,303518752974924;5359863,176319720223546;8,974203312000039;48,391927716000097
88237;08220703226600900530;08;2;26;107;2022;07;00;1;3;0;7;2;0;1;0;0;0;0;0;474422,528144726005848;5482974,854308609850705;8,646764797000060;49,498867319000098
88239;08220621311010837800;08;3;11;000;2022;06;20;3;3;0;7;0;0;1;0;0;0;0;0;414602,797329643974081;5317493,532831929624081;7,855077181000070;48,005030712000099
88243;08220712231000903740;08;2;31;000;2022;07;16;3;3;5;3;0;0;1;1;0;0;0;0;480103,678414965979755;5418309,432730560190976;8,728427384000041;48,917402639000002
88256;08220620215502806130;08;2;15;106;2022;06;06;2;3;2;2;0;0;1;1;0;0;0;0;466001,107831798028201;5454940,303528560325503;8,532860885000050;49,246290470000098
88259;08220616317100798560;08;3;17;110;2022;06;14;5;3;8;1;0;0;1;0;0;0;0;0;427272,147205631015822;5382142,240667649544775;8,013769307000080;48,588138950000001
88261;08220711421000915420;08;4;21;000;2022;07;15;2;2;5;3;0;0;1;1;0;0;0;0;572158,765887449029833;5356817,703887719660997;9,974143738000070;48,360407186000003
88264;08220702118000884770;08;1;15;021;2022;07;18;7;3;0;7;0;0;1;0;0;0;0;0;488388,783183788997121;5384563,214009149931371;8,842465785000060;48,614034195000002
88272;08220708116010916580;08;1;16;049;2022;07;20;6;3;5;3;0;0;1;1;0;0;0;0;524204,155000002007000;5386663,673999520018697;9,328508292000040;48,632569632000099
88285;08220708336100961280;08;3;36;084;2022;07;08;6;3;3;6;0;0;1;1;0;0;0;0;405603,064292473020032;5277245,102352970279753;7,743217143000040;47,641718873000102
88287;08220617311010797760;08;3;11;000;2022;06;19;6;3;0;7;0;0;1;0;0;0;0;0;414751,453357919992413;5319070,658519580028951;7,856756232000070;48,019237394000100
88288;08220716212010949320;08;2;12;000;2022;07;18;7;3;0;1;0;0;1;0;0;0;0;0;456562,199307423026767;5428233,985116540454328;8,406054585000049;49,005471743999998
88291;08220630211100848240;08;2;11;000;2022;06;06;5;3;3;6;0;0;1;0;0;0;0;1;443151,320770577993244;5401372,834987900219858;8,226432591000050;48,762766825000000
88292;08220624222700864030;08;2;22;000;2022;06;14;6;3;5;3;0;0;1;1;0;0;0;0;463241,280616133008152;5480781,579807730391622;8,492556620000070;49,478565392000100
88293;08220703415300896410;08;4;15;059;2022;07;13;1;2;0;1;0;0;1;0;0;0;0;0;516376,206804289016873;5367266,179335529915988;9,221502523000030;48,458318710000100
88295;08220722212010934400;08;2;15;099;2022;07;06;6;2;5;2;0;0;1;1;0;0;0;0;463352,376540054974612;5447112,564615329727530;8,497183778000020;49,175727553999998
88300;08220626421300824370;08;4;21;000;2022;06;20;1;3;4;6;0;0;1;0;0;1;0;0;570682,463660367997363;5361379,923662279732525;9,954983950000040;48,401612921000002
88303;08220717437100922150;08;4;37;100;2022;07;19;1;2;5;2;0;0;1;1;0;0;0;0;542890,180736629990861;5316965,557644570246339;9,575021583000019;48,004546971000103
88304;08220705118100897240;08;1;18;079;2022;07;07;3;3;4;6;0;0;1;0;0;0;0;1;510252,061332284007221;5421728,160473859868944;9,140020947000041;48,948391307000101
88305;08220723327100960970;08;3;27;050;2022;07;13;7;3;5;3;0;0;1;1;0;0;0;0;487234,000254789018072;5316210,022264899685979;8,828866762000080;47,999060962999998
88307;08220701136300884400;08;1;36;065;2022;07;06;6;2;5;3;0;1;1;1;0;0;0;0;558236,047534888028167;5404693,836756560020149;9,792914508000020;48,792511322999999
88309;08220720317300912680;08;3;17;065;2022;07;06;4;3;5;3;0;0;1;1;0;0;0;0;415612,582049236982130;5352975,934597150422633;7,861570698000040;48,324334743000101
88314;08220713111500925320;08;1;11;000;2022;07;07;4;3;6;4;0;0;0;1;1;0;0;0;514769,691881362989079;5403041,936720919795334;9,201047187000031;48,780202869999997
88321;08220615417010861780;08;4;17;031;2022;06;12;4;2;0;7;0;0;0;0;1;0;0;1;497251,826524042990059;5355950,166945899836719;8,962902526000050;48,356720852000102
88325;08220619111210943440;08;1;11;000;2022;06;05;1;3;0;7;1;0;1;0;0;0;0;0;510224,878799739002716;5397216,964563139714301;9,139038094000060;48,727892870000098
88326;08220717336100948410;08;3;36;084;2022;07;15;1;3;8;7;0;0;1;0;0;0;0;0;403576,826308205025271;5283774,255750119686127;7,714805733000050;47,700152834999997
88332;08220707335300905710;08;3;35;075;2022;07;12;5;3;6;4;0;0;0;1;1;0;0;0;487684,364718205993995;5289760,714516240172088;8,835658395000049;47,761096413000097
88338;08220721118100919610;08;1;18;015;2022;07;18;5;3;6;4;0;0;0;1;1;0;0;0;507177,437268900976051;5429750,470022079534829;9,098169971000059;49,020600346000002
88340;08220615118010833880;08;1;18;054;2022;06;20;4;2;6;4;0;0;0;1;1;0;0;0;518334,582216034003068;5423324,899023800157011;9,250481715000030;48,962568114000099
88341;08220616226100813890;08;2;26;013;2022;06;10;5;3;0;7;0;0;1;0;0;0;0;0;497370,015208145021461;5478832,683038500137627;8,963706036000080;49,462142624000101
88342;08220719115100947000;08;1;15;003;2022;07;08;3;3;5;2;0;0;1;1;0;0;0;0;500355,548669316980522;5393185,918703669682145;9,004831292000061;48,691713074000099
88343;08220705317600873350;08;3;17;146;2022;07;11;3;3;9;1;0;0;1;0;0;0;0;0;430372,213175303011667;5355111,221940870396793;8,060301950000049;48,345340904000103
88345;08220702118400887090;08;1;18;048;2022;07;23;7;3;6;7;2;0;0;1;1;0;0;0;512678,350399982009549;5417221,402059749700129;9,173018529000050;48,907804930000097
88348;08220714118010942340;08;1;18;063;2022;07;20;5;3;4;6;0;0;1;0;0;0;0;0;514909,513899040000979;5421343,736755079589784;9,203617233000051;48,944838417000000
88353;08220706435100950120;08;4;35;016;2022;07;00;4;3;0;1;2;0;1;0;0;0;0;0;536745,006538675981574;5278208,862517620436847;9,489348550000051;47,656231048999999
88356;08220712221011913670;08;2;21;000;2022;07;08;3;2;5;3;0;0;1;1;0;0;0;0;482454,568000001017936;5473741,273999550379813;8,758098356000060;49,416098437000102
88358;08220614311010791630;08;3;36;091;2022;06;17;3;3;4;6;0;0;1;0;0;0;0;0;395434,008754912996665;5271851,551234479993582;7,609154880000060;47,591640366999997
88371;08220624436400848740;08;4;36;082;2022;06;10;6;3;5;2;0;0;1;1;0;0;0;0;547323,465610899962485;5294366,199306519702077;9,631974632000039;47,800912402000101
88384;08220714435100895940;08;4;35;035;2022;07;06;5;3;1;5;0;0;1;1;0;0;0;0;540092,512820353033021;5280286,616318089887500;9,534117447000030;47,674726477999997
88390;08220720116100914760;08;1;16;019;2022;07;05;4;3;0;1;0;0;1;0;0;0;0;0;525085,127402693964541;5397934,900193319655955;9,341149091000030;48,733930342000100
88391;08220719216000948360;08;2;11;000;2022;07;22;3;2;4;6;2;0;1;1;0;0;0;0;438541,304766078013927;5404573,439167720265687;8,163230214000070;48,791118173000001
88392;08220716116400939770;08;1;16;033;2022;07;18;7;2;0;1;0;0;1;0;0;0;0;0;534410,144759049988352;5389247,791666490025818;9,467238584000031;48,655337672000002
88395;08220629311010847740;08;3;11;000;2022;06;23;4;3;0;7;2;0;1;0;0;0;0;0;412892,286419762007426;5315334,958826020359993;7,832587330000020;47,985382809999997
88401;08220615231202809960;08;2;36;070;2022;06;13;4;3;5;3;0;0;1;1;0;0;1;0;469009,708999999973457;5416382,422999530099332;8,577151327000021;48,899612245000100
88403;08220801118500987230;08;1;18;049;2022;08;15;2;3;6;3;0;0;0;1;1;0;0;0;519160,983252928010188;5421044,215121690183878;9,261664330000031;48,942026934000097
88409;08220724111240080260;08;1;11;000;2022;07;05;1;2;8;7;0;0;1;0;0;0;0;0;517920,484923183976207;5404250,517890499904752;9,243988568000081;48,790992319000097
88422;08220807121500020510;08;1;25;111;2022;08;14;1;2;5;2;0;0;1;0;0;1;0;0;528444,083598947036080;5458011,321611749939620;9,391037213000059;49,274197666000099
88429;08220814128100025060;08;1;28;020;2022;08;21;1;2;9;7;1;0;1;0;0;0;0;0;575266,268923321971670;5477018,579899949952960;10,038245134000000;49,441170143000100
88434;08220806215102014720;08;2;15;102;2022;08;17;7;3;8;7;0;0;1;1;0;0;0;0;456641,256682306993753;5438205,288594010286033;8,406068064000070;49,095169722999998
88435;08220814317300036460;08;3;17;114;2022;08;18;1;3;1;5;0;0;1;1;0;0;0;0;405646,941973189997952;5347163,231215129606426;7,728460920000030;48,270643360000101
88439;08220724317100945210;08;3;17;089;2022;07;21;1;3;0;1;0;0;1;0;0;0;0;0;428741,370970595977269;5378817,478890690021217;8,034259598000061;48,558401597000099
88444;08220801119500005470;08;1;19;085;2022;08;17;2;3;5;3;0;0;1;1;0;0;0;0;530996,884772434947081;5415070,636673750355840;9,422839110000041;48,887811691000103
88447;08220729231000955270;08;2;36;062;2022;07;18;6;2;0;1;0;0;1;0;0;0;0;0;487532,718999999982771;5405457,983999519608915;8,830220091000060;48,801987807000003
88450;08220811212402014190;08;2;12;000;2022;08;20;5;3;5;2;0;0;1;1;0;0;0;0;454025,025032027973793;5426645,772427240386605;8,371544499000040;48,991001862000097
88457;08220804316200996660;08;3;16;014;2022;08;07;5;3;3;6;0;0;1;1;0;0;0;0;424605,292836500972044;5331584,861631990410388;7,986672203000070;48,133049888000102
88460;08220726212102973640;08;2;12;000;2022;07;20;3;3;5;3;0;0;1;1;0;0;0;0;459008,646930586022791;5428312,782912610098720;8,439496328000081;49,006347882000100
88461;08220810415112001950;08;4;15;061;2022;08;14;4;3;0;3;0;0;1;1;0;0;0;0;513265,426512888981961;5377571,866481210105121;9,179754295000070;48,551105560000103
88463;08220802118100987760;08;1;18;079;2022;08;15;3;3;5;2;0;0;1;1;0;0;0;0;509781,887310873018578;5422952,127890270203352;9,133628811000049;48,959409323000003
88464;08220803337010993170;08;3;37;039;2022;08;20;4;2;5;6;0;0;1;0;0;0;0;1;443809,204000000027008;5291944,904999489895999;8,249931022000061;47,778415647000003
88468;08220812326100078990;08;3;26;027;2022;08;20;6;3;2;6;1;0;1;0;0;1;0;0;460799,319000001996756;5303707,686999499797821;8,475648471000060;47,885504236000003
88475;08220805215302073070;08;2;15;089;2022;08;12;6;2;5;3;0;0;1;1;0;0;0;0;468839,769498865003698;5431168,116131720133126;8,573700388000081;49,032607255000102
88476;08220813415400651400;08;4;15;061;2022;08;13;7;2;5;3;0;0;1;1;0;0;0;0;510850,061000000976492;5370118,348999519832432;9,146830899000070;48,484097599999998
88478;08220728212010942080;08;2;12;000;2022;07;09;5;3;5;3;0;0;1;1;0;0;0;0;455225,614439401018899;5429023,040237509645522;8,387692881000021;49,012473845999999
88483;08220804121500000980;08;1;25;007;2022;08;00;5;2;6;7;2;0;1;0;1;0;0;0;511464,155000002007000;5453042,427999540232122;9,157463734000030;49,230055733000000
88487;08220730436500971700;08;4;36;049;2022;07;21;7;3;0;1;1;1;1;0;0;0;0;0;577934,532921983045526;5283582,692664659582078;10,038777498000099;47,700924755000102
88490;08220801437200985560;08;4;37;101;2022;08;11;2;2;0;1;0;0;1;0;0;0;0;0;522087,104098813026212;5324577,763616220094264;9,296516588000030;48,074091510000102
88491;08220803116200022310;08;1;16;015;2022;08;08;4;3;1;5;0;0;1;1;0;0;0;0;523695,456951069994830;5393312,811076790094376;9,321984938000069;48,692404780000103
88496;08220812128100028230;08;1;28;007;2022;08;06;6;2;1;2;0;0;1;1;0;0;0;0;554817,120310808997601;5482575,448296929709613;9,756963922000070;49,493337447000002
88498;08220730136010961170;08;1;36;082;2022;07;11;7;2;0;7;0;0;1;0;0;0;0;0;585822,218856211053208;5417204,742083179764450;10,171067387000100;48,901838808000001
88500;08220727222014074650;08;2;22;000;2022;07;09;4;2;5;7;0;0;1;1;0;0;0;0;461784,978000000002794;5481020,145999549888074;8,472430616000050;49,480621235999998
88505;08220725426100930290;08;4;26;021;2022;07;12;2;3;3;2;0;0;1;1;0;0;0;0;559317,391954677994363;5326117,647695399820805;9,796507991000061;48,085568002000102
88507;08220811311400038060;08;3;15;022;2022;08;14;5;3;5;3;0;0;1;1;0;0;0;0;398232,945224135997705;5301548,774690840393305;7,639433134000060;47,859214938999997
88512;08220731311100955260;08;3;15;015;2022;07;02;1;3;8;1;2;0;1;0;0;0;0;0;398842,121508560026996;5319600,676640819758177;7,643332737000040;48,021683736999996
88518;08220810435100003460;08;4;35;024;2022;08;17;4;2;2;6;0;0;1;0;0;0;0;0;529313,185733685968444;5279816,678108350373805;9,390486440000069;47,671076814000102
88519;08220728117010971200;08;4;25;031;2022;07;16;5;2;5;3;0;0;1;0;0;0;0;1;569086,164437709958293;5368126,204014199785888;9,934531762000059;48,462474784000101
88526;08220728416200993450;08;4;16;041;2022;07;08;5;3;4;6;0;0;1;0;0;0;0;0;505208,380716191022657;5373427,536008019931614;9,070524963000031;48,513940428000097
88528;08220725116010931860;08;1;16;027;2022;07;19;2;3;5;3;0;0;1;1;0;0;0;0;533331,602013038005680;5394468,151929980143905;9,453014973000050;48,702357663000001
88532;08220801127202986860;08;1;27;075;2022;08;16;2;3;5;3;0;0;1;1;0;0;0;0;571003,940918768988922;5466465,778978000395000;9,977573105000030;49,346774418000102
88535;08220809119100010720;08;1;19;008;2022;08;11;3;3;6;4;0;0;0;1;1;0;0;0;532089,875009063049220;5421080,055088560096920;9,438221094000030;48,941813703000001
88544;08220813119500019730;08;1;19;089;2022;08;11;7;3;3;6;0;0;1;1;0;0;0;0;529284,974661109969020;5412343,975333919748664;9,399291711000050;48,863367019000101
88550;08220812119400026230;08;1;19;079;2022;08;21;6;3;0;7;2;0;1;0;0;0;0;0;524031,782227458024863;5407963,428973680362105;9,327410415000029;48,824186662000002
88551;08220724117010947160;08;4;25;008;2022;07;10;1;2;0;1;0;0;1;0;0;0;0;0;564202,765396615024656;5382005,878042429685593;9,870619466000051;48,587844349000100
88554;08220807136200027740;08;1;36;010;2022;08;02;1;2;9;1;2;0;1;0;0;0;0;0;602895,239161618985236;5410421,465945020318031;10,402260305000000;48,838235421999997
88557;08220804335200993370;08;3;35;063;2022;08;18;5;3;0;1;0;0;1;0;0;0;0;0;501747,882707336975727;5291024,183577610179782;9,023329129000050;47,772579829999998
88567;08220808135100998200;08;1;35;020;2022;08;16;2;3;8;7;0;0;1;0;0;0;0;0;586878,697180496994406;5386873,884665969759226;10,179075739000000;48,628893769000101
88569;08220812335200004800;08;3;35;025;2022;08;11;6;2;3;6;0;0;1;0;0;0;0;0;496589,787279076990671;5279768,885881139896810;8,954571754000030;47,671302257999997
88571;08220726316100935930;08;3;16;011;2022;07;10;3;3;2;6;0;0;1;0;0;0;0;0;415668,261513241974171;5329155,164443450048566;7,867059602000040;48,110072511000098
88574;08220727436000963450;08;4;36;008;2022;07;15;4;3;5;3;0;0;1;1;0;0;0;0;549908,231000002007931;5308901,608999489806592;9,668168817000041;47,931489169000002
88582;08220724426300963150;08;4;26;014;2022;07;12;1;3;2;6;0;0;1;0;0;0;0;0;545788,388487744960003;5318585,668660510331392;9,614048159000051;48,018921486000103
88586;08220727311400944160;08;3;15;130;2022;07;19;4;3;3;6;0;0;1;1;0;0;0;0;415653,195510088000447;5305915,412723040208220;7,871427433000060;47,901019099000102
88595;08220729435100975880;08;4;35;057;2022;07;18;6;3;0;3;0;1;1;1;0;0;0;0;544081,896000000997446;5279698,317999489605427;9,587202375000061;47,669173724000103
88599;08220813136100022940;08;1;36;082;2022;08;16;7;3;0;1;0;0;1;0;0;0;0;0;587311,770000015036203;5416119,578999520279467;10,191156213000101;48,891870869999998
88605;08220803335010988070;08;3;35;028;2022;08;20;4;3;0;7;0;0;1;0;0;0;0;0;483402,770338588976301;5286680,452129989862442;8,778642110000019;47,733285669000097
88609;08220812326200037870;08;3;26;074;2022;08;18;6;3;0;1;0;0;1;0;0;0;0;0;465655,625245456001721;5323802,299723490141332;8,538997951000059;48,066572395999998
88618;08220806231102003990;08;2;36;033;2022;08;14;7;3;0;7;0;1;1;0;0;0;0;0;481331,075738961983006;5426985,605299529619515;8,744782576000031;48,995488210000097
88623;08220729335400972780;08;3;35;079;2022;07;17;6;3;5;3;0;0;1;1;0;0;0;0;501411,457152331015095;5298828,058040649630129;9,018864239000040;47,842795934000002
88624;08220731127202956850;08;1;27;014;2022;07;16;1;3;8;7;0;0;1;0;0;0;0;0;581101,556035624002106;5440569,058857410214841;10,111332843000101;49,112611607000098
88627;08220812221200162720;08;2;21;000;2022;08;07;6;3;5;3;0;0;1;1;0;0;0;0;477691,924452835984994;5472973,317549199797213;8,692479082000030;49,409034787000103
88628;08220725215502973300;08;2;15;107;2022;07;18;2;3;5;3;0;0;1;0;0;0;0;0;462267,044395788980182;5456723,547046340070665;8,481389556000069;49,262111639000103
88632;08220727326400979000;08;3;26;041;2022;07;15;4;3;3;1;0;0;1;1;0;0;0;0;464984,641375725972466;5330991,136648629792035;8,529401800000070;48,131211921000002
88636;08220729317300962610;08;3;17;073;2022;07;18;6;3;8;6;0;0;1;0;0;0;0;1;411481,737995152012445;5348660,379097700119019;7,806761046000080;48,284952388000100
88637;08220807435100002230;08;4;35;057;2022;08;21;1;3;4;6;2;0;1;0;0;0;0;0;543657,114161171950400;5281815,944998290389776;9,581756045000080;47,688255316000003
88638;08220809311010010450;08;3;11;000;2022;08;19;3;2;8;1;0;0;1;0;0;0;0;0;416482,711398545012344;5309315,658622659742832;7,881865388000050;47,931714902000103
88644;08220727221200063360;08;2;21;000;2022;07;00;4;3;6;4;2;0;0;0;1;0;0;1;477687,309949594025966;5472956,910283960402012;8,692416393000030;49,408887037000099
88645;08220801116500002350;08;1;16;081;2022;08;14;2;3;2;6;0;0;1;1;0;0;1;0;514523,532660897006281;5386162,742335109971464;9,197102615000061;48,628362979000002
88656;08220805118010019760;08;1;15;021;2022;08;12;6;3;8;7;0;0;1;0;0;0;0;1;488271,118783588986844;5384214,710038069635630;8,840879242000030;48,610896793000101
88661;08220728335200949600;08;3;35;063;2022;07;06;5;2;4;6;0;0;1;0;0;0;0;0;495758,448806828993838;5287328,322839790023863;8,943423751000070;47,739314483999998
88671;08220810127010999910;08;1;27;043;2022;08;10;4;3;6;4;0;0;0;1;1;0;0;0;562883,394643028033897;5441948,722212770022452;9,861938707000039;49,127154007999998
88672;08220728118100076610;08;1;18;079;2022;07;18;5;3;5;3;0;0;1;0;0;0;0;1;509900,654514142021071;5422572,409808070398867;9,135242031000081;48,955991619000002
88673;08220801311010999770;08;3;15;047;2022;08;10;2;3;3;2;0;0;1;1;0;0;0;0;415870,462691607011948;5320408,026788040064275;7,871497308000070;48,031415901999999
88684;08220801118100985880;08;1;18;079;2022;08;11;2;3;5;3;0;0;1;1;0;0;0;0;509881,981338366982527;5422513,487846730276942;9,134985528000071;48,955461874999997