OBJECTID;UIDENTSTLAE;ULAND;UREGBEZ;UKREIS;UGEMEINDE;UJAHR;UMONAT;USTUNDE;UWOCHENTAG;UKATEGORIE;UART;UTYP1;ULICHTVERH;IstStrassenzustand;IstRad;IstPKW;IstFuss;IstKrad;IstGkfz;IstSonstige;LINREFX;LINREFY;XGCSWGS84;YGCSWGS84
88685;08220805117300007110;08;1;17;026;2022;08;04;6;3;5;3;2;0;1;1;0;0;0;0;548726,043000000994653;5393991,771999520249665;9,662174714000059;48,697059803000101
88690;08220724117010927380;08;1;17;018;2022;07;10;1;2;9;1;0;0;1;0;0;0;0;0;538104,872939544962719;5395824,035879890434444;9,518011826000080;48,714281462000002
88691;08220803111250080310;08;1;11;000;2022;08;21;4;2;0;7;2;0;1;0;0;0;0;0;518302,872168197995052;5403474,214209109544754;9,249160168000060;48,783997657999997
88695;08220809335300002370;08;3;35;100;2022;08;15;3;3;8;1;0;0;1;0;0;0;0;0;487843,565999999991618;5286768,130999489687383;8,837866434000031;47,734173520000098
88697;08220812121200054960;08;1;21;000;2022;08;10;6;2;5;2;0;0;1;1;0;0;0;0;515905,533886872988660;5442090,549205769784749;9,218033849000051;49,131441386000098
88701;08220727311010939680;08;3;15;003;2022;07;07;4;3;0;7;0;0;1;0;0;0;0;0;412666,161101170990150;5312263,173336650244892;7,830181775000030;47,957720177000098
88704;08220813337010017570;08;3;37;051;2022;08;10;7;2;4;2;0;0;1;1;0;0;0;0;437974,699518454028293;5287518,455945690162480;8,172688093000030;47,738057195000103
88711;08220807117200994510;08;1;17;024;2022;08;15;1;3;0;1;0;0;1;0;0;0;0;0;560197,450953132007271;5385133,626460219733417;9,816765004000050;48,616377272000101
88713;08220808337010017580;08;3;37;126;2022;08;08;2;2;0;1;0;0;1;0;0;0;0;0;447153,639840146002825;5276325,382178240455687;8,296464767000030;47,638170382000098
88714;08220804335200988740;08;3;35;025;2022;08;10;5;3;5;3;0;0;1;1;0;0;0;0;497800,397999999986496;5280192,070999490097165;8,970696450000050;47,675115202000001
88720;08220728222600076620;08;2;22;000;2022;07;13;5;3;0;1;0;0;1;0;0;0;0;0;463135,394235930987634;5483098,613905560225248;8,490878864000020;49,499399524000097
88723;08220806235100992080;08;2;35;065;2022;08;09;7;3;6;4;0;0;0;1;1;0;0;0;473930,439811112999450;5403828,578188669867814;8,645089888000030;48,786908394000100
88726;08220812325302007660;08;3;25;001;2022;08;17;6;3;6;2;0;0;0;1;1;0;0;0;455431,691820117994212;5346257,318815859965980;8,399415694000030;48,267954916000100
88727;08220725231102933640;08;2;36;046;2022;07;15;2;3;0;7;0;0;1;0;0;0;0;0;484630,050321914022788;5417142,546320989727974;8,790253039000049;48,907034613000100
88731;08220727326400960080;08;3;26;075;2022;07;17;4;3;2;6;0;0;1;1;0;0;0;0;460487,997000001021661;5317740,860999500378966;8,470195562000070;48,011739982999998
88736;08220809215302063470;08;2;15;007;2022;08;16;3;3;0;3;0;0;1;0;0;0;0;1;476791,818000000028405;5427766,295999529771507;8,682683997000030;49,002356948000099
88741;08220730119100061760;08;1;19;087;2022;07;17;7;3;5;3;0;0;1;1;0;0;0;0;529251,104000000050291;5424599,398999529890716;9,399708590000049;48,973612595000098
88742;08220807335400013870;08;3;35;098;2022;08;00;1;3;4;6;2;0;1;0;0;0;0;0;502603,862316515005659;5296147,931893530301750;9,034784710000050;47,818677903000001
88747;08220725436400980200;08;4;36;082;2022;07;07;2;3;0;2;0;0;1;1;0;0;0;0;547650,120497117983177;5294686,292966750450432;9,636371795000059;47,803768169000101
88749;08220811216200015470;08;2;16;007;2022;08;21;5;3;5;3;2;0;1;1;0;0;0;0;436946,289332792977802;5393804,247016189619899;8,143164645000070;48,694089480000102
88750;08220728311010945010;08;3;11;000;2022;07;18;5;3;3;6;0;0;1;1;0;0;0;0;411638,032427717989776;5316010,767251020297408;7,815642486000060;47,991289848000100
88751;08220802225100076360;08;2;25;058;2022;08;09;3;3;6;3;0;0;0;1;1;0;0;0;510787,945554647012614;5467090,945671370252967;9,148555079000060;49,356436222000099
88752;08220803311300996620;08;3;11;000;2022;08;18;4;3;4;2;0;0;1;1;0;0;0;0;418269,346253319992684;5315389,075350379571319;7,904625996000050;47,986579343000102
88755;08220808335000998610;08;3;35;025;2022;08;12;2;2;0;1;0;0;1;0;0;0;0;0;496610,459705656976439;5279768,127835930325091;8,954847142000061;47,671295546000103
88756;08220804127202012900;08;1;27;014;2022;08;18;5;3;6;7;0;0;1;0;1;0;0;0;578307,040390453999862;5443281,179137109778821;10,073573338000100;49,137366227000001
88758;08220725222600963890;08;2;22;000;2022;07;16;2;3;2;2;0;0;1;1;0;0;0;0;462427,829684387019370;5485633,988381720148027;8,480866136000030;49,522160402000097
88760;08220730435200950850;08;4;35;047;2022;07;20;7;3;0;1;0;0;1;0;0;0;0;0;510531,965980642999057;5297593,728568489663303;9,140730325000050;47,831605418999999
88761;08220810336100004810;08;3;36;084;2022;08;12;4;3;0;7;0;0;1;0;0;0;0;0;405363,399770445015747;5277414,811432139948010;7,739990376000040;47,643210508999999
88766;08220808116100996020;08;1;16;019;2022;08;11;2;3;0;1;0;0;1;0;0;0;0;0;523078,761470949975774;5398864,989277049899101;9,313915746000021;48,742374871999999
88772;08220813128100025040;08;1;28;082;2022;08;15;7;3;4;2;0;0;1;1;0;0;0;0;566411,969980178051628;5472403,073827270418406;9,915351328000041;49,400691109000000
88792;08220729212702984570;08;2;15;108;2022;07;15;6;3;4;6;0;0;1;0;0;0;0;0;446600,182492495980114;5424166,926940119825304;8,270384081000030;48,968107399000097
88794;08220724215102926460;08;2;15;109;2022;07;14;1;3;0;2;0;0;1;1;0;0;0;0;464009,318000000028405;5438167,524999530054629;8,506995472000030;49,095305185000001
88796;08220729435100956050;08;4;35;030;2022;07;14;6;3;4;2;0;0;1;0;0;0;0;0;541154,590999998967163;5271733,891999489627779;9,547461518000031;47,597707903000099
88797;08220807335100022380;08;3;35;043;2022;08;17;1;3;0;1;0;0;1;0;0;0;0;0;510210,964169410988688;5281774,538523970171809;9,136069397000030;47,689276816000103
88802;08220725325000982170;08;3;26;003;2022;07;11;2;2;6;4;0;0;1;0;1;0;0;0;468862,723498839011882;5314905,290762480348349;8,582692013000040;47,986691490000098
88805;08220728326200058650;08;3;26;061;2022;07;06;5;2;5;3;0;0;1;1;0;0;0;0;470997,666172260011081;5320269,213366019539535;8,610941410000070;48,035050884000000
88806;08220802212010024400;08;2;12;000;2022;08;17;3;2;5;2;0;0;1;1;0;0;0;0;462920,330000001005828;5421460,348999530076981;8,493605979000050;48,944955587999999
88808;08220806326300992310;08;3;26;052;2022;08;10;7;3;5;3;0;0;1;1;0;0;0;0;450332,871089456020854;5330577,005787629634142;8,332545542000050;48,126511317999999
88824;08220728436400943080;08;4;36;082;2022;07;14;5;3;5;3;0;0;1;1;0;0;0;0;548793,916294503025711;5295270,279157330282032;9,651712008000059;47,808936544000098
88829;08220727317200941060;08;3;17;057;2022;07;05;4;3;5;3;1;0;1;1;0;0;0;0;411896,082561602001078;5381418,705343140289187;7,805457713000070;48,579656962000101
88844;08220801116100985670;08;1;16;019;2022;08;07;2;3;8;1;0;0;1;0;0;0;0;0;526229,806020973948762;5396986,121242679655552;9,356655650000050;48,725348116000099
88845;08220805226300020030;08;2;26;022;2022;08;11;6;2;0;1;0;0;1;0;0;0;0;0;481341,339663202990778;5467503,155303450301290;8,743043068000080;49,359953942000097
88846;08220813337200030580;08;3;37;106;2022;08;11;7;3;6;4;0;0;0;1;1;0;0;0;458804,929673546983395;5288175,700006489641964;8,450449134000049;47,745637066000000
88848;08220811337010030040;08;3;37;076;2022;08;07;5;2;5;3;0;0;1;1;0;0;0;0;426385,658077372005209;5267151,196189260110259;8,021559671000031;47,553606301000102
88858;08220726426100939130;08;4;26;062;2022;07;17;3;3;2;6;0;0;1;1;0;0;0;0;555319,114000004017726;5319411,714999499730766;9,741957068000030;48,025598711000001
88864;08220731118010975560;08;1;15;050;2022;07;09;1;2;0;1;0;0;1;0;0;0;0;0;488039,023944501997903;5404199,571387030184269;8,837151588000040;48,790677203000001
88885;08220805127202015800;08;1;27;073;2022;08;15;6;3;0;2;0;0;1;1;0;0;0;0;578649,180090841953643;5445770,345462160184979;10,078749102000099;49,159709556000102
88888;08220809117300998010;08;1;17;043;2022;08;11;3;3;0;7;0;0;1;0;0;0;0;0;552078,454019258962944;5389253,873826770111918;9,707132881000060;48,654169490000100
88897;08220726119500967700;08;1;19;042;2022;07;23;3;3;8;1;2;0;1;0;0;0;0;0;528609,594087415025569;5415193,217743310146034;9,390282666000081;48,889029188999999
88899;08220810436400033770;08;4;36;011;2022;08;15;4;3;5;2;0;0;1;1;0;0;0;0;548644,698630740982480;5297105,199192820116878;9,649925123000060;47,825456424999999
88909;08220731115400953970;08;1;15;045;2022;07;12;1;3;0;7;0;0;1;0;0;0;0;0;499906,956000000005588;5394604,323999520391226;8,998735373000050;48,704473270000101
88911;08220805116500013170;08;1;16;046;2022;08;09;6;3;3;6;0;0;1;1;0;0;0;0;524396,305314749013633;5376602,011854490265250;9,330525379000051;48,542046307000099
88912;08220813121200034130;08;1;21;000;2022;08;17;7;3;5;2;0;0;1;1;0;0;0;0;516441,845558391010854;5443718,698938650079072;9,225451996000061;49,146073012000002
88913;08220725416000937890;08;4;16;025;2022;07;12;2;3;5;3;0;0;1;1;0;0;0;0;504959,995739729027264;5362685,598640929907560;9,067034281000080;48,417303148000002
88914;08220727121400969390;08;1;25;108;2022;07;19;4;2;0;7;0;0;0;0;1;0;0;1;494760,630888663989026;5433868,348666589707136;8,928284849000020;49,057662428000100
88915;08220811117300003330;08;1;17;026;2022;08;21;5;3;5;3;2;0;1;1;0;0;0;0;547791,497693413053639;5395409,529329149983823;9,649639460000060;48,709885532999998
88917;08220802117010998890;08;1;17;006;2022;08;10;3;3;0;6;0;0;1;1;0;0;0;0;554175,719287766027264;5384295,783818280324340;9,734959548000059;48,609390898000100
88919;08220807116200993810;08;1;16;078;2022;08;08;1;3;0;1;0;0;1;0;0;0;0;0;512899,124200561025646;5390594,336924539878964;9,175195510000041;48,668265779000102
88921;08220804231102063580;08;2;36;033;2022;08;16;5;2;5;3;0;0;1;1;0;0;0;0;482326,601584302028641;5430362,688090500421822;8,758244950000060;49,025896125000003
88927;08220814215502033160;08;2;15;111;2022;08;10;1;3;2;2;0;0;1;1;0;0;0;0;458136,081000000995118;5447729,317999539896846;8,425553999000041;49,180941408000102
88930;08220801335100080470;08;3;35;043;2022;08;10;2;3;5;2;0;0;1;1;0;0;0;0;510391,521203965006862;5288031,805698449723423;9,138624715000050;47,745574363000102
88931;08220803115400988040;08;1;15;054;2022;08;08;4;3;5;3;0;0;1;1;0;0;0;0;493193,694000001996756;5395623,819999519735575;8,907473935000040;48,713607587000098
88932;08220806216200036670;08;2;16;041;2022;08;13;7;3;5;2;0;0;1;0;0;1;0;0;435139,735999996017199;5391459,839999520219862;8,118986334000059;48,672816248000103
88934;08220728426300960900;08;4;26;097;2022;07;14;5;3;5;3;0;0;1;1;0;0;0;0;536952,698021400021389;5333787,498337609693408;9,496877348000060;48,156260175000099
88935;08220811436100016360;08;4;36;055;2022;08;11;5;3;6;4;0;0;0;1;1;0;0;0;579175,295425708056428;5296675,781965839676559;10,057697468000100;47,818559743000002
88937;08220730237100994610;08;2;37;028;2022;07;06;7;2;9;1;1;0;1;0;0;0;0;0;455828,660617016023025;5368511,018624540418386;8,402427134000050;48,468179690000099
88943;08220726135010974550;08;1;35;010;2022;07;19;3;2;2;6;0;0;1;1;0;0;0;0;601192,988928513019346;5392451,350794520229101;10,374651461999999;48,676902855000002
88945;08220811221011032840;08;2;21;000;2022;08;09;5;3;0;7;0;0;0;0;1;0;0;1;477366,653941515018232;5468463,033502359874547;8,688252052000051;49,368453336000101
88946;08220724136100965230;08;1;36;088;2022;07;17;1;3;8;7;0;0;1;0;0;0;0;0;586211,328912155004218;5410854,328051060438156;10,175037223000100;48,844669666000101
88947;08220803111320004740;08;1;11;000;2022;08;19;4;3;0;7;0;0;1;0;0;0;0;0;516652,980436821002513;5407418,603782390244305;9,226860071000029;48,819527186000101
88948;08220729435200971820;08;4;35;036;2022;07;16;6;3;0;7;0;1;1;0;0;0;0;0;519952,594691686972510;5282508,811889699660242;9,265917036000079;47,695656131000099
88950;08220731311010953080;08;3;11;000;2022;07;10;1;3;0;7;0;0;1;0;0;0;0;0;414077,931721766013652;5315816,329427069984376;7,848377599000060;47,989873301999999
88954;08220725222700933040;08;2;22;000;2022;07;16;2;3;3;2;0;0;1;1;0;0;0;0;462378,200103059003595;5481985,293201619759202;8,480528024000019;49,489339299999997
88956;08220811121500041780;08;1;25;063;2022;08;17;5;3;5;2;0;0;1;1;0;0;0;0;526496,684193399967626;5463257,658418970182538;9,364613734000050;49,321475798000101
88957;08220728211100944150;08;2;11;000;2022;07;17;5;3;5;3;0;0;1;0;0;0;0;1;442858,345461122982670;5402717,613952590152621;8,222259518000040;48,774836485999998
88958;08220802121200002460;08;1;21;000;2022;08;12;3;3;6;7;0;0;1;0;1;0;0;0;514758,007233513984829;5441495,486967819742858;9,202281826000050;49,126117221000101
88966;08220810121500001410;08;1;25;068;2022;08;12;4;3;5;3;0;0;1;1;0;0;0;0;517908,073340511007700;5457678,053923590108752;9,246179506000029;49,271599289000100
88974;08220811436400005810;08;4;36;082;2022;08;13;5;2;5;3;0;0;1;1;0;0;0;0;548025,768378639011644;5296211,505986990407109;9,641557272000060;47,817462469000098
88977;08220730117010947670;08;1;17;026;2022;07;00;7;2;0;1;2;0;1;0;0;0;0;0;548654,449864930007607;5394681,479177310131490;9,661283117000041;48,703269642000102
88978;08220807226400992400;08;2;26;037;2022;08;01;1;3;6;6;2;0;1;0;1;0;0;0;465737,696644612005912;5468666,560686440207064;8,528063946000030;49,369741121000096
88981;08220804335300988720;08;3;35;015;2022;08;11;5;3;3;6;0;0;1;0;0;0;0;0;475928,198092448001262;5281848,477497830055654;8,679221722000021;47,689574402000098
88984;08220727416100991750;08;4;16;048;2022;07;14;4;3;5;3;0;0;1;1;0;0;0;0;496788,997629532997962;5375469,061583580449224;8,956505144000060;48,532320122999998
88998;08220804415100001660;08;4;15;050;2022;08;12;5;3;5;3;0;0;1;1;0;0;0;0;520015,585203434980940;5377626,188218349590898;9,271224621000041;48,551415116999998
89000;08220729311010972690;08;3;11;000;2022;07;16;6;3;3;2;0;0;1;1;0;0;0;0;412890,677432417985983;5318051,262093730270863;7,832014348000030;48,009816608000101
89006;08220730121300974690;08;1;21;000;2022;07;14;7;3;7;1;0;0;1;0;0;0;0;0;514589,625130605010781;5443967,565046840347350;9,200063376000060;49,148358440999999
89009;08220808136100020010;08;1;36;050;2022;08;07;2;3;5;2;0;0;1;1;0;0;0;0;581809,640299258986488;5404286,695954269729555;10,113746118000099;48,786194842000000
89012;08220725121400964190;08;1;25;056;2022;07;17;2;3;5;3;0;0;1;1;0;0;0;0;511137,664271448971704;5436290,235346379689872;9,152515961000059;49,079370052999998
89013;08220726316100949350;08;3;16;037;2022;07;10;3;3;0;7;0;0;1;0;0;0;0;0;407416,386261058971286;5337601,782276500016451;7,754389746000070;48,184902197000000
89018;08220806126200992380;08;1;26;066;2022;08;11;7;3;3;2;0;0;1;1;0;0;0;0;539626,627411096007563;5447673,216371140442789;9,543742420000060;49,180585393999998
89020;08220809311400000350;08;3;15;006;2022;08;16;3;3;0;7;0;0;1;0;0;0;0;0;402414,529261092015076;5305102,464766260236502;7,694520355000070;47,891829351000098
89025;08220810118100000230;08;1;18;079;2022;08;10;4;3;6;4;0;0;0;1;1;0;0;0;508048,573048633988947;5421406,659774409607053;9,109919784000059;48,945531793999997
89031;08220811135100002990;08;1;35;015;2022;08;22;5;3;2;6;2;0;1;1;0;0;0;0;577421,806696263025515;5384403,425627339631319;10,050294134000101;48,607915019000103
89033;08220802335300993260;08;3;35;097;2022;08;18;3;3;5;3;0;0;1;1;0;0;0;0;484808,462676063005347;5297717,532156409695745;8,797003509000040;47,832626124000100
89037;08220731231000973510;08;2;36;062;2022;07;18;1;3;5;3;0;0;1;1;0;0;0;0;486917,866113656025846;5405932,073392209596932;8,821831936000020;48,806240022000097
89041;08220726335100939330;08;3;35;043;2022;07;19;3;3;0;1;0;0;1;0;0;0;0;0;513200,895000000018626;5279617,621999490074813;9,175847259000021;47,669815474000103
89052;08220726317500935670;08;3;17;096;2022;07;18;3;3;5;3;0;0;1;1;0;0;0;0;422796,185435325023718;5368540,881217310205102;7,955601867000040;48,465260853000103
89054;08220814135200036640;08;1;35;026;2022;08;15;1;2;5;2;0;0;1;1;0;0;0;0;591382,980000020004809;5394786,605999520048499;10,241938716000000;48,699419079000101
89058;08220729215502969970;08;2;15;106;2022;07;07;6;3;5;2;0;0;1;1;0;0;0;0;466061,473000001977198;5453473,510999539867043;8,533814467000070;49,233100105000098
89067;08220812317100026000;08;3;17;089;2022;08;00;6;3;0;7;2;0;1;0;0;0;0;0;431572,945985235972330;5376534,276552700437605;8,073004701000061;48,538179319999998
89070;08220730436400949900;08;4;36;009;2022;07;13;7;3;4;6;0;0;1;1;0;0;0;0;557129,587797636981122;5307420,761039230041206;9,764643237000030;47,917563573999999
89071;08220811121500016340;08;1;25;065;2022;08;20;5;3;0;7;1;0;1;0;0;0;0;0;515930,126793218019884;5448490,830341460183263;9,218624236000039;49,189013198000097
89076;08220807421300019920;08;4;25;039;2022;08;12;1;3;0;1;0;0;1;0;0;0;0;0;563069,671120658982545;5349160,810832840390503;9,850310174000070;48,292501774000101
89078;08220729121200977420;08;1;21;000;2022;07;23;6;3;0;7;2;0;1;0;0;0;0;0;515041,485412409994751;5441636,092594210058451;9,206172561000070;49,127375146000098
89082;08220807435200008030;08;4;35;066;2022;08;14;1;3;0;1;0;0;1;0;0;0;0;0;518123,717132841993589;5286916,988900950178504;9,241726382000021;47,735372841000100
89094;08220729435200076490;08;4;35;066;2022;07;07;6;3;4;6;0;0;1;0;0;0;0;0;519609,101000001013745;5287280,735999490134418;9,261553982000070;47,738602221000100
89097;08220731226700175490;08;2;26;103;2022;07;12;1;3;4;6;0;0;1;0;0;0;0;0;469822,189571501978207;5456224,057236569933593;8,585263650000060;49,258038169000002
89098;08220804336200011080;08;3;36;105;2022;08;07;5;3;5;2;0;0;1;1;0;0;0;0;399989,331463029026054;5267268,362993420101702;7,670772385000020;47,551131181000102
89099;08220813215102022600;08;2;12;000;2022;08;17;7;3;0;7;0;0;1;0;0;0;0;0;461301,546117062971462;5430429,977961979806423;8,470645407000060;49,025540526999997
89102;08220810435100999740;08;4;35;030;2022;08;11;4;3;0;1;0;0;1;0;0;0;0;0;541978,510536544024944;5271646,020790809765458;9,558412815000050;47,596864461000102
89109;08220804212010988640;08;2;12;000;2022;08;08;5;3;5;3;0;0;1;0;0;0;0;1;459085,212080884026363;5429600,974109309725463;8,440413349000041;49,017940459000002
89113;08220731117200957110;08;1;17;024;2022;07;19;1;2;0;1;0;0;1;0;0;0;0;0;561422,561044230009429;5385166,458967559970915;9,833390465000040;48,616553533000101
89114;08220814311010012650;08;3;11;000;2022;08;15;1;3;0;1;0;0;1;0;0;0;0;0;414601,158943240996450;5318450,710450629703701;7,854864602000020;48,013640662999997
89116;08220728111500088820;08;1;11;000;2022;07;12;5;2;6;2;0;0;0;1;1;0;0;0;515737,599000002024695;5399005,567999520339072;9,214068021000060;48,743868257000003
89121;08220808118010020470;08;1;15;021;2022;08;22;2;3;6;2;2;0;0;1;1;0;0;0;490022,073882415017579;5382281,966017239727080;8,864680086000019;48,593539781000104
89146;08220813435100179440;08;4;35;016;2022;08;20;7;3;0;1;1;0;1;0;0;0;0;0;536516,244938052026555;5279162,708441030234098;9,486381856000040;47,664826133000098
89147;08220726121500969080;08;1;25;065;2022;07;07;3;3;5;3;0;0;1;1;0;0;0;0;516250,068000000028405;5449074,392999540083110;9,223038655000041;49,194254094000001
89148;08220809116400023910;08;1;16;027;2022;08;13;3;3;0;1;0;0;1;0;0;0;0;0;533534,428236035048030;5394226,692754169926047;9,455751914000070;48,700174672999999
89152;08220729426200966320;08;4;26;020;2022;07;11;6;3;5;3;0;0;1;0;0;0;0;1;543693,578405814012513;5330642,377981839701533;9,587189945000031;48,127537591000099
89160;08220728335400942580;08;3;35;098;2022;07;10;5;2;0;1;0;0;1;0;0;0;0;0;499449,908000000985339;5294389,215999499894679;8,992653613000069;47,802858917000002
89161;08220802116010011160;08;1;16;019;2022;08;02;3;1;6;7;2;1;0;1;1;0;0;0;520040,755108883022331;5398722,606685100123286;9,272586588000021;48,741199165000097
89166;08220812325000026200;08;3;25;045;2022;08;16;6;2;0;1;0;0;1;0;0;0;0;0;468151,865134901017882;5350766,789963410235941;8,570481486000061;48,309291739999999
89168;08220726317300962410;08;3;17;031;2022;07;13;3;3;4;6;0;0;1;0;0;0;0;0;418083,080035010993015;5361384,165842969901860;7,893255007000050;48,400291279999998
89169;08220730435200971840;08;4;35;067;2022;07;11;7;3;0;1;0;0;1;0;0;0;0;0;529844,103756082011387;5292577,960998830385506;9,398433462000069;47,785870863000099
89172;08220801235200985780;08;2;35;080;2022;08;22;2;3;0;7;2;1;1;0;0;0;0;0;481220,985999999975320;5385833,105999520048499;8,745160608000051;48,625284223999998
89173;08220803116200988320;08;1;16;077;2022;08;16;4;3;2;6;0;0;1;1;0;0;0;0;515868,681486041983590;5389092,408710209652781;9,215470077000020;48,654685909000101
89183;08220727215402968700;08;2;15;084;2022;07;16;4;3;0;1;0;0;1;0;0;0;0;0;472156,982406017021276;5444174,564851069822907;8,618185543000040;49,149762545000002
89185;08220805118010011340;08;1;15;028;2022;08;17;6;3;0;6;0;0;1;1;0;0;0;0;501434,238076643028762;5405534,809254829771817;9,019531821000040;48,802802299000099
89186;08220813426100022000;08;4;26;021;2022;08;22;7;3;0;7;2;0;1;0;0;0;0;0;558333,216312561999075;5327279,593833159655333;9,783452638000030;48,096111942000100
89191;08220802311010989660;08;3;36;103;2022;08;18;3;3;6;4;0;0;0;1;1;0;0;0;415446,595680564991198;5285221,479680529795587;7,872699623000070;47,714834665000097
89192;08220730121600973460;08;1;25;102;2022;07;17;7;3;0;7;0;0;1;0;0;0;0;0;521228,827958388021216;5445633,599998660385609;9,291191669000060;49,163151225000000
89194;08220731237100953190;08;2;37;004;2022;07;21;1;3;0;7;2;0;1;0;0;0;0;0;454140,204020929988474;5374152,457065629772842;8,378966694000040;48,518808548000003
89195;08220808336400013180;08;3;36;091;2022;08;17;2;3;0;7;0;0;1;0;0;0;0;0;394712,504169598978478;5271717,893597549758852;7,599593084000050;47,590321349000099
89200;08220810316100012360;08;3;16;011;2022;08;13;4;3;5;3;0;0;1;1;0;0;0;0;412750,343882277025841;5331281,096061890013516;7,827432558000050;48,128802414000099
89202;08220802118500987040;08;1;18;021;2022;08;18;3;3;2;6;0;0;1;1;0;0;0;0;521266,207433709001634;5427313,928058800287545;9,290740864000041;48,998357636000001
89203;08220803435100032580;08;4;35;057;2022;08;05;4;3;0;7;1;1;1;0;0;0;0;1;544074,839000000967644;5279695,028999489732087;9,587108044000050;47,669144613000100
89206;08220729211000982310;08;2;11;000;2022;07;10;6;2;8;1;0;0;1;1;0;0;0;0;449341,821267311985139;5395178,559882789850235;8,311424371000040;48,707581576999999
89207;08220811317100031400;08;3;17;116;2022;08;19;5;3;5;3;0;0;1;1;0;0;0;0;433097,039942847972270;5387697,887614630162716;8,091851486000049;48,638761869000099
89224;08220812336300014140;08;3;36;057;2022;08;01;6;3;5;3;2;0;1;1;0;0;0;0;408635,029635695973411;5277555,098066180013120;7,783509863000060;47,644942565000100
89233;08220805311010999600;08;3;15;131;2022;08;16;6;2;0;1;0;0;1;0;0;0;0;0;405697,825070791004691;5306407,702660360373557;7,738147148000050;47,904061093000102
89236;08220812116200058000;08;1;16;078;2022;08;18;6;2;8;1;0;0;1;0;0;0;0;0;508355,937879062024876;5394674,928642950020730;9,113572770000079;48,705052467000002
89248;08220728335100967070;08;3;35;066;2022;07;13;5;3;5;3;0;0;1;1;0;0;0;0;508934,603000000002794;5281668,006999489851296;9,119058706000031;47,688337191000102
89252;08220731335100952710;08;3;35;002;2022;07;18;1;3;5;3;0;0;1;1;0;0;0;0;505302,301676133996807;5284770,199887589551508;9,070693987000030;47,716289647000103
89255;08220812215402008540;08;2;15;009;2022;08;17;6;2;4;6;0;0;1;1;0;0;0;0;470335,081460412999149;5443539,122047839686275;8,593249039000060;49,143961322999999
89256;08220725226600967530;08;2;26;096;2022;07;15;2;3;3;6;0;1;1;0;0;0;1;0;476119,062981388997287;5489263,226237820461392;8,669813489000029;49,555498139000100
89257;08220726231000939050;08;2;31;000;2022;07;14;3;3;0;1;0;0;1;0;0;0;0;0;478143,773383670020849;5416099,771711099892855;8,701794545000039;48,897459233000099
89258;08220810435200013610;08;4;35;053;2022;08;16;4;3;0;7;0;0;1;0;0;0;0;0;507176,424896284996066;5293608,345572399906814;9,095826971000060;47,795793269999997
89266;08220811436200063200;08;4;36;095;2022;08;19;5;3;5;3;0;0;1;1;0;0;0;0;537789,807999999960884;5293869,596999499946833;9,504621208000060;47,797074709000100
89268;08220730136100965610;08;1;36;002;2022;07;08;7;2;0;7;0;0;1;0;0;0;0;0;572505,429567329003476;5417319,505440009757876;9,989407517000069;48,904572971999997
89271;08220801121600985820;08;1;25;001;2022;08;22;2;3;5;3;2;0;1;1;0;0;0;0;521262,079000000027008;5435619,472999529913068;9,291120082000020;49,073069847000099
89277;08220809317500996930;08;3;17;096;2022;08;07;3;3;5;5;0;0;1;1;0;0;0;0;421789,177564844023436;5370126,991361560299993;7,941684979000060;48,479403355000002
89291;08220802417010999360;08;4;17;008;2022;08;07;3;2;3;6;0;0;1;1;0;0;0;0;492361,869415094028227;5351157,652214740402997;8,896980182000050;48,313564071000002
89294;08220727231102970410;08;2;36;038;2022;07;14;4;3;5;3;0;0;1;1;0;0;0;0;487584,855204785999376;5426398,867107650265098;8,830293610000069;48,990367589000101
89296;08220804335200989450;08;3;35;063;2022;08;19;5;3;5;3;0;0;1;1;0;0;0;0;496904,275000002002344;5287958,349999490194023;8,958702952000070;47,744989727000103
89299;08220725415400945610;08;4;15;061;2022;07;08;2;3;0;7;0;0;1;0;0;0;0;0;511587,339736568974331;5364198,122117839753628;9,156644312000029;48,430823508000103
89300;08220727116010963020;08;1;16;056;2022;07;17;4;3;5;3;0;0;1;1;0;0;0;0;531328,411839070962742;5394807,607980759814382;9,425815875000071;48,705515182000099
89314;08220810435100012090;08;4;35;035;2022;08;19;4;3;2;6;0;0;1;1;0;0;0;0;541939,919748850050382;5281964,751912239938974;9,558888896000040;47,689707898000101
89317;08220803212702017140;08;2;15;017;2022;08;23;4;3;0;1;2;0;1;0;0;0;0;0;457280,850038202013820;5420588,194009380415082;8,416683399000020;48,936746529000096
89321;08220729119400955950;08;1;19;091;2022;07;11;6;3;0;7;0;0;1;0;0;0;0;0;527545,924895826959983;5406842,633376169949770;9,375211037000041;48,813958399999997
89326;08220727136300968270;08;1;36;043;2022;07;07;4;3;5;3;0;0;1;1;0;0;0;0;570579,374750611954369;5408394,146511759608984;9,961589115000040;48,824515787000102
89328;08220805317100009560;08;3;17;118;2022;08;07;6;3;5;3;0;1;1;1;0;0;0;0;435640,494830732000992;5385323,566176329739392;8,126740980000021;48,617671508999997
89334;08220724115100973090;08;1;15;002;2022;07;12;1;3;5;3;0;0;1;1;0;0;0;0;499933,428882230015006;5386700,589343080297112;8,999096457000061;48,633370202999998
89340;08220813121600010060;08;1;25;094;2022;08;14;7;2;0;1;0;0;1;0;0;0;0;0;514278,944040306028910;5436735,801442109979689;9,195547241000041;49,083313263000001
89343;08220810316100023640;08;3;16;043;2022;08;19;4;3;0;1;0;0;1;0;0;0;0;0;409662,059999982011504;5329604,408999499864876;7,786293291000050;48,113289766999998