OBJECTID;UIDENTSTLAE;ULAND;UREGBEZ;UKREIS;UGEMEINDE;UJAHR;UMONAT;USTUNDE;UWOCHENTAG;UKATEGORIE;UART;UTYP1;ULICHTVERH;IstStrassenzustand;IstRad;IstPKW;IstFuss;IstKrad;IstGkfz;IstSonstige;LINREFX;LINREFY;XGCSWGS84;YGCSWGS84
89348;08220724136010945650;08;1;36;010;2022;07;01;1;1;6;6;2;0;0;1;1;0;0;0;600344,536945860018022;5417463,187331830151379;10,369236940000100;48,901980899000101
89353;08220731336400954900;08;3;36;006;2022;07;13;1;3;8;6;0;0;1;0;0;0;0;0;390483,794521561998408;5285705,626171129755676;7,539862582000070;47,715438071999998
89357;08220726436400975630;08;4;36;082;2022;07;07;3;3;0;1;0;1;1;0;0;0;0;0;547220,778346498031169;5294151,104391659609973;9,630579977000020;47,798984744000101
89359;08220728317300955000;08;3;17;026;2022;07;17;5;3;5;2;0;0;1;0;0;0;0;1;412257,917257376015186;5345311,796816970221698;7,817916680000050;48,254940486000102
89365;08220808136200009760;08;1;36;019;2022;08;17;2;3;7;7;0;0;1;0;0;0;0;0;582534,376516005955637;5423628,376470490358770;10,127513484000101;48,960059665000102
89374;08220802111500003620;08;1;11;000;2022;08;23;3;3;1;3;2;0;1;1;0;0;0;0;512779,573949741024990;5407593,679056890308857;9,174099212000041;48,821193901000100
89377;08220729317600947050;08;3;17;041;2022;07;11;6;3;8;1;0;0;1;0;0;0;0;0;438452,237442340992857;5348182,818026510067284;8,170348572000020;48,283853821999998
89381;08220812116400053820;08;1;16;012;2022;08;00;6;2;8;1;2;0;1;0;0;0;0;0;536222,904085134039633;5383603,205183990299702;9,491358974000040;48,604457261000100
89382;08220724426010932640;08;4;25;141;2022;07;10;1;3;0;1;0;0;1;0;0;0;0;0;568180,442164820968173;5362465,032266239635646;9,921360317000049;48,411649479000097
89388;08220814121600032170;08;1;25;098;2022;08;01;1;3;8;7;2;0;1;0;0;0;0;0;525610,173637680010870;5437116,698205060325563;9,350747888000059;49,086372367000102
89392;08220811335000005160;08;3;35;061;2022;08;22;5;1;0;1;2;0;1;0;0;0;0;0;493079,327594792994205;5278224,176315389573574;8,907832609000019;47,657375373000001
89393;08220723436400942210;08;4;36;087;2022;07;20;7;3;9;1;0;0;1;0;0;0;0;0;547713,727821207954548;5301978,554803700186312;9,638025061000061;47,869371110000003
89394;08220802317300002920;08;3;17;065;2022;08;13;3;3;5;2;0;0;1;1;0;0;0;0;414180,026727218995802;5355074,997666940093040;7,841821291000030;48,343022562000002
89399;08220812416010025300;08;4;15;050;2022;08;20;6;2;5;3;0;0;1;1;0;0;0;0;521313,208999999973457;5375533,003999509848654;9,288700960000030;48,532541606000102
89400;08220726121100977680;08;1;25;034;2022;07;17;3;3;6;4;0;1;0;1;1;0;0;0;498565,640286063018721;5444976,411352969706059;8,980327378000030;49,157605031999999
89403;08220728311010982360;08;3;16;012;2022;07;17;5;1;5;3;0;0;1;1;0;0;0;0;400181,878026942024007;5334232,832180519588292;7,657875179000030;48,153504645000098
89406;08220806119100992950;08;1;19;008;2022;08;15;7;2;0;1;0;0;1;0;0;0;0;0;531944,527008580975235;5421272,924252869561315;9,436251395000060;48,943556171000097
89407;08220808215102068020;08;2;15;090;2022;08;05;2;3;6;3;1;0;0;1;1;0;0;0;464488,549999999988358;5433360,379999539814889;8,513981822000060;49,052091914000101
89411;08220726311100957140;08;3;15;015;2022;07;17;3;3;5;2;0;0;1;1;0;0;0;0;395070,379999962984584;5323162,718999490141869;7,591891090000050;48,053113797999998
89412;08220730435100951420;08;4;35;035;2022;07;16;7;3;0;1;0;0;1;0;0;0;0;0;541986,595355269033462;5283193,655930919572711;9,559629157000071;47,700761608000100
89414;08220810316100000550;08;3;16;038;2022;08;07;4;3;0;6;0;0;1;0;0;0;0;1;396560,144379112985916;5331794,077642199583352;7,609785563000060;48,130990881999999
89416;08220801221200002930;08;2;21;000;2022;08;09;2;3;3;2;0;0;1;1;0;0;0;0;476556,651500883977860;5472840,084908770397305;8,676837258000029;49,407793701999999
89418;08220805437000018090;08;4;37;100;2022;08;11;6;3;1;3;0;0;1;0;0;0;0;1;540449,245805460028350;5313776,351818960160017;9,541997407000050;47,976013469000101
89428;08220725136100965220;08;1;36;033;2022;07;07;2;3;3;2;0;0;1;1;0;0;0;0;580468,484704878996126;5416224,890116520226002;10,097835699000001;48,893744523000102
89431;08220814336400020740;08;3;36;091;2022;08;22;1;3;0;7;2;0;1;0;0;0;0;0;395835,519999962009024;5275251,042999479919672;7,613685897000040;47,622283997000103
89443;08220727235100959670;08;2;35;079;2022;07;11;4;3;0;1;0;0;1;0;0;0;0;0;469676,431893986999057;5400963,821325929835439;8,587388665000050;48,760944920999997
89445;08220805221011032910;08;2;21;000;2022;08;14;6;3;0;4;0;0;0;0;1;0;0;1;476599,132402784016449;5472413,860557929612696;8,677447956000041;49,403961518000102
89447;08220726121400984340;08;1;25;056;2022;07;22;3;3;9;1;1;1;1;0;0;0;0;0;511198,107000000018161;5436439,863999539986253;9,153347787000030;49,080714935000103
89448;08220808435100995250;08;4;35;057;2022;08;14;2;3;0;1;0;0;1;0;0;0;0;0;543014,050712155993097;5279162,645261920057237;9,572925910000039;47,664426048999999
89449;08220811216300016520;08;2;16;015;2022;08;08;5;3;5;3;0;0;1;1;0;0;0;0;451781,185605327016674;5403594,114934810437262;8,343594124000051;48,783476452000102
89458;08220726116500978710;08;4;15;029;2022;07;09;3;2;0;1;0;0;1;0;0;0;0;0;523482,982250671018846;5380067,517313390038908;9,318347276000051;48,573257446000099
89459;08220727121600944200;08;1;25;021;2022;07;16;4;3;5;7;0;0;1;1;0;0;0;0;522725,015000000013970;5448438,952999539673328;9,311872764000039;49,188332385000102
89461;08220728212010965860;08;2;12;000;2022;07;17;5;2;5;2;0;0;1;0;0;0;0;1;452846,374867455975618;5429122,895719840191305;8,355146358000070;49,013194811000098
89466;08220809235100997900;08;2;35;085;2022;08;10;3;2;5;3;0;0;1;1;0;0;0;0;477860,346514210978057;5396921,822324150241911;8,698962131000030;48,724928405000099
89469;08220730417100959970;08;4;17;079;2022;07;20;7;3;5;3;0;0;1;1;0;0;0;0;499982,764898451976478;5347514,718634610064328;8,999767689000070;48,280835754000101
89476;08220809215302000610;08;2;15;082;2022;08;20;3;3;6;4;1;0;0;1;1;0;0;0;489554,743698399979621;5439019,287505569867790;8,856895100000029;49,103931230000100
89477;08220729121600961630;08;1;25;030;2022;07;12;6;3;5;3;0;0;1;1;0;0;0;0;514774,301443110976834;5438972,967015639878809;9,202412818000029;49,103425803000100
89478;08220812127100019840;08;1;27;076;2022;08;17;6;3;6;4;0;0;0;1;1;0;0;0;561215,116289563942701;5439184,036057840101421;9,838654988000030;49,102455558000003
89479;08220724121400927390;08;1;25;013;2022;07;10;1;2;5;3;0;0;1;0;0;1;0;0;506487,303442806005478;5433423,657804129645228;9,088789414000081;49,053650325000000
89480;08220803111250007940;08;1;11;000;2022;08;21;4;2;5;3;1;0;1;0;0;0;0;0;518928,158406624977943;5404718,162985869683325;9,257729514000060;48,795169327000103
89483;08220727231000961750;08;2;37;028;2022;07;12;4;3;0;2;0;0;1;1;0;0;0;0;456426,465000000025611;5367654,049999509938061;8,410603365000039;48,460512122000097
89484;08220801128200986940;08;1;28;115;2022;08;19;2;3;6;2;0;0;0;1;1;0;0;0;547308,268000002019107;5496454,354999549686909;9,654949882000039;49,618798519999999
89488;08220726437100956030;08;4;37;076;2022;07;08;3;3;4;6;0;0;1;0;0;0;0;0;525557,249707642011344;5322328,018039739690721;9,342967562000069;48,053721060999997
89490;08220728231000959040;08;2;37;045;2022;07;16;5;2;3;6;0;0;1;1;0;0;0;0;459164,014368474017829;5356620,333103169687092;8,448704967000030;48,361435119000099
89497;08220812226700077930;08;2;26;103;2022;08;22;6;3;0;1;2;0;1;0;0;0;0;0;471542,187975250009913;5457182,693801599554718;8,608832995000061;49,266743534000099
89499;08220801118000004390;08;1;18;010;2022;08;09;2;2;4;6;0;0;1;0;0;0;0;1;506892,003445885027759;5431831,952568369917572;9,094301312000029;49,039327696999997
89502;08220726116010961870;08;1;16;080;2022;07;21;3;3;9;1;2;0;1;0;0;0;0;0;519279,363629637984559;5395000,989862849935889;9,262056552000050;48,707743702000101
89503;08220809216100998250;08;2;16;043;2022;08;21;3;3;0;1;2;0;1;0;0;0;0;0;441565,324745215009898;5410208,783045439980924;8,203595848000020;48,842099816000001
89509;08220731136100972730;08;1;36;088;2022;07;03;1;3;0;1;2;0;1;0;0;0;0;0;579186,532120406976901;5412701,530221920460463;10,079666921000101;48,862219853000099
89510;08220808335010996640;08;3;35;079;2022;08;16;2;3;0;1;0;0;1;0;0;0;0;0;499584,020119470020290;5298732,532097489573061;8,994440487000080;47,841937861000098
89511;08220804335100998130;08;3;35;043;2022;08;01;5;3;0;6;2;0;1;0;0;0;0;1;512818,641559679992497;5279771,013358250260353;9,170759841000059;47,671203329000001
89512;08220812435100017950;08;4;35;016;2022;08;14;6;3;3;6;0;0;1;0;0;0;0;1;536024,035708368057385;5279598,191560049541295;9,479861975000061;47,668771951000103
89513;08220725231000933250;08;2;31;000;2022;07;11;2;3;5;3;0;0;1;1;0;0;0;0;477961,274245475011412;5414005,918643830344081;8,699417489000041;48,878617161000101
89514;08220726327200961800;08;3;27;049;2022;07;14;3;3;3;6;0;0;1;0;0;0;0;1;472736,840000002004672;5324404,045999499969184;8,634007928000070;48,072328274000000
89520;08220808119100047310;08;1;19;083;2022;08;10;2;3;6;4;0;0;0;1;1;0;0;0;535094,750000001047738;5419528,546999529935420;9,479120813000071;48,927694071000097
89533;08220811435100026330;08;4;35;016;2022;08;11;5;3;1;5;0;0;1;1;0;0;0;0;534910,563368370989338;5279484,956608699634671;9,465021311000040;47,667814200000102
89549;08220731135010953480;08;1;35;025;2022;07;19;1;3;2;6;0;0;1;0;0;0;0;0;583368,420830574003048;5398720,796985779888928;10,133835371000000;48,735926898000102
89550;08220808335000009320;08;3;35;075;2022;08;16;2;2;4;6;0;0;1;0;0;1;0;0;492721,085964289028198;5291429,575754130259156;8,902841031000040;47,776188613000002
89551;08220804311500989940;08;3;15;113;2022;08;18;5;2;5;3;0;0;1;0;0;0;0;0;441976,627063954016194;5306384,422521839849651;8,223534641000070;47,908159885000003
89552;08220729136100982020;08;1;36;088;2022;07;01;6;3;0;1;2;0;1;0;0;0;0;0;577607,561690252041444;5413714,008554940111935;10,058334407000100;48,871525937000101
89553;08220812325000032160;08;3;26;052;2022;08;14;6;2;2;6;0;0;1;1;0;0;0;0;446332,795999999972992;5327674,519999500364065;8,279159879000080;48,100074960000001
89560;08220801436300985480;08;4;36;078;2022;08;14;2;3;9;1;0;0;1;0;0;0;0;0;557582,097685209009796;5290839,654517309740186;9,768492687000050;47,768349143000101
89562;08220806212010992700;08;2;12;000;2022;08;18;7;3;5;3;0;0;1;0;0;0;0;0;452916,726457606011536;5430030,030599039979279;8,356003134000050;49,021359881000102
89564;08220809335100998800;08;3;35;043;2022;08;18;3;3;8;1;0;0;1;0;0;0;0;0;513639,432241265021730;5279475,957728819921613;9,181684498000040;47,668531725000001
89574;08220727435200975890;08;4;35;059;2022;07;19;4;3;5;3;0;0;1;1;0;0;0;0;512689,121391593012959;5290677,761213890276849;9,169352215000060;47,769340313000001
89580;08220729121200977480;08;1;21;000;2022;07;18;6;3;1;3;0;0;1;0;0;0;0;0;515545,185996206011623;5444200,392296059988439;9,213175604000069;49,150429350000103
89586;08220727317300962990;08;3;17;065;2022;07;19;4;3;5;2;0;0;1;1;0;0;0;0;415857,216675832984038;5354420,184216200374067;7,864581872000030;48,337358236000100
89590;08220726127100941830;08;1;27;025;2022;07;17;3;3;6;4;0;0;0;1;1;0;0;0;556260,932510772021487;5427617,568971919827163;9,769182050000040;48,998891491999998
89592;08220811325000011320;08;3;26;065;2022;08;09;5;2;5;3;0;0;1;1;0;0;0;0;456160,689132279017940;5324383,587080069817603;8,411494706000040;48,071220011000001
89594;08220802436200006780;08;4;36;064;2022;08;12;3;3;4;2;0;0;1;1;0;0;0;0;546442,172290434944443;5291382,840841029770672;9,619886995000060;47,774135332000100
89601;08220725317600935180;08;3;17;146;2022;07;17;2;3;0;1;0;1;1;0;0;0;0;0;430352,065186063002329;5355102,160617030225694;8,060031570000040;48,345257172000103
89603;08220811117010043430;08;1;17;018;2022;08;18;5;3;0;7;0;0;1;0;0;0;0;0;538362,121502517955378;5395824,209307489916682;9,521508824000019;48,714267247000102
89605;08220802135100986550;08;1;35;016;2022;08;22;3;2;0;7;2;0;1;0;0;0;0;0;594136,528335588984191;5386651,120151519775391;10,277500387000000;48,625839882000001
89606;08220803435200987370;08;4;35;036;2022;08;08;4;3;0;7;0;0;1;0;0;0;0;0;520584,801326464978047;5282472,514694830402732;9,274340921000030;47,695309710000103
89608;08220731127100967460;08;1;27;043;2022;07;11;1;3;2;6;0;0;1;0;0;0;0;0;568203,942000003997236;5444857,707999539561570;9,935349602000031;49,152750562999998
89609;08220808226700018000;08;2;26;095;2022;08;08;2;3;5;3;0;0;1;1;0;0;0;0;473003,727000000013504;5460157,124999539926648;8,628721336000069;49,293564775000000
89611;08220812336300029890;08;3;36;081;2022;08;20;6;3;6;7;0;0;1;0;1;0;0;0;409757,905838744016364;5278388,455300849862397;7,798285148000050;47,652596782000003
89613;08220726212702940300;08;2;15;108;2022;07;18;3;3;0;7;0;0;1;0;0;0;0;0;449448,856711146014277;5424064,120580069720745;8,309316004000040;48,967422243000001
89627;08220807417300994330;08;4;16;025;2022;08;18;1;2;0;1;0;0;1;0;0;0;0;0;507614,190457632008474;5359177,833367220126092;9,102842006000060;48,385718904999997
89637;08220729436500971960;08;4;36;052;2022;07;15;6;3;0;6;0;0;1;1;0;0;0;0;566317,236990137025714;5293189,738021370023489;9,885417652000060;47,788651872000102
89641;08220812426010018220;08;4;26;058;2022;08;21;6;3;8;1;1;0;1;0;0;0;0;0;559307,803907398949377;5320193,392648030072451;9,795557675000049;48,032272960999997
89669;08220822111320080830;08;1;11;000;2022;08;19;2;3;6;4;0;0;1;0;1;0;0;0;515536,429775430995505;5405223,650262500159442;9,211566559000060;48,799810635000000
89672;08220916435100127160;08;4;35;016;2022;09;14;6;3;0;1;0;1;1;0;0;0;0;0;535685,115154145052657;5279372,242519379593432;9,475329051000070;47,666757789000002
89674;08220825215202060310;08;2;15;064;2022;08;02;5;3;0;7;2;0;1;0;0;0;0;0;478721,320929753012024;5451749,141435570083559;8,707800744000050;49,218160023000102
89676;08220831135200067170;08;1;35;019;2022;08;17;4;3;0;7;0;0;1;0;0;0;0;0;585715,222808656981215;5395037,618933250196278;10,164980440000001;48,702481241999998
89680;08220816216200016960;08;2;16;043;2022;08;15;3;2;0;1;0;0;1;0;0;0;0;0;435076,849083846027497;5410875,981735049746931;8,115069374000029;48,847456394000098
89685;08220919222014130490;08;2;22;000;2022;09;09;2;2;5;3;0;0;1;0;0;0;0;1;463920,829584761988372;5481980,399087520316243;8,501827829000041;49,489388965000003
89695;08220827221200067040;08;2;21;000;2022;08;22;7;3;5;5;2;0;1;1;0;0;0;0;476559,978749719972257;5472741,008037629537284;8,676888971000039;49,406902650000099
89696;08220912435100103970;08;4;35;035;2022;09;12;2;3;5;3;0;0;1;1;0;0;0;0;541789,362139282049611;5281551,477965990081429;9,556843093000049;47,685999322000001
89699;08220907317100091460;08;3;17;001;2022;09;17;4;3;5;3;0;1;1;1;0;0;0;0;432190,067199089971837;5386642,365132399834692;8,079714486000061;48,629169693999998
89700;08220903212402090970;08;2;12;000;2022;09;23;7;2;0;7;2;0;1;0;0;0;0;0;455879,500985710008536;5430215,374850760214031;8,396504859000061;49,023246105000098
89701;08220918435100120160;08;4;35;016;2022;09;15;1;3;0;7;0;0;1;1;0;0;0;0;537194,285000000032596;5277590,021999490447342;9,495278897000050;47,650637421000098
89711;08220909222014101200;08;2;26;107;2022;09;14;6;2;6;2;0;0;0;1;1;0;0;0;475400,731839160027448;5484389,570599439553916;8,660185810000030;49,511632681000002
89712;08220830128200065790;08;1;28;138;2022;08;16;3;2;5;3;0;0;1;0;0;0;0;1;537565,681512819021009;5481873,502506069839001;9,518686518000040;49,488337276999999
89713;08220912118200100330;08;1;18;011;2022;09;14;2;3;0;7;0;0;1;0;0;0;0;0;504343,526724483992439;5408067,898740690201521;9,059178059000031;48,825576205000097
89724;08220816226300039260;08;2;26;099;2022;08;23;3;2;9;1;2;0;1;0;0;0;0;0;483831,216841663001105;5479493,681126859970391;8,776843592000031;49,467878659000100
89727;08220904216200085440;08;2;16;007;2022;09;13;1;3;0;1;0;0;1;0;0;0;0;0;434695,358175394008867;5393174,597537890076637;8,112680089000040;48,688194238999998
89731;08220917119400113830;08;1;19;079;2022;09;18;7;3;5;3;0;1;1;1;0;0;0;0;523979,230164912005421;5411274,564935170114040;9,326888220000059;48,853974753000003
89733;08220825335300061680;08;3;35;035;2022;08;06;5;3;0;3;1;0;1;0;0;0;1;0;483290,808000000019092;5289907,910999500192702;8,777024883000021;47,762321892999999
89737;08220913116010131010;08;1;16;077;2022;09;15;3;2;6;1;0;0;0;0;1;0;0;1;517090,978875503002200;5391491,068635979667306;9,232165784000070;48,676232175000102
89751;08220915111500109520;08;1;11;000;2022;09;16;5;3;2;6;0;0;1;1;0;0;0;0;509510,625813853985164;5403133,252218349836767;9,129462374000070;48,781126977000000
89753;08220910337100094810;08;3;37;076;2022;09;11;7;2;6;6;0;0;1;0;1;0;0;0;426691,111498313024640;5267180,357927089557052;8,025614115000050;47,553903216999998
89754;08220831325000073450;08;3;27;056;2022;08;05;4;2;6;4;2;1;0;1;1;0;0;0;483569,621822912013158;5320480,952825809828937;8,779580936000061;48,037403236999999
89757;08220823118100069180;08;1;18;040;2022;08;06;3;3;3;6;0;0;1;1;0;0;0;0;510287,787083511007950;5433160,886857680045068;9,140798472000030;49,051234830000098
89758;08220816235100016870;08;2;35;008;2022;08;18;3;2;5;3;0;0;1;1;0;0;0;0;480229,386395568028092;5402908,097631210461259;8,730886663000041;48,778860029000001
89759;08220907326400094570;08;3;26;074;2022;09;13;4;3;5;3;0;0;1;1;0;0;0;0;459109,746920958976261;5323156,858903490006924;8,451198675000059;48,060379474999998
89766;08220902127202133100;08;1;27;014;2022;09;18;6;3;0;7;0;0;1;0;0;0;0;0;575514,237811619997956;5443334,393555100075901;10,035301238000001;49,138194470000002
89771;08220909235200118370;08;2;35;006;2022;09;17;6;3;3;2;0;0;1;1;0;0;0;0;474423,771270258002914;5380463,252800350077450;8,653251783000030;48,576735581000001
89777;08220815425000012410;08;4;25;071;2022;08;14;2;3;5;3;0;0;0;1;1;0;0;0;550588,647909702034667;5370912,318829010240734;9,684674156000030;48,489297809000000
89781;08220826435100048220;08;4;35;016;2022;08;13;6;3;5;3;0;0;1;1;0;0;0;0;529507,378914962988347;5281378,443380019627512;9,393178818000020;47,685119936000000
89785;08220915311010139070;08;3;15;102;2022;09;17;5;2;9;1;0;1;1;0;0;0;0;0;437998,320075416006148;5296896,964252240024507;8,171663843000029;47,822434090999998
89792;08220911426300113680;08;4;26;124;2022;09;18;1;2;0;7;0;0;1;0;0;0;0;0;545660,278000002959743;5336271,707999509759247;9,614222640000040;48,178043396000099
89794;08220906335300086540;08;3;35;028;2022;09;13;3;3;0;7;0;0;1;0;0;0;0;0;482904,207033284998033;5287008,268843400292099;8,771979929000050;47,736222193000103
89801;08220913119010140730;08;1;19;020;2022;09;22;3;2;3;2;2;0;1;1;0;0;0;0;520797,536199196998496;5405845,782329670153558;9,283240128000051;48,805253464000003
89802;08220823426100033840;08;4;26;128;2022;08;10;3;3;0;1;0;0;1;0;0;0;0;0;559363,692010284983553;5330968,908757950179279;9,797804831000059;48,129206342000003
89804;08220908426010093180;08;4;25;137;2022;09;18;5;3;2;6;0;0;1;0;0;0;0;0;574968,619373081950471;5349948,811522070318460;10,010848758000099;48,298292234000002
89806;08220904212702098070;08;2;15;110;2022;09;01;1;3;6;6;2;0;1;0;1;0;0;0;462468,206193822028581;5418655,169234829954803;8,487689874000070;48,919694708000101
89809;08220821311010028260;08;3;36;082;2022;08;10;1;2;2;2;0;0;1;1;0;0;0;0;415027,240538642974570;5273270,894608319737017;7,869433468000070;47,607272583000103
89810;08220906121200087920;08;1;21;000;2022;09;16;3;3;1;5;0;0;1;1;0;0;0;0;514070,380979506997392;5440953,877030310221016;9,192837987000081;49,121261366000098
89814;08220825118600133910;08;1;18;050;2022;08;15;5;3;6;5;0;0;1;0;1;0;0;0;506483,008591049991082;5416407,980840399861336;9,088459366000050;48,900583438000098
89815;08220910335010275210;08;3;35;025;2022;09;10;7;3;8;1;0;1;1;0;0;0;0;0;499341,449014091980644;5282944,312846359796822;8,991222494000059;47,699882398000099
89819;08220912237100113060;08;2;37;004;2022;09;16;2;2;8;1;0;0;1;0;0;0;0;0;447866,239000000001397;5375803,430999520234764;8,293804520000039;48,533170503000100
89822;08220907435100095780;08;4;35;016;2022;09;09;4;3;5;3;0;0;1;1;0;0;0;0;534552,118999999947846;5278926,966999489814043;9,460202732000029;47,662812981999998
89832;08220909222014120810;08;2;22;000;2022;09;09;6;2;5;3;0;0;1;0;0;0;0;1;462853,618641907989513;5482777,429955559782684;8,487017745000060;49,496493452000003
89835;08220912222200181420;08;2;22;000;2022;09;13;2;3;3;6;0;0;1;0;0;0;0;0;460338,489486833976116;5482283,854710330255330;8,452335594000029;49,491894799000100
89837;08220815136300039180;08;1;36;065;2022;08;17;2;3;5;3;0;0;1;1;0;0;0;0;554857,507377985981293;5404621,708519469946623;9,746908480000060;48,792169767000097
89839;08220903311010101900;08;3;16;043;2022;09;14;7;3;4;2;0;0;1;1;0;0;0;0;411474,866221430012956;5331102,492336279712617;7,810332045000050;48,127019722000099
89846;08220913436400150550;08;4;36;082;2022;09;16;3;3;6;4;0;0;0;1;1;0;0;0;548366,177788686007261;5295299,450432440266013;9,646002585000080;47,809231286000099
89864;08220907316100110280;08;3;16;043;2022;09;15;4;2;0;6;0;0;1;0;0;0;0;0;411659,748940913996194;5332998,470654239878058;7,812422813000070;48,144099810999997
89874;08220816435100054920;08;4;35;035;2022;08;16;3;3;4;6;0;0;1;0;0;0;0;0;540105,149836792028509;5280137,232718859799206;9,534272071000030;47,673381644000102
89878;08220822111500080810;08;1;11;000;2022;08;15;2;3;5;2;0;0;1;1;0;0;0;0;513043,627804683987051;5406994,683600929565728;9,177677418000030;48,815799933999998
89882;08220915231000142200;08;2;31;000;2022;09;10;5;3;6;7;0;1;0;1;1;0;0;0;475281,317815656017046;5411227,741129379719496;8,663034474000030;48,853524521000097
89883;08220825316100051690;08;3;16;011;2022;08;12;5;3;5;3;0;0;1;1;0;0;0;0;412758,059221439994872;5331277,791000249795616;7,827536900000040;48,128773742000099
89885;08220831435200058950;08;4;35;034;2022;08;18;4;3;2;6;0;1;1;0;0;0;0;0;529702,300000000977889;5284920,487999490462244;9,396017312000030;47,716980352000100
89891;08220818211100047430;08;2;11;000;2022;08;12;5;3;6;7;0;0;0;1;1;0;0;0;440812,762382656976115;5404222,347314920276403;8,194203783000029;48,788180436000097
89922;08220907317000111040;08;3;17;031;2022;09;07;4;2;5;7;1;0;1;0;0;0;0;0;416672,495481482008472;5358444,937478410080075;7,874784009000050;48,373668512999998
89934;08220830111500088570;08;1;11;000;2022;08;12;3;3;0;7;0;0;1;0;0;0;0;1;513082,499917121022008;5406905,480333610437810;9,178204078000020;48,814996656000098
89937;08220906212702113870;08;2;15;017;2022;09;17;3;3;0;3;0;0;1;1;0;0;0;0;457264,933243023988325;5420879,891890509985387;8,416435484000029;48,939369323999998
89954;08220905435100086190;08;4;35;016;2022;09;13;2;3;5;2;0;0;1;1;0;0;0;0;535729,229893901967444;5281661,198551760055125;9,476103959000060;47,687349971000103
89955;08220916235100134470;08;2;35;079;2022;09;05;6;3;5;3;2;0;1;1;0;0;0;0;467127,461999999999534;5400440,622999530285597;8,552747801000070;48,756108984000001
89958;08220910225200111710;08;2;25;014;2022;09;16;7;3;0;6;0;0;1;0;0;0;0;1;522151,801516045001335;5486964,322188840247691;9,306149996000039;49,534886079000003
89965;08220825416100057250;08;4;16;036;2022;08;12;5;3;3;2;0;0;1;0;0;0;1;0;496675,995000000984874;5369217,410999510437250;8,955024248000029;48,476077236999998
89969;08220913119300143470;08;1;19;061;2022;09;15;3;3;5;3;0;0;1;1;0;0;0;0;538801,260000001057051;5414727,643999530002475;9,529264428000030;48,884286832999997
89982;08220825211000053720;08;3;17;001;2022;08;18;5;2;3;6;0;0;1;1;0;0;0;0;429746,940059330023360;5388871,651670530438423;8,046184176000050;48,648952296000097
89984;08220822212010062700;08;2;15;102;2022;08;20;2;2;5;3;0;0;1;1;0;0;0;0;458213,139000001014210;5437643,941999530419707;8,427656751000031;49,090229169000096
89993;08220820226600070310;08;2;26;040;2022;08;22;7;2;1;1;2;0;1;0;0;0;0;1;475138,310000000987202;5495447,352999550290406;8,655862494000081;49,611082041000003
89995;08220901435100081200;08;4;35;016;2022;09;09;5;3;5;3;0;0;1;1;0;0;0;0;536643,160388050950132;5282131,930953210219741;9,488321472000051;47,691534139000098
89996;08220916111500297470;08;1;11;000;2022;09;18;6;3;6;6;0;0;0;0;1;0;0;1;516752,017496298998594;5409745,806126080453396;9,228304313000020;48,840459597000098
90000;08220817311010041820;08;3;11;000;2022;08;07;4;3;5;2;0;1;1;1;0;0;0;0;414002,355815367016476;5315231,998941609635949;7,847481901000040;47,984606866000000
90001;08220908435100103680;08;4;35;035;2022;09;11;5;2;6;4;0;0;0;1;1;0;0;0;541829,853340046014637;5283277,465197660028934;9,557548123000061;47,701525828999998
90003;08220912118400130330;08;1;18;048;2022;09;17;2;3;5;2;0;0;1;1;0;0;0;0;514231,276612725981977;5415603,667135479860008;9,194154460000050;48,893218498000103
90004;08220815111500297570;08;1;11;000;2022;08;17;2;3;5;3;0;0;1;0;0;0;0;0;512337,304764633998275;5406541,121058049611747;9,168042449000041;48,811734172000101
90012;08220823435200037070;08;4;35;034;2022;08;17;3;3;0;1;0;0;1;0;0;0;0;0;530795,992468829033896;5284801,119619839824736;9,410590570000069;47,715855100000098
90014;08220908136300119370;08;1;36;062;2022;09;17;5;3;0;7;0;0;1;0;0;0;0;0;565669,225000003003515;5414774,904999529942870;9,895724358000050;48,882447653000000
90015;08220819111500089460;08;1;11;000;2022;08;23;6;3;6;4;2;0;0;1;1;0;0;0;507276,350242063985206;5400277,629876930266619;9,098998081000049;48,755468043000100
90016;08220904317500090430;08;3;17;151;2022;09;10;1;3;8;1;0;0;1;0;0;0;0;0;412213,686406999011524;5364772,709047069773078;7,813263998000020;48,429979873999997
90017;08220829436000068740;08;4;36;064;2022;08;16;2;2;4;2;0;0;1;0;0;0;0;1;541946,161000001011416;5292843,507999500259757;9,560020717000040;47,787585503000102
90028;08220823335100060560;08;3;35;043;2022;08;11;3;3;0;1;0;0;1;0;0;0;0;0;515508,216413985996041;5281048,310680639930069;9,206633388000061;47,682637073000102
90037;08220902119300088770;08;1;19;086;2022;09;21;6;2;0;1;2;0;1;0;0;0;0;0;535186,476000002003275;5405291,711999519728124;9,479148871000060;48,799621205999998
90038;08220916326400154200;08;3;26;074;2022;09;06;6;3;5;3;1;1;1;1;0;0;0;0;460518,033000000985339;5323127,514999499544501;8,470101595000070;48,060204196000001
90040;08220824421300052770;08;4;25;066;2022;08;13;4;3;3;2;0;0;1;0;0;0;0;0;578706,480000011040829;5347251,136999499984086;10,060737251000001;48,273572150000099
90041;08220910118000127770;08;1;18;046;2022;09;15;7;2;6;4;0;0;0;1;1;0;0;0;513337,823052074993029;5412417,161869550123811;9,181861371000020;48,864573335999999