OBJECTID;UIDENTSTLAE;ULAND;UREGBEZ;UKREIS;UGEMEINDE;UJAHR;UMONAT;USTUNDE;UWOCHENTAG;UKATEGORIE;UART;UTYP1;ULICHTVERH;IstStrassenzustand;IstRad;IstPKW;IstFuss;IstKrad;IstGkfz;IstSonstige;LINREFX;LINREFY;XGCSWGS84;YGCSWGS84
90052;08220905117300087180;08;1;17;026;2022;09;16;2;3;6;7;0;0;1;0;1;0;0;0;547674,589357392978854;5394754,560754650272429;9,647974758000030;48,704002711999998
90053;08220901337100095660;08;3;37;096;2022;09;07;5;3;0;7;0;0;1;0;0;0;0;0;420014,911942476988770;5266863,353966539725661;7,936950102000030;47,550263219999998
90061;08220814435200010750;08;4;35;053;2022;08;12;1;2;3;6;0;0;1;0;0;0;0;0;505632,447346189990640;5294744,287597970105708;9,075224976000070;47,806029260000102
90066;08220912435100100150;08;4;35;016;2022;09;11;2;3;6;3;0;0;0;1;1;0;0;0;536199,350787417031825;5278280,041257550008595;9,482087987000060;47,656902236000100
90067;08220829119400063730;08;1;19;041;2022;08;18;2;3;5;3;0;0;1;1;0;0;0;0;526653,899220544029959;5409967,543788120150566;9,363263896000030;48,842108080999999
90068;08220815335100016390;08;3;35;043;2022;08;12;2;3;8;1;0;0;1;0;0;0;0;0;514939,636700336996000;5280618,663911670446396;9,199042905000059;47,678784660000098
90069;08220907111500091650;08;1;11;000;2022;09;18;4;2;5;3;0;0;1;0;0;0;0;0;510110,436278356006369;5402824,837412860244513;9,137619621000059;48,778343037000099
90073;08220905211100086900;08;2;11;000;2022;09;17;2;3;8;1;0;0;1;0;0;0;0;0;440864,229222045978531;5404437,279602490365505;8,194873466000050;48,790118660000097
90074;08220901325000094370;08;3;25;057;2022;09;18;5;1;5;2;0;0;1;1;0;0;0;0;472903,735056734993123;5356747,755737120285630;8,634181164000040;48,363320813000001
90082;08220911435100096900;08;4;35;035;2022;09;20;1;2;0;1;2;1;1;0;0;0;0;0;542699,288147898972966;5282433,837153379805386;9,569053597000050;47,693878633000097
90091;08220914115100134270;08;1;15;003;2022;09;14;4;3;0;7;0;1;1;0;0;0;0;0;500769,964091447996907;5392411,135386140085757;9,010461038000070;48,684742668000098
90107;08220913119400115390;08;1;19;091;2022;09;08;3;3;4;6;0;0;1;1;0;0;0;0;526866,913156647002324;5403438,759088509716094;9,365739538000071;48,783367736000102
90109;08220816216100027110;08;2;16;023;2022;08;01;3;3;0;1;2;0;1;0;0;0;0;0;435683,362674158997834;5408853,332583289593458;8,123652852000021;48,829326190000103
90120;08220825128100055340;08;1;28;020;2022;08;10;5;3;2;6;0;0;1;0;0;0;0;0;574499,444364979979582;5480559,534802120178938;10,028335282000100;49,473110019000003
90124;08220830426100051130;08;4;26;021;2022;08;07;3;3;5;3;0;0;1;1;0;0;0;0;560056,795000002952293;5328358,058999500237405;9,806750862000060;48,105653820000001
90128;08220814426200038030;08;4;26;073;2022;08;21;1;2;0;1;2;0;1;0;0;0;0;0;564247,314053840003908;5335432,488351809792221;9,864103578000030;48,168886089000097
90129;08220906436500087170;08;4;36;081;2022;09;23;3;2;8;1;2;0;1;0;0;0;0;0;562978,081383235054091;5281487,646067310124636;9,839147489000030;47,683707646000101
90134;08220905121200107550;08;1;21;000;2022;09;16;2;3;3;6;0;0;1;0;1;0;0;0;516909,940073599980678;5445683,142613770440221;9,231952987000060;49,163731062000103
90136;08220916111500112330;08;1;11;000;2022;09;18;6;3;6;4;2;0;0;0;1;0;0;1;510781,295409325975925;5397244,050979199819267;9,146604940000030;48,728127162000099
90138;08220824121500038510;08;1;25;063;2022;08;16;4;2;5;3;0;0;1;1;0;0;0;0;525678,977000001003034;5463415,586999540217221;9,353371879000060;49,322931306000001
90147;08220826111500064530;08;1;11;000;2022;08;19;6;3;0;2;0;1;1;1;0;0;0;0;511448,144289933028631;5410702,410338520072401;9,156047733000040;48,849185519999999
90151;08220913136200292790;08;1;36;068;2022;09;14;3;3;0;6;0;0;1;1;0;0;0;0;595765,430346098029986;5429188,270720870234072;10,309528475000000;49,008153401000101
90152;08220823436400033510;08;4;36;009;2022;08;15;3;3;8;1;0;0;1;0;0;0;0;0;555918,890281244996004;5307228,234659000299871;9,748415285000020;47,915938248000003
90163;08220825111500080910;08;1;11;000;2022;08;09;5;3;5;7;0;0;1;1;0;0;0;0;518501,669000001973473;5402819,427999519743025;9,251836926000070;48,778101403000100
90171;08220828116500047530;08;1;16;005;2022;08;16;1;3;0;1;0;0;1;0;0;0;0;0;519727,588042152987327;5381595,271973899565637;9,267510383000060;48,587130892000097
90175;08220908311010116970;08;3;11;000;2022;09;08;5;1;0;1;0;1;1;0;0;0;0;0;415042,464621996972710;5319894,183039760217071;7,860494824000060;48,026684069000098
90176;08220818231000077540;08;2;36;076;2022;08;16;5;2;8;6;0;0;1;0;0;0;1;0;472767,130934528016951;5420700,721400120295584;8,628130205000049;48,938634311999998
90188;08220823335000039360;08;3;35;098;2022;08;19;3;3;4;6;0;0;1;0;0;0;0;0;503424,654000002017710;5295988,223999500274658;9,045748310000020;47,817237089999999
90191;08220904121200083970;08;1;21;000;2022;09;16;1;3;0;7;0;0;1;0;0;0;0;0;516615,614634817990009;5445485,184849020093679;9,227907599000050;49,161958413000001
90199;08220909426010118140;08;4;26;021;2022;09;16;6;2;4;6;0;0;1;0;0;0;0;0;559306,039000001037493;5327844,021999510005116;9,796595417000050;48,101099815000097
90201;08220822335100066620;08;3;35;066;2022;08;13;2;3;0;7;0;0;1;0;0;0;0;0;508034,580842959985603;5281505,771791510283947;9,107062431000029;47,686889270000101
90203;08220827115100068980;08;1;15;013;2022;08;13;7;2;6;6;0;1;1;0;1;0;0;0;497817,532320266007446;5390896,245407640002668;8,970356128000050;48,671111193999998
90205;08220829121300049780;08;1;21;000;2022;08;09;2;3;5;3;0;0;1;1;0;0;0;0;513450,423999999999069;5443722,163999539799988;9,184433731000070;49,146176984000100
90206;08220815317200014020;08;3;17;153;2022;08;10;2;3;5;3;0;0;1;1;0;0;0;0;422136,698298619012348;5390975,326037059538066;7,942482707000070;48,666972208000097
90209;08220919116010176750;08;1;16;080;2022;09;18;2;3;2;2;0;1;1;1;0;0;0;0;518794,533166820008773;5397263,974430539645255;9,255569623000040;48,728116241000102
90211;08220820121500042990;08;1;25;079;2022;08;17;7;3;0;7;0;0;1;0;0;0;0;0;512934,815672868979163;5453666,026731270365417;9,177683737000050;49,235635833000103
90213;08220901326400082160;08;3;26;074;2022;09;17;5;3;5;2;0;0;1;1;0;0;0;0;460513,820197529974394;5323130,023052000440657;8,470044825000061;48,060226499000102
90214;08220916116200171610;08;1;16;078;2022;09;19;6;3;6;4;0;0;0;1;1;0;0;0;510238,569616790977307;5393406,802253790199757;9,139129729000050;48,693616259000102
90216;08220824212502040030;08;2;12;000;2022;08;19;4;3;0;7;0;0;1;0;0;0;0;0;453779,073266454972327;5428252,540511270053685;8,367999837000070;49,005436494000001
90218;08220909127100094290;08;1;27;043;2022;09;16;6;3;0;7;0;0;1;0;0;0;0;0;563016,127664285944775;5450822,270139439962804;9,865147370000050;49,206952029000000
90219;08220819222500024110;08;2;22;000;2022;08;16;6;3;3;2;0;0;1;0;0;0;0;1;462863,953257473011035;5480401,987733690068126;8,487383581000071;49,475128180000098
90223;08220902436400100750;08;4;36;064;2022;09;16;6;3;0;2;0;0;1;1;0;0;0;1;546586,420000000973232;5293868,416999490000308;9,622078999000051;47,796487632999998
90224;08220916435100130150;08;4;35;016;2022;09;17;6;3;5;3;0;1;1;1;0;0;0;0;531396,269086558022536;5281270,495253959670663;9,418339393000050;47,684059677999997
90226;08220825437000060170;08;4;37;008;2022;08;14;5;3;5;2;0;0;1;1;0;0;0;0;520886,871548229013570;5326272,380438599735498;9,280486694000050;48,089378343000099
90230;08220913121600118100;08;1;25;046;2022;09;18;3;3;0;7;0;0;1;0;0;0;0;0;520249,287999999010935;5434070,957999539561570;9,277175650000061;49,059174466000101
90231;08220823119300035990;08;1;19;076;2022;08;18;3;3;5;2;0;0;1;1;0;0;0;0;542666,262000001035631;5406407,888999530114233;9,581115229000030;48,809193354000101
90232;08220816335400072670;08;3;35;079;2022;08;22;3;3;8;7;2;0;1;0;0;0;0;0;501685,861794302996714;5296044,840735079720616;9,022520842000061;47,817753404000001
90234;08220817436400038730;08;4;36;027;2022;08;16;4;3;5;3;0;0;1;1;0;0;0;0;536579,334843144053593;5307923,804901449941099;9,489647175000069;47,923591444000103
90242;08220825111500080920;08;1;11;000;2022;08;16;5;3;5;3;0;0;1;1;0;0;0;0;513435,292000000015832;5402579,825999519787729;9,182868143000061;48,776076011000001
90243;08220910437200118360;08;4;37;114;2022;09;19;7;2;6;3;2;1;0;1;1;0;0;0;515110,875120499986224;5333809,668732549995184;9,203189565000059;48,157353991000001
90245;08220831121200298330;08;1;21;000;2022;08;15;4;2;5;2;0;0;1;1;0;0;0;0;514902,665586768998764;5446270,371438729576766;9,204441224000050;49,169065381999999
90251;08220904111500089660;08;1;11;000;2022;09;00;1;3;6;4;2;1;0;1;1;0;0;0;516268,378009497013409;5404010,012207140214741;9,221485687000040;48,788874178000100
90255;08220901435100100090;08;4;35;029;2022;09;19;5;3;8;1;0;0;1;0;0;0;0;0;544653,364012214005925;5271682,189343140460551;9,593996421000041;47,597011157000097
90258;08220824136100062290;08;1;36;088;2022;08;07;4;3;5;3;0;0;1;0;0;0;0;0;580165,361000010045245;5409691,649999530054629;10,092421097000100;48,835022612000003
90260;08220817325000023630;08;3;26;012;2022;08;09;4;1;0;3;0;0;1;1;0;0;0;0;461898,233802410017233;5310789,686481170356274;8,489720893000030;47,949286886000003
90270;08220912335200121320;08;3;35;061;2022;09;11;2;2;8;7;0;0;1;0;0;0;0;0;496467,835000001010485;5279770,202999490313232;8,952947188000049;47,671313454000000
90274;08220904118600084620;08;1;18;050;2022;09;14;1;3;2;6;0;0;1;1;0;0;0;0;506760,329000000027008;5417332,384999530389905;9,092258649000030;48,908896186000000
90275;08220918436400151670;08;4;36;013;2022;09;17;1;3;3;2;0;0;1;1;0;0;0;0;544659,375502435024828;5297142,595696560107172;9,596685563000049;47,826081969000001
90277;08220905226300090940;08;2;26;056;2022;09;12;2;3;5;3;0;0;1;1;0;0;0;0;485336,179887361999135;5471652,059735000133514;8,797904459000049;49,397382399000001
90284;08220831127100065030;08;1;27;076;2022;08;13;4;3;6;7;0;0;0;0;1;0;0;1;553048,264761229977012;5439065,503519999794662;9,726762663000040;49,102147972000097
90290;08220918128010134650;08;1;28;039;2022;09;00;1;1;6;7;2;1;0;1;1;0;0;0;526203,900076537975110;5505772,670763459987938;9,363407032000049;49,703895432000103
90291;08220826231202076090;08;2;36;043;2022;08;09;6;3;0;2;0;0;1;1;0;0;0;0;467796,545547416026238;5410460,349828329868615;8,561065033000030;48,846278052000102
90293;08220904435200084660;08;4;35;052;2022;09;19;1;3;0;1;0;0;1;0;0;0;0;0;523375,761000000988133;5289566,449999489821494;9,311917338000059;47,759042321999999
90304;08220906216100087690;08;2;16;009;2022;09;17;3;3;5;3;0;0;1;1;0;0;0;0;446149,990664871002082;5420403,296011859551072;8,264731175000071;48,934214658000002
90307;08220915222700291710;08;2;22;000;2022;09;10;5;3;3;6;0;0;1;1;0;0;0;0;461827,677859254996292;5481287,427008110098541;8,472994273000040;49,483027977000098
90315;08220908231000133720;08;2;36;074;2022;09;16;5;3;5;3;0;0;1;1;0;0;0;0;472612,686158610973507;5421049,632353539578617;8,625997830000070;48,941766127999998
90325;08220825211000041550;08;3;17;153;2022;08;10;5;2;3;6;0;0;1;0;0;0;1;0;421743,908104794973042;5390328,004141470417380;7,937271330000040;48,661100717000103
90329;08220827121200078140;08;1;21;000;2022;08;14;7;3;5;2;0;0;1;1;0;0;0;0;514737,942808148975018;5441485,744033600203693;9,202006458000030;49,126030061000101
90333;08220906436300161520;08;4;36;081;2022;09;17;3;3;0;2;0;0;1;0;0;0;0;1;562415,127789451042190;5282322,133556559681892;9,831766629000070;47,691269912999999
90345;08220830216200055740;08;2;16;007;2022;08;13;3;3;5;3;0;0;1;0;0;0;0;1;434859,463584705023095;5396251,516932950355113;8,114424128000049;48,715888306000103
90346;08220911336300097130;08;3;36;107;2022;09;10;1;2;0;1;0;0;1;0;0;0;0;0;406914,714941065001767;5290045,224489170126617;7,757943775000060;47,757052940999998
90349;08220902435100104730;08;4;35;016;2022;09;16;6;3;0;1;0;0;1;0;0;0;0;0;532345,799906661966816;5279044,439180309884250;9,430826156000020;47,663984035000098
90350;08220917335000113160;08;3;35;001;2022;09;12;7;3;0;1;0;0;1;0;0;0;0;0;487473,767018686980009;5300296,987553919665515;8,832543710000040;47,855891950000100
90355;08220823335400035460;08;3;35;098;2022;08;15;3;3;0;1;0;0;1;0;0;0;0;0;504699,783217925985809;5295745,212392790243030;9,062779505000041;47,815042548000100
90356;08220816435200045190;08;4;35;034;2022;08;18;3;3;5;3;0;0;1;1;0;0;0;0;528735,755000001052395;5285495,571999490261078;9,383168720000070;47,722198376000101
90361;08220821436200062020;08;4;36;095;2022;08;14;1;3;5;3;0;0;1;0;0;0;0;0;537346,762416139943525;5294417,169946819543839;9,498752442000070;47,802027164999998
90371;08220816212010036690;08;2;12;000;2022;08;10;3;3;0;3;0;0;1;1;0;0;0;0;458945,174037573975511;5428885,065466890111566;8,438570586000029;49,011491442000100
90378;08220817135200017990;08;1;35;019;2022;08;14;4;3;5;3;0;0;1;1;0;0;0;0;583356,040329587995075;5392487,916366850025952;10,132408301000099;48,679868073000101
90382;08220829437100074490;08;4;37;124;2022;08;14;2;3;0;7;0;0;1;0;0;0;0;0;516986,776959436014295;5301202,538429040461779;9,227122001000049;47,863937041000000
90391;08220831335100054430;08;3;35;043;2022;08;08;4;3;8;1;0;1;1;0;0;0;0;0;511108,914344373974018;5281736,202355899848044;9,148034298000031;47,688917068000102
90400;08220919212702294530;08;2;15;017;2022;09;13;2;3;5;3;0;0;1;1;0;0;0;0;454623,896264298993628;5419970,254191960208118;8,380474469000029;48,930998869000099
90401;08220821118400051320;08;1;18;048;2022;08;09;1;2;3;2;0;0;1;1;0;0;0;0;512135,573760767991189;5417848,453081520274282;9,165630058000030;48,913456579000098
90403;08220902121400083220;08;1;25;058;2022;09;17;6;3;6;4;0;0;0;1;1;0;0;0;509097,709703819011338;5443415,023465000092983;9,124742070000019;49,143494048000001
90409;08220831119400055220;08;1;19;085;2022;08;15;4;3;0;7;0;0;1;0;0;0;0;0;529305,763637050054967;5414079,538670309819281;9,399699498000070;48,878978469000103
90412;08220828231102294170;08;2;36;038;2022;08;16;1;3;5;3;0;0;1;1;0;0;0;0;485758,117000001017004;5427277,318999529816210;8,805292717000039;48,998230337999999
90416;08220918317200134190;08;3;17;141;2022;09;03;1;3;6;6;2;0;1;0;1;0;0;0;419880,671037463005632;5378314,056947110220790;7,914292120000030;48,552803720999997
90422;08220824136100070080;08;1;36;033;2022;08;18;4;3;2;2;0;0;1;1;0;0;0;0;580280,904000011039898;5414711,600999520160258;10,094979766000099;48,880158108000003
90425;08220908435100092040;08;4;35;013;2022;09;07;5;3;9;1;0;1;1;0;0;0;0;0;540576,889146312023513;5276329,232005760073662;9,540202685000050;47,639090379000002
90436;08220913135100103720;08;1;35;015;2022;09;13;3;3;0;1;0;0;1;0;0;0;0;0;571142,006169902975671;5387832,173037339933217;9,965704603000059;48,639501730000099
90437;08220823435100062160;08;4;35;016;2022;08;17;3;3;9;6;0;0;1;0;0;0;0;1;535394,987324755056761;5277748,963803909718990;9,471333184000059;47,652168415000098
90438;08220816316100018990;08;3;16;036;2022;08;15;3;2;0;7;0;0;1;0;0;0;0;0;413368,875841482018586;5327303,679666579701006;7,836551333000050;48,093109439999999
90447;08220826111230080960;08;1;11;000;2022;08;20;6;3;6;4;2;1;0;1;1;0;0;0;507649,011833225027658;5397442,411495289765298;9,104015660000069;48,729957937000101
90451;08220912237100102300;08;2;37;028;2022;09;17;2;3;6;4;0;0;1;0;1;0;0;0;456481,374000001000240;5368041,448999510146677;8,411305750000050;48,464000959000003
90452;08220823216100033780;08;2;16;043;2022;08;10;3;3;6;4;0;0;0;1;1;0;0;0;441576,416089616017416;5411357,387020509690046;8,203583162000029;48,852432536999999
90453;08220815436400036470;08;4;36;008;2022;08;08;2;3;8;3;0;0;1;1;0;0;0;0;545792,217000002041459;5307559,270999499596655;9,612924547000031;47,919719809000100
90458;08220821117400058190;08;1;17;026;2022;08;16;1;2;4;6;0;0;1;0;0;0;0;0;549252,444331650971435;5394121,218328439630568;9,669343307000080;48,698182897999999
90459;08220905215402092200;08;2;15;009;2022;09;19;2;3;5;3;0;0;1;0;0;0;0;0;471118,293352556996979;5442594,903876010328531;8,604055453000059;49,135505238000100
90466;08220822235200059030;08;2;35;080;2022;08;16;2;2;5;2;0;0;1;1;0;0;0;0;483288,334000001021195;5389520,691999520175159;8,773066406000050;48,658516802000101
90469;08220912118400130640;08;1;18;048;2022;09;16;2;3;6;2;0;0;0;1;1;0;0;0;514231,310533400974236;5415602,444053160026670;9,194154881000030;48,893207495000098
90470;08220829212010059790;08;2;12;000;2022;08;18;2;3;5;3;0;0;1;1;0;0;0;0;456364,249635451007634;5426311,224953819997609;8,403554618000040;48,988162295999999
90474;08220918426100115920;08;4;26;021;2022;09;15;1;3;6;6;0;0;0;0;1;0;0;1;557697,699000003049150;5325423,224999500438571;9,774667197000040;48,079469500000101
90477;08220905119100092680;08;1;19;008;2022;09;07;2;3;5;3;0;0;1;1;0;0;0;0;531259,679000000003725;5421560,837999530136585;9,426921115000029;48,946181077000098
90479;08220902225200084910;08;2;25;032;2022;09;12;6;2;5;3;0;0;1;0;0;0;0;1;537676,761604396975599;5496484,194380610249937;9,521617847000069;49,619744466000000
90480;08220904116010093870;08;1;16;012;2022;09;22;1;2;9;1;2;0;1;0;0;0;0;0;536022,588107862975448;5383930,160739939659834;9,488670194000060;48,607410084000001
90485;08220916317500111490;08;3;17;034;2022;09;05;6;3;5;3;2;1;1;1;0;0;0;0;426177,202907340019010;5361525,676608460023999;8,002568219000070;48,402564048999999
90487;08220823111330035680;08;1;11;000;2022;08;16;3;3;5;3;0;0;1;1;0;0;0;0;516322,144063869025558;5409288,551518370397389;9,222427631000070;48,836357677000102
90496;08220907128200112970;08;1;28;115;2022;09;14;4;2;4;6;0;0;1;0;0;0;0;0;547427,364723769947886;5496218,806490790098906;9,656570114000029;49,616670644000102
90497;08220903231302090850;08;2;36;074;2022;09;07;7;3;0;7;1;1;1;0;0;0;0;0;473255,340364257979672;5420100,433936689980328;8,634836040000041;48,933255705000100
90505;08220822435100036630;08;4;35;057;2022;08;13;2;3;2;6;0;0;1;0;0;0;0;1;544328,527332363999449;5279792,453547059558332;9,590497054000020;47,670003823000101
90510;08220912126200132340;08;1;26;069;2022;09;14;2;3;7;7;0;0;1;0;0;0;0;0;542179,748021865030751;5441551,009933610446751;9,578132410000020;49,125346399000101
90525;08220829311010050410;08;3;11;000;2022;08;18;2;3;3;2;0;0;1;0;0;0;1;0;414423,005999986024108;5316737,839999499730766;7,852817958000060;47,998208922000103
90530;08220825335100064120;08;3;35;043;2022;08;14;5;3;5;2;0;0;1;1;0;0;0;0;513042,954000001016539;5279725,508999490179121;9,173746581000049;47,670789410000097
90546;08220824121200068760;08;1;21;000;2022;08;21;4;3;0;1;1;0;1;0;0;0;0;0;514270,470972553011961;5441130,763303169980645;9,195586509000069;49,122847911000100
90547;08220909435101272650;08;4;35;016;2022;09;17;6;2;4;6;0;0;1;0;0;0;0;0;537464,137382374959998;5277470,935502209700644;9,498861906000061;47,649550385000097
90554;08220907212010090270;08;2;12;000;2022;09;13;4;3;5;3;0;0;1;0;0;0;0;1;456007,346685937023722;5428240,041243780404329;8,398467604000070;49,005486919000099
90556;08220917435100158970;08;4;35;042;2022;09;18;7;3;5;2;1;1;1;1;0;0;0;0;552832,247104665962979;5278570,671729969792068;9,703618634000071;47,658372542999999
90557;08220826335300059610;08;3;35;022;2022;08;14;6;3;0;1;0;0;1;0;0;0;0;0;482694,495369293028489;5302160,620784820057452;8,768578110000020;47,872548707000099
90561;08220915337200274490;08;3;37;126;2022;09;20;5;3;0;7;2;1;0;1;1;0;0;0;441197,735999997996259;5274713,467999489977956;8,217398553000070;47,623154504000098
90564;08220817121500046450;08;1;25;005;2022;08;16;4;3;5;2;0;0;1;1;0;0;0;0;516409,298032097984105;5450936,532884280197322;9,225300216000051;49,211000228000003
90565;08220909121500093220;08;1;25;065;2022;09;22;6;3;1;5;2;1;1;0;0;0;0;1;517972,903000000980683;5450662,109999540261924;9,246756079000020;49,208487869000102
90570;08220906216100087030;08;2;16;043;2022;09;08;3;3;5;3;0;1;1;1;0;0;0;0;442989,660102800000459;5412258,774649090133607;8,222720776000070;48,860671987000003
90571;08220902311400084800;08;3;15;050;2022;09;12;6;3;5;2;0;0;1;1;0;0;0;0;399394,952999968023505;5303342,480999490246177;7,654546481000070;47,875532195000098
90572;08220917136300144970;08;1;36;065;2022;09;21;7;2;6;4;2;1;0;1;1;0;0;0;559337,229188531986438;5405995,472013190388680;9,808094193000040;48,804115471000003
90574;08220825311010048620;08;3;36;105;2022;08;13;5;3;6;4;0;0;0;1;1;0;0;0;401199,707428584981244;5267284,909513659775257;7,686851221000040;47,551465315000002
90575;08220911211100096270;08;2;16;049;2022;09;16;1;3;0;7;0;0;1;0;0;0;0;0;438644,172016240016092;5400680,828035520389676;8,165211354000061;48,756114237000098
90586;08220915337100126710;08;3;37;076;2022;09;17;5;3;0;1;0;1;1;0;0;0;0;0;427577,183184189023450;5268788,372246550396085;8,037124562000029;47,568469332000099
90594;08220822115400057720;08;1;15;045;2022;08;13;2;3;4;6;0;0;1;0;0;0;0;1;499737,195229044009466;5394676,485061679966748;8,996427989000040;48,705122388000099
90595;08220906212010090290;08;2;12;000;2022;09;13;3;3;5;3;0;0;1;1;0;0;0;0;452780,206833295989782;5429568,434410830028355;8,354189689000069;49,017197381000102
90596;08220902436500088940;08;4;36;052;2022;09;20;6;1;6;7;2;0;0;1;1;0;0;0;564552,791498156031594;5295299,967066629789770;9,862176951000039;47,807815804000001
90598;08220826116200042970;08;1;16;077;2022;08;10;6;3;5;3;0;0;1;1;0;0;0;0;515629,709878053981811;5390773,728814530186355;9,212288777000030;48,669817230000000
90600;08220901226600112400;08;2;26;082;2022;09;12;5;2;0;1;0;0;1;0;0;0;0;0;479605,167963588028215;5482915,653210650198162;8,718341173000059;49,498531217000000
90602;08220913118100102370;08;1;18;071;2022;09;19;3;3;8;7;0;0;1;0;0;0;0;0;509436,939888843975496;5418629,673323010094464;9,128816450000039;48,920531233000098
90603;08220824118100037280;08;1;18;079;2022;08;05;4;3;4;6;1;0;1;0;0;0;0;0;509836,197812238999177;5422995,126841120421886;9,134371775000030;48,959795264999997
90606;08220818222014048570;08;2;26;082;2022;08;16;5;3;6;4;0;0;0;0;1;0;0;1;475356,449294644000474;5480018,615742160007358;8,659846648000039;49,472315509000097
90608;08220829311010050530;08;3;15;109;2022;08;17;2;2;5;3;0;0;1;0;0;1;0;0;422410,964124843012542;5314075,027345660142601;7,960360637000060;47,975274378000101
90613;08220915116500121770;08;1;16;005;2022;09;17;5;3;5;3;0;0;1;1;0;0;0;0;520603,534899274993222;5381446,257011599838734;9,279380880000080;48,585762123999999
90616;08220822118000062880;08;1;18;027;2022;08;07;2;2;0;7;0;0;1;0;0;0;0;0;503815,281311027996708;5411818,131653590127826;9,052015946000040;48,859316244000098
90620;08220823231000035410;08;2;37;004;2022;08;05;3;3;3;6;2;0;1;0;0;0;0;1;453967,897237086028326;5373408,026907290332019;8,376715611000069;48,512099159999998
90626;08220905127100085020;08;1;27;076;2022;09;13;2;3;0;7;0;0;1;0;0;0;0;0;561375,916280340985395;5439357,839132430031896;9,840884135000071;49,104002803000100
90634;08220909311010092760;08;3;36;069;2022;09;12;6;3;5;3;0;0;1;1;0;0;0;0;404946,037981826986652;5267798,126768140122294;7,736519767000060;47,556641281000097
90640;08220903311300104000;08;3;15;064;2022;09;12;7;3;4;6;0;1;1;0;0;0;0;0;422365,929680451983586;5313717,176503200083971;7,959821969000070;47,972049781000102
90643;08220819311050028620;08;3;11;000;2022;08;12;6;3;5;3;0;0;1;0;0;0;0;1;413081,720615049998742;5317212,514586820267141;7,834745333000060;48,002297822999999
90647;08220824118200070710;08;1;18;011;2022;08;09;4;3;3;2;0;0;1;0;0;0;0;1;498435,231137548980769;5410111,814559609629214;8,978673114000060;48,843976232999999
90650;08220819212702036620;08;2;15;046;2022;08;15;6;3;2;6;0;0;1;0;0;0;0;0;452636,626422063971404;5415782,690086079761386;8,353829764000070;48,893182052000000
90657;08220915212302109220;08;2;12;000;2022;09;11;5;3;5;3;0;1;1;1;0;0;0;0;455225,896407291002106;5429026,586066749878228;8,387696346000039;49,012505761000099
90660;08220831311010056470;08;3;36;050;2022;08;17;4;3;5;3;0;0;1;0;0;0;0;0;399719,384813298005611;5273831,339980670250952;7,665686096000060;47,610126201000099
90669;08220919311010142000;08;3;36;091;2022;09;20;2;2;0;1;2;0;1;0;0;0;0;0;394434,477715408022050;5271771,669637690298259;7,595883315000040;47,590759871000003
90670;08220821111120107170;08;1;11;000;2022;08;14;1;3;4;6;0;0;1;0;0;0;0;0;513253,524346787016839;5403835,659843030385673;9,180434602000050;48,787377284000101
90680;08220829216300048720;08;2;16;013;2022;08;11;2;3;0;1;0;0;1;0;0;0;0;0;452034,444519685988780;5387531,684777789749205;8,348908516000050;48,639006666000100
90687;08220901436000086520;08;4;35;016;2022;09;11;5;2;8;7;0;0;1;1;0;0;1;0;531480,483095751958899;5279582,163470080122352;9,419339741000041;47,668864891000098
90689;08220914316100134060;08;3;16;024;2022;09;16;4;2;6;7;0;0;0;1;1;0;0;0;410019,820103641017340;5334891,751463349908590;7,789981574000020;48,160899880999999
90693;08220908436300091300;08;4;36;049;2022;09;05;5;1;9;1;2;1;1;0;0;0;0;0;577212,283862035023049;5287921,729476029984653;10,029921491000000;47,740046216000103
90695;08220906118500111700;08;1;18;054;2022;09;06;3;2;0;1;0;1;1;0;0;0;0;0;518412,577449574018829;5422848,390890140086412;9,251525697000030;48,958279323000099
90709;08220820119100029280;08;1;19;083;2022;08;17;7;2;0;1;0;1;1;0;0;0;0;0;534618,832193576963618;5419861,836485040374100;9,472652015000049;48,930718956000099
90711;08220901435100087650;08;4;35;016;2022;09;16;5;3;0;1;0;0;1;0;0;0;0;0;536061,870838704984635;5280378,581742829643190;9,480430385000030;47,675791314000001
90724;08220826231100566990;08;2;36;040;2022;08;18;6;3;0;1;0;1;1;0;0;0;0;0;489906,218113547016401;5419779,059296100400388;8,862189080000061;48,930860410999998
90727;08220913326300291390;08;3;26;068;2022;09;08;3;3;3;6;0;0;1;0;0;0;0;1;444833,350793559977319;5317219,936788240447640;8,260369732000070;48,005893759999999
90737;08220902231102083290;08;2;36;033;2022;09;15;6;3;6;4;0;0;0;1;1;0;0;0;482777,950368391990196;5429617,606755780056119;8,764450544000059;49,019206511999997
90744;08220913325202292900;08;3;25;060;2022;09;21;3;3;0;1;2;0;1;0;0;0;0;0;470720,954186995979398;5337379,548534080386162;8,606054621000061;48,188976496000102
90748;08220818116200044090;08;1;16;078;2022;08;23;5;3;8;1;2;0;1;0;0;0;0;0;507866,314976015011780;5395291,533574669621885;9,106929646000030;48,710605848999997
90754;08220902127202096130;08;1;27;014;2022;09;12;6;2;5;3;0;0;1;1;0;0;0;0;577777,598990023019724;5442999,292226790450513;10,066261741000099;49,134898235999998
90757;08220824435100036600;08;4;35;016;2022;08;09;4;3;5;3;0;0;1;1;0;0;0;0;530108,259000001009554;5282131,655999490059912;9,401237176000050;47,691869220999997
90759;08220822121200041540;08;1;21;000;2022;08;22;2;3;0;7;2;0;1;0;0;0;0;0;515910,299876641016454;5444818,726472649723291;9,218206906000029;49,155982107000099