OBJECTID;UIDENTSTLAE;ULAND;UREGBEZ;UKREIS;UGEMEINDE;UJAHR;UMONAT;USTUNDE;UWOCHENTAG;UKATEGORIE;UART;UTYP1;ULICHTVERH;IstStrassenzustand;IstRad;IstPKW;IstFuss;IstKrad;IstGkfz;IstSonstige;LINREFX;LINREFY;XGCSWGS84;YGCSWGS84
91419;08220911121600125830;08;1;25;094;2022;09;09;1;3;7;7;0;0;1;0;0;0;0;0;513867,325406922027469;5437452,118865810334682;9,189934815000070;49,089766259000001
91420;08220901119400100160;08;1;19;079;2022;09;16;5;3;3;6;0;0;1;1;0;0;0;0;524649,265633463044651;5407972,391285879537463;9,335823435000069;48,824243086000102
91421;08220913335400101650;08;3;35;079;2022;09;13;3;3;0;1;0;0;1;0;0;0;0;0;500678,209000001021195;5296551,880999489687383;9,009060753000030;47,822317335000001
91423;08220817127100019220;08;1;27;059;2022;08;11;4;3;0;7;0;0;1;0;0;0;0;0;549465,504547661053948;5438445,171323279850185;9,677606513000059;49,096866751999997
91424;08220908335100117200;08;3;35;043;2022;09;18;5;3;0;1;0;0;1;0;0;0;0;0;511692,247085871000309;5287291,559262519702315;9,155956670000020;47,738891680999998
91427;08221024317500254330;08;3;17;096;2022;10;07;2;3;4;6;1;1;1;0;0;0;0;0;421310,471897298004478;5368913,348227090202272;7,935436925000030;48,468427034000101
91432;08221005311010189890;08;3;15;064;2022;10;15;4;3;0;7;0;0;1;0;0;0;0;0;420358,889606532000471;5315307,518985640257597;7,932640591000050;47,986109305000099
91433;08221030436400275610;08;4;36;087;2022;10;13;1;3;0;1;0;0;1;0;0;0;0;0;547725,522423450020142;5302061,245428830385208;9,638191902000070;47,870114187000098
91434;08221011212502236000;08;2;12;000;2022;10;15;3;3;5;3;0;0;1;1;0;0;0;0;449937,701346044021193;5431869,364146069623530;8,315032418000040;49,037669967000099
91442;08221021326400260820;08;3;26;074;2022;10;09;6;3;5;2;0;1;1;1;0;0;0;0;460635,968000000983011;5323074,529999500140548;8,471689241000041;48,059734794000100
91443;08221019435100272590;08;4;35;035;2022;10;12;4;3;5;3;0;0;1;1;0;0;0;0;545103,543475514976308;5284209,581667469814420;9,601277035000070;47,709691926000097
91449;08221024116010257770;08;1;16;077;2022;10;16;2;3;5;3;0;0;1;1;0;0;0;0;516192,622690793999936;5389550,195481900125742;9,219886532000030;48,658795887000103
91454;08221004415300209650;08;4;15;089;2022;10;17;3;3;3;2;0;0;1;1;0;0;0;0;521171,589295820973348;5359277,580869009718299;9,285960106000060;48,386306887000003
91455;08221030235200262790;08;2;35;085;2022;10;12;1;3;0;7;0;0;1;0;0;0;0;0;483638,535136761027388;5391595,317831579595804;8,777739812000050;48,677189550999998
91457;08220920222014145920;08;2;22;000;2022;09;16;3;3;6;4;0;0;0;0;1;0;1;0;460929,018186004017480;5482666,833712849766016;8,460451639000039;49,495377798000000
91471;08221021119200233860;08;1;19;093;2022;10;15;6;3;0;1;0;1;1;0;0;0;0;0;524442,678310445044190;5405684,426867850124836;9,332872635000060;48,803669280000101
91477;08221023119400270660;08;1;19;091;2022;10;13;1;2;3;6;0;0;1;0;0;0;0;0;528571,704487252049148;5406943,958475270308554;9,389190203000060;48,814823566000001
91487;08221103119300529280;08;1;19;061;2022;11;17;5;3;6;2;0;0;0;1;1;0;0;0;538853,173999999999069;5414465,568999529816210;9,529947614000040;48,881926108000101
91494;08220926118300168950;08;1;18;046;2022;09;07;2;3;5;3;0;0;1;1;0;0;0;0;513612,194701388012618;5412387,496519009582698;9,185601424000030;48,864300512000099
91497;08221016127202232030;08;1;27;101;2022;10;16;1;3;9;1;0;0;1;0;0;0;0;0;584770,717000014963560;5445997,350999539718032;10,162742183000001;49,160936327999998
91505;08220927135100149190;08;1;35;016;2022;09;15;3;3;6;4;0;1;0;1;1;0;0;0;591225,688866232056171;5386724,719184990040958;10,238024167000001;48,626933174999998
91509;08221017311010219840;08;3;11;000;2022;10;17;2;3;3;2;0;0;1;0;0;0;0;0;412002,400187133986037;5315244,636422010138631;7,820682238000070;47,984448518000100
91515;08221011135200231250;08;1;35;019;2022;10;08;3;3;5;2;0;0;1;1;0;0;0;0;584540,463208575034514;5392441,630534810014069;10,148486105000099;48,679292488999998
91533;08221101226600523370;08;2;26;082;2022;11;17;3;3;5;3;2;0;1;1;0;0;0;0;480960,428999999014195;5481620,501999549567699;8,737119921000041;49,486925708000101
91548;08221103335000523060;08;3;35;075;2022;11;12;5;3;5;2;0;0;1;0;0;0;1;0;488481,491153087001294;5295586,631754090078175;8,846140701000021;47,813529782000003
91556;08221016135010250010;08;1;35;020;2022;10;13;1;3;4;6;0;0;1;1;0;1;0;0;585772,886820223997347;5382808,697990559972823;10,163231198000100;48,592482620000098
91566;08221026326300264580;08;3;26;003;2022;10;14;4;3;1;7;0;0;1;1;0;0;0;0;467886,989000000990927;5319449,078999499790370;8,569275159000030;48,027523347000098
91573;08221025221200275640;08;2;21;000;2022;10;16;3;3;3;6;0;0;1;0;0;0;0;0;477691,903444511990529;5473384,972336869686842;8,692455661000050;49,412737556000103
91576;08221103311010509800;08;3;36;050;2022;11;08;5;3;3;6;0;0;1;1;0;0;0;0;399874,608648577006534;5273804,824572740122676;7,667756955000070;47,609911687000100
91587;08221004117010207720;08;4;26;134;2022;10;17;3;1;2;6;0;0;1;1;0;0;0;0;553271,338536005001515;5332733,540917170234025;9,716155800000021;48,145620612000101
91594;08221026336200289360;08;3;36;105;2022;10;06;4;3;3;2;2;1;1;0;0;0;0;1;401490,759583364007995;5267128,675061319954693;7,690753543000030;47,550104121000103
91600;08221031326200279200;08;3;26;074;2022;10;15;2;3;0;1;0;0;1;0;0;0;0;0;465168,831463140028063;5322283,447949909605086;8,532587691000060;48,052881200000101
91605;08220926118101140280;08;1;18;079;2022;09;10;2;3;6;7;0;0;1;0;1;0;0;0;509862,913635573000647;5422343,197942949831486;9,134720943000049;48,953930309000000
91610;08221022212010289090;08;2;12;000;2022;10;16;7;3;6;6;0;0;0;1;1;0;0;0;455815,491299326997250;5430976,902865369804204;8,395546397000031;49,030091523000102
91612;08220928221011181770;08;2;21;000;2022;09;17;4;3;0;1;0;0;1;0;0;0;0;0;477688,546153692994267;5472915,304626749828458;8,692435772000071;49,408512845000097
91614;08221028127202273380;08;1;27;014;2022;10;14;6;3;5;3;0;0;1;1;0;0;0;0;578398,472528785001487;5442784,557737089693546;10,074730045000001;49,132888041999998
91619;08221017416100230270;08;4;16;036;2022;10;22;2;3;5;3;2;0;1;1;0;0;0;0;495040,000174075015821;5368821,332173540256917;8,932892984000031;48,472503161000098
91621;08221003435100219160;08;4;35;016;2022;10;18;2;3;6;4;1;0;1;0;1;0;0;0;529986,484078511013649;5282326,670773600228131;9,399627791000061;47,693629520000101
91635;08221021317500230820;08;3;17;034;2022;10;21;6;3;1;7;2;1;1;1;0;0;0;0;426745,938911838980857;5362077,736645179800689;8,010154941000049;48,407596295000097
91647;08221014436200571720;08;4;36;064;2022;10;06;6;3;5;3;2;0;1;1;0;0;0;0;545257,521000002045184;5292291,909999489784241;9,604170529000040;47,782398564000097
91660;08221018327100258180;08;3;27;050;2022;10;09;3;3;3;6;0;0;1;0;0;0;0;0;485065,010456270014402;5315130,366428250446916;8,799828346000030;47,989300152000098
91663;08221027226600255770;08;2;26;096;2022;10;15;5;3;5;2;0;0;1;1;0;0;0;0;475281,238000000012107;5491013,091999559663236;8,658119750000029;49,571203807000103
91668;08221016335200246680;08;3;35;061;2022;10;13;1;3;4;6;0;0;1;0;0;0;0;0;495302,058523802028503;5278887,523209559731185;8,937427104000051;47,663363941999997
91676;08221007215302234040;08;2;15;082;2022;10;19;6;3;5;3;2;0;1;1;0;0;0;0;489555,592216224002186;5439028,831008650362492;8,856906479000029;49,104017091999999
91688;08220921222014167960;08;2;26;084;2022;09;12;4;1;6;4;0;0;0;1;1;0;0;0;467912,229061469028238;5469589,681750670075417;8,557940979000019;49,378162768000003
91692;08221015216200258690;08;2;16;007;2022;10;16;7;3;5;3;0;0;1;1;0;0;0;0;435734,225063894991763;5395172,415817669592798;8,126482975000039;48,706272549000097
91694;08221025335100278390;08;3;35;002;2022;10;17;3;3;5;3;0;0;1;1;0;0;0;0;505530,217745230009314;5285550,409401769749820;9,073742626000071;47,723307763999998
91698;08221006335100200360;08;3;35;043;2022;10;17;5;3;5;2;0;0;1;1;0;0;0;0;514870,276331531000324;5280259,654031920246780;9,198106585000060;47,675556017000098
91701;08220922119100149280;08;1;19;053;2022;09;16;5;3;0;7;0;1;1;0;0;0;0;0;533674,007000001030974;5425963,378999530337751;9,460257442000060;48,985656860000098
91702;08221024118200244090;08;1;18;027;2022;10;12;2;3;0;7;0;1;1;0;0;0;0;0;503125,742074664973188;5412862,108489690348506;9,042623034000030;48,868711537000102
91711;08220922216100140460;08;2;16;009;2022;09;21;5;2;8;1;2;0;1;0;0;0;0;0;446404,535368059994653;5420107,915808510035276;8,268245268000040;48,931579819000000
91715;08221030119100277740;08;1;19;006;2022;10;11;1;3;3;6;0;0;1;1;0;0;0;0;538891,705997155979276;5419326,614422589540482;9,530936171000061;48,925650647000097
91717;08221031311010287960;08;3;11;000;2022;10;06;2;3;5;3;0;0;1;1;0;0;0;0;413972,026726756012067;5316818,982561539858580;7,846757459000060;47,998878302000001
91724;08221015335010634290;08;3;27;025;2022;10;07;7;2;5;3;0;1;1;1;0;0;0;0;480188,727368754975032;5309461,161733089946210;8,734734095000020;47,938161000000001
91728;08221019325000248880;08;3;25;053;2022;10;06;4;2;6;4;2;0;0;0;1;0;1;0;454301,533999999985099;5341862,183999500237405;8,384661578000021;48,228334521000100
91735;08221024212102274240;08;2;15;101;2022;10;08;2;3;5;3;0;1;1;1;0;0;0;0;468223,326477041002363;5428075,957583840005100;8,565509329000070;49,004760813000097
91739;08221029425000259210;08;4;25;134;2022;10;09;7;3;0;1;0;0;1;0;0;0;0;0;546101,276848513050936;5373750,812810770235956;9,624258844000050;48,515177734000098
91741;08221031111330513320;08;1;11;000;2022;10;10;2;3;6;7;0;0;0;0;1;0;0;1;511496,368801200005691;5410502,088546000421047;9,156699448000040;48,847382570000001
91745;08220930118500292270;08;1;18;014;2022;09;15;6;3;5;3;0;0;1;1;0;0;0;0;521592,160406238981523;5419533,414172479882836;9,294784265000031;48,928356284000103
91749;08221026436400280970;08;4;36;082;2022;10;13;4;3;5;2;0;0;1;0;0;0;0;1;547413,512514684000053;5295341,064508919604123;9,633283680000030;47,809676583000098
91750;08221019121200634210;08;1;21;000;2022;10;14;4;3;5;3;0;0;1;1;0;0;0;0;515957,857034333981574;5445039,645459519699216;9,218867895000070;49,157968106000098
91755;08221023335100282730;08;3;35;043;2022;10;17;1;3;2;6;0;0;1;1;0;0;0;0;515208,752623378008138;5281147,095391199924052;9,202646764000059;47,683533017000101
91765;08220920119300126340;08;1;36;042;2022;09;15;3;3;0;7;0;0;1;1;0;0;0;0;546745,887485838029534;5404135,694134440273046;9,636417740000070;48,788460615000098
91766;08220921436400650000;08;4;36;082;2022;09;11;4;2;5;3;0;0;1;0;0;0;0;1;547068,611058932961896;5296452,737652690149844;9,628797995000070;47,819703556000000
91769;08221007435100215160;08;4;35;013;2022;10;07;6;3;4;6;1;1;1;0;0;0;0;0;540371,922397156944498;5277209,146196730434895;9,537555288000020;47,647020093000002
91792;08221028136100577080;08;1;36;082;2022;10;18;6;2;0;4;2;0;0;1;1;0;0;0;591839,780000207945704;5417010,506261319853365;10,253115086999999;48,899228993000101
91796;08221018135010246180;08;1;35;019;2022;10;16;3;3;0;6;0;0;1;1;0;0;0;0;584583,957140748039819;5392514,176128019578755;10,149091691000001;48,679939095000101
91797;08221102126100509030;08;1;26;028;2022;11;05;4;3;4;6;2;0;1;0;0;0;0;0;542691,313199643976986;5460877,739482340402901;9,587199203000070;49,299151391000102
91808;08220924121600164450;08;1;25;027;2022;09;09;7;2;6;4;0;0;0;0;1;0;0;1;520964,645317414018791;5445739,582432120107114;9,287573496000050;49,164113644000103
91809;08221025326100248010;08;3;26;012;2022;10;16;3;3;0;1;0;0;1;0;0;0;0;0;461816,661232641024981;5311581,779362889938056;8,488558158000050;47,956408410000101
91813;08221006415400570980;08;4;15;060;2022;10;17;5;2;5;3;0;0;1;1;0;0;0;0;515404,073804356972687;5378030,991614139638841;9,208751022000060;48,555187076999999
91821;08221029216100283960;08;2;16;039;2022;10;15;7;3;4;6;0;0;1;0;0;0;0;0;444859,362730665015988;5413309,705264289863408;8,248068354000051;48,870294182000102
91826;08220921435200131570;08;4;35;052;2022;09;14;4;3;4;6;0;0;1;0;0;0;0;0;526290,930627156049013;5291522,621344029903412;9,350933925000049;47,776530443000098
91827;08221104128200511850;08;1;28;139;2022;11;10;6;3;6;7;0;0;0;1;1;0;0;0;553174,548567862017080;5488011,639721649698913;9,735016259000080;49,542377095000099
91832;08221026436400245500;08;4;36;082;2022;10;07;4;3;5;3;2;1;1;1;0;0;0;0;548284,528132883948274;5295540,005830950103700;9,644938899000071;47,811401674000102
91833;08221019117400227460;08;1;17;060;2022;10;14;4;3;0;3;0;0;1;0;0;0;1;0;541768,769149219966494;5388990,707519349642098;9,567127162000080;48,652576400000001
91834;08221103435100511740;08;4;35;016;2022;11;17;5;2;0;1;2;0;1;0;0;0;0;0;536865,235316302045248;5278274,964443939737976;9,490955201000080;47,656818955000098
91836;08221006136010204660;08;1;36;088;2022;10;13;5;2;6;1;0;0;0;1;1;0;0;0;583305,464008806971833;5415207,140501200221479;10,136325461000100;48,884215935999997
91844;08221010212010221330;08;2;12;000;2022;10;15;2;3;5;3;0;0;1;1;0;0;0;0;458993,598000000987668;5428816,734999530017376;8,439239659000069;49,010880018000101
91847;08221004135010570050;08;1;35;019;2022;10;15;3;2;5;3;0;0;1;1;0;0;0;0;584175,146435228991322;5393406,760866769589484;10,143720854000000;48,688022543000002
91854;08221026212010260800;08;2;12;000;2022;10;21;4;3;5;2;2;0;1;1;0;0;0;0;455995,934915866004303;5429268,366775459609926;8,398200099000061;49,014735999999999
91858;08221031436500287880;08;4;36;055;2022;10;16;2;1;4;2;0;0;1;0;0;0;0;1;575576,372134129051119;5293695,235516980290413;10,009108070000000;47,792179334000103
91861;08221025231202260390;08;2;36;070;2022;10;17;3;3;5;3;0;0;1;1;0;0;0;0;468565,954873014008626;5416652,302071499638259;8,571075903000059;48,902017588000000
91862;08221026337010272800;08;3;37;096;2022;10;07;4;3;6;3;0;1;0;1;1;0;0;0;420455,174769777979236;5267467,484090760350227;7,942691104000060;47,555752271000102
91864;08221103317300512020;08;3;17;059;2022;11;19;5;3;5;2;2;1;1;1;0;0;0;0;412158,569452609983273;5349815,742934119887650;7,815642482000040;48,295438956000098
91866;08221006117010191610;08;1;17;042;2022;10;16;5;3;6;4;0;0;0;1;1;0;0;0;554416,361768099013716;5393296,232943779788911;9,739406721000019;48,690332811000097
91867;08221027135010273250;08;4;25;085;2022;10;17;5;2;2;6;0;0;1;1;0;0;0;0;582589,863944950979203;5373435,001535709947348;10,118213068999999;48,508597860000101
91876;08221004221400188240;08;2;21;000;2022;10;15;3;3;5;2;0;0;1;1;0;0;0;0;475377,914739592990372;5470879,339005090296268;8,660710379000021;49,390110565000001
91888;08221026221300275780;08;2;21;000;2022;10;22;4;3;0;7;2;0;1;0;0;0;0;0;478934,311000000976492;5473464,210999550297856;8,709579323000071;49,413494582000098
91892;08221031436000287870;08;4;36;011;2022;10;19;2;2;6;6;2;0;1;0;1;0;0;0;548369,625000001979060;5296779,033999499864876;9,646213778000060;47,822542699000103
91900;08221009311010196610;08;3;15;107;2022;10;13;1;2;4;6;0;0;1;0;0;0;0;0;411849,595507983001880;5310928,389475350268185;7,819519967000080;47,945601416000002
91907;08221028216100256950;08;2;16;043;2022;10;14;6;3;5;7;0;0;1;1;0;0;0;0;442462,331220050982665;5412508,831047680228949;8,215496718000050;48,862872553000003
91913;08221003119400192460;08;1;19;091;2022;10;12;2;3;0;7;0;0;1;1;0;0;0;0;527100,895123478025198;5406876,256168290041387;9,369151510000050;48,814280431999997
91927;08220928121200164410;08;1;21;000;2022;09;19;4;3;4;6;1;0;1;0;0;0;0;0;514390,105013148975559;5441236,389814429916441;9,197229933000070;49,123795271000098
91933;08221017311010219020;08;3;15;073;2022;10;14;2;2;4;6;0;0;1;0;0;0;0;0;412561,713549564999994;5313339,993377179838717;7,828564017000080;47,967392308999997
91939;08221010317500226490;08;3;17;096;2022;10;09;2;3;3;2;0;0;1;1;0;0;0;0;422045,132787430018652;5369640,669963509775698;7,945238536000030;48,475060729000099
91948;08221019115300259450;08;1;15;028;2022;10;07;4;3;5;3;0;0;1;1;0;0;0;0;499442,362963800027501;5405283,970482029952109;8,992406296000070;48,800547176000102
91959;08221022436000237480;08;4;36;064;2022;10;11;7;3;5;3;0;1;1;1;0;0;0;0;547719,069283433025703;5289767,557868489995599;9,636751904000050;47,759509327000004
91965;08220922436200179360;08;4;36;082;2022;09;13;5;3;5;3;0;0;1;1;0;0;0;0;547050,899000001023524;5293976,103999489918351;9,628292589000070;47,797422711000102
91969;08221103221011510040;08;2;26;085;2022;11;13;5;2;6;4;0;0;0;1;1;0;0;0;490453,880386558012106;5455362,836235609836876;8,868825729000040;49,250961212999997
91970;08221004216100187030;08;2;16;043;2022;10;12;3;3;6;7;0;0;0;1;1;0;0;0;441196,775622767978348;5411680,344678379595280;8,198362136000069;48,855301668000003
91971;08221005317500222130;08;3;17;096;2022;10;19;4;3;2;6;2;0;1;0;0;0;0;0;421363,997999990009703;5368788,313999510370195;7,936184441000020;48,467309059000101
91972;08221031231000285910;08;2;36;044;2022;10;17;2;2;0;1;2;1;1;0;0;0;0;0;482441,128290990018286;5405668,186326540075243;8,760874165000081;48,803755776000102
91984;08221007311010190930;08;3;11;000;2022;10;08;6;3;0;6;0;0;1;0;0;0;0;0;414399,079405387979932;5315841,314812229946256;7,852676097000030;47,990141125000001
91985;08221028121400652780;08;1;25;074;2022;10;17;6;3;5;2;0;0;1;1;0;0;0;0;507463,068000000028405;5438305,192999539896846;9,102234411000040;49,097551049000103
91990;08221017426100232210;08;4;26;117;2022;10;18;2;3;4;2;1;0;1;1;0;0;0;0;580129,984842268982902;5316974,090140069834888;10,074221322000000;48,001040074000102
91998;08221104212010523140;08;2;12;000;2022;11;13;6;3;0;1;0;1;1;0;0;0;0;0;453940,292490914987866;5428253,239987789653242;8,370204043000060;49,005454839000002
92002;08220923436300171380;08;4;36;081;2022;09;14;6;3;2;6;0;0;1;0;0;1;0;0;562746,912130728946067;5281950,683781029656529;9,836134204000070;47,687895951000002
92004;08221022115400283110;08;1;15;045;2022;10;14;7;3;9;1;0;0;1;0;0;0;0;0;494981,728605160024017;5394043,206328559666872;8,931799972000020;48,699405230000103
92008;08221017115400249940;08;1;15;045;2022;10;06;2;3;5;3;1;0;1;1;0;0;0;0;499435,971110297017731;5394921,949200370348990;8,992333451000039;48,707330403000100
92015;08221019311010258510;08;3;11;000;2022;10;22;4;2;0;7;2;0;1;0;0;0;0;0;413768,354614780982956;5317031,497402160428464;7,843985008000060;48,000762508000001
92016;08220928127100172650;08;1;27;052;2022;09;15;4;3;5;3;0;1;1;1;0;0;0;0;538926,810873102047481;5436284,054871790111065;9,533040820000050;49,078184432000100
92026;08221030111500284060;08;1;11;000;2022;10;19;1;3;3;6;2;0;1;1;0;0;0;0;513188,201558772008866;5400547,853626229800284;9,179439867000040;48,757801800999999
92032;08221021127100248590;08;1;27;076;2022;10;07;6;3;5;3;2;1;1;1;0;0;0;0;551980,667713635019027;5438422,575192890129983;9,712055015000031;49,096456131000103
92040;08221006436400210060;08;4;36;011;2022;10;06;5;3;3;6;2;0;1;1;0;0;0;0;548497,332482752972282;5296954,006571399979293;9,647939416000041;47,824107291000097
92045;08221017416100271130;08;4;16;036;2022;10;17;2;3;0;1;0;0;1;0;0;0;0;0;491272,873128467996139;5367333,112805799581110;8,881956250000030;48,459073490000002
92060;08221018335000223010;08;3;35;063;2022;10;17;3;2;5;3;0;0;1;1;0;0;0;0;502061,328000001027249;5291297,997999490238726;9,027514007000040;47,775042560000003
92067;08221017117100230170;08;1;17;049;2022;10;10;2;3;5;3;0;0;1;1;0;0;0;0;555104,164100370020606;5392113,328963520005345;9,748593989000030;48,679631827999998
92069;08221009311400226840;08;3;15;130;2022;10;15;1;3;6;7;0;0;1;0;1;0;0;0;411190,099619860004168;5302741,723894430324435;7,812376397000040;47,871868036000102
92074;08220928231000168160;08;2;31;000;2022;09;06;4;3;6;3;2;1;0;1;1;0;0;0;476447,261706513992976;5415714,541423570364714;8,678669988000021;48,893931664000000
92075;08221008111320222100;08;1;11;000;2022;10;17;7;3;0;7;0;0;1;0;0;0;0;0;515588,252649909991305;5405255,957000950351357;9,212273476000060;48,800099965000101
92076;08221028415400269210;08;4;15;060;2022;10;06;6;3;5;3;2;0;1;1;0;0;0;0;512772,493485872983001;5378504,819902510382235;9,173103427000060;48,559508897999997
92082;08221103117200562600;08;1;17;024;2022;11;11;5;2;3;6;0;0;1;1;0;0;0;0;560452,550134461023845;5385479,477329360321164;9,820276251000051;48,619463705000001
92087;08221011436400200340;08;4;36;083;2022;10;12;3;3;5;3;0;0;1;1;0;0;0;0;532952,241000000969507;5301852,695999500341713;9,440633150000050;47,869165912000000
92091;08220926117200143020;08;1;17;024;2022;09;16;2;3;6;7;0;0;1;0;1;0;0;0;560958,347000004025176;5386079,752999519929290;9,827226866000050;48,624814265000097
92096;08221022117300266280;08;1;17;026;2022;10;18;7;3;6;4;2;0;0;1;1;0;0;0;547649,590244319057092;5394362,054070459678769;9,647589703000049;48,700473826000099
92104;08221024212102271940;08;2;12;000;2022;10;07;2;2;5;3;2;1;1;1;0;0;0;0;461132,001622461015359;5422710,718407739885151;8,469064665000079;48,956093244000002
92105;08221017426300218150;08;4;26;124;2022;10;16;2;3;0;1;0;0;1;0;0;0;0;0;545649,638014781055972;5336803,504408709704876;9,614136663000069;48,182828407000002
92109;08221005119500211360;08;1;19;089;2022;10;06;4;3;4;6;1;0;1;0;0;0;0;0;534493,011079675983638;5412861,077167489565909;9,470342980000050;48,867750858000100
92113;08221104119100512430;08;1;19;044;2022;11;14;6;3;6;4;0;0;0;1;1;0;0;0;541398,291000001016073;5425546,120999529957771;9,565785833000060;48,981434078000099
92116;08220923436400290950;08;4;36;083;2022;09;18;6;3;4;6;0;0;1;1;0;0;0;0;530916,868000000016764;5299993,502999500371516;9,413284187000039;47,852539653000100
92119;08221019135010242020;08;1;17;061;2022;10;12;4;2;6;4;0;0;0;0;1;0;0;1;563126,375906731002033;5395460,770996590144932;9,858075949000069;48,708982689999999
92123;08221012317000228980;08;3;17;096;2022;10;19;4;2;1;5;2;0;1;1;0;0;0;0;421704,384165763971396;5368794,238688269630075;7,940787375000070;48,467404819000102
92125;08221021116200231840;08;1;16;077;2022;10;13;6;3;0;1;0;1;1;0;0;0;0;0;516345,942075000028126;5389712,341815110296011;9,221974909000039;48,660250576000102
92126;08221017116200265590;08;1;16;077;2022;10;07;2;2;5;3;2;0;1;1;0;0;0;0;517298,228999999992084;5391161,070999519899487;9,234967263000041;48,673257790999997
92127;08221101226700514960;08;2;26;010;2022;11;15;3;3;5;3;0;0;1;1;0;0;0;0;480985,537863006989937;5459002,443130459636450;8,738548337000051;49,283478881000100
92131;08221004426010200470;08;4;25;039;2022;10;07;3;3;5;3;0;0;1;1;0;0;0;0;566368,655580678023398;5353162,831346379593015;9,895411482000039;48,328164929000103
92140;08221015126200244470;08;1;26;069;2022;10;14;7;3;7;7;0;1;1;0;0;0;0;0;538448,029337613959797;5442579,239011109806597;9,527084408000061;49,134840136000001
92145;08221103415112509810;08;4;15;087;2022;11;07;5;3;5;2;0;0;1;1;0;0;0;0;513690,774618289025966;5381517,554047759622335;9,185647867000061;48,586592791999998
92150;08221017111330251190;08;1;11;000;2022;10;08;2;3;5;3;0;0;1;1;0;0;0;0;512149,032694149005692;5408458,879887660034001;9,165534867000080;48,828989773000004
92153;08221007111500190990;08;1;11;000;2022;10;06;6;3;0;2;2;0;1;1;0;0;0;0;517925,683800576021895;5403874,269958030432463;9,244042937000071;48,787607494000000
92157;08221020416010228170;08;4;17;002;2022;10;07;5;3;6;4;0;0;0;1;1;0;0;0;488941,260157315002289;5347255,354440120048821;8,850946838000031;48,278405728000102
92168;08220929222301294550;08;2;22;000;2022;09;15;5;3;5;3;0;0;1;0;0;0;0;1;464632,064812997996341;5481919,603742429986596;8,511653448000059;49,488884013000103
92170;08221029118600291490;08;1;18;073;2022;10;17;7;3;2;6;1;0;1;0;0;0;0;1;499980,489419782010373;5425875,100206670351326;8,999733328000049;48,985780782000099
92172;08221025221011250130;08;2;21;000;2022;10;13;3;3;0;3;0;0;1;0;0;0;0;1;477688,223443562979810;5472923,426851210184395;8,692430867000040;49,408585892000097
92181;08221016335100214600;08;3;35;043;2022;10;17;1;3;0;1;0;0;1;0;0;0;0;0;511058,617000000027474;5281880,620999489910901;9,147367712000060;47,690217359000002
92182;08221002111500191900;08;1;11;000;2022;10;20;1;3;2;6;2;1;1;1;0;0;0;0;513205,229373504000250;5401027,419585700146854;9,179686935000060;48,762115591000097
92187;08220928336400147610;08;3;36;008;2022;09;13;4;3;0;1;0;1;1;0;0;0;0;0;396380,977999962982722;5276144,803999479860067;7,620731646000020;47,630411010000003
92190;08221014311010236800;08;3;11;000;2022;10;09;6;3;1;5;0;0;1;1;0;0;0;0;413441,721180387015920;5316307,618964700028300;7,839753133000040;47,994206828000102
92198;08221005421200197830;08;4;25;085;2022;10;16;4;3;6;7;0;0;0;1;1;0;0;0;580992,324898032005876;5375349,172987270168960;10,096959295000000;48,526023363000000
92199;08221031426010283730;08;4;21;000;2022;10;17;2;3;6;4;2;0;0;1;1;0;0;0;573033,586124464054592;5361682,785325979813933;9,986797617000040;48,404069212000103
92200;08221011226500212890;08;2;26;017;2022;10;11;3;3;8;6;0;0;1;1;0;0;0;0;491348,417763055011164;5464311,260279459878802;8,880923923000070;49,331466851000101
92201;08220921221200156760;08;2;21;000;2022;09;16;4;2;0;7;0;0;1;0;0;0;0;0;477691,595289489021525;5472883,017570439726114;8,692479618000050;49,408222540000097
92206;08221016117010233250;08;1;17;026;2022;10;14;1;3;8;1;0;0;1;0;0;0;0;0;545077,511961390962824;5396038,301563389599323;9,612818664000031;48,715743779999997
92215;08221009200000227870;08;2;15;017;2022;10;12;1;2;5;2;0;0;1;1;0;0;0;0;457902,751541062025353;5418344,162323179654777;8,425406471000031;48,916603469999998
92218;08221017231000240520;08;2;31;000;2022;10;10;2;2;6;4;0;0;0;1;1;0;0;0;478109,551917842007242;5415657,333975980058312;8,701351345000029;48,893478006000102
92225;08220921118600156880;08;1;18;076;2022;09;15;4;3;6;6;0;0;0;0;1;0;0;1;504479,151822604006156;5423209,165038419887424;9,061191880000020;48,961782712999998
92229;08220923317300167660;08;3;17;114;2022;09;16;6;2;5;3;0;0;1;1;0;0;0;0;405483,748760371003300;5347019,958117050118744;7,726294257000060;48,269330349000001
92230;08221025311010257750;08;3;15;131;2022;10;09;3;3;2;6;0;0;1;1;0;0;0;0;404904,692910793004557;5310222,104780440218747;7,726695165000020;47,938254879000098
92235;08221027221300268050;08;2;21;000;2022;10;06;5;2;5;3;2;0;1;1;0;0;0;0;481412,639000002003741;5473849,411999549716711;8,743728199000030;49,417040181000097
92239;08221017119500253150;08;1;19;042;2022;10;13;2;3;5;3;0;0;1;1;0;0;0;0;525634,495351193007082;5416721,895919649861753;9,349794117000039;48,902910797000096
92247;08220920317100123250;08;3;17;001;2022;09;09;3;3;5;3;0;0;1;0;0;1;0;0;428764,427808200009167;5384189,331192459911108;8,033651277000050;48,606723983000101