OBJECTID;UIDENTSTLAE;ULAND;UREGBEZ;UKREIS;UGEMEINDE;UJAHR;UMONAT;USTUNDE;UWOCHENTAG;UKATEGORIE;UART;UTYP1;ULICHTVERH;IstStrassenzustand;IstRad;IstPKW;IstFuss;IstKrad;IstGkfz;IstSonstige;LINREFX;LINREFY;XGCSWGS84;YGCSWGS84
92251;08221007317200201710;08;3;17;114;2022;10;16;6;3;8;6;0;0;1;0;0;0;0;1;405468,850710748985875;5347000,169227600097656;7,726097966000050;48,269150134000000
92255;08221025121300241480;08;1;21;000;2022;10;06;3;3;6;4;1;1;0;1;1;0;0;0;510776,500000000000000;5448882,884999539703131;9,147906948000070;49,192652069000097
92257;08221018436000235130;08;4;36;013;2022;10;15;3;2;5;3;0;0;1;1;0;0;0;0;545898,608079763944261;5297886,303723200224340;9,613320581000041;47,832685818000101
92259;08221005335200188790;08;3;35;055;2022;10;17;4;3;5;2;0;0;1;1;0;0;0;0;495062,400920491025317;5286028,513746210373938;8,934154214000049;47,727614367999998
92265;08220930231202155220;08;2;36;070;2022;09;11;6;2;0;7;0;0;1;0;0;0;0;0;468793,365438194014132;5416597,615723979659379;8,574183057000029;48,901537155000000
92267;08221016316200251880;08;3;16;009;2022;10;15;1;2;0;7;0;0;1;0;0;0;0;0;415300,165171917993575;5326389,021061849780381;7,862664472000060;48,085141485000101
92278;08221102136300515670;08;1;36;065;2022;11;15;4;3;6;4;0;0;0;1;1;0;0;0;559267,820751213002950;5405943,063316159881651;9,807141475000041;48,803650676000103
92283;08221011216200236920;08;2;16;007;2022;10;15;3;3;5;3;0;0;1;0;0;0;0;1;435759,329734537983313;5395207,419567540287971;8,126818715000070;48,706589995000101
92290;08221025436400243840;08;4;36;008;2022;10;11;3;3;5;3;0;0;1;1;0;0;0;0;547249,493000003043562;5310386,336999500170350;9,632739048000079;47,945048443000097
92292;08221020111500508130;08;1;11;000;2022;10;17;5;3;6;4;0;1;0;1;1;0;0;0;509553,563611907011364;5403183,724861440248787;9,130048031000060;48,781580367000103
92308;08221102436400511030;08;4;36;019;2022;11;17;4;2;6;6;2;0;1;0;1;0;0;0;537885,117458070046268;5312411,751578940078616;9,507520650000060;47,963893300999999
92310;08221030136100288090;08;1;36;088;2022;10;15;1;3;6;4;0;0;1;0;1;0;0;0;583967,420803749002516;5407654,010232159867883;10,143804372000000;48,816193349999999
92311;08221005435100209630;08;4;35;016;2022;10;06;4;3;4;6;2;1;1;0;0;0;0;0;533723,618721959996037;5279743,915815380401909;9,449231284000060;47,670207156000103
92315;08221105311010520940;08;3;11;000;2022;11;06;7;2;5;3;2;1;1;0;0;0;0;1;413415,579999985988252;5317239,611999490298331;7,839214738000070;48,002586884000003
92316;08221021215402247910;08;2;15;009;2022;10;12;6;3;6;4;0;1;0;1;1;0;0;0;470767,687000001023989;5441628,247999530285597;8,599319130000030;49,126793401999997
92323;08220928222014281620;08;2;22;000;2022;09;07;4;3;6;4;0;0;0;0;1;0;0;1;464693,212999999988824;5481913,703999550081789;8,512498253000050;49,488834508000103
92327;08220922117010162100;08;1;17;014;2022;09;16;5;1;6;4;0;0;0;1;1;0;0;0;552236,093644503969699;5382404,475071559660137;9,708410344000070;48,592542440999999
92332;08221030117300270150;08;1;17;030;2022;10;00;1;3;5;3;2;0;1;1;0;0;0;0;547940,101964002009481;5389657,570296579971910;9,650992116000049;48,658132206000097
92336;08220921117010125740;08;1;17;042;2022;09;06;4;2;6;4;2;0;0;1;1;0;0;0;554161,041963440016843;5393112,980134599842131;9,735913725000049;48,688706598000103
92337;08220922128300131450;08;1;28;131;2022;09;18;5;3;6;2;0;0;0;1;1;0;0;0;536332,882606899016537;5514426,658344930037856;9,504681958000051;49,781204416000001
92345;08221103326400528590;08;3;26;074;2022;11;17;5;3;5;3;1;1;1;1;0;0;0;0;460639,135768364008982;5323073,921184279955924;8,471731811000041;48,059729511999997
92358;08220921426010160940;08;4;26;014;2022;09;06;4;3;6;7;0;0;0;1;1;0;0;0;548609,182486003963277;5317460,815951550379395;9,651746595000080;48,008593243000099
92359;08221023226200254550;08;2;26;003;2022;10;14;1;3;0;7;0;0;1;0;0;0;0;0;462475,203394432028290;5461988,290238119661808;8,483756249000070;49,309479777000000
92360;08221004221011201240;08;2;21;000;2022;10;22;3;1;6;4;2;0;0;1;1;0;0;0;475374,527653864992317;5468437,913472950458527;8,660814875000030;49,368150135000100
92368;08221019116100227540;08;1;16;019;2022;10;18;4;3;8;1;0;0;1;0;0;0;0;0;525121,686216652975418;5398982,180887470021844;9,341710121000061;48,743350066000097
92370;08221005311400247300;08;3;15;050;2022;10;16;4;3;2;6;0;0;1;0;0;0;0;0;401102,742033916991204;5304506,038498720154166;7,677112977000040;47,886263690000099
92373;08221020337010225490;08;3;37;076;2022;10;06;5;1;6;1;2;0;0;0;1;0;0;1;425239,930999992007855;5267472,756999489851296;8,006278957000060;47,556368321000001
92376;08220926136300172820;08;1;36;042;2022;09;07;2;3;5;3;0;0;1;1;0;0;0;0;545915,958000001031905;5403890,542999519966543;9,625092056000030;48,786317210000000
92381;08221022222000256570;08;2;22;000;2022;10;23;7;2;5;3;2;0;1;1;0;0;0;0;463576,002185638993979;5483478,375335589982569;8,496928645000031;49,502841900000099
92382;08221019436300249670;08;4;36;049;2022;10;11;4;3;5;3;0;0;1;0;0;0;0;1;579007,693074089009315;5283309,820939620025456;10,053029572000099;47,698339595000000
92385;08221028136100289920;08;1;36;088;2022;10;07;6;3;4;6;1;0;1;0;0;0;0;0;580393,630467341048643;5415034,159662749618292;10,096580418000000;48,883044640999998
92386;08221013436400205120;08;4;36;082;2022;10;06;5;3;5;3;2;0;1;1;0;0;0;0;547698,829352027969435;5295300,450855160132051;9,637089833000060;47,809290099000101
92390;08221018311010254830;08;3;36;091;2022;10;16;3;3;6;4;0;0;0;1;1;0;0;0;395520,762285295000765;5271893,131762170232832;7,610298545000030;47,592028374999998
92392;08221003316100185510;08;3;16;020;2022;10;11;2;3;8;1;0;1;1;0;0;0;0;0;408162,500862105982378;5336529,732675280421972;7,764657196000030;48,175367633000100
92398;08221104216200568990;08;2;16;007;2022;11;16;6;3;5;3;0;0;1;1;0;0;0;0;436213,567999997991137;5394404,742999520152807;8,133116150000030;48,699416502000098
92401;08221016111500246630;08;1;11;000;2022;10;14;1;2;6;4;0;0;0;0;1;1;0;0;517204,560356586007401;5398346,246763139963150;9,233994414000049;48,737898244000100
92403;08221026116100270390;08;1;16;004;2022;10;19;4;3;3;6;2;0;1;1;0;0;0;0;527390,387478449963965;5396939,753853569738567;9,372433052000080;48,724881077000099
92406;08220927325202170300;08;3;25;049;2022;09;12;3;3;5;2;0;0;1;1;0;0;0;0;472733,873000000021420;5335406,027999510057271;8,633264221000051;48,171310904000102
92411;08221017226100227070;08;2;26;013;2022;10;13;2;3;5;3;0;0;1;1;0;0;0;0;498889,744018747005612;5479761,330093519762158;8,984675788000059;49,470500378000096
92414;08221029128200261560;08;1;28;139;2022;10;15;7;3;0;1;0;0;1;0;0;0;0;0;551368,226000000955537;5491975,116999560035765;9,710567147000059;49,578180693000000
92422;08220923215402183860;08;2;15;009;2022;09;17;6;3;0;7;0;0;1;0;0;0;0;0;470123,135667832975741;5441672,740886019542813;8,590481345000059;49,127162626000001
92425;08221018435100224450;08;4;35;035;2022;10;17;3;3;6;4;0;0;0;1;1;0;0;0;542221,153123178984970;5283079,763830689713359;9,562744338000069;47,699721605999997
92437;08220922128200132190;08;1;28;115;2022;09;14;5;3;5;3;0;0;1;1;0;0;0;0;550525,381000002962537;5494216,376999559812248;9,699197211000071;49,598409629999999
92440;08221101215202509230;08;2;15;084;2022;11;14;3;3;5;2;0;0;1;1;0;0;0;0;472746,091830512974411;5444805,909036000259221;8,626221160000060;49,155468032999998
92442;08221029215202272020;08;2;15;064;2022;10;06;7;3;0;7;2;0;1;0;0;0;0;0;478315,080845536023844;5451579,977091040462255;8,702231467000050;49,216624117999999
92443;08221004416010204820;08;4;15;061;2022;10;14;3;3;6;2;0;0;0;0;1;0;1;0;511022,002323768974748;5364461,200775579549372;9,149008703000050;48,433200439000103
92452;08221025212010269190;08;2;12;000;2022;10;18;3;3;5;3;2;0;1;1;0;0;0;0;455717,868805870006327;5431913,529711109586060;8,394108666000021;49,038509535000102
92458;08221027215402570910;08;2;15;009;2022;10;07;5;3;4;6;1;0;1;0;0;1;0;0;469348,876450025010854;5440085,271808659657836;8,579989560000060;49,112844916000000
92463;08220926336400142380;08;3;36;078;2022;09;16;2;3;8;1;0;0;1;0;0;0;0;0;393367,016999956977088;5290149,841999479569495;7,577202292000040;47,755895643000002
92464;08221001121500184570;08;1;25;103;2022;10;06;7;2;9;1;2;1;1;0;0;0;0;0;531420,293720551999286;5462175,046071410179138;9,432279098000039;49,311504249999999
92480;08221005335400188380;08;3;35;099;2022;10;06;4;3;4;6;2;1;1;0;0;1;0;0;494196,354827389004640;5297959,191670239903033;8,922445500000039;47,834953714999997
92481;08221031317300269340;08;3;17;075;2022;10;14;2;3;0;1;0;0;1;0;0;0;0;0;412100,253362906980328;5361586,052565240301192;7,812398730000040;48,401301359000101
92486;08220930436200176990;08;4;36;064;2022;09;02;6;3;0;1;2;0;1;0;0;0;0;0;545420,436856832006015;5292216,385425900109112;9,606337366000050;47,781707599000100
92495;08221013325000214250;08;3;25;060;2022;10;07;5;2;5;3;0;0;1;0;0;0;0;1;469384,287000000011176;5339571,730999509803951;8,587912286000060;48,208635739999998
92504;08221031117010267960;08;1;17;035;2022;10;17;2;3;0;1;1;0;1;0;0;0;0;0;548567,255232912953943;5381100,130035069771111;9,658505741000059;48,581104305000103
92512;08221025335400245800;08;3;35;079;2022;10;09;3;3;5;3;0;0;1;1;0;0;0;0;497541,983373756986111;5295897,955310350283980;8,967165044000071;47,816429319000100
92522;08221101135010522430;08;1;35;016;2022;11;21;3;3;7;7;2;0;1;0;0;0;0;0;591211,488687388948165;5386201,530616800300777;10,237716418000000;48,622229634000099
92524;08221029211100260170;08;2;16;049;2022;10;13;7;3;5;3;0;0;1;1;0;0;0;0;439451,334272458974738;5402656,832472080364823;8,175901377000059;48,773967525000003
92525;08221015118200244870;08;1;18;011;2022;10;16;7;3;6;6;0;1;1;0;1;0;0;0;504764,490000000980217;5407891,396999520249665;9,064911387000050;48,823985327999999
92526;08221004317100206800;08;3;17;001;2022;10;22;3;3;0;7;2;0;1;0;0;0;0;0;432718,737052282027435;5387262,413459270261228;8,086787746000031;48,634804160999998
92529;08220920118010184280;08;1;18;048;2022;09;22;3;3;9;1;2;0;0;1;1;0;0;0;511325,209137693978846;5418839,598929040133953;9,154597508000050;48,922387995000101
92534;08221025231102287230;08;2;36;033;2022;10;16;3;3;3;6;0;0;1;1;0;0;0;0;481073,610345677006990;5428688,396668709814548;8,741183516000040;49,010797863999997
92537;08221104111500511510;08;1;11;000;2022;11;17;6;3;6;4;1;1;0;1;1;0;0;0;507487,790155076014344;5405701,121808939613402;9,101973596000050;48,804254984000103
92539;08221027231000263190;08;2;37;019;2022;10;15;5;3;0;3;0;0;1;1;0;0;0;0;463024,282487764023244;5368706,144115599803627;8,499751759000050;48,470399307000001
92541;08221020211100231160;08;2;16;049;2022;10;18;5;3;1;1;2;1;1;1;0;0;0;0;438665,325742923014332;5402328,998098350130022;8,165253463000059;48,770941663000002
92550;08221007435100191180;08;4;35;057;2022;10;11;6;3;5;3;0;0;1;1;0;0;0;0;544455,001788072986528;5279573,233838779851794;9,592159407000050;47,668022770999997
92553;08220922335200133030;08;3;35;063;2022;09;13;5;3;0;1;0;0;1;0;0;0;0;0;499125,608697491989005;5288660,982984280213714;8,988334184000051;47,751318564000002
92556;08221018111370267390;08;1;11;000;2022;10;06;3;3;0;7;2;0;1;0;0;0;0;0;507974,567369426018558;5407685,920372170396149;9,108641404000020;48,822103965000103
92558;08221003436500200450;08;4;36;095;2022;10;05;2;2;6;6;2;1;1;0;1;0;0;0;537333,341692985035479;5294280,952239469625056;9,498561493000070;47,800802372000099
92576;08221013311010205240;08;3;11;000;2022;10;10;5;3;5;3;0;0;1;0;0;0;0;0;414008,879209235019516;5315107,675383370369673;7,847594204000070;47,983489404000103
92578;08220922128100129140;08;1;28;126;2022;09;20;5;3;0;1;2;0;1;0;0;0;0;0;567266,876000004005618;5478393,918999549932778;9,928148786000071;49,454477499000099
92586;08221028316200270370;08;3;16;045;2022;10;16;6;3;5;3;0;0;1;1;0;0;0;0;415246,816257738973945;5325165,791731749661267;7,862190944000080;48,074131096000002
92587;08221014119300225120;08;1;19;067;2022;10;19;6;3;5;2;2;1;1;1;0;0;0;0;539365,618381686974317;5405878,638007080182433;9,536111795000069;48,804650316999997
92590;08221026226100280380;08;2;26;013;2022;10;07;4;3;4;6;2;0;1;0;0;0;0;0;499160,918546039029025;5479958,425525239668787;8,988418233000059;49,472273662000099
92592;08221103216200510780;08;2;16;007;2022;11;15;5;3;0;1;0;0;1;0;0;0;0;0;431289,834942742018029;5396233,107087070122361;8,065905183000041;48,715339538000102
92596;08221011437100212220;08;4;37;100;2022;10;06;3;3;5;2;2;1;1;1;0;0;0;0;537259,767364884959534;5317987,088618939742446;9,499627520000050;48,014090551000002
92598;08221105231302512680;08;2;31;000;2022;11;10;7;3;0;7;0;1;1;0;0;0;0;0;479710,405507803021464;5416083,564129279926419;8,723170143000059;48,897366726000001
92600;08220926215502168250;08;2;15;066;2022;09;16;2;3;5;3;0;1;1;1;0;0;0;0;460729,059000000997912;5454229,741999539546669;8,460496592000030;49,239583487000097
92614;08221017326300255230;08;3;26;031;2022;10;17;2;3;5;3;0;0;1;0;0;0;0;1;456906,695000000996515;5331642,398999500088394;8,420775417000071;48,136575229000101
92616;08221003421200204360;08;4;25;141;2022;10;14;2;3;0;1;0;0;1;0;0;0;0;0;563360,514167965040542;5370596,852060870267451;9,857464489000050;48,485302142000101
92620;08221011121200233930;08;1;21;000;2022;10;15;3;3;0;7;0;0;1;0;0;0;0;0;515763,189028443011921;5443795,737292409874499;9,216149285000030;49,146783791000097
92621;08220927111500168320;08;1;11;000;2022;09;10;3;3;6;3;0;0;0;1;1;0;0;0;512640,930624482978601;5401648,174173669889569;9,172027486000051;48,767711581000100
92638;08221017136100231970;08;1;36;088;2022;10;08;2;3;5;3;0;0;1;1;0;0;0;0;580856,947776785003953;5412505,837349220179021;10,102399140999999;48,860244266000102
92646;08220920316100124290;08;3;16;036;2022;09;18;3;3;2;1;0;0;1;0;0;0;0;0;413264,517999986012001;5327272,574999500066042;7,835156436000030;48,092815451000000
92648;08220929216300152070;08;2;16;015;2022;09;10;5;3;5;3;0;0;1;0;0;0;0;1;450307,450138664979022;5405521,645714960061014;8,323300362000049;48,800699203000100
92649;08221008317500204320;08;3;17;151;2022;10;13;7;2;0;7;0;0;1;0;0;0;0;0;412295,937993069994263;5364786,525928200222552;7,814372774000050;48,430115612000101
92655;08221018336200223640;08;3;36;105;2022;10;17;3;3;5;3;0;0;1;1;0;0;0;0;401026,456906312028877;5267314,301877969875932;7,684542566000060;47,551703331000098
92660;08221020326100234220;08;3;26;012;2022;10;13;5;3;0;1;0;0;1;0;0;0;0;0;466440,160551325010601;5313793,284339159727097;8,550312239000050;47,976564299000103
92672;08221014216100208640;08;2;16;009;2022;10;21;6;3;5;3;2;1;1;1;0;0;0;0;448583,478294176980853;5417956,028729329816997;8,298263880000039;48,912408354000000
92673;08220922226600160380;08;2;26;096;2022;09;17;5;3;5;2;0;0;1;1;0;0;0;0;475748,836962118977681;5488515,453285469673574;8,664740739000020;49,548757502999997
92674;08221024231000246840;08;2;37;030;2022;10;21;2;2;2;6;2;0;1;1;0;0;0;0;464141,753554603026714;5364969,393064170144498;8,515189715000080;48,436847645000100
92684;08221021231000269330;08;2;37;002;2022;10;12;6;3;6;4;0;1;0;1;1;0;0;0;453562,241554613981862;5358045,255296059884131;8,372926837000019;48,373866570000096
92691;08220928121200176260;08;1;21;000;2022;09;08;4;3;6;4;0;1;0;1;1;0;0;0;514864,432199742004741;5441545,362864529713988;9,203742377000030;49,126563308000101
92692;08221007115300216650;08;1;15;028;2022;10;11;6;3;3;6;0;0;1;1;0;0;0;0;500968,166735047998372;5404959,347412239760160;9,013183386000041;48,797626385000100
92693;08221027437200252780;08;4;37;104;2022;10;09;5;3;5;3;0;0;1;1;0;0;0;0;516827,633073300996330;5326347,875014070421457;9,225979252000061;48,090177687999997
92700;08221029436000263600;08;4;35;034;2022;10;17;7;3;5;3;1;0;1;1;0;0;0;0;529972,621000000042841;5283908,506999489851296;9,399551775000081;47,707862638999998
92710;08221025311010243190;08;3;11;000;2022;10;20;3;3;6;2;2;0;0;1;1;0;0;0;414582,187668878992554;5318247,591715079732239;7,854650730000060;48,011811000000101
92711;08221027115100279930;08;1;15;046;2022;10;15;5;3;2;6;0;0;1;0;0;1;0;0;508260,204075520974584;5387932,881261659786105;9,112136886000030;48,644401545999997
92719;08221020425000226050;08;4;25;071;2022;10;14;5;3;0;1;0;0;1;0;0;0;0;0;550718,825950382044539;5371288,674571249634027;9,686481573000041;48,492672925000100
92723;08221014435100226350;08;4;35;016;2022;10;16;6;3;3;2;0;1;1;0;0;0;0;1;536043,635706892004237;5279816,169714340008795;9,480141038000060;47,670732092999998
92725;08221030317500273300;08;3;17;122;2022;10;21;1;3;8;7;2;0;1;0;0;0;0;0;417178,444522026984487;5367677,467003189958632;7,879791692000030;48,456780024000103
92726;08221010221300296640;08;2;21;000;2022;10;17;2;3;4;6;0;0;1;0;0;0;0;1;477697,892620984988753;5473349,575380840338767;8,692540217000040;49,412419386000103
92727;08220920311400163300;08;3;15;130;2022;09;12;3;3;5;3;0;0;1;1;0;0;0;0;413160,774247023975477;5303270,660468799993396;7,838617545000030;47,876895634999997
92728;08220922111500162160;08;1;11;000;2022;09;16;5;3;5;3;0;0;1;1;0;0;0;0;518863,221518794016447;5400861,475315850228071;9,256668389000030;48,760477022000003
92729;08221022436200258050;08;4;36;082;2022;10;23;7;3;5;3;2;1;1;1;0;0;0;0;548282,947051082039252;5295541,152656280435622;9,644917910000061;47,811412111000003
92732;08221028421300287340;08;4;21;000;2022;10;18;6;3;6;4;2;0;0;0;1;0;0;1;572098,263691428001039;5361415,634797940030694;9,974115974000030;48,401773808000002
92737;08221011111130280200;08;1;11;000;2022;10;14;3;3;0;7;0;0;1;0;0;0;0;0;509874,987000001012348;5401841,455999529920518;9,134391165000070;48,769500372000003
92740;08220926435100168300;08;4;35;016;2022;09;14;2;2;5;3;0;0;1;0;0;1;0;0;531971,189999999944121;5279231,452999490313232;9,425850411000059;47,665685312000100
92744;08221025311200275360;08;3;15;098;2022;10;17;3;3;3;6;0;0;1;1;0;0;0;0;407067,715003929974046;5312198,933523739688098;7,755223430000060;47,956354159000099
92745;08221027116100292570;08;1;16;019;2022;10;07;5;3;3;6;2;0;1;0;0;0;0;0;520294,830317956977524;5399627,858183450065553;9,276086983000029;48,749334501000099
92757;08221014435200210580;08;4;35;036;2022;10;18;6;3;0;1;2;1;1;0;0;0;0;0;520126,811545555014163;5283373,599795980378985;9,268278789000020;47,703431709000000
92760;08221010212102199300;08;2;12;000;2022;10;13;2;3;5;2;0;0;1;1;0;0;0;0;458933,879188147024252;5428153,749226270243526;8,438490113000061;49,004912376000000
92762;08220922111320185440;08;1;11;000;2022;09;17;5;2;4;6;0;0;1;0;0;0;0;0;515687,843448775005527;5408128,218528839759529;9,213739453000070;48,825935885000000
92765;08221007325302205870;08;3;25;024;2022;10;13;6;3;0;7;0;0;1;0;0;0;0;0;456291,336295550980140;5337462,800627039745450;8,411906467000049;48,188896243999999
92776;08221020221011242160;08;2;21;000;2022;10;11;5;3;6;7;0;0;1;0;1;0;0;0;477379,678112716006581;5468136,136234769597650;8,688450022000040;49,365513407999998
92778;08220926225100145300;08;2;25;058;2022;09;13;2;3;3;2;0;1;1;1;0;0;0;0;509810,091295043006539;5466033,354742039926350;9,135063561000040;49,346939668000097
92784;08221020226500247870;08;2;26;085;2022;10;14;5;3;5;3;0;0;1;1;0;0;0;0;488415,259945054014679;5457751,624893520027399;8,840743797000069;49,272413576000098
92790;08221024317300276450;08;3;17;065;2022;10;11;2;3;5;3;0;0;1;1;0;0;0;0;414188,368568023026455;5355042,634701879695058;7,841940439000040;48,342732596000097
92795;08221005435100204290;08;4;35;016;2022;10;04;4;3;5;3;2;1;1;1;0;0;0;0;537540,974618477979675;5278437,979564390145242;9,499968055000069;47,658246804000001
92809;08221006436500189170;08;4;36;081;2022;10;09;5;2;8;1;0;0;1;0;0;0;0;0;565339,182383312028833;5285551,949126250110567;9,871213188000070;47,720038245000097
92811;08221013222500208570;08;2;22;000;2022;10;17;5;3;5;2;0;0;1;1;0;0;0;0;465871,034730633022264;5475462,405831689946353;8,529316645000049;49,430875100000002
92824;08220929311200155150;08;3;11;000;2022;09;13;5;3;0;7;0;0;0;0;1;0;1;0;413428,580002374015749;5316281,795658100396395;7,839582232000050;47,993972759000002
92825;08221008216300205080;08;2;16;015;2022;10;10;7;3;5;3;0;0;1;1;0;0;0;0;450508,893714367994107;5404222,694536910392344;8,326199869000050;48,789030798000098
92826;08220923326200162440;08;3;26;003;2022;09;13;6;3;5;2;0;0;1;1;0;0;0;0;465306,446675481973216;5317358,167520260438323;8,534833295000061;48,008576728999998
92831;08220927225200159440;08;2;25;032;2022;09;17;3;3;5;3;0;1;1;1;0;0;0;0;534294,687215476995334;5494954,102480440400541;9,474662656000019;49,606183784000102
92832;08221006212000206990;08;2;12;000;2022;10;15;5;3;5;3;0;0;1;1;0;0;0;0;452633,391757027013227;5429746,817031159996986;8,352161056000060;49,018790680000102
92836;08221021121200251550;08;1;21;000;2022;10;15;6;3;0;1;0;1;1;0;0;0;0;0;515881,777688978007063;5443738,912579420022666;9,217773154000040;49,146269578999998
92837;08221017212010218380;08;2;12;000;2022;10;07;2;3;5;3;0;0;1;1;0;0;0;0;452859,770558746997267;5429795,677541919983923;8,355251384000040;49,019247521000104
92839;08221009426300195230;08;4;26;124;2022;10;14;1;3;0;7;0;0;1;0;0;0;0;0;546116,528773235972039;5332578,222370710223913;9,619959238000041;48,144782345000102
92841;08220925335300180650;08;3;35;075;2022;09;15;1;3;6;4;0;0;0;1;1;0;0;1;487680,454833641997539;5289434,856869369745255;8,835615457000070;47,758164425000103
92845;08221007311400215440;08;3;15;074;2022;10;14;6;3;5;2;0;0;1;1;0;0;0;0;397122,767528621014208;5295127,871399690397084;7,626120549000060;47,801282979000099
92848;08220923212010154540;08;2;12;000;2022;09;14;6;1;3;6;0;0;1;0;0;1;0;0;461595,890534101985395;5430215,367285800166428;8,474691875000079;49,023628460000097
92852;08221103215102516700;08;2;15;109;2022;11;11;5;3;3;6;0;0;1;0;0;0;1;0;464201,950000000011642;5438045,973999540321529;8,509644835000071;49,094223055999997
92857;08221020326100569490;08;3;26;027;2022;10;17;5;3;5;3;1;0;1;0;0;0;0;1;461866,085783581016585;5308194,158816100098193;8,489520292000069;47,925933197000099
92865;08221019337010229350;08;3;37;128;2022;10;18;4;3;5;6;0;0;0;0;1;0;1;0;450884,958999999973457;5283449,105999490246177;8,345334681000050;47,702557225000099
92869;08221013435100230250;08;4;35;016;2022;10;08;5;3;0;1;0;0;1;1;0;0;0;0;530627,057698901044205;5279724,028540000319481;9,407981829000050;47,670182302999997
92871;08220922335000143330;08;3;35;075;2022;09;07;5;3;6;4;0;0;0;1;1;0;0;1;487713,841813391016331;5289377,976013300009072;8,836062559000030;47,757653275000102
92877;08221005116500194970;08;1;16;071;2022;10;06;4;3;5;3;2;0;1;1;0;0;0;0;527341,581856135977432;5391261,944223999977112;9,371393499000019;48,673806220000102
92880;08220921119500129390;08;1;19;085;2022;09;10;4;3;5;3;0;0;1;1;0;0;0;0;529043,380883418954909;5414474,328896460123360;9,396149012000020;48,882542188000102
92884;08221018311010256820;08;3;11;000;2022;10;17;3;3;1;6;0;0;1;0;0;0;0;0;412086,416902536002453;5315290,802755249664187;7,821798507000040;47,984875352000103
92891;08220926118000159140;08;1;18;050;2022;09;13;2;2;1;5;0;0;1;0;0;0;0;1;506740,273320254986174;5416885,348035819828510;9,091977567000070;48,904874972000101
92892;08220930311010173890;08;3;11;000;2022;09;16;6;2;5;3;0;0;1;1;0;0;0;0;412842,435541383980308;5314732,534941669553518;7,832041639000070;47,979957009000003
92893;08221010118200231320;08;1;18;027;2022;10;18;2;3;0;7;0;0;0;1;1;0;0;0;502421,139724472013768;5412643,036058990284801;9,033013689000031;48,866743952000000
92899;08221007231000203540;08;2;35;080;2022;10;12;6;2;6;4;0;0;0;1;1;0;0;0;481304,377769968996290;5385716,032164369709790;8,746297538000020;48,624233513000000
92901;08221014136010222310;08;1;36;045;2022;10;21;6;3;3;6;2;0;1;0;0;0;0;1;593051,248071362031624;5404684,338410849682987;10,266841261000000;48,788190909000001
92903;08221024316100254460;08;3;16;043;2022;10;07;2;3;5;3;2;1;1;1;0;0;0;0;411654,780999984999653;5331373,486999499611557;7,812693146000070;48,129482332000102
92909;08221031119400268460;08;1;19;079;2022;10;14;2;3;8;1;0;0;0;1;1;0;0;0;523644,335953484987840;5408832,422525970265269;9,322182025000069;48,832018775999998
92913;08221021215402231960;08;2;15;009;2022;10;17;6;3;5;3;0;0;1;1;0;0;0;0;468999,967999167973176;5441313,831225830130279;8,575114239000071;49,123878541000103
92918;08221021317200267270;08;3;17;141;2022;10;16;6;3;2;6;0;0;1;0;0;0;0;0;419804,830444478022400;5379636,343028959818184;7,913009772000070;48,564687577000001
92929;08221029127202269930;08;1;27;014;2022;10;10;7;3;5;3;0;0;1;1;0;0;0;0;578345,413435976020992;5442819,379727830179036;10,074009582000000;49,133207992000102
92930;08221004311010187600;08;3;36;069;2022;10;12;3;2;6;4;0;0;0;1;1;0;0;0;406866,277704688021913;5273998,952819660305977;7,760721786000030;47,612700582000102
92934;08220921317300151940;08;3;17;031;2022;09;16;4;3;5;3;0;0;1;1;0;0;0;0;417583,868418704019859;5358458,839188179932535;7,887085613000070;48,373913254999998
92935;08221103226400541630;08;2;26;062;2022;11;10;5;3;0;1;0;1;1;0;0;0;0;0;470469,935949576029088;5469779,835711129941046;8,593162281000049;49,380002524000098
92937;08221008226300215530;08;2;26;056;2022;10;15;7;3;2;6;0;0;1;0;0;1;0;0;483069,495999999984633;5469571,414999550208449;8,766754082000030;49,378608314000097
92941;08221019212010238470;08;2;12;000;2022;10;08;4;3;5;3;0;0;1;0;0;0;0;1;453084,753511661023367;5428785,778845920227468;8,358445078000051;49,010180605000102
92943;08220927226700144000;08;2;26;060;2022;09;09;3;3;0;1;0;1;1;0;0;0;0;0;477889,566769508004654;5463416,394765820354223;8,695734504000029;49,323078281000100
92958;08221014121200239730;08;1;21;000;2022;10;10;6;3;0;7;0;0;1;0;0;0;0;0;516799,828243319992907;5443749,947619579732418;9,230361947000061;49,146344415000002
92959;08220922436400143460;08;4;36;082;2022;09;18;5;3;5;3;0;0;1;1;0;0;0;0;547706,187000002013519;5295139,524999500252306;9,637170390000049;47,807841715000102
92960;08221025118500276090;08;1;18;049;2022;10;10;3;3;3;2;0;1;1;1;0;0;0;0;518914,727984534983989;5421040,286298030056059;9,258301297000060;48,941999171000099
92965;08221005317600211680;08;3;17;039;2022;10;17;4;3;4;6;0;0;1;0;0;0;0;0;441332,397885430022143;5345053,357557689771056;8,209602898000069;48,255975008000100
92970;08220926212502173530;08;2;12;000;2022;09;14;2;3;5;2;0;1;1;1;0;0;0;0;452984,250075391028076;5428942,801888359710574;8,357052620000051;49,011585383000103
92971;08220930436100174920;08;4;36;055;2022;09;14;6;2;0;7;0;0;1;0;0;0;0;0;576828,921000008005649;5297248,656999490223825;10,026459283000101;47,823997840000096
92973;08221016128100288560;08;1;28;007;2022;10;15;1;3;0;1;0;0;1;0;0;0;0;0;560269,567359730950557;5481104,290842459537089;9,832023945000060;49,479588863000103