OBJECTID;UIDENTSTLAE;ULAND;UREGBEZ;UKREIS;UGEMEINDE;UJAHR;UMONAT;USTUNDE;UWOCHENTAG;UKATEGORIE;UART;UTYP1;ULICHTVERH;IstStrassenzustand;IstRad;IstPKW;IstFuss;IstKrad;IstGkfz;IstSonstige;LINREFX;LINREFY;XGCSWGS84;YGCSWGS84
93816;08220922116500158570;08;1;16;042;2022;09;11;5;3;4;6;0;0;1;0;0;0;0;0;517800,504399647004902;5381826,988691190257668;9,241388893000019;48,589273197000097
93825;08220927317100165750;08;3;17;089;2022;09;14;3;3;5;3;0;0;1;1;0;0;0;0;431751,233441180025693;5375787,311550590209663;8,075542014000060;48,531479660999999
93838;08220928436400151000;08;4;36;009;2022;09;06;4;3;5;2;1;1;1;1;0;0;0;0;555977,944548215018585;5307270,378911410458386;9,749211068000021;47,916312247000100
93839;08221007311500647240;08;3;15;094;2022;10;12;6;2;5;2;0;0;1;0;0;1;0;0;435102,757121986011043;5313962,976444969885051;8,130416539000070;47,975679630999998
93864;08221009116010204340;08;1;16;019;2022;10;17;1;3;4;1;0;0;1;1;0;0;0;0;525453,617000001017004;5397917,965999520383775;9,346159282000031;48,733763059000097
93869;08221003435200186020;08;4;35;036;2022;10;16;2;2;0;1;0;0;1;0;0;0;0;0;522033,799010496994015;5284248,483813060447574;9,293741727000050;47,711241262999998
93875;08221104216100530220;08;2;16;043;2022;11;18;6;3;2;6;2;1;1;1;0;0;0;0;441575,049562770000193;5411460,692240180447698;8,203549795000070;48,853361636000002
93882;08221019128200250210;08;1;28;128;2022;10;14;4;3;0;7;0;0;1;0;0;0;1;0;544370,880450197961181;5505870,213916899636388;9,615353469000070;49,703708268000099
93885;08221027436300281710;08;4;36;079;2022;10;06;5;3;5;3;2;0;1;1;0;0;0;0;555519,421300000045449;5288519,977999499998987;9,740670290000031;47,747660451000101
93889;08221101136100524280;08;1;36;088;2022;11;12;3;3;7;7;0;0;1;0;0;0;0;0;580557,095097142970189;5412130,834525519981980;10,098237955000100;48,856910433000103
93903;08221128231000349430;08;2;31;000;2022;11;18;2;2;6;2;2;1;0;1;1;0;0;0;475627,344146544986870;5415202,594517409801483;8,667514585000051;48,889294666000097
93904;08221124128200374390;08;1;28;115;2022;11;06;5;3;5;3;2;1;1;0;0;0;0;1;547309,505918315029703;5496455,392302580177784;9,654967144000070;49,618807753000098
93909;08221110121500532490;08;1;25;005;2022;11;15;5;3;0;7;0;0;1;0;0;0;0;0;516187,960111950000282;5453461,119448450393975;9,222363131000071;49,233715277999998
93915;08221127136100426020;08;1;36;088;2022;11;15;1;3;3;3;0;0;1;1;0;0;0;0;575073,703174871974625;5410700,809318509884179;10,023233431000101;48,844735963000097
93927;08221201111370577860;08;1;11;000;2022;12;17;5;2;4;6;2;1;1;0;0;0;0;0;511139,921542392985430;5404120,412699470296502;9,151667670000050;48,789980349000103
93928;08221119117300319620;08;1;17;020;2022;11;12;7;3;3;2;0;1;1;0;0;0;1;0;549966,690087739028968;5390656,724070509895682;9,678630409000050;48,666961303999997
93929;08221123111500396410;08;1;11;000;2022;11;18;4;2;6;2;2;1;0;1;1;0;0;0;512585,675780555000529;5399676,568849019706249;9,171215250000049;48,749976228999998
93941;08221122116010393500;08;1;16;058;2022;11;16;3;2;5;3;2;0;1;1;0;0;0;0;534303,861560147954151;5395239,642816349864006;9,466292767000031;48,709245112000097
93943;08221114212010533190;08;2;12;000;2022;11;18;2;3;5;3;2;1;1;1;0;0;0;0;456386,649905010010116;5426477,385609580203891;8,403842952000049;48,989658518000098
93945;08221123421200347680;08;4;21;000;2022;11;18;4;3;5;3;2;1;1;1;0;0;0;0;574144,424866111949086;5362245,813019679859281;10,001903892000000;48,409004050000100
93948;08221108212010516450;08;2;12;000;2022;11;15;3;3;6;4;0;0;0;0;1;0;0;1;458960,273885141999926;5429495,992414300329983;8,438715288000029;49,016987834000098
93954;08221111415200535690;08;4;15;053;2022;11;10;6;3;6;4;0;0;0;1;1;0;0;0;536524,874841631972231;5362142,604786080308259;9,493576591000020;48,411379010000097
93958;08221117225100539160;08;2;25;009;2022;11;07;5;3;6;2;0;1;0;1;1;0;0;0;516025,877619726990815;5466536,403388109989464;9,220661080000070;49,351332921999997
93962;08221108116500554620;08;1;16;008;2022;11;19;3;3;4;6;2;0;1;0;0;0;0;0;519411,532000000006519;5380115,232999510131776;9,263155519000071;48,573826070999999
93964;08221129118000430130;08;1;18;048;2022;11;10;3;2;6;4;0;1;0;1;1;0;0;0;512667,841000000014901;5417239,001999530009925;9,172875656000031;48,907963469000002
93966;08221110437100642660;08;4;37;053;2022;11;19;5;3;0;2;2;0;1;1;0;0;0;0;527494,740808530943468;5318846,351550440303981;9,368743747000050;48,022316164000102
93968;08221129335010430450;08;3;35;075;2022;11;11;3;3;0;1;0;1;1;0;0;0;0;0;488299,540196596004535;5288044,787448380142450;8,843913528000030;47,745668748000099
93999;08221130118500637400;08;1;18;078;2022;11;17;4;3;0;7;2;1;1;0;0;0;0;0;515262,432009169016965;5420753,045567749999464;9,208414829000050;48,939516158000103
94005;08221125435100479700;08;4;35;016;2022;11;11;6;3;3;6;0;1;1;1;0;0;0;0;536914,922999999951571;5278856,075999489985406;9,491665981000040;47,662044610000102
94007;08221108326200536090;08;3;26;074;2022;11;13;3;3;4;6;0;1;1;0;0;0;0;1;465657,377942188002635;5323522,006684989668429;8,539043994000050;48,064050752000099
94010;08221129311100350460;08;3;15;133;2022;11;16;3;3;6;6;1;0;0;1;1;0;0;0;398265,822999966971111;5327096,196999499574304;7,633823398000060;48,089010993999999
94021;08221126119400412260;08;1;19;090;2022;11;18;7;3;6;2;2;0;0;1;1;0;0;0;530792,290010494994931;5407131,387752969749272;9,419451215000040;48,816403530000102
94023;08221108118400527800;08;1;18;048;2022;11;07;3;3;3;2;0;0;1;1;0;0;0;0;514894,405730166006833;5414926,893859219737351;9,203176671000049;48,887114840999999
94027;08221119335100633940;08;3;35;043;2022;11;11;7;3;5;3;0;0;1;1;0;0;0;0;511102,999435283010826;5281776,658728529699147;9,147956507000060;47,689281182000101
94028;08221111121200651260;08;1;21;000;2022;11;12;6;3;5;3;0;0;1;1;0;0;0;0;515832,124790471978486;5441612,305477119982243;9,217008785000081;49,127141311999999
94032;08221122317300312520;08;3;17;150;2022;11;15;3;3;5;3;0;1;1;1;0;0;0;0;408312,863712024991401;5360218,885927489958704;7,761538537000040;48,388464947000003
94040;08221110311010522010;08;3;11;000;2022;11;07;5;3;5;3;1;0;1;1;0;0;0;0;413236,793457094987389;5315762,175784939900041;7,837117073000060;47,989272603000103
94057;08221130128300574400;08;1;28;131;2022;11;18;4;3;6;7;2;0;0;1;1;0;0;0;535064,485252436948940;5510848,359870970249176;9,486741623000061;49,749096253000097
94058;08221121235200635010;08;2;35;032;2022;11;06;2;3;5;3;2;1;1;1;0;0;0;0;473835,782000001985580;5374029,062999520450830;8,645684618000081;48,518828341000102
94066;08221108335300555460;08;3;35;075;2022;11;12;3;3;5;7;0;0;1;1;0;0;0;0;487074,817728264024481;5289766,134762239642441;8,827524388000031;47,761133246999997
94067;08221109316100520370;08;3;16;043;2022;11;15;4;2;5;2;0;1;1;1;0;0;0;0;411587,411948472028598;5331222,308289569802582;7,811819320000040;48,128113117000098
94071;08221120335100304870;08;3;35;043;2022;11;21;1;3;5;2;2;1;1;1;0;0;0;0;513552,049999999988358;5279442,489999489858747;9,180519488000069;47,668232430000003
94074;08221112225100555210;08;2;25;058;2022;11;15;7;2;6;4;0;0;0;1;1;0;0;0;510173,291863630001899;5466451,583089579828084;9,140074705000069;49,350695700000102
94079;08221123118600381090;08;1;18;073;2022;11;17;4;3;6;2;2;1;0;1;1;0;0;0;497534,655162411974743;5419723,480872909538448;8,966340809000030;48,930437859000101
94080;08221108117300516060;08;1;17;026;2022;11;08;3;3;3;2;0;0;1;1;0;0;0;0;547786,188457221025601;5395066,711551980115473;9,649527604000070;48,706802125000102
94083;08221124425000321150;08;4;25;081;2022;11;05;5;2;5;3;2;1;1;1;0;0;0;0;547848,256704090046696;5342424,780357060022652;9,644347438000070;48,233237223000103
94086;08221109118300548010;08;1;18;046;2022;11;17;4;3;5;3;2;1;1;1;0;0;0;0;515465,471941880998202;5412648,122175780124962;9,210880426000070;48,866601596000102
94089;08221122211100310140;08;2;11;000;2022;11;19;3;3;5;2;2;1;0;1;1;0;0;0;440935,765217981010210;5406453,025156759656966;8,195557413000071;48,808257179000101
94096;08221118311010544960;08;3;11;000;2022;11;16;6;3;0;7;0;1;1;0;0;0;0;0;414454,441621895995922;5316852,926859949715436;7,853216328000030;47,999248379000100
94097;08221108231000542330;08;2;36;011;2022;11;17;3;3;6;4;2;0;0;1;1;0;0;0;475698,943000000028405;5421725,496999530121684;8,668102764000031;48,947974854999998
94102;08221121435100303490;08;4;35;057;2022;11;13;2;3;5;3;0;0;1;0;0;0;0;1;544587,594947373960167;5279167,526599040254951;9,593884099000039;47,664363401000102
94105;08221123212010314620;08;2;12;000;2022;11;17;4;3;5;3;2;1;1;0;0;0;0;1;458960,297932385001332;5429496,012673329561949;8,438715615000040;49,016988017000102
94110;08221116111500537440;08;1;11;000;2022;11;07;4;3;5;3;0;1;1;1;0;0;0;0;512382,334581275004894;5402273,564188829623163;9,168527155000049;48,773342749000101
94114;08221106317600524630;08;3;17;039;2022;11;15;1;3;6;6;0;0;1;0;1;0;0;0;441652,092888563987799;5343230,320301460102201;8,214160857000021;48,239604579999998
94115;08221114136100566300;08;1;36;033;2022;11;17;2;2;7;7;2;0;1;0;0;0;0;0;580506,802505236002617;5415673,270553120411932;10,098249688000100;48,888778205999998
94119;08221113121600529350;08;1;25;110;2022;11;14;1;3;2;2;0;0;1;1;0;0;0;0;525971,135237238020636;5442666,606080469675362;9,356048470000079;49,136280151000101
94121;08221114121600531790;08;1;25;001;2022;11;14;2;3;0;7;0;1;1;0;0;0;0;0;520931,653027725988068;5434920,736602730117738;9,286559804000040;49,066795759999998
94122;08221108326400528780;08;3;26;041;2022;11;13;3;2;0;1;0;0;1;0;0;0;0;0;461996,689399548980873;5333333,670767390169203;8,489036907000070;48,152115342000101
94124;08221116118100565480;08;1;18;010;2022;11;15;4;2;5;3;0;0;1;1;0;0;0;0;506842,928000000014435;5432241,785999529995024;9,093636749000041;49,043014916000097
94125;08221129222400398650;08;2;22;000;2022;11;17;3;3;6;4;2;1;0;1;1;0;0;0;467838,589264266018290;5479964,831800890155137;8,556085374000080;49,471480057000100
94131;08221117426200554780;08;4;26;070;2022;11;15;5;2;3;2;0;0;1;1;0;0;0;0;565178,401000004028901;5342167,882999509572983;9,877659249000031;48,229381662999998
94138;08221124216100319370;08;2;16;052;2022;11;13;5;3;6;4;0;0;0;1;1;0;0;0;441107,989017930987757;5416976,126098440028727;8,196389099000040;48,902928381999999
94142;08221117118300560370;08;1;18;046;2022;11;17;5;3;3;2;2;0;1;0;0;0;0;1;515084,266000000992790;5412672,628999530337751;9,205683407000040;48,866831443000102
94143;08221129421200430460;08;4;21;000;2022;11;18;3;3;6;2;2;1;0;1;1;0;0;0;572991,465289436979219;5364137,490542479790747;9,986655766000069;48,426154654000101
94144;08221122231000313670;08;2;31;000;2022;11;17;3;3;5;3;0;0;1;0;0;0;0;1;475454,350145688978955;5416493,542079149745405;8,665077120000030;48,900900720999999
94148;08221124118100318210;08;1;18;010;2022;11;07;5;3;6;2;1;1;0;1;1;0;0;0;506665,984626938996371;5431570,741390409879386;9,091204469000051;49,036980444999998
94152;08221108212010518510;08;2;12;000;2022;11;17;3;3;5;2;1;0;1;1;0;0;0;0;455699,333585657004733;5431405,213940669782460;8,393910627000031;49,033935874000100
94156;08221201212402577940;08;2;12;000;2022;12;17;5;3;5;2;2;0;1;1;0;0;0;0;456367,245568978018127;5426429,315503999590874;8,403582888000070;48,989224750000098
94157;08221121222800310430;08;2;22;000;2022;11;12;2;3;4;2;0;0;1;1;0;0;0;0;463009,013129390019458;5486361,909104599617422;8,488827739000040;49,528743388000102
94188;08221119211100313180;08;2;11;000;2022;11;11;7;3;0;7;0;1;1;0;0;0;0;0;440860,114029942022171;5404456,701260689646006;8,194814649000021;48,790292968000102
94194;08221120216100301380;08;2;16;043;2022;11;14;1;3;0;1;0;1;1;0;0;0;0;0;441600,677009991020896;5411157,114335590042174;8,203942409000041;48,850633372000097
94195;08221110437100521090;08;4;37;088;2022;11;07;5;2;5;3;0;1;1;1;0;0;0;0;518321,783219881006517;5308094,811550810001791;9,245264231000020;47,925911990000003
94200;08221106121400514820;08;1;25;038;2022;11;14;1;3;0;7;0;0;1;0;0;0;0;0;501986,102400976989884;5435110,001358300447464;9,027191367000061;49,068850814000001
94211;08221201216200416710;08;2;16;007;2022;12;22;5;3;0;1;2;1;1;0;0;0;0;0;435109,959999996004626;5395445,521999520249665;8,117955912000070;48,708664503000101
94214;08221126121200484340;08;1;21;000;2022;11;10;7;3;3;2;0;0;1;1;0;0;0;0;515895,711000001989305;5442040,355999539606273;9,217897219000060;49,130990134999998
94221;08221108121500517470;08;1;25;027;2022;11;15;3;2;0;7;0;0;1;0;0;0;0;0;517968,159502379014157;5447322,412235929630697;9,246541616000060;49,178446659000002
94226;08221109221011517760;08;2;21;000;2022;11;06;4;2;4;2;2;1;1;1;0;0;0;0;477510,956036569026764;5471260,365206199698150;8,690081418000030;49,393620365000103
94228;08221117115300554960;08;1;15;028;2022;11;18;5;3;5;2;2;0;1;1;0;0;0;0;498761,133727427979466;5401642,687229099683464;8,983140534000031;48,767789372999999
94240;08221121417300406660;08;4;17;031;2022;11;08;2;3;5;3;0;1;1;1;0;0;0;0;497637,091819046996534;5355996,106111469678581;8,968102947000030;48,357135708999998
94245;08221125326200398110;08;3;26;074;2022;11;21;6;3;6;4;2;1;0;1;1;0;0;0;465627,213000000978354;5323230,333999499678612;8,538662574000060;48,061425008000100
94251;08221129336400460900;08;3;36;014;2022;11;11;3;3;1;3;0;0;1;1;0;0;0;0;391946,923741922015324;5278976,907845679670572;7,561029391000030;47,655160858000002
94254;08221112111500539620;08;1;11;000;2022;11;15;7;3;5;2;0;0;1;1;0;0;0;0;511536,196930236998014;5410367,494352409616113;9,157238526000070;48,846171045000098
94256;08221117335200553730;08;3;35;025;2022;11;09;5;3;5;2;0;1;1;1;0;0;0;0;498877,329000000027008;5281360,850999499671161;8,985040539000069;47,685634290000102
94260;08221114335100556480;08;3;35;043;2022;11;14;2;3;5;2;0;1;1;1;0;0;0;0;513786,239999999990687;5280058,009999490343034;9,183658419000039;47,673765719000102
94266;08221109317500557160;08;3;17;096;2022;11;12;4;3;5;3;0;1;1;1;0;0;0;0;422846,901999992027413;5368535,470999510027468;7,956288830000060;48,465218412000098
94272;08221126118200334970;08;1;18;027;2022;11;14;7;3;2;1;0;0;1;1;0;0;0;0;502855,580000001995359;5412478,375999529846013;9,038936391000050;48,865260849999999
94275;08221117317500540190;08;3;17;096;2022;11;05;5;3;1;6;2;0;1;0;0;0;0;1;421461,091667993983719;5366424,813306679949164;7,937941295000030;48,446061690000100
94278;08221122326100403800;08;3;26;006;2022;11;19;3;3;5;3;2;0;1;1;0;0;0;0;459366,552000001014676;5308789,698999499902129;8,456005605000030;47,931137609000103
94279;08221108119300544490;08;1;19;076;2022;11;07;3;3;5;7;1;0;1;1;0;0;0;0;542301,746038938057609;5407257,580173020251095;9,576238369000070;48,816861633000002
94280;08221115336200539140;08;3;36;105;2022;11;12;3;2;0;7;0;0;1;0;0;0;0;0;401874,213853715977166;5266931,475009160116315;7,695892528000060;47,548388251000098
94284;08221111127100553140;08;1;27;043;2022;11;17;6;3;6;4;2;1;0;1;1;0;0;0;567817,303000006009825;5445287,171999540179968;9,930120289000060;49,156656069000100
94285;08221109136010520550;08;1;36;065;2022;11;18;4;2;6;4;2;1;0;1;1;0;0;0;558465,845060550025664;5403043,276129970327020;9,795808210000081;48,777642825999997
94296;08221109111500531110;08;1;11;000;2022;11;23;4;2;6;4;2;1;0;1;1;0;0;0;512470,718945665983483;5401217,806328600272536;9,169698081000041;48,763843450000103
94298;08221129435200573020;08;4;35;005;2022;11;17;3;2;0;1;1;0;1;0;0;0;0;0;524698,744188313954510;5285866,021122760139406;9,329360356000050;47,725698587000103
94299;08221121435100571290;08;4;35;016;2022;11;17;2;3;8;1;0;0;1;0;0;0;0;0;536197,107738911057822;5278123,671234370209277;9,482045167000020;47,655495436000102
94314;08221112222800551500;08;2;22;000;2022;11;20;7;3;5;2;2;0;1;1;0;0;0;0;462782,429222378006671;5486519,761796070262790;8,485681851000040;49,530149307000002
94315;08221117436400559960;08;4;36;009;2022;11;06;5;3;0;1;2;1;1;0;0;0;0;0;555467,135694341966882;5308291,859145440161228;9,742506475000029;47,925546447999999
94316;08221201111500577870;08;1;11;000;2022;12;16;5;3;6;4;0;0;0;1;1;0;0;0;518305,575613759981934;5403460,132761440239847;9,249196343000049;48,783870903999997
94322;08221124221300321600;08;2;21;000;2022;11;07;5;3;0;7;0;1;1;0;0;0;0;0;477608,961893833009526;5473957,040745490230620;8,691279956000070;49,417880171000000
94323;08221120325302325610;08;3;25;036;2022;11;17;1;3;6;6;2;1;0;1;1;0;0;0;447690,073876364971511;5342684,747979169711471;8,295542005000071;48,235223540000000
94335;08221115119101535790;08;1;19;044;2022;11;19;3;3;4;2;2;1;1;1;0;0;0;0;542462,178493155050091;5425544,835222619585693;9,580324959000050;48,981350294000002
94336;08221129121200362270;08;1;21;000;2022;11;15;3;3;5;3;0;1;1;1;0;0;0;0;515713,898999999975786;5446321,320999530144036;9,215571985000050;49,169503450000001
94338;08221120119100333840;08;1;19;069;2022;11;13;1;3;0;7;0;1;1;0;0;0;0;0;530871,879896061029285;5432728,971493739634752;9,422473735000040;49,046662137000098
94343;08221122116500338830;08;1;16;020;2022;11;07;3;3;6;4;0;0;0;1;1;0;0;0;526628,998278058948927;5382258,782229780219495;9,361135852000070;48,592844460000002
94348;08221125415200355010;08;4;15;053;2022;11;21;6;3;6;4;2;1;0;0;1;0;0;1;536231,423239268944599;5362347,589641960337758;9,489628908000039;48,413240037999998
94351;08221108436300528930;08;4;36;049;2022;11;16;3;3;4;2;0;0;1;1;0;0;0;0;577560,281636193976738;5284194,545538299717009;10,033898846000101;47,706474143000001
94355;08221121421300304460;08;4;21;000;2022;11;07;2;3;3;6;0;0;1;0;0;0;0;1;568102,799000003957190;5358116,837999509647489;9,919606094000070;48,372544087000101
94357;08221114119200555970;08;1;19;020;2022;11;16;2;3;5;3;1;0;1;1;0;0;0;0;519797,531682141008787;5406092,668133080005646;9,269633207000030;48,807507063999999
94362;08221113325000558290;08;3;27;033;2022;11;18;1;2;6;4;2;0;0;1;1;0;0;0;486690,784218191984110;5324891,622292480431497;8,821314889000060;48,077158965000102
94363;08221108317000538750;08;3;17;096;2022;11;17;3;3;3;2;2;0;1;1;0;0;0;0;423664,419632277975325;5370654,201035070233047;7,966959295000040;48,484376091000101
94381;08221117212102561780;08;2;12;000;2022;11;16;5;2;5;2;2;1;1;1;0;0;0;0;460956,390777794003952;5423038,718540229834616;8,466634479000049;48,959032636000103
94402;08221123222800316470;08;2;22;000;2022;11;08;4;3;5;2;0;0;1;0;0;0;0;1;462949,279439860023558;5486402,894729699939489;8,487998474000049;49,529108380000103
94411;08221121437000349340;08;4;37;100;2022;11;06;2;2;6;4;2;1;0;1;1;0;0;0;537278,671004671021365;5317851,006866450421512;9,499869161000049;48,012865144999999
94423;08221111222014530230;08;2;22;000;2022;11;07;6;2;5;3;1;1;1;1;0;0;0;0;464233,237330073025078;5483929,691378549672663;8,505964841000040;49,506940374000102
94424;08221112231102554690;08;2;36;040;2022;11;15;7;3;8;6;0;0;1;0;0;0;1;0;489610,437444954004604;5419899,287018439732492;8,858147720000030;48,931937047000098
94428;08221123116500339680;08;1;16;068;2022;11;06;4;3;1;5;2;0;0;1;1;0;0;0;526078,207999999984168;5390718,174999520182610;9,354198562000020;48,668968540000002
94429;08221107212102515170;08;2;12;000;2022;11;07;2;3;0;1;0;0;1;0;0;0;0;0;459036,211000000999775;5428334,825999530032277;8,439870989000040;49,006547994000101
94432;08221124335100389970;08;3;35;043;2022;11;08;5;3;5;3;0;0;1;0;0;0;0;0;513182,662000001000706;5279638,641999489627779;9,175605016000080;47,670004976000001
94448;08221129311010490320;08;3;11;000;2022;11;16;3;3;6;3;1;1;0;1;1;0;0;0;413157,938700539001729;5315444,263707770034671;7,836124718000060;47,986402170000098
94473;08221110215302546290;08;2;15;007;2022;11;10;5;3;0;1;0;1;1;0;0;0;0;0;479710,004105106985662;5428852,437298060394824;8,722528358000030;49,012230158000101
94475;08221129117200570860;08;1;17;024;2022;11;16;3;3;5;3;1;0;1;1;0;0;0;0;560088,612895103055052;5386514,354033770039678;9,815488504000029;48,628807789000099
94476;08221120437000301450;08;4;37;105;2022;11;17;1;3;6;2;2;1;0;1;1;0;0;0;519505,607091901998501;5323824,210254710167646;9,261826323000040;48,067396007000099
94478;08221113117300554350;08;1;17;026;2022;11;12;1;3;0;2;0;0;1;1;0;0;0;0;547196,670380013994873;5395013,725541190244257;9,641509124000040;48,706370380000102
94483;08221123125102340360;08;1;21;000;2022;11;13;4;2;5;2;0;0;1;0;0;0;1;0;515921,494000000995584;5446609,408999539911747;9,218431267000030;49,172089532000001
94485;08221115128300557450;08;1;28;131;2022;11;08;3;3;6;1;0;0;1;0;1;0;0;0;536619,141509877052158;5514028,686448959633708;9,508620603000050;49,777607654000100
94489;08221110226700542640;08;2;26;098;2022;11;07;5;3;5;3;0;1;1;1;0;0;0;0;478312,816394065972418;5459966,456680719740689;8,701746211000060;49,292061230000101
94491;08221109115300545400;08;1;15;028;2022;11;07;4;3;0;2;0;1;1;1;0;0;0;0;500760,274377154011745;5405373,413345569744706;9,010353313000049;48,801351582999999
94504;08221129215202361790;08;2;15;084;2022;11;16;3;3;5;3;1;1;1;1;0;0;0;0;472188,674068311986048;5446598,505587490275502;8,618452662000040;49,171567729000103
94509;08221123215502380840;08;2;15;107;2022;11;16;4;3;5;3;2;0;1;1;0;0;0;0;462358,640000001003500;5456319,243999539874494;8,482686427000029;49,258480641000098
94514;08221126119300360850;08;1;19;061;2022;11;18;7;3;6;4;2;0;0;1;1;0;0;0;538764,673283391981386;5413494,728535080328584;9,528648503000060;48,873198526000103
94518;08221128335100419110;08;3;35;043;2022;11;07;2;2;0;1;1;1;1;0;0;0;0;0;512119,894662573002279;5279917,617934060283005;9,161455793000069;47,672535903000004
94520;08221119311010345890;08;3;11;000;2022;11;09;7;3;3;1;0;1;1;0;0;0;0;0;406081,376999980013352;5316861,531999490223825;7,740995879000020;47,998150538000097
94523;08221117222014566710;08;2;22;000;2022;11;17;5;3;6;4;2;1;0;1;1;0;0;0;460591,098726657975931;5481714,844936659559608;8,455880301000040;49,486793333000001
94528;08221128121600395470;08;1;25;102;2022;11;17;2;3;6;2;2;1;0;1;1;0;0;0;521871,946336798020639;5444121,151410710066557;9,299930917000040;49,149523794000103
94530;08221125311300356540;08;3;15;064;2022;11;20;6;3;0;1;2;1;1;0;0;0;0;0;422914,736331934982445;5313407,341489830054343;7,967229479000030;47,969328925000099
94538;08221113311010530900;08;3;15;084;2022;11;15;1;3;1;5;0;0;1;1;0;0;0;0;417152,515763023984618;5304980,175417950376868;7,891664224000070;47,892801411999997
94541;08221125211000400780;08;2;16;009;2022;11;11;6;2;6;4;0;1;0;1;1;0;0;0;446212,497999997984152;5420977,255999529734254;8,265508832000020;48,939382851000097
94547;08221129216300360390;08;2;16;024;2022;11;17;3;3;5;3;2;1;1;1;0;0;0;0;445450,098268248024397;5408578,486922550015152;8,256753445000070;48,827788673000001
94550;08221109121200548040;08;1;21;000;2022;11;17;4;3;6;4;2;1;0;1;1;0;0;0;515249,106354049989022;5442859,519823069684207;9,209064660000021;49,138375183999997
94551;08221112335400559590;08;3;35;079;2022;11;16;7;2;8;1;0;0;1;0;0;0;0;0;503692,545711276994552;5303602,230381369590759;9,049391953000050;47,885742004000100
94552;08221116127202574960;08;1;27;014;2022;11;17;4;2;5;3;2;1;1;1;0;0;0;0;577924,479041288024746;5443552,278493319638073;10,068381871000000;49,139853093000099
94556;08221114317100556000;08;3;17;001;2022;11;17;2;3;5;3;2;0;1;1;0;0;0;0;431732,039935150998645;5386605,114188269712031;8,073505328000071;48,628784788000097
94560;08221117436500554570;08;4;36;049;2022;11;17;5;1;6;4;2;0;0;1;1;0;0;0;579193,590483454987407;5285474,376944339834154;10,055900078000001;47,717789433000100
94562;08221108337200529080;08;3;37;039;2022;11;17;3;2;0;6;2;0;1;0;0;0;0;0;443971,064529713010415;5291694,454154339618981;8,252123759000030;47,776176496000097
94564;08221115336300533230;08;3;36;079;2022;11;11;3;2;0;1;0;1;1;0;0;0;0;0;417940,217341194977053;5294307,693826880306005;7,904224244000030;47,796895327000101
94567;08221120415200342300;08;4;15;053;2022;11;04;1;3;0;1;2;1;1;0;0;0;0;0;543745,966260091983713;5361638,058189029805362;9,591100790000040;48,406380136999999
94582;08221109216100518830;08;2;16;043;2022;11;12;4;3;3;6;0;1;1;1;0;0;0;0;441038,126870641019195;5412255,699523139744997;8,196116699000070;48,860461901000100
94595;08221116216200535190;08;2;16;007;2022;11;05;4;3;8;1;2;1;1;0;0;0;0;0;436694,314637075993232;5393823,327002920210361;8,139738045000060;48,694235591999998
94598;08221121436000387770;08;4;36;082;2022;11;08;2;3;0;7;0;0;1;0;0;0;0;0;547762,315492353984155;5295650,262762900441885;9,637976278000050;47,812432622000102
94607;08221128436000356060;08;4;36;064;2022;11;17;2;3;6;4;1;0;0;1;1;0;0;0;543343,531049408018589;5292430,058798260055482;9,578634668000060;47,783773140000100
94610;08221113118000556440;08;1;18;007;2022;11;14;1;3;3;6;0;0;1;1;0;0;0;0;511013,005000000994187;5427868,165999529883265;9,150580023000030;49,003611399000100
94611;08221117311500541230;08;3;15;113;2022;11;12;5;3;5;3;0;0;1;1;0;0;0;0;439431,054080754984170;5308199,410351590253413;8,189218318000030;47,924252903000102
94612;08221130421300362050;08;4;25;140;2022;11;07;4;3;5;3;0;1;1;1;0;0;0;0;580001,851095985970460;5336746,295151899568737;10,076208859000101;48,178916241000103
94620;08221110335100545190;08;3;35;063;2022;11;06;5;3;2;6;1;1;1;0;0;0;0;0;500787,080751508998219;5286995,209196180105209;9,010497936000039;47,736330726000098
94631;08221124216200354620;08;2;16;007;2022;11;06;5;3;5;2;2;1;1;1;0;0;0;0;438962,023934872995596;5394192,468294420279562;8,170495995000071;48,697782037000103
94634;08221109126200562680;08;1;26;011;2022;11;07;4;3;3;6;1;1;1;1;0;0;0;0;533274,607554535963573;5449010,002373030409217;9,456696112000030;49,192987303000102
94636;08221129426010371890;08;4;26;120;2022;11;06;3;2;6;4;2;1;0;1;1;0;0;0;561891,072327504050918;5323593,411571170203388;9,830697813000031;48,062614934000102
94645;08221108316100516750;08;3;16;043;2022;11;06;3;2;6;6;2;0;1;0;1;0;0;0;410935,535992618009914;5330709,414590319618583;7,803167907000050;48,123408732000001
94646;08221110121200520950;08;1;21;000;2022;11;15;5;3;6;6;0;0;0;0;1;0;0;1;516374,104440685012378;5442390,120376549661160;9,224469153000030;49,134123821999999
94650;08221121436200306330;08;4;36;064;2022;11;06;2;3;3;2;2;1;1;1;0;0;0;0;543789,779000001028180;5292007,122999490238726;9,584549084000059;47,779937775000100
94656;08221114111500554260;08;1;11;000;2022;11;05;2;2;6;4;2;1;0;0;1;1;0;0;511179,267155606008600;5409129,596592020243406;9,152339811000051;48,835041654000101
94658;08221115335100533550;08;3;35;043;2022;11;15;3;3;0;1;0;1;1;0;0;0;0;0;514647,233259182015900;5280060,025467080064118;9,195128455000029;47,673764921000000