OBJECTID;UIDENTSTLAE;ULAND;UREGBEZ;UKREIS;UGEMEINDE;UJAHR;UMONAT;USTUNDE;UWOCHENTAG;UKATEGORIE;UART;UTYP1;ULICHTVERH;IstStrassenzustand;IstRad;IstPKW;IstFuss;IstKrad;IstGkfz;IstSonstige;LINREFX;LINREFY;XGCSWGS84;YGCSWGS84
94665;08221119311010335720;08;3;11;000;2022;11;00;7;3;0;7;2;1;1;0;0;0;0;0;414006,610698904027231;5315338,551898409612477;7,847517573000060;47,985565923000102
94670;08221124215302345580;08;2;15;007;2022;11;19;5;2;0;7;2;0;1;0;0;0;0;0;478491,419000001973473;5431018,433999530039728;8,705749228000061;49,031673027000103
94691;08221112337010552020;08;3;37;060;2022;11;09;7;2;6;4;0;0;0;1;1;0;0;0;467584,394979177974164;5277531,411211550235748;8,568356325000019;47,650367114000098
94694;08221122226100366960;08;2;26;013;2022;11;17;3;3;5;3;1;1;1;1;0;0;0;0;498645,130558496981394;5479485,614246170036495;8,981300476000060;49,468019850000097
94696;08221114221300557490;08;2;21;000;2022;11;15;2;3;4;6;0;0;1;0;0;0;0;0;479149,826211152016185;5473684,970314679667354;8,712538872000041;49,415487704000000
94704;08221129317500573860;08;3;17;096;2022;11;19;3;3;5;3;2;0;1;1;0;0;0;0;422009,009099913004320;5369826,162709970027208;7,944715248000020;48,476724740000101
94707;08221111222700552760;08;2;22;000;2022;11;18;6;2;6;4;2;0;1;0;1;0;0;0;463164,192646329989657;5480680,062451669946313;8,491501941000021;49,477647619000003
94712;08221114118300557790;08;1;18;046;2022;11;18;2;3;5;2;2;0;1;1;0;0;0;0;514330,458323200000450;5411996,826186849735677;9,195381165000070;48,860769947999998
94716;08221116117010538180;08;1;17;026;2022;11;07;4;3;6;2;1;1;0;1;1;0;0;0;547777,063736911979504;5395055,914777480065823;9,649402336000040;48,706705700999997
94717;08221128436400575460;08;4;36;011;2022;11;20;2;3;3;6;2;0;1;0;0;0;0;0;548862,319874712033197;5297746,260853280313313;9,652904826000050;47,831207478000103
94718;08221120336400302700;08;3;36;091;2022;11;19;1;2;7;7;2;1;1;0;0;0;0;0;394433,249035020009615;5271771,917431780137122;7,595866917000020;47,590761900000103
94719;08221110335010547800;08;3;35;063;2022;11;10;5;2;6;2;0;0;0;1;1;0;0;0;496865,073665663017891;5287886,189545329660177;8,958180525000049;47,744340268000002
94722;08221130435100637330;08;4;35;016;2022;11;17;4;2;5;3;2;0;1;1;0;0;0;0;539190,731612783041783;5279936,667284590192139;9,522072920000030;47,671633165000102
94732;08221109111310520560;08;1;11;000;2022;11;18;4;3;5;3;2;1;1;1;0;0;0;0;514111,047114019980654;5406043,196026169694960;9,192184769000050;48,807217156000000
94737;08221114311010531670;08;3;11;000;2022;11;14;2;3;3;2;0;0;1;1;0;0;0;0;412966,224357932980638;5314932,955872659571469;7,833659505000070;47,981776719999999
94743;08221108421200518690;08;4;21;000;2022;11;17;3;3;6;4;2;0;0;1;1;0;0;0;574330,902852633036673;5361883,527119250036776;10,004359166000000;48,405723262999999
94748;08221111128200526200;08;1;28;014;2022;11;17;6;3;3;6;2;0;1;1;0;0;0;0;549247,182852937956341;5483352,545314029790461;9,680152119000070;49,500804506000101
94751;08221112222500530820;08;2;22;000;2022;11;03;7;2;0;6;2;0;1;0;0;0;0;1;462386,249657972017303;5482002,310066809877753;8,480637546000031;49,489492857000101
94755;08221122436400355350;08;4;36;096;2022;11;15;3;3;5;3;0;0;1;1;0;0;0;0;542010,814000000013039;5300759,354999500326812;9,561651584000060;47,858800428999999
94758;08221129121200419900;08;1;21;000;2022;11;20;3;3;3;2;2;1;1;1;0;0;0;0;516760,223121427989099;5443330,644286120310426;9,229801438000040;49,142573730999999
94763;08221117118400541460;08;1;18;048;2022;11;14;5;2;0;1;0;1;1;0;0;0;0;0;514464,387000002025161;5416665,572999529540539;9,197372325000060;48,902765711000001
94775;08221129111500577600;08;1;11;000;2022;11;17;3;3;6;4;2;1;0;1;1;0;0;0;518483,890832633012906;5400500,140239709988236;9,251490731000050;48,757237865000000
94779;08221112311010532630;08;3;11;000;2022;11;13;7;3;1;5;0;0;1;1;0;0;0;0;414024,744549138005823;5315560,108285089954734;7,847716187000060;47,987561347000103
94781;08221130311010571980;08;3;11;000;2022;11;19;4;3;0;2;2;0;0;1;1;0;0;0;414596,064999985974282;5317824,626999500207603;7,854921010000060;48,008008130000100
94793;08221121226600377400;08;2;26;031;2022;11;15;2;3;0;7;0;0;1;0;0;0;0;0;474442,490842237020843;5493325,993587650358677;8,646369120000029;49,591972433000102
94802;08221108215502543970;08;2;15;029;2022;11;10;3;3;5;3;0;0;1;0;0;0;0;1;466832,731000000028871;5448392,812999540008605;8,544828002000029;49,187441479000000
94814;08221108111500542770;08;1;11;000;2022;11;17;3;3;4;6;1;1;1;0;0;0;0;0;510015,830419851001352;5399441,913382220081985;9,136249540000049;48,747911909000003
94815;08221115222014554540;08;2;26;096;2022;11;09;3;3;5;3;0;0;1;1;0;0;0;0;475064,920766899012960;5488593,227016029879451;8,655281221000051;49,549429269000001
94822;08221117119500560720;08;1;19;042;2022;11;18;5;3;5;3;2;0;1;1;0;0;0;0;530516,190041802008636;5416615,612737189978361;9,416397382000071;48,901733448000101
94826;08221114222800563160;08;2;22;000;2022;11;10;2;3;5;3;0;0;1;0;0;0;1;0;460146,813620729022659;5488781,132193339988589;8,449032746000061;49,550321255000000
94838;08221106225200520970;08;2;25;014;2022;11;07;1;3;6;6;1;0;0;1;1;0;0;0;517320,886620135977864;5483397,487741339951754;9,239228258000029;49,502960765000097
94840;08221123311010351710;08;3;11;000;2022;11;17;4;2;1;5;2;1;1;1;0;0;0;0;419394,149851433990989;5313977,780083820223808;7,919962956000060;47,974026623000000
94841;08221125221011334320;08;2;26;098;2022;11;07;6;3;6;4;2;0;0;1;1;0;0;0;478271,882379998976830;5460415,188821169547737;8,701158873000050;49,296096136000102
94861;08221108325102518870;08;3;25;057;2022;11;17;3;3;6;4;1;0;0;1;1;0;0;0;472916,027387666981667;5356803,838451960124075;8,634343504000070;48,363825884999997
94864;08221129212702429580;08;2;15;017;2022;11;18;3;3;0;3;2;1;1;1;0;0;0;0;458307,700797369994689;5420427,633947020396590;8,430720415000049;48,935372301000001
94865;08221201335000391900;08;3;35;075;2022;12;18;5;2;6;2;2;0;0;0;1;0;0;1;488605,580000001005828;5288036,764999499544501;8,847996356000071;47,745602045000098
94875;08221115121500538040;08;1;25;007;2022;11;17;3;3;6;4;2;0;0;1;1;0;0;0;511419,963191623974126;5453037,102503539994359;9,156856597000059;49,230008654000102
94883;08221130212402627680;08;2;12;000;2022;11;11;4;3;6;6;0;0;1;0;1;0;0;0;455714,680446438025683;5428199,400948660448194;8,394470505000070;49,005100423999998
94887;08221127237100575850;08;2;37;028;2022;11;19;1;3;2;2;0;0;1;1;0;0;0;0;456429,662304196972400;5367656,351161790080369;8,410646371000039;48,460533044999998
94888;08221124126200323660;08;1;26;066;2022;11;13;5;3;0;7;0;0;1;0;0;0;0;0;536027,723192843957804;5450101,902513000182807;9,494579302000030;49,202653320000103
94896;08221111316100577180;08;3;16;024;2022;11;13;6;3;1;7;0;0;1;1;0;0;0;0;409625,457620194996707;5334595,477086570113897;7,784742528000040;48,158178976000002
94906;08221121111500303330;08;1;11;000;2022;11;07;2;2;6;4;0;1;0;1;1;0;0;0;507941,337370222026948;5407646,991113959811628;9,108187943000081;48,821754188000099
94914;08221118118010555880;08;1;15;028;2022;11;15;6;2;6;2;0;1;0;1;1;0;0;0;501987,189690919010900;5407113,235080460086465;9,027069700000030;48,817000159000003
94915;08221114118000543020;08;1;18;048;2022;11;09;2;3;7;7;0;1;1;1;0;0;0;0;513958,330103686021175;5414486,385101890191436;9,190392565000019;48,883173925999998
94916;08221107436300516260;08;4;36;052;2022;11;07;2;3;5;3;0;0;1;1;0;0;0;0;565842,058861781028099;5293699,401303869672120;9,879151540000070;47,793285795000003
94918;08221129119100441200;08;1;19;008;2022;11;15;3;3;5;3;0;1;1;1;0;0;0;0;531071,173999999999069;5421648,793999530375004;9,424353439000070;48,946981780999998
94926;08221107136200524680;08;1;36;010;2022;11;06;2;2;6;2;2;0;0;1;1;0;0;0;600523,074592367978767;5411702,688217709772289;10,370256501000000;48,850146444000103
94933;08221117127010549730;08;1;27;076;2022;11;15;5;3;0;1;0;1;1;0;0;0;0;0;553998,728132204967551;5440131,100149019621313;9,739925420000080;49,111649986000003
94944;08221116222301569680;08;2;22;000;2022;11;17;4;3;5;3;2;0;1;1;0;0;0;0;462939,347000000998378;5482899,284999550320208;8,488190152000071;49,497594718000101
94952;08221117435100565690;08;4;35;016;2022;11;17;5;3;5;3;2;0;1;1;0;0;0;0;536613,406041056965478;5279276,953822519630194;9,487685529000030;47,665848550000099
94955;08221123117300348760;08;1;17;026;2022;11;16;4;3;6;4;0;0;0;0;1;1;0;0;546385,751960630994290;5393265,656475420109928;9,630291263000061;48,690706388000102
94959;08221121212402367910;08;2;12;000;2022;11;12;2;3;0;7;0;0;1;0;0;0;0;0;455707,997006789024454;5428104,894581249915063;8,394389434000059;49,004249849000097
94964;08221201116200445630;08;1;16;078;2022;12;10;5;2;6;4;0;0;0;1;1;0;0;0;510228,173999999999069;5393407,587999519892037;9,138988485000031;48,693623498000100
94969;08221124311500386540;08;3;15;068;2022;11;07;5;3;6;4;2;1;0;1;1;0;0;0;440348,031297568988521;5302031,162749799899757;8,202344645000039;47,868846410000103
94976;08221106118500514050;08;1;18;021;2022;11;14;1;3;8;7;0;1;1;0;0;0;0;0;523045,619729457015637;5428610,571306180208921;9,315141312000041;49,009957692999997
94980;08221125316100421770;08;3;16;011;2022;11;07;6;3;4;6;2;0;1;0;0;0;0;1;415518,151749067008495;5329303,148726220242679;7,865014073000050;48,111383769000000
94991;08221122121200377870;08;1;21;000;2022;11;06;3;3;5;3;2;0;1;1;0;0;0;0;516452,823040270013735;5445068,326616469770670;9,225657654000029;49,158213035000102
94996;08221125311010327990;08;3;11;000;2022;11;18;6;3;5;2;2;1;1;1;0;0;0;0;413454,436142825987190;5316333,280445490032434;7,839918356000060;47,994439383000000
94997;08221118119200543530;08;1;19;020;2022;11;20;6;3;5;2;2;0;1;1;0;0;0;0;519045,993692383985035;5407044,624399219639599;9,259441901000059;48,816094177000103
94999;08221109437200518040;08;4;37;104;2022;11;07;4;3;6;4;0;1;0;1;1;0;0;0;516797,131614987971261;5326342,575939930044115;9,225569441000060;48,090130817000002
95002;08221201311010400710;08;3;11;000;2022;12;08;5;3;0;7;1;0;1;0;0;0;0;0;414605,265064702020027;5317482,926237300038338;7,855112371000080;48,004935631000102
95009;08221117436400567360;08;4;36;011;2022;11;21;5;3;5;3;2;1;1;1;0;0;0;0;548608,979000000981614;5296652,975999499671161;9,649397169000050;47,821390524999998
95013;08221108127202543370;08;1;27;014;2022;11;07;3;3;5;3;0;0;1;1;0;0;0;0;577412,228369473014027;5443707,330763990059495;10,061389718999999;49,141312376000002
95018;08221111127100540990;08;1;27;076;2022;11;13;6;3;0;1;0;0;1;0;0;0;0;0;554003,655255601042882;5440122,422651479952037;9,739991767000051;49,111571501000100
95021;08221130231200374810;08;2;36;071;2022;11;07;4;3;5;2;2;1;1;1;0;0;0;0;468627,829000001016539;5420880,228999529965222;8,571595007000040;48,940052993999998
95022;08221122118500383150;08;1;18;078;2022;11;20;3;2;0;7;2;1;1;0;0;0;0;0;515025,665793363994453;5420648,277377730235457;9,205177847000069;48,938579496000003
95023;08221107212010536010;08;2;15;105;2022;11;01;2;1;6;6;2;0;0;1;1;0;0;0;459812,832165197003633;5443786,254480260424316;8,448954498000029;49,145585920000002
95026;08221124211100320610;08;2;11;000;2022;11;07;5;3;6;2;2;1;0;1;1;0;0;0;441900,265999999013729;5403499,282999520190060;8,209110172000070;48,781778954000103
95028;08221110316200548870;08;3;16;009;2022;11;13;5;2;0;7;0;0;0;1;1;0;0;0;416856,202999987988733;5324332,599999500438571;7,883954709000020;48,066848125000000
95029;08221108436400542610;08;4;36;082;2022;11;13;3;3;5;2;0;0;1;0;0;0;0;0;547378,750555090024136;5294415,261901499703526;9,632718241000020;47,801349749000103
95038;08221125118300387630;08;1;18;051;2022;11;07;6;3;5;3;0;0;1;1;0;0;0;0;509250,944111790973693;5414916,686097229830921;9,126193446000061;48,887132952999998
95039;08221112317300526850;08;3;17;065;2022;11;17;7;2;6;2;2;1;0;1;1;0;0;0;416201,895437392988242;5354471,914113599807024;7,869221714000050;48,337869351999998
95042;08221108326400531250;08;3;26;074;2022;11;18;3;3;5;3;2;0;1;1;0;0;0;0;460523,072812042024452;5323124,925382009707391;8,470169472000070;48,060181210000103
95055;08221115216100537370;08;2;16;043;2022;11;17;3;3;0;7;2;1;0;0;1;0;0;1;441721,683249755005818;5411705,335151280276477;8,205513685000030;48,855575983999998
95064;08221121121300337930;08;1;21;000;2022;11;16;2;3;6;3;0;0;0;1;1;0;0;0;514679,921000001020730;5446254,681999539956450;9,201384965000051;49,168929620000000
95070;08221126215302371180;08;2;15;059;2022;11;18;7;3;6;4;2;0;0;1;1;0;0;0;483888,848409148980863;5436625,591430500149727;8,779365624000040;49,082276643999997
95079;08221117119100560900;08;1;19;008;2022;11;06;5;2;1;5;2;1;1;1;0;0;0;0;535065,160746737965383;5422605,837526990100741;9,478981692000049;48,955377188000099
95081;08221122316100371560;08;3;16;011;2022;11;07;3;3;6;4;1;0;0;1;1;0;0;0;417108,674620485980995;5327838,726845130324364;7,886662550000040;48,098419853000102
95107;08221117311010554400;08;3;36;050;2022;11;17;5;3;6;2;2;1;0;1;1;0;0;0;399637,381999969016761;5273877,232999480329454;7,664584777000070;47,610526329999999
95113;08221128316100472130;08;3;16;043;2022;11;17;2;3;5;3;2;0;1;0;0;0;0;1;411656,508405713015236;5331360,887876319698989;7,812718968000070;48,129369242999999
95114;08221124316100373430;08;3;16;043;2022;11;08;5;3;0;3;1;1;1;1;0;0;0;0;411717,438475390023086;5331550,689306000247598;7,813498316000050;48,131084971000099
95116;08221110415400546880;08;4;15;061;2022;11;06;5;3;3;2;1;1;1;1;0;0;0;0;514807,543899153999519;5369993,950415310449898;9,200381725000060;48,482897688000001
95127;08221110118000549640;08;1;15;015;2022;11;15;5;2;2;6;0;0;1;1;0;0;0;0;496275,804839920019731;5385098,435977789573371;8,949467399000071;48,618945824000001
95128;08221208212010479710;08;2;15;100;2022;12;17;5;2;6;4;2;0;0;1;1;0;0;0;474348,945121767988894;5450073,159197369590402;8,647867369000039;49,202916883999997
95147;08221220211100593350;08;2;11;000;2022;12;10;3;3;0;1;0;1;1;0;0;0;0;0;443256,694723586027976;5401681,860540689900517;8,227823713000021;48,765556177000100
95148;08221229225200636120;08;2;25;014;2022;12;18;5;3;6;4;2;1;0;1;1;0;0;0;523810,392966847983189;5485958,418806140311062;9,329011520000050;49,525775424000102
95161;08221214317600471420;08;3;17;040;2022;12;08;4;3;0;1;0;2;1;0;0;0;0;0;432270,897340440016706;5348046,708833049982786;8,087057663000049;48,281998191000099
95165;08221211311400612330;08;3;15;074;2022;12;08;1;3;9;1;0;2;1;0;0;0;0;0;396967,049148845020682;5294850,245468799956143;7,624107568000060;47,798760855000097
95166;08221216226700595540;08;2;26;103;2022;12;05;6;3;0;1;1;2;1;0;0;0;0;0;474431,841132240020670;5454852,815708340145648;8,648700676000029;49,245913817000002
95188;08221212317100460670;08;3;17;089;2022;12;12;2;3;9;1;0;0;1;0;0;0;0;0;430939,834053030994255;5376340,969173019751906;8,064461032000050;48,536371119000101
95202;08221216337101614100;08;3;37;116;2022;12;14;6;3;6;7;0;1;0;0;1;0;0;1;418065,484139734995551;5270460,377207440324128;7,910374831000070;47,582379865000100
95204;08221203317600377830;08;3;17;040;2022;12;00;7;3;0;7;2;0;1;0;0;0;0;0;431762,388787496020086;5347979,253075630404055;8,080215122000030;48,281336774000103
95224;08221227222014621270;08;2;22;000;2022;12;18;3;3;6;4;2;0;0;1;1;0;0;0;463824,845198458991945;5485884,171972719952464;8,500144941000030;49,524495660000099
95255;08221215311010579650;08;3;15;109;2022;12;17;5;3;6;2;2;1;0;1;1;0;0;0;422694,608999992022291;5315029,234999500215054;7,963988896000050;47,983892523000101
95273;08221219216100636250;08;2;16;043;2022;12;16;2;3;5;2;2;1;1;1;0;0;0;0;441582,347296899999492;5411496,440339660272002;8,203644168000039;48,853683877000002
95280;08221206119500446450;08;1;19;085;2022;12;06;3;3;6;4;2;0;0;1;1;0;0;0;528578,502222302951850;5413653,617460000328720;9,389750900000021;48,875181007000002
95286;08221203119100462640;08;1;19;006;2022;12;12;7;2;6;4;0;1;0;1;1;0;0;0;536535,364037133054808;5421771,906463209539652;9,498988719000071;48,947790552000100
95293;08221205437100458110;08;4;37;088;2022;12;18;2;3;5;3;2;1;1;1;0;0;0;0;518264,938240048999432;5308344,020431700162590;9,244513852000070;47,928155799000102
95296;08221221111500597120;08;1;11;000;2022;12;07;4;2;6;2;1;0;0;1;1;0;0;0;515913,957783652993385;5408908,043256529606879;9,216850401000039;48,832945294000098
95298;08221207335200602850;08;3;35;063;2022;12;16;4;3;5;3;1;0;1;0;0;0;0;1;496869,798792127985507;5287894,887420809827745;8,958243495000030;47,744418551000102
95309;08221207336400632590;08;3;36;045;2022;12;09;4;3;3;7;0;0;0;1;1;0;0;0;395578,383881199988537;5284720,343596340157092;7,608001647000040;47,707419528000102
95325;08221214127100589250;08;1;27;043;2022;12;06;4;3;6;4;2;0;0;1;1;0;0;0;568268,959816092974506;5444896,578852820210159;9,936247721000029;49,153092948999998
95344;08221208118600599970;08;1;18;076;2022;12;06;5;3;2;6;2;2;1;1;0;0;0;0;499993,962286845024209;5428656,041184210218489;8,999917435000039;49,010797068999999
95347;08221206116010485730;08;1;16;049;2022;12;07;3;3;6;4;1;0;0;0;1;0;0;1;525165,028999999980442;5385886,606999520212412;9,341502241000059;48,625541173999999
95351;08221230231102625610;08;2;36;028;2022;12;19;6;3;6;4;2;1;0;1;1;0;0;0;493813,886851901013870;5422324,809786600060761;8,915501949000030;48,953812616000100
95353;08221203119100474270;08;1;19;004;2022;12;16;7;3;6;7;2;0;0;1;1;0;0;0;541556,487753947963938;5418632,007939039729536;9,567242280000070;48,919229262999998
95357;08221225215402610250;08;2;15;009;2022;12;19;1;3;6;2;2;0;0;1;1;0;0;0;474269,635714270989411;5437196,489698000252247;8,647600977000019;49,087085102000103
95358;08221207311300460000;08;3;15;098;2022;12;17;4;3;5;3;2;0;1;1;0;0;0;0;408298,763999981980305;5313093,541999490000308;7,771517904000060;47,964578826999997
95376;08221227136100619290;08;1;36;088;2022;12;12;3;2;6;4;0;0;0;1;1;0;0;0;580043,122716117999516;5409850,901176599785686;10,090786760000100;48,836470726000101
95380;08221208221300427240;08;2;21;000;2022;12;15;5;3;0;7;0;1;1;0;0;0;0;0;476266,724799801013432;5472957,566066410392523;8,672833711000070;49,408839186000101
95386;08221223222400629030;08;2;26;028;2022;12;06;6;3;5;3;2;1;1;1;0;0;0;0;472471,233355547010433;5483918,342936939559877;8,619751473000060;49,507268232999998
95392;08221209435200595000;08;4;35;067;2022;12;13;6;3;1;5;0;1;1;1;0;0;0;0;530858,744192232028581;5291093,674210440367460;9,411873564000080;47,772468468000099
95398;08221229415400647990;08;4;15;061;2022;12;10;5;2;6;4;0;0;0;1;1;0;0;0;513120,673659259977285;5371865,231688899919391;9,177613215000060;48,499769905000100
95413;08221219326100593560;08;3;26;012;2022;12;14;2;3;5;3;0;0;1;1;0;0;0;0;461760,405853521020617;5311622,660936330445111;8,487801049000041;47,956772859000097
95414;08221227215202645490;08;2;15;084;2022;12;17;3;3;6;7;2;0;0;1;1;0;0;0;473093,312039855984040;5444735,703287079930305;8,630987764000050;49,154851835000002
95423;08221223326200644600;08;3;26;074;2022;12;12;6;3;5;3;0;1;1;0;0;0;1;0;464396,024846006010193;5323420,861522819846869;8,522122792000060;48,063071608000001
95434;08221214121500482380;08;1;25;039;2022;12;11;4;3;6;4;0;2;0;1;1;0;0;0;511662,698000001022592;5459199,619999540038407;9,160370119000049;49,285437019000000
95435;08221220136300636410;08;1;36;065;2022;12;17;3;3;5;3;2;1;1;1;0;0;0;0;557399,210137451998889;5407553,603049959987402;9,781921480000049;48,818312972000101
95439;08221222216300597760;08;2;16;015;2022;12;02;5;3;0;7;2;1;1;0;0;0;0;0;450331,494267096975818;5405318,572327109985054;8,323652326000060;48,798874417999997
95442;08221212118000588090;08;1;15;042;2022;12;12;2;3;6;4;0;0;0;1;1;0;0;0;496795,825236962002236;5406550,369313679635525;8,956356805000040;48,811931588000000
95445;08221203317300419660;08;3;17;065;2022;12;11;7;3;3;2;0;0;1;1;0;0;0;0;415993,480456630990375;5354125,967401309870183;7,866478906000050;48,334729920000001
95457;08221221316200617120;08;3;16;010;2022;12;07;4;3;5;3;2;1;1;1;0;0;0;0;432038,236362892028410;5337275,609385009855032;8,085650023000030;48,185079991000102
95458;08221209311400587750;08;3;15;074;2022;12;18;6;3;2;6;2;1;1;1;0;0;0;0;397938,266373682999983;5296061,298452139832079;7,636788265000060;47,809808916000101
95473;08221202118010595480;08;1;18;003;2022;12;11;6;3;6;2;0;0;0;1;1;0;0;0;509568,123271543998271;5416713,933183119632304;9,130562216000040;48,903295736000103
95477;08221209119100428570;08;1;19;069;2022;12;03;6;2;7;7;2;1;1;0;0;0;0;0;528311,221124164992943;5430739,911227059550583;9,387293715000061;49,028892796000001
95478;08221203119500386320;08;1;19;085;2022;12;18;7;3;5;3;2;0;1;1;0;0;0;0;528659,908165432978421;5413757,714634709991515;9,390868375000030;48,876113666000002
95483;08221208126100470200;08;1;26;047;2022;12;18;5;3;6;6;2;0;0;1;1;0;0;0;551927,066873269039206;5452219,421705509535968;9,713100284000060;49,220558773000100
95489;08221220221300611230;08;2;21;000;2022;12;17;3;3;6;7;2;0;0;1;1;0;0;0;482175,815320603025611;5474427,790724749676883;8,754224350000070;49,422265467000003
95491;08221223116010632080;08;1;16;049;2022;12;20;6;3;3;6;2;1;1;1;0;0;0;0;524077,027260769973509;5386931,266396890394390;9,326798441000051;48,634981814000099
95522;08221206215402454700;08;2;15;009;2022;12;15;3;3;5;3;0;0;1;1;0;0;0;0;469643,275925652997103;5441721,201988879591227;8,583900497000061;49,127575026000002
95531;08221227118200628380;08;1;18;019;2022;12;07;3;3;0;7;1;2;1;0;0;0;0;0;503234,216000000014901;5404223,269999530166388;9,044034049000061;48,790997021000102
95532;08221208111230578490;08;1;11;000;2022;12;18;5;3;5;3;2;1;1;1;0;0;0;0;514986,281000001006760;5395293,371999519877136;9,203713482000071;48,710491920000003
95537;08221220212702611330;08;2;15;017;2022;12;18;3;3;5;3;2;1;1;1;0;0;0;0;457263,664430512988474;5420877,686997430399060;8,416418390000050;48,939349403000101
95543;08221217221300583150;08;2;21;000;2022;12;07;7;3;6;4;1;2;0;0;1;0;0;1;478536,875940513971727;5473591,744654590263963;8,704093292000040;49,414627837000097
95555;08221208311010482610;08;3;11;000;2022;12;20;5;3;5;3;2;0;1;1;0;0;0;0;412814,742446017975453;5317732,680488729849458;7,831061179000070;48,006940516000000
95574;08221203317200471130;08;3;17;141;2022;12;12;7;3;4;6;0;0;1;1;0;1;0;0;419302,257220448984299;5379817,350418189540505;7,906163915000040;48,566251172000101
95582;08221211325000578590;08;3;27;050;2022;12;14;1;2;6;4;0;1;0;1;1;0;0;0;489808,179515091003850;5316964,980804019607604;8,863356594000040;48,005899669000001
95586;08221221317300613520;08;3;17;026;2022;12;11;4;3;5;2;0;1;1;1;0;0;0;0;411952,299909344990738;5345504,024147010408342;7,813760239000030;48,256627147000103
95599;08221214225100603230;08;2;25;118;2022;12;07;4;3;6;4;1;1;0;1;1;0;0;0;504178,742059080977924;5479225,680886040441692;9,057671055000069;49,465668913000101
95614;08221206425000443050;08;4;25;033;2022;12;11;3;3;6;4;0;0;0;1;1;0;0;0;561519,585241031018086;5346543,110449399799109;9,829032955000059;48,269106065000102
95646;08221213311010466130;08;3;11;000;2022;12;22;3;3;7;1;2;2;1;0;0;0;0;0;411650,202857322001364;5317898,634847289882600;7,815416827000040;48,008273394000099
95655;08221214211000591060;08;3;17;065;2022;12;16;4;2;6;4;2;1;0;1;1;0;0;0;413779,550453271018341;5355240,901315419934690;7,836383871000070;48,344460293000097
95693;08221209311010468560;08;3;11;000;2022;12;07;6;3;6;4;0;0;0;0;1;0;0;1;415688,668657534988597;5315639,357421239838004;7,869996840000060;47,988495749999998
95699;08221208211000493420;08;2;11;000;2022;12;18;5;3;6;4;2;0;0;1;1;0;0;0;443105,535479273996316;5402369,403955389745533;8,225671808000071;48,771726938000000
95714;08221205212702435470;08;2;15;108;2022;12;09;2;3;5;3;0;1;1;1;0;0;0;0;447444,554844447004143;5423741,350577830336988;8,281974975000031;48,964351741000002
95779;08221217121600607940;08;1;25;098;2022;12;11;7;3;6;7;0;0;0;1;1;0;0;0;519855,058873531990685;5437305,155268440023065;9,271938193000040;49,088280195000003
95784;08221214115400481150;08;1;15;001;2022;12;18;4;3;0;1;2;2;0;1;1;0;0;0;492932,768934049003292;5391760,314667269587517;8,903992993000029;48,678848280000103
95785;08221220127202628120;08;1;27;014;2022;12;18;3;3;0;7;2;0;1;0;0;0;0;0;578371,505395745974965;5443337,992615560069680;10,074468023000099;49,137868976000000
95786;08221228317200637680;08;3;17;089;2022;12;21;4;3;0;7;2;0;1;0;0;0;0;0;432888,037982669018675;5375066,662634540349245;8,091054496000030;48,525119876000097
95793;08221216437000588860;08;4;35;059;2022;12;18;6;2;5;3;2;1;1;1;0;0;0;0;513582,239726055006031;5292873,008437880314887;9,181340610000060;47,789073821999999
95797;08221213437100605500;08;4;37;100;2022;12;17;3;3;6;3;2;1;0;1;1;0;0;0;537315,791329054976813;5318070,029771279543638;9,500385952000039;48,014833488000100
95800;08221214435100593790;08;4;35;035;2022;12;17;4;3;0;2;2;1;1;1;0;0;0;0;539515,401870904024690;5280151,809415229596198;9,526417241000050;47,673549108000003
95806;08221206221200650980;08;2;21;000;2022;12;08;3;3;1;5;0;0;1;1;0;0;0;0;477277,828554886975326;5471845,578808560036123;8,686835302000080;49,398875623999999
95810;08221209221011441480;08;2;21;000;2022;12;07;6;3;3;2;0;0;1;1;0;0;0;0;477671,322297296021134;5473216,780200930312276;8,692181389000041;49,411223940000099
95821;08221211216100581920;08;2;16;043;2022;12;13;1;3;6;2;0;0;0;1;1;0;0;0;442479,644089332025032;5412529,683781780302525;8,215729818000060;48,863061729000002
95825;08221222116400629080;08;1;16;072;2022;12;17;5;3;5;3;2;0;1;1;0;0;0;0;531311,034370447974652;5392303,624638739973307;9,425389873000031;48,682990602000103
95827;08221209311010463440;08;3;11;000;2022;12;19;6;3;6;7;2;1;0;1;1;0;0;0;412595,392075841024052;5315361,943292169831693;7,828603736000050;47,985585039999997
95835;08221209421300588840;08;4;21;000;2022;12;11;6;3;6;4;0;1;0;1;1;0;0;0;572503,600568738998845;5360237,209193870425224;9,979388133000040;48,391127085999997
95839;08221220317300606440;08;3;17;065;2022;12;05;3;3;5;3;2;1;1;1;0;0;0;0;413633,083999986993149;5355254,563999510370195;7,834404808000040;48,344563175000097
95864;08221219231000622850;08;2;31;000;2022;12;19;2;3;6;2;2;1;0;0;1;0;0;1;477653,107650231977459;5415380,960839670151472;8,695139340000029;48,890975554000100
95883;08221210311500598170;08;3;15;113;2022;12;10;7;3;6;7;0;1;0;1;1;0;0;0;442197,587758256995585;5306276,149223559536040;8,226505760000070;47,907205757000000
95895;08221224416010610180;08;4;17;002;2022;12;17;7;3;2;6;2;0;1;1;0;0;0;0;487908,826674258976709;5347879,373664620332420;8,837013573000039;48,284000968999997
95899;08221213316100587410;08;3;16;043;2022;12;15;3;2;5;3;0;1;1;1;0;0;0;0;411403,378999983018730;5330993,866999500431120;7,809394146000050;48,126032684999998