OBJECTID;UIDENTSTLAE;ULAND;UREGBEZ;UKREIS;UGEMEINDE;UJAHR;UMONAT;USTUNDE;UWOCHENTAG;UKATEGORIE;UART;UTYP1;ULICHTVERH;IstStrassenzustand;IstRad;IstPKW;IstFuss;IstKrad;IstGkfz;IstSonstige;LINREFX;LINREFY;XGCSWGS84;YGCSWGS84
95907;08221220231000599150;08;2;37;030;2022;12;09;3;3;0;7;0;1;0;1;1;0;0;0;464034,718796444998588;5365737,900964040309191;8,513676648000059;48,443755168000102
95921;08221228326400640460;08;3;26;075;2022;12;15;4;3;2;6;0;0;1;1;0;0;0;0;460409,634811408002861;5317465,276331149972975;8,469170320000050;48,009255757000098
95926;08221209115100590410;08;1;15;044;2022;12;09;6;3;5;2;0;0;1;1;0;0;0;0;504578,026268196990713;5389258,437278039753437;9,062163964000041;48,656364277000101
95939;08221216126100597730;08;1;26;046;2022;12;11;6;3;6;4;0;1;0;1;1;0;0;0;550206,725997183006257;5458907,684932510368526;9,690315456000061;49,280860254000103
95941;08221206221011409210;08;2;26;085;2022;12;07;3;2;6;4;0;1;0;1;1;0;0;0;490844,460572451993357;5450419,416326080448925;8,874305576000040;49,206499950000101
95974;08221208435200467380;08;4;35;066;2022;12;07;5;3;5;2;2;0;1;1;0;0;0;0;519572,959179638011847;5287287,537353510037065;9,261072219000029;47,738664514000000
95995;08221208226700608100;08;2;26;060;2022;12;17;5;3;6;7;2;0;0;1;1;0;0;0;477885,242135579988826;5463331,761491909623146;8,695679684000030;49,322316849000103
96000;08221209121200645820;08;1;21;000;2022;12;15;6;3;0;7;0;0;1;0;0;0;0;0;515084,337372730020434;5444326,440611620433629;9,206860619000050;49,151574689000000
96018;08221212316100600580;08;3;16;053;2022;12;07;2;3;0;7;0;0;0;0;1;0;0;1;404582,924010752991308;5342456,740055940113962;7,715186521000020;48,228151266000097
96020;08221226336400611430;08;3;36;014;2022;12;10;2;3;0;1;0;1;1;0;0;0;0;0;395691,411140400974546;5280454,995586929842830;7,610527478000050;47,669070873000102
96025;08221214115400490130;08;1;15;045;2022;12;18;4;3;6;2;2;2;0;1;1;0;0;0;500947,966204910015222;5394658,928313089534640;9,012884604000019;48,704963781000103
96028;08221206311010414700;08;3;11;000;2022;12;17;3;3;3;2;2;0;1;0;0;0;0;1;413307,471999987028539;5317359,359999500215054;7,837741507000030;48,003649403000097
96029;08221223325000630590;08;3;25;053;2022;12;16;6;2;6;4;2;1;0;1;1;0;0;0;454403,311999999976251;5341481,207999509759247;8,386072949000040;48,224914468000101
96031;08221202121300443910;08;1;21;000;2022;12;22;6;3;0;7;2;0;1;0;0;0;0;0;514148,070999999996275;5446173,472999540157616;9,194086025000050;49,168211614000001
96035;08221204135200473760;08;1;35;019;2022;12;16;1;3;5;3;0;1;1;1;0;0;0;0;584207,206000013975427;5392419,084999520331621;10,143955140999999;48,679134748000102
96054;08221209436500431390;08;4;36;055;2022;12;17;6;2;6;6;2;1;0;1;1;0;0;0;579806,126102257985622;5296266,737732419744134;10,066047857000100;47,814802067000102
96060;08221220436500591640;08;4;36;085;2022;12;08;3;2;8;1;0;2;1;0;0;0;0;0;558049,812662124983035;5295224,076271589845419;9,775320689000070;47,807752495000003
96064;08221202116010445430;08;1;16;035;2022;12;16;6;1;6;4;2;1;0;1;1;0;0;0;526691,692999999038875;5392129,107999520376325;9,362621928000070;48,681635295000000
96077;08221209118100470050;08;1;18;079;2022;12;07;6;3;5;2;1;0;1;1;0;0;0;0;508939,936405721993651;5423290,766284810379148;9,122134520000030;48,962468348000101
96093;08221228435200639760;08;4;35;053;2022;12;16;4;3;9;6;0;0;0;1;1;0;0;0;507427,826540538982954;5293504,594482819549739;9,099182161000041;47,794856918999997
96132;08221212216200582310;08;2;16;041;2022;12;14;2;2;5;3;0;0;1;1;0;0;0;0;434497,452886256971397;5390961,491765060462058;8,110342054000061;48,668266534000097
96136;08221205221400400890;08;2;21;000;2022;12;06;2;3;3;6;2;1;1;1;0;0;0;0;477173,995931332989130;5471733,760508130304515;8,685410693000049;49,397865950000003
96165;08221203436000591460;08;4;35;016;2022;12;16;7;2;5;3;2;0;1;1;0;0;0;0;537360,136000000988133;5278833,127999490126967;9,497593535000020;47,661812575000098
96170;08221214435100586690;08;4;35;016;2022;12;07;4;3;3;2;0;2;1;1;0;0;0;0;535031,711106749018654;5277776,658796209841967;9,466498044000049;47,652437368999998
96184;08221218121200638290;08;1;21;000;2022;12;20;1;3;6;2;2;0;0;1;1;0;0;0;516771,557200748007745;5443348,349791170097888;9,229957577000050;49,142732688000102
96199;08221223335300645150;08;3;35;075;2022;12;13;6;3;5;3;0;1;1;1;0;0;0;0;487449,378747951996047;5290095,560802769847214;8,832513052000021;47,764104668000101
96204;08221214118400607130;08;1;18;048;2022;12;11;4;3;5;3;0;1;1;1;0;0;0;0;514240,454272608971223;5415603,887666850350797;9,194279676000059;48,893220271000096
96217;08221209221011584290;08;2;21;000;2022;12;09;6;3;4;2;0;0;1;1;0;0;0;0;476556,135811027023010;5472854,726485580205917;8,676829285000050;49,407925380000101
96218;08221204212402421750;08;2;12;000;2022;12;19;1;3;5;2;2;1;1;1;0;0;0;0;455682,617394355009310;5427721,832826389931142;8,394084239000049;49,000802345000103
96221;08221219118400624900;08;1;18;048;2022;12;17;2;3;6;1;2;1;0;1;1;0;0;0;512203,332332244026475;5415261,593857510015368;9,166477538000040;48,890184554000001
96223;08221208121600462440;08;1;25;110;2022;12;13;5;3;6;4;0;0;0;0;1;0;0;1;526150,017000001040287;5442437,571999539621174;9,358485923000050;49,134212349000101
96236;08221218222000635530;08;2;26;107;2022;12;22;1;3;6;4;2;0;0;1;1;0;0;0;473921,557543579023331;5483931,612672969698906;8,639783163000059;49,507451695999997
96246;08221223116200640660;08;1;16;078;2022;12;15;6;3;6;6;0;1;0;1;1;0;0;0;512324,242389958002605;5393284,274486959911883;9,167467718000070;48,692476280999998
96260;08221205426100624190;08;4;26;038;2022;12;07;2;2;4;7;2;1;1;0;1;0;0;1;562380,840373074985109;5317335,642293849959970;9,836359140000070;48,006271253000101
96266;08221223135200620520;08;1;35;019;2022;12;15;6;3;3;5;0;1;1;1;0;0;0;0;584735,461108173942193;5391821,860382960177958;10,151007589000100;48,673691650000102
96276;08221213311010647260;08;3;11;000;2022;12;22;3;3;0;1;2;2;1;0;0;0;0;0;413005,028241519001313;5314976,143958110362291;7,834170657000070;47,982170490000001
96281;08221222216200604350;08;2;11;000;2022;12;11;5;3;5;3;0;1;1;1;0;0;0;0;438188,774999998975545;5397594,511999519541860;8,159479121000061;48,728307621000098
96299;08221205416010581840;08;4;16;025;2022;12;05;2;1;6;4;2;1;0;1;1;0;0;0;501259,763706272991840;5361012,020218200050294;9,017020671000070;48,402264995000102
96306;08221202118200425180;08;1;18;019;2022;12;13;6;3;6;4;0;1;0;1;1;0;0;0;504501,868000001006294;5405346,208999530412257;9,061305507000039;48,801091016999997
96307;08221212212010604190;08;2;12;000;2022;12;10;2;3;5;3;0;0;1;0;0;0;0;1;455965,312203212000895;5428241,250864620320499;8,397892748000061;49,005494802000001
96314;08221220126100597770;08;1;26;046;2022;12;17;3;3;6;6;2;1;0;1;1;0;0;0;550483,286404191982001;5456309,321133330464363;9,693789910000021;49,257466403000102
96317;08221222311010614210;08;3;15;109;2022;12;17;5;3;4;6;2;1;1;0;0;0;0;0;422715,635999992024153;5315019,213999499566853;7,964272446000050;47,983804917999997
96323;08221203336200620120;08;3;36;105;2022;12;17;7;3;8;1;2;0;1;0;0;0;0;0;402037,370695081015583;5269018,471733369864523;7,697595102000040;47,567186581999998
96330;08221231417010627640;08;4;17;008;2022;12;16;7;2;0;1;1;0;1;0;0;0;0;0;494291,489786444988567;5350250,029030879959464;8,923018324000051;48,305418831000097
96337;08221209311010650350;08;3;11;000;2022;12;18;6;3;5;3;2;0;1;1;0;0;0;0;414049,394928066991270;5315804,562571920454502;7,847997553000030;47,989763620000097
96358;08221202325102415260;08;3;25;045;2022;12;06;6;3;6;4;1;1;0;1;1;0;0;0;465864,077544794999994;5347586,437608290463686;8,539885486000060;48,280560556000097
96360;08221213115100618630;08;1;15;002;2022;12;10;3;3;6;7;0;0;0;1;1;0;0;0;499601,727525994007010;5386359,015282049775124;8,994594736000071;48,630297213000098
96364;08221210119500597190;08;1;19;042;2022;12;15;7;2;5;3;0;0;1;1;0;0;0;0;528289,367077457951382;5415423,774872270412743;9,385930301000030;48,891117887000100
96368;08221214226300606880;08;2;26;056;2022;12;14;4;3;6;2;0;1;0;1;1;0;0;0;485056,176000001025386;5471361,369999550282955;8,794056427000040;49,394760853000001
96373;08221202116500404900;08;1;16;049;2022;12;05;6;3;0;3;2;0;1;0;0;0;0;1;526167,346999999950640;5385863,307999519631267;9,355102468000039;48,625290442000100
96383;08221206336400505260;08;3;36;019;2022;12;15;3;3;5;3;0;0;1;1;0;0;0;0;394508,536086210981011;5275949,350367140024900;7,595862403000070;47,628350572999999
96396;08221221311010635670;08;3;15;073;2022;12;11;4;3;3;2;0;0;1;1;0;0;0;0;412560,441295445023570;5313378,574045649729669;7,828539127000060;47,967739182000102
96405;08221209225100590230;08;2;25;117;2022;12;08;6;2;3;2;0;0;1;1;0;0;0;0;513338,329518530983478;5476942,104407429695129;9,184005678000061;49,444996365000101
96417;08221229436000638040;08;4;35;036;2022;12;19;5;2;2;2;2;1;1;1;0;0;0;0;520339,644558825995773;5282639,457520510070026;9,271081454000070;47,696819553000097
96423;08221224336400620840;08;3;36;014;2022;12;06;7;3;6;7;2;1;0;1;1;0;0;0;393850,476803456025664;5277720,865969499573112;7,586676368000040;47,644177865000103
96429;08221214221400633500;08;2;21;000;2022;12;17;4;3;5;2;2;1;1;1;0;0;0;0;473942,531123153981753;5473099,130076659843326;8,640785741000061;49,410017437000100
96432;08221223311100631240;08;3;15;015;2022;12;10;6;3;5;3;0;0;1;1;0;0;0;0;400205,115720530971885;5314725,311714299954474;7,662741155000050;47,978045524000002
96439;08221205222501485170;08;2;22;000;2022;12;10;2;3;5;2;0;0;1;0;0;0;0;1;462848,344684134994168;5480401,140780409798026;8,487168213000070;49,475119607000103
96447;08221208335010584130;08;3;35;002;2022;12;21;5;3;2;4;2;0;0;1;1;0;0;0;505341,993029513978399;5285426,902289610356092;9,071231232000059;47,722198080000098
96460;08221210327200474030;08;3;27;049;2022;12;11;7;3;5;3;0;1;0;1;1;0;0;0;472736,016871340980288;5324404,875470340251923;8,633996825000050;48,072335701000000
96465;08221221222400626760;08;2;26;028;2022;12;13;4;3;5;3;0;1;1;1;0;0;0;0;472009,151944958022796;5484601,813134719617665;8,613320546000070;49,513394630000100
96480;08221207436400411540;08;4;36;082;2022;12;08;4;3;5;3;1;1;1;1;0;0;0;0;548319,684525890043005;5294847,210273250006139;9,645331235000070;47,805166010999997
96496;08221222225200629630;08;2;25;014;2022;12;06;5;3;5;3;2;1;1;1;0;0;0;0;524007,174000000988599;5486336,977999550290406;9,331753629000049;49,529172664000001
96514;08221206317500409920;08;3;17;096;2022;12;17;3;3;5;2;2;0;1;1;0;0;0;0;421990,520747054019012;5368736,609849959611893;7,944668402000050;48,466922009000001
96520;08221216316100611300;08;3;16;017;2022;12;07;6;3;5;3;2;1;1;1;0;0;0;0;408671,114743285987061;5341783,808551739901304;7,770366530000050;48,222700315000097
96525;08221213212010465960;08;2;12;000;2022;12;10;3;2;5;3;0;0;1;1;0;0;0;0;454982,595565091003664;5428243,015897950157523;8,384456203000070;49,005439780000103
96526;08221219231000616350;08;2;31;000;2022;12;15;2;3;6;4;0;1;0;1;1;0;0;0;478220,454935226007365;5415638,095212839543819;8,702865385000051;48,893308849000100
96532;08221206126200580190;08;1;26;066;2022;12;13;3;3;6;4;0;0;0;1;1;0;0;0;536849,417999999946915;5449956,951999540440738;9,505845561000060;49,201300646999997
96540;08221213117400578310;08;1;17;051;2022;12;07;3;3;6;4;2;0;0;1;1;0;0;0;543300,220441660028882;5396617,056825960054994;9,588718895000060;48,721075988999999
96544;08221210226500597170;08;2;26;101;2022;12;11;7;3;0;1;0;0;1;0;0;0;0;0;486886,487317044986412;5460846,720681340433657;8,819626230000040;49,300223467000102
96550;08221207335000483270;08;3;35;075;2022;12;16;4;3;5;3;1;0;1;1;0;0;0;0;488581,990662104974035;5290030,040546719916165;8,847629323000040;47,763536208000097
96566;08221208311010505510;08;3;11;000;2022;12;20;5;3;5;2;2;0;1;1;0;0;0;0;413430,435999986017123;5317247,915999500080943;7,839412185000070;48,002663593000101
96583;08221221118200615860;08;1;18;019;2022;12;19;4;3;0;1;2;1;1;0;0;0;0;0;504577,049901768972632;5405253,566706179641187;9,062328285000040;48,800257064999997
96590;08221223335300602710;08;3;35;100;2022;12;08;6;3;0;1;0;1;1;0;0;0;0;0;487661,650428345019463;5286154,480896919965744;8,835457581000069;47,728648705000097
195145;08220210311010261430;08;3;15;064;2022;02;13;5;3;0;7;0;0;1;0;0;0;0;0;421992,316999992006458;5312913,070999500341713;7,954962941000080;47,964770820000098
195146;08220131426010240270;08;4;26;045;2022;01;09;2;3;6;4;0;1;0;0;1;0;0;1;534531,581243591965176;5327624,726720529608428;9,463823892000050;48,100951748000099
195152;08220118226300189210;08;2;26;006;2022;01;06;3;3;5;3;2;1;1;1;0;0;0;0;484025,254000000015367;5466632,473999540321529;8,780039095000060;49,352198418999997
195155;08220209212502256170;08;2;12;000;2022;02;13;4;3;0;1;0;0;1;0;0;0;0;0;453810,631122532009613;5429176,397087420336902;8,368326194000080;49,013748997000100
195156;08220121121200244230;08;1;21;000;2022;01;16;6;3;5;7;0;0;1;1;0;0;0;0;515920,799530058982782;5443883,226291949860752;9,218313926000061;49,147566717000103
195158;08220213118300267900;08;1;18;081;2022;02;16;1;3;0;6;0;0;1;0;0;0;0;0;519067,641000001982320;5415637,343999530188739;9,260136963000040;48,893391484000098
195161;08220214336100296930;08;3;36;050;2022;02;15;2;3;4;2;0;1;1;1;0;0;0;0;400036,397376751003321;5275148,219383380375803;7,669602531000070;47,622020990000102
195164;08220111335200198690;08;3;35;063;2022;01;12;3;2;5;3;0;0;1;1;0;0;0;0;497303,405372466018889;5287160,538022410124540;8,964032304000060;47,737813131999999
195165;08220208316100271990;08;3;16;012;2022;02;13;3;3;6;1;0;0;0;1;1;0;0;0;403534,494756556989159;5332833,444743709638715;7,703258448000040;48,141435110000003
195167;08220104215402173980;08;2;15;009;2022;01;12;3;3;6;2;0;1;0;1;1;0;0;0;470484,356088933011051;5441390,125065210275352;8,595453102000020;49,124637897000099
195168;08220211436400287650;08;4;36;005;2022;02;14;6;3;5;3;0;0;1;1;0;0;0;0;540203,272344605997205;5309149,885084549896419;9,538269163000050;47,934405300000002
195172;08220126437100214060;08;4;36;095;2022;01;15;4;3;6;7;0;0;0;1;1;0;0;0;534506,198000001953915;5297875,593999500386417;9,461094479000050;47,833301788000000
195173;08220114222301196190;08;2;22;000;2022;01;15;6;3;5;3;0;0;1;1;0;0;0;0;467165,009202665998600;5482754,773396589793265;8,546556763000069;49,496538348999998
195174;08220128311200217140;08;3;11;000;2022;01;06;6;3;0;7;2;2;1;0;0;0;0;0;411804,474866495991591;5317145,002195239998400;7,817639790000040;48,001515581000000
195175;08220110311010195750;08;3;11;000;2022;01;13;2;2;6;4;0;0;0;1;1;0;0;0;410960,303600243991241;5316784,559370759874582;7,806400059000050;47,998156285000100
195177;08220118311010190620;08;3;11;000;2022;01;08;3;3;5;2;0;0;1;1;0;0;0;0;411539,895378654007800;5319613,872958569787443;7,813584212000020;48,023687099000000
195178;08220101216200318110;08;2;16;008;2022;01;15;7;3;4;1;0;0;1;1;0;0;0;0;441050,838911434984766;5392652,534575610421598;8,199099704000050;48,684130865000000
195180;08220110116200195210;08;1;16;080;2022;01;07;2;3;6;4;2;0;0;1;1;0;0;0;518645,306278679985553;5397574,644002759829164;9,253554496000049;48,730915493000097
195181;08220209435200307900;08;4;35;059;2022;02;07;4;3;5;3;0;0;1;1;0;0;0;0;512284,582000000984408;5290743,975999499671161;9,163955026000050;47,769943920000102
195182;08220131212302229000;08;2;12;000;2022;01;13;2;3;0;1;0;1;1;0;0;0;0;0;455736,196144867979456;5428455,550185999833047;8,394736755000050;49,007406056000001
195183;08220113335100205190;08;3;35;043;2022;01;16;5;3;5;3;0;0;1;1;0;0;0;0;513885,400673258001916;5280435,512063999660313;9,184991422000049;47,677160229000002
195184;08220130116400222520;08;1;16;033;2022;01;03;1;3;6;7;2;1;0;1;1;0;0;0;533391,269909547991119;5388325,743591830134392;9,453329875000071;48,647098321999998
195185;08220209117010257400;08;1;17;007;2022;02;15;4;2;2;6;0;0;1;1;0;0;0;0;555051,810116366017610;5385917,630800300277770;9,747058982000061;48,623903687000102
195186;08220124115100224120;08;1;15;003;2022;01;14;2;3;4;6;0;0;1;0;0;0;0;0;497589,162198576028459;5391913,657411860302091;8,967248306000039;48,680263117999999
195187;08220205118010259380;08;1;18;073;2022;02;11;7;2;5;3;0;0;1;1;0;0;0;0;496927,214260255976114;5421524,538794400170445;8,958033880000070;48,946636936000097
195188;08220214226400273890;08;2;26;084;2022;02;18;2;3;4;2;1;1;1;1;0;0;0;0;469619,565773222013377;5470389,064958699978888;8,581400450000050;49,385440586000101
195192;08220208116500296200;08;1;16;050;2022;02;07;3;3;4;6;2;0;1;0;0;0;0;1;527165,497276035021059;5390601,078001179732382;9,368958303000060;48,667868789000103
195193;08220121336200226030;08;3;36;069;2022;01;10;6;3;6;4;0;0;0;1;1;0;0;0;408135,877214292006101;5268708,375968540087342;7,778719469000070;47,565288926999997
195195;08220212311010285630;08;3;15;098;2022;02;20;7;2;0;7;2;0;1;0;0;0;0;0;407872,590178899990860;5312850,622272679582238;7,765862062000050;47,962332527000100
195196;08220202435100247010;08;4;35;016;2022;02;10;4;3;5;3;0;1;1;1;0;0;0;0;536601,165000000968575;5278584,604999490082264;9,487464490000040;47,659619909000099
195197;08220124416200244220;08;4;16;041;2022;01;13;2;3;6;4;0;0;1;0;1;0;0;0;504432,209626267023850;5374585,807983470149338;9,060027404000040;48,524366624999999
195198;08220213121200294770;08;1;21;000;2022;02;18;1;3;6;6;1;0;0;1;1;0;0;0;515876,345309027004987;5443233,174573799595237;9,217678737000030;49,141720442000100
195201;08220112111500195330;08;1;11;000;2022;01;14;4;2;6;4;0;0;0;1;1;0;0;0;511991,928087941021658;5402641,769748349674046;9,163224371000069;48,776662749000103
195203;08220120115100230580;08;1;15;003;2022;01;08;5;3;5;2;0;0;1;1;0;0;0;0;500799,580000001995359;5392031,857999520376325;9,010862677000031;48,681330608000103
195205;08220211335100289890;08;3;35;043;2022;02;16;6;3;6;4;0;0;1;0;1;0;0;0;513326,135794602974784;5279014,554101100191474;9,177497169000050;47,664386700000101
195206;08220202221200251610;08;2;21;000;2022;02;07;4;3;0;1;1;1;1;0;0;0;0;0;477201,168801567982882;5471147,289358870126307;8,685818835000020;49,392591740999997
195207;08220121111500199490;08;1;11;000;2022;01;19;6;3;5;2;2;0;1;1;0;0;0;0;512457,792511450999882;5401499,345383480191231;9,169530707000041;48,766376418999997
195209;08220212311010302560;08;3;11;000;2022;02;18;7;3;0;1;2;0;1;0;0;0;0;0;412766,190549111983273;5319114,508703269995749;7,830129202000020;48,019363835000000
195210;08220203116400249160;08;1;16;033;2022;02;16;5;3;6;3;0;0;0;1;1;0;0;0;533068,325000001001172;5388308,931999520398676;9,448944277000070;48,646964257999997
195214;08220117115100207240;08;1;15;003;2022;01;11;2;3;6;4;0;0;0;1;1;0;0;0;501515,882652552973013;5391704,756050780415535;9,020592792000061;48,678386632000098
195216;08220208317010269190;08;3;17;031;2022;02;16;3;2;5;3;0;0;1;1;0;0;0;0;418250,876615040004253;5361777,137590349651873;7,895445060000040;48,403847796000001
195221;08220124317500206500;08;3;17;096;2022;01;13;2;3;8;1;0;0;1;0;0;0;0;0;421987,904501274984796;5370722,814002170227468;7,944262364000050;48,484787412000102
195222;08220126435100227020;08;4;35;016;2022;01;06;4;3;5;3;2;1;1;1;0;0;0;0;536379,196579386945814;5278501,498393109999597;9,484501445000030;47,658884687000103
195223;08220114216200181490;08;2;11;000;2022;01;14;6;3;0;1;0;0;1;0;0;0;0;0;438218,002390937006567;5397594,657280920073390;8,159876494000059;48,728311826000002
195225;08220110116200210250;08;1;16;047;2022;01;07;2;3;4;2;2;0;1;1;0;0;0;0;519825,999070478021167;5392852,510843509808183;9,269383513000040;48,688398866000099
195228;08220102226700215950;08;2;26;098;2022;01;11;1;2;0;1;0;1;1;0;0;0;0;0;478571,137094429985154;5460525,233336940407753;8,705268760000020;49,297096560000099
195229;08220110426010190020;08;4;21;000;2022;01;12;2;2;6;4;0;0;0;1;1;0;0;0;571454,955767621053383;5362174,241050530225039;9,965554730000060;48,408670927999999
195230;08220211111500306220;08;1;11;000;2022;02;05;6;3;4;7;2;0;1;1;0;0;0;0;516151,888215653016232;5403729,560609029605985;9,219888727000070;48,786354304000000
195231;08220201212010245940;08;2;12;000;2022;02;21;3;3;5;3;2;1;1;1;0;0;0;0;455324,910983128997032;5428813,488103919662535;8,389073783000070;49,010596104000101
195233;08220130128200244100;08;1;28;115;2022;01;23;1;2;5;3;2;0;1;1;0;0;0;0;548792,628789699985646;5497643,117919670417905;9,675646177000029;49,629372192000098
195234;08220209212702280810;08;2;15;017;2022;02;11;4;3;5;3;0;0;1;1;0;0;0;0;456899,767000001971610;5421607,795999529771507;8,411372267000051;48,945891654999997
195237;08220205212302250580;08;2;12;000;2022;02;18;7;3;1;5;2;1;1;1;0;0;0;0;456370,461475353979040;5428761,023540589958429;8,403376372000031;49,010198991000003
195239;08220118216200220720;08;2;16;007;2022;01;20;3;3;6;4;2;0;0;0;1;0;0;1;436007,168538132973481;5394131,233731799758971;8,130353816000021;48,696935133000103
195243;08220121215102199960;08;2;15;109;2022;01;21;6;3;0;4;2;1;0;1;1;0;0;0;461031,400995493982919;5435792,017748439684510;8,466434391000060;49,073755861000102
195244;08220103417100168220;08;4;17;079;2022;01;09;2;3;6;7;0;0;0;0;1;0;0;1;501831,760374839010183;5339967,145615160465240;9,024657545000030;48,212929114000097
195246;08220202117400246500;08;1;17;060;2022;02;06;4;3;6;4;1;1;0;1;1;0;0;0;542101,630477412021719;5388920,130629070103168;9,571639269000061;48,651919171000003
195247;08220124437200232540;08;4;37;104;2022;01;16;2;3;6;4;0;0;0;1;1;0;0;0;516305,496418763010297;5326087,324502790346742;9,218957552000060;48,087847093999997
195249;08220127415400239870;08;4;15;061;2022;01;17;5;3;6;4;2;0;0;1;1;0;0;0;515484,039888000988867;5370888,186420610174537;9,209569426000030;48,490926257000098
195250;08220115317000192740;08;3;17;065;2022;01;11;7;3;0;7;0;0;1;0;0;0;0;0;416716,099719545978587;5354880,319675359874964;7,876078275000050;48,341610923000097
195253;08220111335100197760;08;3;35;043;2022;01;17;3;3;2;2;2;0;1;1;0;0;0;0;511404,379340804007370;5280633,082659729756415;9,151942742000070;47,678986432000002
195256;08220102317500166430;08;3;17;096;2022;01;15;1;3;0;7;0;0;1;0;0;0;0;0;422720,331765232025646;5368934,615793379954994;7,954503160000060;48,468793162000097
195259;08220124212702207440;08;2;15;017;2022;01;09;2;2;6;7;0;0;0;0;1;0;0;1;455629,716000001004431;5421511,635999529622495;8,394038423000040;48,944936863000102
195260;08220127136300236360;08;1;36;065;2022;01;07;5;3;6;4;1;0;0;1;1;0;0;0;558882,323349006008357;5405954,595364780165255;9,801893754000050;48,803791046000100
195261;08220114231300208750;08;2;36;076;2022;01;11;6;3;5;2;0;0;1;1;0;0;0;0;471471,327272945025470;5423502,051870039664209;8,610239946000039;48,963775235000099
195263;08220204335100278170;08;3;35;043;2022;02;16;6;3;6;4;0;0;0;1;1;0;0;0;512758,124489319976419;5278514,885310829617083;9,169917000000050;47,659902294000098
195264;08220119311010208780;08;3;36;081;2022;01;15;4;1;6;7;0;0;0;0;1;0;0;1;411691,253942080016714;5277922,055193739943206;7,824119248000040;47,648667871000001
195266;08220114119200183970;08;1;19;020;2022;01;15;6;3;6;7;0;0;1;0;1;0;0;0;520070,013215370010585;5407098,101574419997633;9,273393408000061;48,816543009999997
195267;08220209126200283620;08;1;26;066;2022;02;15;4;3;6;4;0;0;0;1;1;0;0;0;535968,156665283022448;5450051,962444419972599;9,493757147000050;49,202207608999998
195269;08220105311010213120;08;3;11;000;2022;01;16;4;2;2;6;1;1;1;0;1;0;0;0;415540,528142412018497;5315801,251957399770617;7,867979900000020;47,989932517000099
195270;08220124311010208570;08;3;11;000;2022;01;18;2;3;4;6;2;0;1;0;0;0;0;0;411342,939694934000727;5315996,587978499941528;7,811691026000060;47,991121457000098
195271;08220127116010231780;08;1;16;071;2022;01;17;5;3;5;2;2;1;1;0;0;0;0;1;528038,779282580013387;5390907,527821449562907;9,380839612000051;48,670586994000097
195274;08220205118500251160;08;1;18;078;2022;02;15;7;2;0;1;0;0;1;0;0;0;0;0;515115,697631891001947;5420747,148418390192091;9,206410905000039;48,939466713000101
195277;08220109111500194850;08;1;11;000;2022;01;16;1;3;5;3;2;1;1;1;0;0;0;0;519799,441660190001130;5401087,399797829799354;9,269418091000031;48,762480339000000
195280;08220209118300256950;08;1;18;046;2022;02;12;4;3;0;7;0;0;1;0;0;0;0;0;513581,444149688992184;5411537,785974619910121;9,185153948000050;48,856657370000100
195281;08220123317200233720;08;3;17;057;2022;01;18;1;3;4;6;2;0;1;0;0;0;0;0;415127,729726537014358;5379850,451525519602001;7,849584165000070;48,565997509000098
195282;08220107116400317910;08;1;16;033;2022;01;12;6;2;0;1;0;2;1;0;0;0;0;0;530854,537389977020212;5389931,256392889656126;9,419011104000051;48,661671771999998
195283;08220203335100247440;08;3;35;002;2022;02;09;5;3;0;7;0;0;1;0;0;0;0;0;505115,554243811988272;5285172,359247270040214;9,068208864000040;47,719909632000103
195286;08220117337010209520;08;3;37;126;2022;01;15;2;3;6;2;0;0;0;1;1;0;0;0;445671,661423899000511;5275846,177401360124350;8,276796518000030;47,633736279000097
195288;08220113119200219430;08;1;19;020;2022;01;10;5;3;6;7;0;0;1;0;1;0;0;0;520272,062813728000037;5406402,241738869808614;9,276111314000049;48,810276631000100
195290;08220121116500200510;08;1;16;071;2022;01;13;6;3;3;6;0;0;1;0;0;0;0;0;528046,622965125949122;5390952,330766219645739;9,380949186000070;48,670989685999999
195293;08220202111130263730;08;1;11;000;2022;02;08;4;2;0;7;0;0;1;0;0;0;0;0;512345,616886710980907;5402332,039874180220068;9,168029175000070;48,773869521999998
195294;08220125212010209640;08;2;12;000;2022;01;16;3;3;6;4;0;0;1;0;1;0;0;0;456020,827177096973173;5428570,987980320118368;8,398616069000070;49,008464781999997
195296;08220128127202219620;08;1;27;014;2022;01;08;6;3;0;7;0;1;1;0;0;0;0;0;578224,144946360960603;5442961,368300359696150;10,072375010000000;49,134500463999998
195297;08220115311010195900;08;3;11;000;2022;01;13;7;3;5;3;0;0;1;1;0;0;0;0;414589,576658446982037;5317817,672380460426211;7,854835418000050;48,007944703000099
195302;08220101222000217100;08;2;26;032;2022;01;00;7;3;6;4;2;0;0;1;1;0;0;0;467517,657493035017978;5462446,600972400046885;8,553087641000049;49,313891270000099
195303;08220210311000278350;08;3;15;047;2022;02;08;5;3;5;3;0;0;1;1;0;0;0;0;415347,624999988009222;5321042,537999499589205;7,864360028000020;48,037054464999997
195304;08220131415400243260;08;4;15;061;2022;01;07;2;3;1;5;1;1;1;1;0;0;0;0;516397,702238144993316;5370971,532662799581885;9,221938608000070;48,491652890000097
195308;08220123221400232110;08;2;21;000;2022;01;17;1;3;5;3;1;0;1;1;0;0;0;0;477318,297326311003417;5470817,841439140029252;8,687451710000060;49,389632774000098