OBJECTID;UIDENTSTLAE;ULAND;UREGBEZ;UKREIS;UGEMEINDE;UJAHR;UMONAT;USTUNDE;UWOCHENTAG;UKATEGORIE;UART;UTYP1;ULICHTVERH;IstStrassenzustand;IstRad;IstPKW;IstFuss;IstKrad;IstGkfz;IstSonstige;LINREFX;LINREFY;XGCSWGS84;YGCSWGS84
195309;08220204118600300210;08;1;18;076;2022;02;12;6;2;6;4;0;0;0;1;1;0;0;0;504634,717930675018579;5422903,060965119861066;9,063313658000030;48,959027954000099
195310;08220117211100204480;08;2;16;049;2022;01;18;2;3;6;4;2;1;0;1;1;0;0;0;438541,066551912983414;5401048,510807380080223;8,163753789000051;48,759411387999997
195312;08220112335000193170;08;3;35;043;2022;01;17;4;2;5;3;1;0;1;0;0;0;0;0;514108,778265966975596;5279520,369822800159454;9,187937838000041;47,668921259999998
195313;08220209117300259370;08;1;17;026;2022;02;14;4;3;3;2;0;0;1;1;0;0;0;0;545645,901332317036577;5395609,706555290147662;9,620497905000040;48,711846982000097
195317;08220125231302213340;08;2;36;074;2022;01;15;3;3;5;3;0;0;1;1;0;0;0;0;472659,424893921997864;5421665,385945799760520;8,626594758000071;48,947307215000102
195318;08220128121200242530;08;1;21;000;2022;01;17;6;3;0;5;2;0;1;1;0;0;0;0;516372,346607927000150;5443954,437259940430522;9,224508609000051;49,148195410000000
195319;08220115417100183570;08;4;17;079;2022;01;12;7;3;5;3;0;0;1;1;0;0;0;0;502211,540408365020994;5339594,122346660122275;9,029767864000060;48,209571868000097
195320;08220111221400177620;08;2;21;000;2022;01;14;3;3;3;6;0;0;1;0;0;0;0;0;477173,614940300991293;5471335,994239820167422;8,685428293000029;49,394288082999999
195323;08220104415400167330;08;4;15;061;2022;01;13;3;3;0;1;0;1;1;0;0;0;0;0;516713,963205276988447;5370458,825748019851744;9,226198568000029;48,487032068000097
195324;08220212118100262670;08;1;18;007;2022;02;13;7;3;1;5;0;0;1;1;0;0;0;0;510351,711883163021412;5426827,587725469842553;9,141511720000040;48,994262229000100
195329;08220115222400199750;08;2;26;038;2022;01;16;7;3;5;3;0;0;1;1;0;0;0;0;471729,831891436013393;5480359,999452999792993;8,609765429000049;49,475228109000099
195333;08220117416200188790;08;4;16;026;2022;01;17;2;3;6;4;0;0;0;1;1;0;0;0;504879,151131329999771;5364704,009469890035689;9,065965163000040;48,435462434000002
195334;08220115335100194900;08;3;35;043;2022;01;09;7;2;0;1;0;2;1;0;0;0;0;0;513173,868888740020338;5278293,793995309621096;9,175447333000021;47,657904651000102
195335;08220131111110240360;08;1;11;000;2022;01;09;2;3;5;3;0;0;1;1;0;0;0;0;512353,550136991019826;5402721,657979330047965;9,168148854000041;48,777374342000002
195338;08220120121500244690;08;1;25;063;2022;01;11;5;3;5;7;0;0;1;1;0;0;0;0;526494,825084910960868;5463284,513372680172324;9,364589935000030;49,321717437000103
195339;08220104417010167440;08;4;17;031;2022;01;18;3;3;6;4;2;1;0;1;1;0;0;0;496869,987651996023487;5354985,704239769838750;8,957755274000020;48,348042159000002
195340;08220211435100275640;08;4;35;016;2022;02;13;6;3;6;4;0;0;0;1;1;0;0;0;536010,137696383986622;5278033,084301809780300;9,479547872000071;47,654690822000099
195341;08220202222700247280;08;2;22;000;2022;02;17;4;3;0;3;0;0;1;1;0;0;0;0;465610,177532278001308;5480221,801564600318670;8,525305993000069;49,473669262000001
195342;08220125115100223080;08;1;15;013;2022;01;16;3;2;4;6;0;0;1;1;0;0;0;0;496170,075088632991537;5390083,940645749680698;8,947986687000030;48,663795660000098
195343;08220214222014272350;08;2;22;000;2022;02;18;2;3;6;7;1;0;0;1;1;0;0;0;461613,252422342018690;5482204,174286030232906;8,469945040000029;49,491260108000098
195344;08220127415400218900;08;4;15;061;2022;01;17;5;2;3;6;1;0;1;1;0;0;0;0;513053,853521757991984;5371477,933314659632742;9,176696573000070;48,496287021000100
195346;08220130426010232860;08;4;25;088;2022;01;16;1;2;0;1;0;0;1;0;0;0;0;0;562040,926665995968506;5350359,830484320409596;9,836618336000070;48,303389568000100
195347;08220128216100230210;08;2;16;009;2022;01;21;6;3;0;7;2;0;0;1;1;0;0;0;446583,253933894971851;5419746,657626830041409;8,270732487000030;48,928345757000002
195348;08220111118000198340;08;1;18;076;2022;01;07;3;3;6;4;1;1;0;1;1;0;0;0;505247,753000000026077;5422813,135999529622495;9,071687002000029;48,958214118000100
195350;08220118325000217070;08;3;27;050;2022;01;14;3;2;6;7;0;0;0;1;1;0;0;0;486490,449654860014562;5314504,933829500339925;8,818952892000031;47,983704735000103
195352;08220210325202289700;08;3;25;049;2022;02;08;5;3;0;1;0;2;1;0;0;0;0;0;471699,590968993026763;5336198,276813340373337;8,619300438000041;48,178393317000001
195353;08220201119300252070;08;1;19;067;2022;02;09;3;3;0;7;0;1;1;0;0;0;0;0;539064,033401391003281;5404219,230514570139349;9,531846931000080;48,789742069000098
195354;08220126221300234280;08;2;26;012;2022;01;11;4;3;5;3;0;0;1;1;0;0;0;0;476396,907231876975857;5477210,187154020182788;8,674375194000049;49,447095730999997
195355;08220114111500183230;08;1;11;000;2022;01;14;6;3;2;7;0;0;1;1;0;0;0;0;507592,408332575985696;5407786,882528699934483;9,103436944000070;48,823016998000099
195356;08220121435100225860;08;4;35;016;2022;01;16;6;3;5;3;0;0;1;1;0;0;0;0;536783,294911456992850;5279440,022485340014100;9,489962071000040;47,667306101000101
195357;08220204335100280670;08;3;35;043;2022;02;23;6;3;0;1;2;0;1;0;0;0;0;0;513093,318885172018781;5279066,907470170408487;9,174397753000051;47,664862513000102
195358;08220117136100219560;08;1;36;088;2022;01;18;2;3;6;4;2;1;0;1;1;0;0;0;582728,474610410048626;5407664,296000369824469;10,126932956000100;48,816452069000000
195361;08220209116200258880;08;1;16;077;2022;02;17;4;3;3;2;1;0;1;1;0;0;0;0;517599,844124058028683;5390807,210003130137920;9,239049099000059;48,670066009999999
195363;08220107316100177560;08;3;16;011;2022;01;17;6;3;2;6;2;1;1;1;0;0;0;0;415285,690019173023757;5329247,854978970251977;7,861902648000070;48,110855506000100
195367;08220214119400276380;08;1;19;079;2022;02;09;2;3;5;3;0;0;1;1;0;0;0;0;522591,026604759972543;5408797,706303110346198;9,307827748000021;48,831745693000101
195372;08220119317500195320;08;3;17;034;2022;01;12;4;3;0;1;0;0;1;0;0;0;0;0;426820,572506492026150;5362134,268528140150011;8,011153411000070;48,408113481000001
195374;08220211212010287620;08;2;12;000;2022;02;10;6;3;1;5;0;0;1;1;0;0;0;0;456407,519758943002671;5428755,731428559869528;8,403883675000030;49,010154006999997
195375;08220202116010247160;08;1;16;070;2022;02;08;4;3;6;4;0;0;0;1;1;0;0;0;539549,691809908021241;5384905,116478670388460;9,536608524000030;48,615967661000099
195380;08220110116010180920;08;1;16;019;2022;01;20;2;3;6;4;2;0;0;1;1;0;0;0;522958,850419876980595;5399723,178790429607034;9,312332587000069;48,750099472999999
195382;08220119212000225550;08;2;12;000;2022;01;17;4;3;5;2;2;1;1;1;0;0;0;0;457810,490524150023703;5428477,158917739987373;8,423096867000030;49,007745724000102
195384;08220108212302172190;08;2;12;000;2022;01;14;7;3;6;4;0;0;0;1;1;0;0;0;456385,350744566996582;5428366,843929279595613;8,403622317000041;49,006654353000002
195385;08220210231000258170;08;2;35;079;2022;02;13;5;3;0;1;0;0;1;0;0;0;0;0;466924,933999999018852;5400142,911999519914389;8,550016283000049;48,753420130999999
195387;08220114118500208150;08;1;18;078;2022;01;18;6;3;6;7;2;0;0;1;1;0;0;0;513888,973111690022051;5419317,256860329769552;9,189610873000049;48,926632636000100
195388;08220209212000316310;08;2;12;000;2022;02;08;4;3;5;3;0;0;1;0;0;1;0;0;455493,037500529026147;5428400,964732109569013;8,391417983000050;49,006897566000099
195389;08220124115200221530;08;1;15;037;2022;01;07;2;3;6;4;2;0;0;1;1;0;0;0;492017,037000000011176;5385561,778999519534409;8,891672484000029;48,623074297000102
195390;08220205212702303980;08;2;15;110;2022;02;14;7;3;5;3;0;0;1;1;0;0;0;0;460956,539139856991824;5419593,743271029554307;8,466966642000051;48,928044006999997
195393;08220206121200266990;08;1;21;000;2022;02;00;1;3;6;4;2;0;0;1;1;0;0;0;515867,205038918007631;5443420,970617960207164;9,217560812000039;49,143409964999996
195396;08220108212010189700;08;2;12;000;2022;01;14;7;3;5;3;0;0;1;1;0;0;0;0;456708,339282602013554;5427833,876184199936688;8,408095369000019;49,001882981000101
195399;08220113311010181940;08;3;11;000;2022;01;08;5;3;6;2;0;0;0;1;1;0;0;0;415239,124097094987519;5319480,899749260395765;7,863213767000050;48,022992561000102
195400;08220210216200280080;08;2;16;007;2022;02;12;5;3;6;7;0;0;0;1;1;0;0;0;438980,680465243000071;5394199,563765740022063;8,170748460000031;48,697847686999999
195401;08220122311010203250;08;3;11;000;2022;01;16;7;3;4;3;0;0;1;0;0;0;0;0;411906,932999985001516;5317735,630999499931931;7,818891757000070;48,006842571999996
195406;08220112311010177330;08;3;11;000;2022;01;14;4;3;0;4;0;0;0;0;1;0;0;1;411893,341502539988142;5317722,454497990198433;7,818712275000050;48,006722173000099
195407;08220208435100264560;08;4;35;016;2022;02;15;3;3;2;6;0;0;1;1;0;0;0;0;536322,322995531023480;5278489,588478700257838;9,483743035000030;47,658780724000103
195408;08220129335100243720;08;3;35;043;2022;01;13;7;2;6;7;0;0;0;1;1;0;0;0;511914,007357820984907;5280701,357499269768596;9,158734452000029;47,679591554000098
195411;08220212335200277220;08;3;35;063;2022;02;09;7;3;5;2;0;0;1;1;0;0;0;0;497365,105234423012007;5287413,869014360010624;8,964853735000080;47,740092758000102
195412;08220203221300255770;08;2;21;000;2022;02;09;5;3;5;3;0;1;1;1;0;0;0;0;474699,588462381972931;5472018,752908900380135;8,651290748000060;49,400331592999997
195413;08220125136300236050;08;1;36;065;2022;01;16;3;3;0;1;0;1;1;0;0;0;0;0;564304,720340937958099;5407021,604274570010602;9,875897634000070;48,812851313000102
195414;08220213416200264890;08;4;16;041;2022;02;16;1;3;6;7;0;0;0;1;1;0;0;0;503921,551394189009443;5374121,907569379545748;9,053106970000041;48,520196607999999
195415;08220127311010235400;08;3;11;000;2022;01;13;5;3;5;3;0;0;1;1;0;0;0;0;409898,294195942988154;5316881,946049190126359;7,792146357000040;47,998883503999998
195424;08220126426010212700;08;4;26;071;2022;01;13;4;2;5;3;0;0;1;1;0;0;0;0;564131,523882262990810;5333642,654069719836116;9,862276528000050;48,152796590000001
195425;08220114212702189940;08;2;15;046;2022;01;10;6;3;6;7;0;0;0;0;1;0;1;0;451210,708812572993338;5411470,328342090360820;8,334891998000050;48,854280824000099
195427;08220205136100273800;08;1;36;088;2022;02;16;7;3;5;3;0;0;1;1;0;0;0;0;579966,140667506027967;5409537,226112510077655;10,089676688999999;48,833659375000103
195428;08220119111500193110;08;1;11;000;2022;01;14;4;3;6;4;0;0;0;1;1;0;0;0;514325,387665116984863;5402950,847200609743595;9,194996117000070;48,779393827000000
195430;08220110311010174260;08;3;11;000;2022;01;08;2;3;5;3;0;0;1;1;0;0;0;0;409834,107999983010814;5315823,563999500125647;7,791508464000060;47,989354105000103
195431;08220211111500285750;08;1;11;000;2022;02;18;6;3;5;2;2;0;1;1;0;0;0;0;512748,188962518994231;5402372,036839170381427;9,173509568000039;48,774221214000100
195432;08220201118400272880;08;1;18;048;2022;02;12;3;3;4;2;0;0;1;1;0;0;0;0;515397,419235059001949;5416099,822869299910963;9,210082505000059;48,897653894000001
195434;08220208416200255240;08;4;16;041;2022;02;11;3;3;0;1;0;0;1;0;0;0;0;0;504220,144526151998434;5373329,295413199812174;9,057142597000050;48,513064039000000
195435;08220123336400220950;08;3;36;091;2022;01;17;1;3;0;5;1;0;1;0;0;0;0;0;396999,978487791027874;5271795,892896920442581;7,629990919000020;47,591390339999997
195436;08220107221011173780;08;2;26;018;2022;01;11;6;3;7;1;0;1;1;0;0;0;0;0;473524,827999999979511;5472374,178999549709260;8,635075966000040;49,403478618000101
195438;08220126111120216250;08;1;11;000;2022;01;14;4;3;5;2;0;0;1;0;0;0;0;1;513915,675999999977648;5404332,149999519810081;9,189465956000049;48,791829194000101
195439;08220214311010325210;08;3;11;000;2022;02;17;2;3;5;3;2;1;1;1;0;0;0;0;414762,424082784971688;5317472,303171579726040;7,857221079000060;48,004861050999999
195440;08220118119400191770;08;1;19;090;2022;01;18;3;3;0;1;1;0;1;0;0;0;0;0;530730,103000000002794;5406815,055999520234764;9,418580439000040;48,813560995000003
195442;08220113212010228790;08;2;12;000;2022;01;11;5;3;5;5;0;0;1;1;0;0;0;0;454996,562922478013206;5429175,298042460344732;8,384543818000051;49,013826752999996
195443;08220208221200278970;08;2;21;000;2022;02;14;3;3;0;1;0;0;1;0;0;0;0;0;477210,241849706973881;5472102,751176220364869;8,685889060000020;49,401186326000101
195444;08220121212402245250;08;2;12;000;2022;01;20;6;3;1;7;2;0;1;1;0;0;0;0;455566,642462001007516;5428759,476450449787080;8,392385148000070;49,010127718000000
195445;08220104326200208270;08;3;26;074;2022;01;17;3;2;6;4;2;1;0;1;1;0;0;0;464727,700453026976902;5322878,651351070031524;8,526619116000060;48,058211888000102
195446;08220211212000262630;08;2;12;000;2022;02;15;6;3;5;3;0;0;1;1;0;0;0;0;457877,901000000012573;5427933,164999529719353;8,424075029000051;49,002857020000100
195447;08220201221011285380;08;2;21;000;2022;02;13;3;2;7;1;0;1;1;0;0;0;0;0;479669,479984936013352;5473071,694081489928067;8,719734651000071;49,409988957000103
195448;08220125118000224440;08;1;18;076;2022;01;17;3;1;6;7;1;0;0;1;1;0;0;0;503678,883205347985495;5423586,821981349959970;9,050262438000059;48,965185271999999
195449;08220214212010269070;08;2;12;000;2022;02;07;2;3;5;3;0;0;1;1;0;0;0;0;453168,567313327977899;5427939,815319710411131;8,359688715000059;49,002577492999997
195454;08220112118400200230;08;1;18;048;2022;01;07;4;3;5;2;0;0;1;1;0;0;0;0;513606,549391941982321;5416104,737765659578145;9,185648170000039;48,897740030000101
195455;08220208311010253970;08;3;36;050;2022;02;07;3;3;6;2;0;0;0;1;1;0;0;0;399325,771549905010033;5274646,522886450402439;7,660262916000020;47,617398012000102
195456;08220120311010243280;08;3;11;000;2022;01;18;5;3;3;2;2;0;1;0;0;0;0;1;412207,434999986027833;5315301,244999489746988;7,823417880000020;47,984985905000002
195458;08220213111330267890;08;1;11;000;2022;02;14;1;2;0;6;0;0;1;0;0;0;0;0;514693,362080917984713;5410053,002626210451126;9,200259205000069;48,843275222000003
195459;08220202415100322090;08;4;15;050;2022;02;17;4;3;0;1;1;0;1;0;0;0;0;0;522580,028921433025971;5375258,138905970379710;9,305845700000081;48,530024548000000
195463;08220115436200220730;08;4;36;064;2022;01;08;7;3;6;3;0;1;0;0;1;1;0;0;545462,149477059021592;5291863,207510620355606;9,606857193000049;47,778527105000101
195465;08220207212302254840;08;2;12;000;2022;02;18;2;3;0;7;2;0;1;0;0;0;0;0;457420,097576788975857;5429304,847341479733586;8,417672059000040;49,015164079000002
195466;08220120215202211750;08;2;15;039;2022;01;10;5;3;0;7;0;0;1;0;0;0;0;0;473632,249742636980955;5452658,813890029676259;8,637859051000021;49,226144695000102
195467;08220103317600172740;08;3;17;129;2022;01;22;2;3;0;1;2;1;1;0;0;0;0;0;430312,505672784987837;5349542,837126200087368;8,060416642000060;48,295244074000003
195468;08220211212010266140;08;2;12;000;2022;02;15;6;3;1;5;0;0;1;1;0;0;0;0;456591,143940587993711;5428776,786776780150831;8,406392297000020;49,010356346999998
195469;08220201226700288170;08;2;26;041;2022;02;19;3;3;0;7;2;1;1;1;0;0;0;0;477318,827509987982921;5466170,313043500296772;8,687723909000059;49,347828716000002
195471;08220126311400234420;08;3;15;006;2022;01;18;4;3;5;2;2;0;1;1;0;0;0;0;403543,443500451976433;5307405,831117089837790;7,709103677000030;47,912718945999998
195472;08220115111240184450;08;1;11;000;2022;01;11;7;3;0;7;0;0;1;0;0;0;0;0;515339,071000000985805;5404940,493999529629946;9,208868479000049;48,797268298000098
195476;08220119119400197450;08;1;19;091;2022;01;10;4;3;0;4;0;0;0;0;1;0;0;1;528292,870727263973095;5405997,048190729692578;9,385326874000040;48,806318196000099
195480;08220113317300179700;08;3;17;065;2022;01;12;5;3;5;3;0;0;1;1;0;0;0;0;414767,904921917011961;5354001,870944269932806;7,849970451000050;48,333449556000097
195481;08220209116400402670;08;1;16;033;2022;02;17;4;3;6;6;0;0;1;0;1;0;0;0;533346,727463825023733;5386760,211022020317614;9,452599158000060;48,633017324999997
195482;08220123215302233170;08;2;15;007;2022;01;18;1;3;6;4;2;0;0;1;1;0;0;0;477918,829101398005150;5431644,097066369839013;8,697881874000069;49,037280901000003
195484;08220202435200262200;08;4;35;059;2022;02;09;4;3;3;6;0;1;1;1;0;0;0;0;511856,970303716021590;5290397,337513060308993;9,158238509000061;47,766833045000098
195488;08220112436200243970;08;4;36;064;2022;01;17;4;3;6;4;1;0;0;1;1;0;0;0;546192,567346174037084;5293455,304096460342407;9,616776125000060;47,792799241000097
195491;08220103235200179520;08;2;35;046;2022;01;16;2;3;0;1;0;0;1;0;0;0;0;0;479584,211571082007140;5377473,020010150037706;8,723359933000040;48,550024280000102
195492;08220211415400282820;08;4;15;061;2022;02;09;6;3;5;3;0;1;1;1;0;0;0;0;516338,092000000993721;5373338,020999520085752;9,221224432000040;48,512944154000103
195495;08220213118600656491;08;1;18;076;2022;02;16;1;3;0;5;0;0;1;1;0;0;0;0;504870,119298317993525;5424911,005283460021019;9,066553446000061;48,977088930000001
195497;08220114311010207000;08;3;15;131;2022;01;08;6;3;0;7;0;2;1;0;0;0;0;0;404798,658922615984920;5310282,896212830208242;7,725262313000030;47,938785953000000
195499;08220111121300197160;08;1;21;000;2022;01;08;3;2;4;2;0;0;1;1;0;0;0;0;513645,781571361003444;5444539,877813139930367;9,187140183000050;49,153528283000099
195501;08220119118200222360;08;1;18;027;2022;01;18;4;3;0;7;2;0;0;1;1;0;0;1;502986,360502682975493;5412948,633859010413289;9,040723041000041;48,869490591000002
195505;08220124121100210620;08;1;25;006;2022;01;13;2;3;5;2;0;0;1;1;0;0;0;0;507843,730789322988130;5454356,161975719965994;9,107761900000069;49,241930153000098
195506;08220127118400237250;08;1;18;048;2022;01;11;5;3;6;2;0;0;0;0;1;0;0;1;513461,387398710008711;5415603,286089030094445;9,183651061000029;48,893232275999999
195507;08220114115300210850;08;1;15;050;2022;01;15;6;3;6;7;0;0;0;1;1;0;0;0;491012,752133206988219;5400810,862168810330331;8,877712780000021;48,760242640999998
195510;08220117311010208720;08;3;36;100;2022;01;12;2;2;6;2;0;0;0;0;1;0;0;1;398646,545880076009780;5279034,431036859750748;7,650210257000030;47,656762485000101
195512;08220111317300197950;08;3;17;031;2022;01;05;3;3;4;1;2;2;1;1;0;0;0;0;417895,547903629019856;5360472,225190290249884;7,890900159000070;48,392064090000098
195515;08220102118200190760;08;1;18;019;2022;01;12;1;3;6;7;0;0;0;1;1;0;0;0;505099,662611530977301;5404586,728893199935555;9,069436714000060;48,794254173000098
195516;08220210128200259590;08;1;28;014;2022;02;16;5;3;5;3;0;0;1;1;0;0;0;0;548760,477000002050772;5479603,438999550417066;9,672968390000049;49,467123475999998
195521;08220122222014205580;08;2;22;000;2022;01;18;7;3;2;6;2;0;1;1;0;0;0;0;461677,473584463994484;5482164,912720460444689;8,470835591000030;49,490911031000103
195522;08220204335100266880;08;3;35;043;2022;02;12;6;3;5;2;0;0;1;1;0;0;0;0;512032,662214844021946;5280356,225715559907258;9,160305813000040;47,676483978000100
195523;08220118417100323040;08;4;17;079;2022;01;18;3;3;6;7;1;1;0;1;1;0;0;0;499895,733885455993004;5347730,178797899745405;8,998594549000069;48,282774185999997
195525;08220113336400193480;08;3;36;091;2022;01;08;5;3;0;1;0;0;1;0;0;0;0;0;394792,536490168015007;5271471,838834989815950;7,600716255000070;47,588121039000001
195526;08220209111500288210;08;1;11;000;2022;02;14;4;2;5;3;0;0;1;0;0;0;0;0;512824,253935741027817;5402194,434829549863935;9,174539310000061;48,772621956000101
195527;08220121215102213910;08;2;15;105;2022;01;18;6;3;5;3;2;1;1;1;0;0;0;0;457398,584596707019955;5441991,344795119948685;8,416041849000070;49,129278104000001
195528;08220105325000180970;08;3;25;049;2022;01;10;4;2;6;4;0;0;0;1;1;0;0;0;471823,050395580008626;5335437,516577660106122;8,621011631000041;48,171554462000103
195529;08220203231000254000;08;2;31;000;2022;02;07;5;3;6;4;0;0;0;1;1;0;0;0;477650,393017390975729;5414921,848521940410137;8,695127417000039;48,886845436000002
195531;08220214415300268700;08;4;15;059;2022;02;16;2;3;5;3;0;0;1;1;0;0;0;0;516329,697687826992478;5368385,708984480239451;9,220917155000050;48,468391646000001
195532;08220117336400220740;08;3;36;091;2022;01;09;2;3;5;3;0;0;1;1;0;0;0;0;397739,713387996016536;5271863,729105180129409;7,639811492000040;47,592117623999997
195533;08220115317300184590;08;3;17;065;2022;01;11;7;3;9;1;0;1;1;0;0;0;0;0;416093,986105378018692;5354480,681969449855387;7,867764125000060;48,337933896000003
195534;08220112212502180330;08;2;12;000;2022;01;17;4;2;0;7;2;0;1;0;0;0;0;0;452861,127529945981223;5429972,577000459656119;8,355249388000059;49,020838838000003
195535;08220208111500264710;08;1;11;000;2022;02;18;3;2;5;3;2;0;1;1;0;0;0;0;514232,599345572001766;5403601,926656000316143;9,193755640000060;48,785253007000101
195539;08220124436200222070;08;4;36;064;2022;01;07;2;2;5;3;0;1;1;1;0;0;0;0;544084,134888570057228;5292097,446827660314739;9,588487394000030;47,780730345999999
195541;08220127335300227960;08;3;35;075;2022;01;21;5;2;0;1;2;2;1;0;0;0;0;0;487234,542852400976699;5291063,158078810200095;8,829617667000040;47,772806416999998
195546;08220119222600222610;08;2;22;000;2022;01;17;4;3;4;6;2;0;1;0;0;0;0;0;462516,459917835018132;5485777,298683940432966;8,482077070000059;49,523454884000003
195547;08220103121200179000;08;1;21;000;2022;01;11;2;3;5;3;0;1;1;1;0;0;0;0;515608,949786862009205;5444684,766464980319142;9,214068782000030;49,154784831000001
195549;08220210311010322590;08;3;15;047;2022;02;15;5;3;5;2;0;0;1;0;0;1;0;0;415542,570573656994384;5321638,714892050251365;7,866857145000040;48,042443111000097
195550;08220201115100263140;08;1;15;003;2022;02;18;3;2;4;2;2;1;1;1;0;0;0;0;500829,272677998989820;5391022,636383299715817;9,011264042000050;48,672251486999997
195551;08220114111500210170;08;1;11;000;2022;01;16;6;3;0;3;0;0;1;1;0;0;0;0;514229,859387419011910;5403602,302145290188491;9,193718353000071;48,785256447000101
195552;08220122222700227450;08;2;22;000;2022;01;07;7;2;4;2;0;0;1;1;0;0;0;0;463065,950303128978703;5480755,062363649718463;8,490138813000041;49,478316237000101
195557;08220112115100215651;08;1;15;003;2022;01;11;4;3;4;2;0;0;1;1;0;0;0;0;501848,812052952998783;5392259,751964580267668;9,025118016000020;48,683378542000099
195559;08220120436200223230;08;4;36;064;2022;01;14;5;3;5;3;0;0;1;0;0;0;0;0;546173,644000001950189;5292094,349999490194023;9,616378684000040;47,780556091999998
195561;08220212336200308520;08;3;36;069;2022;02;07;7;2;0;7;0;0;1;0;0;0;0;0;407738,891317853005603;5268843,479197319597006;7,773414638000080;47,566447977999999
195562;08220202316200262880;08;3;16;056;2022;02;17;4;3;6;4;2;1;0;1;1;0;0;0;422621,663241176982410;5327254,949777079746127;7,960801859000070;48,093861923000098
195563;08220125311010208650;08;3;11;000;2022;01;07;3;3;0;7;0;0;1;0;0;0;0;0;413071,790843505004887;5315224,602167090401053;7,835014864000070;47,984414534999999
195564;08220214117010272620;08;1;17;024;2022;02;06;2;2;6;6;1;0;0;1;1;0;0;0;561766,745016532950103;5385816,919714479707181;9,838156754000069;48,622370703999998
195566;08220117116200225280;08;1;16;078;2022;01;08;2;2;0;1;1;2;1;0;0;0;0;0;510562,635000000009313;5390365,869999519549310;9,143455666000021;48,666254356000103
195568;08220208326300254590;08;3;26;052;2022;02;10;3;3;5;3;0;0;1;1;0;0;0;0;451425,704031588975340;5330541,981803690083325;8,347234631000051;48,126280576000099
195571;08220121115400765480;08;1;15;045;2022;01;18;6;3;0;7;1;0;1;0;1;0;0;0;501411,533886529970914;5393952,434523870237172;9,019182925000051;48,698607227000103
195572;08220107126100170730;08;1;26;046;2022;01;11;6;3;6;4;0;1;0;1;1;0;0;0;550184,487000001012348;5458769,987999539822340;9,689992426000060;49,279623561999998
195573;08220203116010251730;08;1;16;071;2022;02;09;5;2;6;4;0;1;0;1;1;0;0;0;528615,025829063961282;5391015,520885610021651;9,388673826000060;48,671532351000103
195574;08220124421300206140;08;4;25;141;2022;01;11;2;3;2;6;0;0;1;1;0;0;0;0;567300,876044034957886;5363292,911612089723349;9,909608661000050;48,419191139000098
195576;08220117121500188670;08;1;25;065;2022;01;17;2;3;1;5;2;1;1;1;0;0;0;0;517158,083121853997000;5449717,420742520131171;9,235528880000061;49,200013538000100
195577;08220129317200236920;08;3;17;057;2022;01;00;7;3;1;5;2;0;1;1;0;0;0;0;411985,983808052027598;5380514,388505459763110;7,806867783000030;48,571535875999999
195578;08220111436200176140;08;4;36;064;2022;01;10;3;3;5;7;0;1;1;1;0;0;0;0;545386,595725822960958;5293359,047932700254023;9,606005124000029;47,791990541000096
195581;08220211416010265160;08;4;15;061;2022;02;07;6;2;6;4;0;1;0;1;1;0;0;0;516500,494000000006054;5370254,795999510213733;9,223301545000030;48,485202184999999
195583;08220124337100231130;08;3;37;096;2022;01;10;2;3;2;6;0;0;1;1;0;0;0;0;421011,124584581004456;5267803,633577849715948;7,950019079000070;47,558844275000098
195584;08220213317100265720;08;3;17;116;2022;02;17;1;2;8;1;0;0;1;0;0;0;0;0;434740,363084739015903;5387303,300696649588645;8,114217474000039;48,635386224000101
195586;08220115121500197180;08;1;25;005;2022;01;16;7;2;0;7;1;0;1;0;0;0;0;0;515089,031264059012756;5452256,963423259556293;9,207222687000071;49,222911723999999
195587;08220128311010236540;08;3;11;000;2022;01;08;6;3;0;7;0;1;1;0;0;0;0;0;411700,305999982985668;5316406,678999500349164;7,816395534000040;47,994859785000102
195588;08220108317500171640;08;3;17;096;2022;01;19;7;3;0;1;2;0;1;0;0;0;0;0;422272,583048683998641;5368647,911348859779537;7,948500024000050;48,466159093999998
195590;08220119111500194140;08;1;11;000;2022;01;08;4;3;1;5;0;0;1;1;0;0;0;0;511220,088556849979796;5403815,032300580292940;9,152750784000030;48,787231732000102
195591;08220101222800166270;08;2;22;000;2022;01;14;7;3;6;4;0;0;1;0;1;0;0;0;463575,599851128994487;5486570,789192309603095;8,496637694000070;49,530656470000103
195594;08220131212302229010;08;2;12;000;2022;01;13;2;3;0;7;0;1;1;0;0;0;0;0;455739,523985568026546;5428491,445828350260854;8,394778343000040;49,007729180000098
195595;08220113222700190820;08;2;22;000;2022;01;08;5;3;5;3;0;0;1;1;0;0;0;0;462480,407079074007925;5480824,481056430377066;8,482049361000071;49,478904714000102
195596;08220210118400261720;08;1;18;048;2022;02;18;5;3;5;3;0;0;1;1;0;0;0;0;514770,924518904008437;5415359,597732029855251;9,201507898000051;48,891010285999997
195598;08220205222800249820;08;2;22;000;2022;02;11;7;3;4;2;0;0;1;1;0;0;0;0;460737,208507928007748;5488895,999522189609706;8,457183073000071;49,551392984000103
195599;08220214311010395420;08;3;11;000;2022;02;13;2;3;4;2;0;1;1;1;0;0;0;0;412926,497999985993374;5316289,480999499559402;7,832852124000060;47,993973715000003
195600;08220118222700217670;08;2;22;000;2022;01;16;3;3;0;7;0;0;1;0;0;0;0;0;461714,887827913975343;5480092,578223870135844;8,471552820000060;49,472273821999998