OBJECTID;UIDENTSTLAE;ULAND;UREGBEZ;UKREIS;UGEMEINDE;UJAHR;UMONAT;USTUNDE;UWOCHENTAG;UKATEGORIE;UART;UTYP1;ULICHTVERH;IstStrassenzustand;IstRad;IstPKW;IstFuss;IstKrad;IstGkfz;IstSonstige;LINREFX;LINREFY;XGCSWGS84;YGCSWGS84
195602;08220112222800202110;08;2;22;000;2022;01;06;4;3;0;4;2;1;0;0;1;0;0;1;462499,529517572023906;5486720,975634509697556;8,481753429000040;49,531941666000101
195604;08220121337200201810;08;3;37;125;2022;01;15;6;3;0;1;0;0;1;0;0;0;0;0;446977,042954294010997;5273132,641857979819179;8,294500565000019;47,609430549000102
195607;08220203231000247690;08;2;36;062;2022;02;14;5;3;1;5;0;0;1;1;0;0;0;0;484932,895000000018626;5408068,073999529704452;8,794719967000050;48,825410204000001
195608;08220125221400234030;08;2;21;000;2022;01;17;3;3;5;2;2;0;1;1;0;0;0;0;473921,032881830004044;5472842,836054010316730;8,640506218000040;49,407711203000098
195609;08220213128300267990;08;1;28;131;2022;02;14;1;3;5;3;0;0;1;1;0;0;0;0;536625,586133411037736;5511864,049829790368676;9,508506403000069;49,758138388000098
195613;08220207212010258270;08;2;12;000;2022;02;16;2;3;5;2;0;0;1;1;0;0;0;0;460274,160167420981452;5427240,832397810183465;8,456904613000059;48,996788221000003
195615;08220103335100186950;08;3;35;043;2022;01;15;2;2;5;3;0;0;1;1;0;0;0;0;511841,875020777981263;5280756,823463499546051;9,157774916000051;47,680091943000001
195617;08220202225100280220;08;2;25;058;2022;02;09;4;3;5;3;0;0;1;0;0;0;0;1;509962,941671146021690;5466442,933226879686117;9,137178214000070;49,350621367000002
195619;08220127212010228140;08;2;15;108;2022;01;12;5;2;2;6;0;0;1;1;0;0;0;0;450247,623950633977074;5425479,262817380018532;8,320055710000080;48,980216303000098
195621;08220128311010629971;08;3;11;000;2022;01;07;6;3;0;7;0;1;1;0;0;0;0;0;404603,261092062981334;5317617,826063579879701;7,721018244000050;48,004734508000098
195623;08220118335100216840;08;3;35;043;2022;01;07;3;3;5;3;1;0;1;1;0;0;0;0;512122,912104038987309;5281611,836908590048552;9,161543041000071;47,687779845000101
195624;08220101121400868360;08;1;25;066;2022;01;15;7;3;0;1;0;0;1;0;0;0;0;0;513637,020254442992155;5432662,537305979989469;9,186619017000060;49,046686907999998
195625;08220109212010221220;08;2;15;017;2022;01;13;1;3;6;6;0;1;0;1;1;0;0;0;456942,933317297021858;5420803,134450039826334;8,412046797000070;48,938656543999997
195627;08220120311010200030;08;3;11;000;2022;01;12;5;3;1;5;0;0;1;1;0;0;0;0;414153,601974309014622;5314924,249963889829814;7,849569961000040;47,981858859000099
195628;08220103317100179320;08;3;17;001;2022;01;14;2;3;5;3;0;0;1;1;0;0;0;0;430960,862999995006248;5386603,325999519787729;8,063041094000029;48,628684043000099
195629;08220211116100285960;08;1;16;014;2022;02;09;6;3;6;4;0;0;0;1;1;0;0;0;528622,534506881958805;5395547,001631439663470;9,389089787000049;48,712296719000101
195630;08220202235100260790;08;2;35;079;2022;02;11;4;3;0;7;0;1;1;0;0;0;0;0;466880,370002245006617;5399835,212409880012274;8,549434764000070;48,750649781000000
195633;08220114421200183870;08;4;21;000;2022;01;15;6;2;8;1;0;0;1;0;0;0;0;0;574520,033727027010173;5362150,466151610016823;10,006961698000101;48,408102087000003
195634;08220130311100224420;08;3;15;133;2022;01;13;1;3;5;3;0;0;1;1;0;0;0;0;396450,824999963981099;5324079,196999490261078;7,610188488000060;48,061582520000101
195635;08220129136100234650;08;1;36;088;2022;01;15;7;2;9;1;0;1;1;0;0;0;0;0;571333,045000005979091;5412897,666999519802630;9,972639943000051;48,864936887000098
195637;08220207311010260840;08;3;11;000;2022;02;09;2;3;3;2;0;0;1;1;0;0;0;0;412975,270116793981288;5317953,896467530168593;7,833168106000070;48,008952299999997
195638;08220119111500223750;08;1;11;000;2022;01;13;4;3;0;7;0;0;1;0;0;0;0;0;512613,837270717020147;5403061,608704210259020;9,171702135000031;48,780427289000002
195640;08220111111500175750;08;1;11;000;2022;01;18;3;3;1;5;2;0;1;1;0;0;0;0;513092,504707387008239;5401954,704873709939420;9,178182579000071;48,770459775000099
195641;08220211115400301040;08;1;15;029;2022;02;13;6;2;0;7;0;0;1;0;0;0;0;0;497375,511238783015870;5398835,677136350423098;8,964301793000059;48,742533213000101
195642;08220201212010257870;08;2;12;000;2022;02;18;3;3;5;2;2;1;1;1;0;0;0;0;457872,250852864992339;5428482,107231380417943;8,423940825000050;49,007794454000098
195643;08220113231000179660;08;2;31;000;2022;01;12;5;3;6;2;0;0;0;1;1;0;0;0;477656,044807108002715;5415371,776529620401561;8,695179911000031;48,890893040999998
195645;08220209215502265770;08;2;15;066;2022;02;08;4;3;5;3;0;0;1;1;0;0;0;0;460589,895750642986968;5454315,248107910156250;8,458576451000059;49,240343656999997
195646;08220124111500325340;08;1;11;000;2022;01;14;2;2;6;4;0;0;0;1;1;0;0;0;508204,847272865008563;5406749,968722250312567;9,111759894000039;48,813681252999999
195648;08220204115300271290;08;1;15;028;2022;02;15;6;3;6;7;0;0;0;1;1;0;0;0;498081,653489597025327;5406915,865401900373399;8,973869012000019;48,815224856999997
195655;08220121311010200310;08;3;11;000;2022;01;17;6;3;5;3;1;0;1;1;0;0;0;0;414591,831999986025039;5317817,879999499768019;7,854865610000050;48,007946871999998
195657;08220212317200291040;08;3;17;153;2022;02;16;7;3;5;3;0;0;1;1;0;0;0;0;418165,091829477983993;5388347,871359890326858;7,889071215000060;48,642831890000103
195658;08220203115200249240;08;1;15;021;2022;02;16;5;3;4;2;0;0;1;0;0;0;0;1;492237,042538520996459;5380879,225700600072742;8,894745480000040;48,580951761000101
195660;08220214121200291910;08;1;21;000;2022;02;19;2;3;3;2;2;0;1;1;0;0;0;0;516424,377608880982734;5443192,006043200381100;9,225191007000030;49,141335707000103
195663;08220129111500239250;08;1;11;000;2022;01;18;7;3;6;4;2;0;0;1;1;0;0;0;506300,159927538014017;5405789,387442870065570;9,085801050000040;48,805062188000100
195664;08220111118300176550;08;1;18;046;2022;01;17;3;3;3;2;2;0;1;1;0;0;0;0;514325,778909394983202;5412002,341914510354400;9,195317560000030;48,860819673999998
195665;08220207222500265590;08;2;22;000;2022;02;17;2;3;4;2;1;0;1;1;0;0;0;0;463951,411000002000947;5477512,690999549813569;8,502657061000040;49,449205792000001
195666;08220119415100233440;08;4;15;050;2022;01;12;4;3;4;2;0;0;1;1;0;0;0;0;522643,156415493984241;5375531,259129660204053;9,306715587000040;48,532479324000100
195667;08220101416100166050;08;4;16;036;2022;01;17;7;3;0;7;2;1;1;0;0;0;0;0;497252,239172971982043;5372180,929418260231614;8,962801676000030;48,502741064000098
195668;08220210421300263520;08;4;21;000;2022;02;11;5;3;6;4;0;0;0;1;1;0;0;0;570681,282308359979652;5360633,045305510051548;9,954842245000069;48,394894651000101
195670;08220124216100208300;08;3;17;122;2022;01;13;2;2;0;6;0;0;1;0;0;0;0;1;416967,017631871975027;5369293,831916440278292;7,876611757000030;48,471290916999997
195671;08220127212102231160;08;2;12;000;2022;01;18;5;3;0;7;2;0;1;0;0;0;0;0;456765,793000000005122;5430248,899999530054629;8,408623605000059;49,023610429000001
195683;08220214335400287490;08;3;35;079;2022;02;17;2;3;6;5;0;0;0;1;1;0;0;0;500453,994820556021295;5299564,318626110441983;9,006068450000040;47,849421777000003
195684;08220117226400191600;08;2;26;062;2022;01;17;2;3;2;6;2;0;1;1;0;0;0;0;470110,851000001013745;5468267,223999540321529;8,588328917000069;49,366379370000097
195685;08220116111500188170;08;1;11;000;2022;01;14;1;3;5;3;0;0;1;1;0;0;0;0;512482,447949959023390;5399069,165641210041940;9,169792537000029;48,744514123999998
195689;08220113327200202970;08;3;27;046;2022;01;07;5;3;6;4;1;1;0;1;1;0;0;0;480461,499000001000240;5324779,549999499693513;8,737688464000030;48,075990173000001
195691;08220129421300224010;08;4;21;000;2022;01;15;7;3;0;1;0;0;1;0;0;0;0;0;567374,861893601017073;5355816,000199279747903;9,909409378000021;48,351925086999998
195695;08220126116200234070;08;1;16;080;2022;01;07;4;3;6;7;1;1;0;1;1;0;0;0;519895,217041431984399;5396526,958585890009999;9,270501085000030;48,721451918000099
195696;08220214231102297990;08;2;36;028;2022;02;10;2;3;6;7;0;0;0;1;1;0;0;0;494333,200605541002005;5423128,346831589937210;8,922584226000030;48,961045952000099
195699;08220113136200191960;08;1;36;019;2022;01;14;5;3;6;4;0;0;0;1;1;0;0;0;582737,568151846993715;5423658,184855540283024;10,130294807000000;48,960300598000103
195701;08220121212102197350;08;2;12;000;2022;01;04;6;3;5;3;2;0;1;0;0;0;0;1;463087,935985060001258;5428407,896190590225160;8,495264284000029;49,007460918000000
195702;08220104135010169620;08;1;17;019;2022;01;09;3;2;6;7;0;1;0;1;1;0;0;0;552705,186727026943117;5394056,609683799557388;9,716254310000069;48,697319571999998
195704;08220201416200271650;08;4;16;023;2022;02;20;3;3;0;1;2;1;1;0;0;0;0;0;509023,618676721001975;5374407,592366930097342;9,122206950000081;48,522714119000099
195705;08220124416000208420;08;4;16;025;2022;01;12;2;3;6;4;0;0;0;1;1;0;0;0;504112,950181705993600;5361334,704741429537535;9,055573232000031;48,405155882000003
195706;08220214111330295430;08;1;11;000;2022;02;12;2;3;0;3;0;0;1;0;0;0;0;1;512085,892074357019737;5408824,868252799846232;9,164685347000050;48,832283380000000
195708;08220115311010196310;08;3;15;115;2022;01;11;7;2;0;7;0;2;1;0;0;0;0;0;407629,017999980016612;5320642,435999499633908;7,760922673000040;48,032385472999998
195709;08220129316200238030;08;3;16;009;2022;01;08;7;3;5;3;0;0;1;1;0;0;0;0;418217,247999990009703;5324427,635999499820173;7,902202430000050;48,067878995999997
195710;08220111335100197460;08;3;35;043;2022;01;07;3;2;5;2;1;1;1;0;0;0;0;1;511520,967530551017262;5282422,780052290298045;9,153543316000031;47,695087432000001
195712;08220119317300194620;08;3;17;065;2022;01;18;4;3;0;7;2;0;1;0;0;0;0;0;414932,528903383004945;5354221,674998310394585;7,852146862000040;48,335448846000098
195719;08220130118100240250;08;1;18;077;2022;01;13;1;3;0;7;0;0;1;0;0;0;0;1;513917,782920001016464;5423378,275561469607055;9,190142919000040;48,963163506000100
195720;08220122317300229950;08;3;17;065;2022;01;17;7;3;8;1;2;0;1;0;0;0;0;0;415420,907557267986704;5354111,842310939915478;7,858757460000050;48,334526480000100
195722;08220119222014232910;08;2;22;000;2022;01;17;4;3;5;5;1;0;1;1;0;0;0;0;463047,626000000978820;5483766,140999549999833;8,489604338000049;49,505398238000097
195724;08220112415400201820;08;4;15;061;2022;01;19;4;3;5;3;2;0;1;0;0;1;0;0;511986,480876357993111;5371781,350466780364513;9,162257422000041;48,499037945000097
195725;08220209222014275020;08;2;22;000;2022;02;20;4;3;0;4;2;0;0;0;1;0;0;1;461644,158879765018355;5483564,347200679592788;8,470239744000031;49,503496074000097
195726;08220121212010212540;08;2;12;000;2022;01;11;6;3;1;5;0;0;1;0;0;0;0;1;454160,512328642013017;5428610,302287570200861;8,373174708000020;49,008683034000100
195728;08220203311010270430;08;3;11;000;2022;02;07;5;3;4;6;1;0;1;1;0;0;0;0;409944,955293309001718;5314413,207055239938200;7,793289562000040;47,976683258999998
195729;08220125111240210000;08;1;11;000;2022;01;17;3;3;0;7;0;0;1;0;0;0;0;0;515212,742763041984290;5403677,561035940423608;9,207101545000061;48,785910204000103
195730;08220127222014241810;08;2;22;000;2022;01;20;5;3;6;2;2;1;0;0;1;0;0;1;461559,024659484974109;5479259,474072249606252;8,469482471000051;49,464770621000099
195731;08220115317600195010;08;3;17;040;2022;01;06;7;2;0;1;2;2;1;0;0;0;0;0;432348,067619597015437;5347322,397389350458980;8,088213690000030;48,275490822000101
195735;08220211117200274100;08;1;17;014;2022;02;15;6;3;5;3;0;1;1;1;0;0;0;0;553206,152830795035698;5382850,142538740299642;9,721622013000060;48,596469783000003
195736;08220202119200246960;08;1;19;020;2022;02;09;4;3;6;2;0;1;0;1;1;0;0;0;520350,976994279015344;5406054,297462539747357;9,277168883000060;48,807144010999998
195737;08220124311010206770;08;3;11;000;2022;01;13;2;3;1;5;0;0;1;1;0;0;0;0;410897,327227648987900;5314896,049019309692085;7,805948014000020;47,981159895000097
195740;08220115226200221080;08;2;26;032;2022;01;10;7;3;5;3;0;1;1;1;0;0;0;0;467105,953339978004806;5463991,190983960404992;8,547296005000019;49,327762557000000
195746;08220108222500192140;08;2;22;000;2022;01;13;7;3;5;3;0;0;1;1;0;0;0;0;463312,452583139005583;5478316,298690799623728;8,493767621000069;49,456395645000001
195748;08220131426010228990;08;4;21;000;2022;01;14;2;3;6;6;0;1;0;1;1;0;0;0;573370,832000007969327;5362338,110999509692192;9,991468211000040;48,409924828999998
195751;08220212115300278000;08;1;15;028;2022;02;17;7;3;6;4;0;0;0;1;1;0;0;0;501636,788141680997796;5404975,759955859743059;9,022287972000070;48,797772631000001
195752;08220202235200261860;08;2;35;046;2022;02;12;4;2;6;7;0;1;0;1;1;0;0;0;479666,537540126999374;5377506,526195609942079;8,724473825000080;48,550328384000103
195753;08220125311010225300;08;3;11;000;2022;01;16;3;3;0;1;0;0;1;0;0;0;0;0;416483,968015798018314;5315466,739964170381427;7,880687496000060;47,987047326999999
195756;08220114416010216990;08;4;16;036;2022;01;09;6;3;6;4;0;0;0;1;1;0;0;0;495294,753796143981162;5369545,029293660074472;8,936331561000030;48,479015812000100
195757;08220128335100220090;08;3;35;043;2022;01;07;6;3;0;3;2;0;1;0;0;0;0;1;513603,209040313027799;5279977,803506730124354;9,181217619000050;47,673047926000002
195759;08220207119200312180;08;1;19;020;2022;02;18;2;3;6;4;1;0;0;1;1;0;0;0;520270,958558945974801;5406282,892451640218496;9,276090379000040;48,809203024000098
195760;08220119226700234920;08;2;26;041;2022;01;13;4;3;5;3;0;0;1;1;0;0;0;0;477018,012952468998265;5466407,706899389624596;8,683568642000070;49,349952795000000
195761;08220103121600179440;08;1;25;102;2022;01;18;2;3;1;5;2;0;1;1;0;0;0;0;520698,772877209994476;5444313,338289700448513;9,283853230000030;49,151293232999997
195763;08220131211100242380;08;2;11;000;2022;01;14;2;3;6;1;0;0;0;1;1;0;0;0;444238,133858304005116;5400865,089437910355628;8,241288809000030;48,758297863000102
195764;08220126317300228130;08;3;17;150;2022;01;09;4;3;0;1;0;2;1;0;0;0;0;0;406525,297999978996813;5360176,857999510131776;7,737408435000020;48,387824520000002
195770;08220112216300188030;08;2;16;015;2022;01;06;4;3;5;3;2;0;1;1;0;0;0;0;449484,459562601987273;5405762,772353709675372;8,312064273000029;48,802801868000103
195773;08220105222700196570;08;2;22;000;2022;01;21;4;3;6;4;2;0;0;1;1;0;0;0;461692,743799032992683;5480876,250138630159199;8,471171291000079;49,479321153000100
195774;08220213111230290150;08;1;11;000;2022;02;10;1;3;1;5;0;0;1;1;0;0;0;0;513036,393192255985923;5398599,164720829576254;9,177312669000059;48,740274657999997
195777;08220214335100405900;08;3;35;043;2022;02;17;2;3;5;3;0;0;1;1;0;0;0;0;511065,034198108012788;5280797,978728200308979;9,147425777000020;47,680476009000103
195778;08220128111230228510;08;1;11;000;2022;01;07;6;3;0;7;0;2;1;0;0;0;0;0;508818,662861133983824;5397934,667432390153408;9,119931745000031;48,734370824000102
195780;08220111317300192830;08;3;17;073;2022;01;18;3;3;4;2;2;0;1;1;0;0;0;0;409932,164999981003348;5347640,219999509863555;7,786094860000050;48,275557732000003
195781;08220208336400286820;08;3;36;091;2022;02;10;3;3;1;5;0;0;1;1;0;0;0;0;395991,187645972997416;5271941,044469200074673;7,616542532000040;47,592534985999997
195783;08220211337200285760;08;3;37;002;2022;02;16;6;3;0;6;0;0;1;0;0;0;0;1;435356,498993747984059;5271821,196253480389714;8,140092612000050;47,596576708999997
195784;08220201226400249800;08;2;26;084;2022;02;07;3;3;6;7;2;1;0;0;1;0;1;0;468925,198999998974614;5469593,844999549910426;8,571895476000069;49,378252732000099
195790;08220205311400274260;08;3;15;006;2022;02;14;7;3;5;3;0;0;1;1;0;0;0;0;403119,189278308011126;5306872,990622689947486;7,703547035000040;47,907862074999997
195791;08220119215302245480;08;2;15;007;2022;01;06;4;3;5;3;2;0;1;1;0;0;0;0;479271,255996114981826;5431287,304998319596052;8,716403996000050;49,034118354000000
195793;08220131115300226820;08;1;15;028;2022;01;21;2;3;5;3;2;1;1;1;0;0;0;0;500577,333017239987385;5403677,721665339544415;9,007859659000079;48,786097439000102
195796;08220131231000226140;08;2;36;019;2022;01;16;2;2;6;7;0;1;0;0;1;0;0;1;487703,852092384011485;5409563,057703790254891;8,832427520000071;48,838919883000102
195797;08220113416100181960;08;4;16;036;2022;01;07;5;3;6;4;1;0;0;1;1;0;0;0;495094,426618977973703;5369649,869563570246100;8,933619631000060;48,479957469000098
195798;08220209117400258990;08;1;17;018;2022;02;14;4;2;5;3;0;0;1;1;0;0;0;0;539477,902719908044674;5396281,942595710046589;9,536720282000029;48,718315212999997
195804;08220112135100201270;08;1;35;020;2022;01;15;4;2;5;3;0;0;1;1;0;0;0;0;586836,131665923981927;5386818,427937160246074;10,178486571000100;48,628400886000101
195806;08220121115100224380;08;1;15;024;2022;01;22;6;3;6;2;2;0;0;1;1;0;0;0;500549,598999999987427;5387261,115999519824982;9,007460230000049;48,638412568000000
195807;08220107222014189890;08;2;22;000;2022;01;17;6;2;6;2;1;0;0;1;1;0;0;0;462005,112714934977703;5481510,650072240270674;8,475422374000059;49,485046887000102
195808;08220212226700292320;08;2;26;098;2022;02;18;7;2;5;3;2;0;1;1;0;0;0;0;476605,818859136023093;5460003,208092690445483;8,678268888000050;49,292328834999999
195809;08220203226700257090;08;2;26;095;2022;02;14;5;3;4;2;0;0;1;0;0;0;0;0;474412,227563183987513;5461265,656171680428088;8,648020991000070;49,303596603000102
195810;08220129335200222670;08;3;35;063;2022;01;18;7;2;0;1;2;0;1;0;0;0;0;0;497091,682061424013227;5287858,015728070400655;8,961203637000040;47,744087833000002
195811;08220123212402311170;08;2;12;000;2022;01;09;1;3;1;7;0;0;1;1;0;0;0;0;457076,450775386008900;5427739,532736389897764;8,413138062000030;49,001060056000000
195812;08220204215502260190;08;2;15;066;2022;02;07;6;3;0;4;1;1;0;1;1;0;0;0;460617,672192675003316;5453462,380269539542496;8,459041819000049;49,232674031000002
195813;08220117212010192690;08;2;12;000;2022;01;07;2;3;5;3;2;0;1;0;0;0;0;1;460727,661502131028101;5427105,479445230215788;8,463117267000030;48,995599706000100
195815;08220112316200199160;08;3;16;056;2022;01;05;4;3;5;3;2;1;1;0;0;0;0;1;423213,620395491016097;5327866,061218569986522;7,968640608000040;48,099430835000099
195816;08220209336400270090;08;3;36;019;2022;02;14;4;2;0;7;0;0;1;0;0;0;0;0;394784,306701741006691;5275727,712195280008018;7,599585163000030;47,626401780999998
195818;08220107311010169760;08;3;36;050;2022;01;08;6;3;5;3;0;0;1;1;0;0;0;0;402185,110171840002295;5276678,321851239539683;7,697849774000080;47,636112978000000
195819;08220212311010285570;08;3;11;000;2022;02;19;7;3;0;7;2;0;1;0;0;0;0;0;415467,119232180994004;5315796,326627929694951;7,866997161000030;47,989878512000097
195820;08220203231102313030;08;2;36;019;2022;02;07;5;2;6;4;2;0;0;1;1;0;0;0;488620,583174677973147;5409361,121311130002141;8,844926332000060;48,837120777000102
195821;08220125118200220960;08;1;18;019;2022;01;08;3;3;0;7;0;0;1;0;1;0;0;0;505336,973049813997932;5405889,407543140463531;9,072684847000060;48,805970977000101
195823;08220127415400237470;08;4;15;061;2022;01;14;5;3;0;4;0;0;0;0;1;0;0;1;515390,886690914980136;5370907,572076220065355;9,208309363000071;48,491102945000101
195824;08220117111340191000;08;1;11;000;2022;01;17;2;3;5;2;1;0;1;1;0;0;0;0;506759,925086023984477;5407585,213105039671063;9,092092107000040;48,821212420999998
195826;08220208316200253410;08;3;16;056;2022;02;00;3;3;0;7;2;0;0;1;1;0;0;0;422262,735489406972192;5327037,941065879538655;7,956021774000020;48,091866121000102
195827;08220120231000238090;08;2;31;000;2022;01;08;5;3;5;3;0;1;1;0;0;0;1;0;477037,658777264994569;5415185,833613580092788;8,686754361000061;48,889197755000097
195828;08220104221400167280;08;2;21;000;2022;01;12;3;3;5;2;0;1;1;1;0;0;0;0;476938,453746923012659;5469569,862297059968114;8,682290028000070;49,378393088000102
195829;08220212226400292270;08;2;26;037;2022;02;17;7;2;1;5;0;0;1;1;0;0;0;0;465688,172186682990286;5468083,737632569856942;8,527432058000040;49,364495996000102
195832;08220126311010234140;08;3;11;000;2022;01;22;4;3;2;6;2;0;1;1;0;0;0;0;413073,275410894013476;5320176,236654389649630;7,834031160000050;48,028956239000102
195833;08220114326200209800;08;3;26;074;2022;01;12;6;3;6;4;0;0;0;1;1;0;0;0;465512,256099255988374;5324261,619397629983723;8,537036521000060;48,070697060000001
195834;08220110111500173920;08;1;11;000;2022;01;08;2;3;0;7;0;1;1;0;0;0;0;0;512161,094348199025262;5404254,289500700309873;9,165574626000019;48,791165560000103
195837;08220101215102416810;08;2;12;000;2022;01;01;7;3;0;7;2;1;1;0;0;0;0;0;459191,414926455006935;5430654,043935179710388;8,441759859000060;49,027420018999997
195838;08220110118000178750;08;1;18;048;2022;01;16;2;3;0;7;0;0;1;0;0;0;0;0;512621,962072558992077;5416327,355609769932926;9,172221377000030;48,899763484000097
195842;08220130115100234311;08;1;15;003;2022;01;16;1;3;0;7;0;0;1;0;0;0;0;0;502457,389776505006012;5392276,642618429847062;9,033386270000049;48,683528393000103
195843;08220209119400257250;08;1;19;067;2022;02;16;4;3;5;3;0;0;1;1;0;0;0;0;538259,348354239948094;5405495,073036960326135;9,521010663000030;48,801269022000000
195845;08220107119400178010;08;1;19;079;2022;01;08;6;3;6;7;0;1;0;1;1;0;0;0;522765,114849649020471;5409093,938518440350890;9,310216309000049;48,834404165000102
195850;08220113212302201190;08;2;12;000;2022;01;22;5;3;5;3;2;0;1;1;0;0;0;0;455120,518108566990122;5429035,814344430342317;8,386254322000070;49,012581115000003
195851;08220207317500252200;08;3;17;034;2022;02;12;2;3;5;1;0;1;1;1;0;0;0;0;427188,125357126002200;5361877,551885190419853;8,016163799000029;48,405846831000098
195854;08220211416200286550;08;4;16;041;2022;02;10;6;3;0;1;0;0;1;0;0;0;0;0;504171,324427213985473;5374400,789136249572039;9,056492269000049;48,522703917000101
195855;08220202116100246730;08;1;16;019;2022;02;09;4;3;5;3;0;0;1;0;0;0;0;1;523508,636000001977663;5398330,940999520011246;9,319732303000020;48,737554559000003
195856;08220125111500213850;08;1;11;000;2022;01;17;3;2;5;3;1;0;1;1;0;0;0;0;511850,006999999983236;5401455,415999519638717;9,161258484000030;48,765993102000003
195860;08220128222301231910;08;2;22;000;2022;01;13;6;3;1;3;0;0;1;0;0;0;0;1;464051,084821288008243;5483499,045501519925892;8,503488124000061;49,503056164000000
195862;08220205435200281390;08;4;35;059;2022;02;05;7;3;0;1;0;2;1;0;0;0;0;0;513266,365988795005251;5290555,713754420168698;9,177052503000031;47,768230564000099
195863;08220119435100192490;08;4;35;016;2022;01;10;4;3;6;4;0;0;0;0;1;0;0;1;535841,538227890967391;5277820,630841740407050;9,477285290000051;47,652788651000002
195866;08220201121100260550;08;1;25;006;2022;02;18;3;3;5;3;2;1;1;1;0;0;0;0;508124,963264044024982;5454256,552771829999983;9,111623614000051;49,241030477000002
195867;08220124222800230990;08;2;22;000;2022;01;15;2;3;5;3;0;0;1;1;0;0;0;0;460012,141842412995175;5487820,097016029991210;8,447268538000060;49,541668496000099
195868;08220127128100219350;08;1;28;007;2022;01;17;5;3;6;4;2;0;0;1;1;0;0;0;555740,154500253032893;5482284,628768419846892;9,769667789000041;49,490637706000001
195870;08220123225100233200;08;2;25;115;2022;01;13;1;3;4;2;0;0;1;0;0;0;0;1;520273,475437250977848;5472342,028402719646692;9,279441722000060;49,403427610000101
195871;08220125212702234620;08;2;15;108;2022;01;08;3;3;6;2;0;0;0;1;1;0;0;0;449705,848027042986359;5424915,980823350138962;8,312721711000050;48,975105706000100
195873;08220128111310238530;08;1;11;000;2022;01;08;6;2;0;7;0;2;1;0;0;0;0;0;518606,194758949975949;5406106,133475840091705;9,253408532000041;48,807665006000001
195882;08220126416200227610;08;4;16;041;2022;01;17;4;3;0;1;2;0;1;0;0;0;0;0;504436,380846180021763;5374630,938405140303075;9,060084377000070;48,524772605000102
195883;08220114311010184270;08;3;11;000;2022;01;16;6;2;0;1;1;0;1;0;0;0;0;0;413954,986999985005241;5317109,863999499939382;7,846470744000040;48,001492591999998
195887;08220119222600197110;08;2;22;000;2022;01;13;4;3;0;7;0;0;0;1;1;0;0;0;462024,760000000998843;5482760,608999550342560;8,475573530000080;49,496290836000099
195891;08220114121200220070;08;1;21;000;2022;01;00;6;2;1;5;2;0;1;1;0;0;0;0;515488,503985185991041;5441512,455963020212948;9,212295021000051;49,126251887000102
195892;08220130121600223920;08;1;25;102;2022;01;11;1;3;0;1;0;0;1;0;0;0;0;0;520651,949000001011882;5444041,140999539755285;9,283197161000031;49,148846321000100
195893;08220209311010283190;08;3;11;000;2022;02;13;4;3;1;5;0;0;1;1;0;0;0;0;414778,426399050978944;5317608,692172279581428;7,857408479000070;48,006090057000101
195897;08220125317200213170;08;3;17;057;2022;01;20;3;3;6;4;2;0;0;1;1;0;0;0;412587,483670486020856;5380568,848825680091977;7,815008541000050;48,572109906000001
195901;08220131111120241650;08;1;11;000;2022;01;12;2;3;0;7;0;1;1;0;0;0;0;0;513939,399437383981422;5403380,828292329795659;9,189756685000081;48,783270668000100
195902;08220113116100178840;08;1;16;019;2022;01;06;5;3;3;6;2;0;1;1;0;0;0;0;520758,057862702000421;5398878,910146689973772;9,282350817000070;48,742581766000100
195903;08220208216100267640;08;2;16;043;2022;02;16;3;3;6;2;0;0;0;1;1;0;0;0;441606,178054516029079;5413120,292220770381391;8,203737318000041;48,868292611000101
195905;08220105111500168880;08;1;11;000;2022;01;14;4;3;2;7;0;0;1;0;0;0;0;1;516038,544075713027269;5405550,620916049927473;9,218416796000040;48,802739266000103
195908;08220125118010234150;08;1;18;007;2022;01;23;3;3;6;7;2;0;0;1;1;0;0;0;515273,668461703986395;5428741,352025439962745;9,208868270000041;49,011375452999999
195909;08220213215102275690;08;2;15;105;2022;02;16;1;3;0;7;0;0;1;0;0;0;0;0;456252,407986724982038;5441739,195516150444746;8,400358896000061;49,126929511000100
195910;08220127317500226010;08;3;17;096;2022;01;14;5;3;3;6;0;0;1;1;0;0;0;0;422582,796761061006691;5368920,247561410069466;7,952645467000020;48,468647005000001
195917;08220210335300260090;08;3;35;075;2022;02;14;5;3;5;3;0;0;1;1;0;0;0;0;490433,713000000978354;5288856,535999500192702;8,872365883000040;47,753007691999997
195918;08220131311010324620;08;3;11;000;2022;01;10;2;2;5;5;0;1;1;1;0;0;0;0;414707,682475421985146;5317613,844692270271480;7,856459164000060;48,006126969000000
195925;08220117215102189460;08;2;15;105;2022;01;16;2;3;0;7;1;0;0;0;1;0;0;1;455736,281654538004659;5441036,303714199922979;8,393361979000080;49,120570099000098
195929;08220121121200212760;08;1;21;000;2022;01;09;6;3;2;6;0;0;1;0;0;0;0;1;516264,289738458988722;5442752,371088939718902;9,222978354000080;49,137385306000098
195931;08220203311500256390;08;3;15;037;2022;02;14;5;2;0;1;0;1;1;0;0;0;0;0;433605,036821987014264;5300652,933127249591053;8,112400862000070;47,855785658999999