OBJECTID;UIDENTSTLAE;ULAND;UREGBEZ;UKREIS;UGEMEINDE;UJAHR;UMONAT;USTUNDE;UWOCHENTAG;UKATEGORIE;UART;UTYP1;ULICHTVERH;IstStrassenzustand;IstRad;IstPKW;IstFuss;IstKrad;IstGkfz;IstSonstige;LINREFX;LINREFY;XGCSWGS84;YGCSWGS84
195933;08220128111330219650;08;1;11;000;2022;01;06;6;3;6;4;1;0;0;1;1;0;0;0;512454,825000000011642;5408837,785999529995024;9,169712888000049;48,832392294999998
195935;08220204212010253690;08;2;12;000;2022;02;17;6;3;5;3;1;1;1;1;0;0;0;0;455522,074518921028357;5428760,919592170044780;8,391775571000039;49,010137488000098
195938;08220114111230214950;08;1;11;000;2022;01;07;6;3;5;2;1;0;1;1;0;0;0;0;510747,765270253003109;5396689,995835970155895;9,146134555000060;48,723143452000002
195939;08220209335000984940;08;3;35;100;2022;02;15;4;1;5;3;0;0;1;1;0;0;0;0;488673,720968278998043;5287244,807611729949713;8,848925983000070;47,738477559000003
195940;08220120311400210790;08;3;15;050;2022;01;10;5;3;6;6;0;0;0;1;1;0;0;0;399526,060007643012796;5303548,498539930209517;7,656251435000060;47,877405833000097
195943;08220125337100224680;08;3;37;096;2022;01;18;3;2;0;1;1;0;1;0;0;0;0;0;420410,520431965996977;5267520,464375030249357;7,942088068000030;47,556223428000102
195945;08220117416100188430;08;4;16;048;2022;01;07;2;3;5;2;1;1;1;1;0;0;0;0;497458,220828593999613;5375355,863025969825685;8,965570842000030;48,531304816999999
195947;08220130436200237860;08;4;36;064;2022;01;00;1;3;5;3;2;1;1;1;0;0;0;0;545626,606194691034034;5292259,786047509871423;9,609094012000069;47,782083504000099
195950;08220120118400195600;08;1;18;048;2022;01;12;5;3;0;7;0;0;1;0;0;0;0;0;512911,211325817974284;5415541,366014439612627;9,176143198000030;48,892686968000099
195951;08220104416010168860;08;4;15;059;2022;01;00;3;3;0;7;2;1;1;1;0;0;0;0;516768,811315007973462;5368119,839622120372951;9,226847018000059;48,465988228000100
195957;08220114221011205320;08;2;21;000;2022;01;11;6;2;0;3;0;0;1;1;0;0;0;0;477346,994644730992150;5472586,184301639907062;8,687746320000031;49,405539840000102
195959;08220129212010237750;08;2;15;109;2022;01;18;7;3;5;3;2;0;1;1;0;0;0;0;461387,656756366021000;5434818,588973970152438;8,471404994000070;49,065022194000100
195961;08220207111500277700;08;1;11;000;2022;02;11;2;3;6;4;0;1;0;1;1;0;0;0;515270,236284376005642;5409838,326568510383368;9,208113502000060;48,841330114000101
195962;08220118231000211820;08;2;37;027;2022;01;16;3;2;6;4;0;0;0;1;1;0;0;0;481391,088567794999108;5369621,296797670423985;8,748193677000071;48,479444118000103
195964;08220210225100298460;08;2;25;058;2022;02;14;5;3;6;2;0;0;0;1;1;0;0;0;510693,832225586986169;5466844,411192759871483;9,147252479000031;49,354220295000097
195965;08220201211100251140;08;2;11;000;2022;02;20;3;3;6;6;2;1;1;0;1;0;0;0;444401,891270606021862;5400027,393797829747200;8,243629864000070;48,750777255999999
195967;08220113415400190180;08;4;15;061;2022;01;12;5;3;5;3;0;0;1;1;0;0;0;0;514811,036567631002981;5369561,367224779911339;9,200413658000061;48,479005923999999
195970;08220204317600248580;08;3;17;040;2022;02;10;6;3;8;7;0;0;1;0;0;0;0;0;431281,128755344019737;5349350,500584949739277;8,073505923000029;48,293619847999999
195973;08220112136300191550;08;1;36;028;2022;01;13;4;3;6;4;0;0;0;1;1;0;0;0;568080,499888484016992;5405195,373166950419545;9,927018035000060;48,796022605000097
195974;08220209417300259050;08;4;17;031;2022;02;11;4;2;6;7;0;0;0;1;1;0;0;0;497333,958100041025318;5355230,733771880157292;8,964015774000069;48,350248729999997
195975;08220121118000231120;08;1;15;045;2022;01;12;6;2;0;7;0;0;1;0;1;0;0;0;498014,943631945992820;5396338,691015119664371;8,973011354000050;48,720072598999998
195976;08220107111500189060;08;1;11;000;2022;01;13;6;3;5;7;0;1;1;1;0;0;0;0;511775,332070508971810;5402998,934307830408216;9,160286484000039;48,779879913000102
195977;08220212435200300610;08;4;35;034;2022;02;10;7;3;5;3;0;0;1;1;0;0;0;0;529764,339698023977689;5284664,363834979943931;9,396826963000020;47,714673038000100
195978;08220203121400249340;08;1;25;058;2022;02;07;5;3;1;1;0;0;1;1;0;0;0;0;507558,607600480027031;5443286,048320960253477;9,103636491000030;49,142354738000101
195979;08220124421300205800;08;4;21;000;2022;01;07;2;3;6;4;0;0;0;1;1;0;0;0;571141,467108634999022;5360593,812643299810588;9,961051385000079;48,394489986000103
195980;08220214118010287700;08;1;18;079;2022;02;20;2;3;6;4;2;1;0;1;1;0;0;0;510456,670591611997224;5421350,859275929629803;9,142805771000040;48,944993803000003
195981;08220127311200241800;08;3;11;000;2022;01;13;5;3;5;3;0;0;1;1;0;0;0;0;414451,221720203000586;5318017,995228550396860;7,852940807000040;48,009728176000102
195986;08220103336300170000;08;3;36;081;2022;01;21;2;3;0;7;2;1;1;0;0;0;0;0;411823,628157233004458;5278183,726295170374215;7,825828736000060;47,651039873999999
195992;08220128136300238380;08;1;36;065;2022;01;07;6;3;6;4;1;0;0;1;1;0;0;0;558675,001544313039631;5405049,884403619915247;9,798941349000071;48,795672728000099
195993;08220108416010240160;08;4;15;061;2022;01;12;7;3;5;3;0;0;1;1;0;0;0;0;515233,893454199016560;5371045,568226589821279;9,206189571000040;48,492348234000097
195995;08220111215302325760;08;2;15;007;2022;01;16;3;3;5;3;0;0;1;1;0;0;0;0;477246,799066813022364;5432000,566154779866338;8,688667178000060;49,040463054000000
195996;08220208415400279350;08;4;15;061;2022;02;16;3;3;6;7;0;0;0;0;1;0;0;1;514335,242765819013584;5370150,715858570300043;9,193995770000070;48,484318958000102
195999;08220201335200301570;08;3;35;063;2022;02;14;3;3;0;4;0;0;1;0;1;0;0;0;497406,562099669012241;5287536,348041250370443;8,965405988000040;47,741194942000000
196000;08220124226600233590;08;2;26;096;2022;01;16;2;3;6;4;0;0;0;1;1;0;0;0;474638,961939272994641;5488095,298193049617112;8,649424654000031;49,544932912000000
196001;08220214118400267910;08;1;18;048;2022;02;07;2;3;2;6;0;0;1;1;0;0;0;0;513339,153552813979331;5415286,141562749631703;9,181973104000059;48,890381969000003
196002;08220126436200236190;08;4;36;064;2022;01;15;4;3;0;1;0;0;1;0;0;0;0;0;543207,062173182959668;5292304,563681730069220;9,576800418000060;47,782653220999997
196004;08220129119400222870;08;1;19;090;2022;01;16;7;3;5;3;0;0;1;1;0;0;0;0;531107,474460765952244;5407184,095269340090454;9,423748518000020;48,816861967000101
196005;08220108128300204210;08;1;28;131;2022;01;14;7;3;6;7;0;0;0;1;1;0;0;0;542248,618737193057314;5513379,612054879777133;9,586736551000060;49,771400352000100
196006;08220206111500269680;08;1;11;000;2022;02;17;1;3;6;4;2;0;1;0;1;0;0;0;513196,645860719028860;5402426,183132080361247;9,179615010000020;48,774698960000102
196008;08220103118400180510;08;1;18;048;2022;01;07;2;3;0;7;1;1;1;0;0;0;0;0;512098,334229476982728;5417266,694332730025053;9,165104559000040;48,908223970000101
196009;08220108336100171450;08;3;36;050;2022;01;07;7;3;5;3;1;1;1;1;0;0;0;0;399228,810890613007359;5275104,973683900199831;7,658867485000030;47,621506848000102
196010;08220210222800270210;08;2;22;000;2022;02;20;5;3;1;5;2;0;1;1;0;0;0;0;462800,191327479027677;5486033,163949119858444;8,485973191000030;49,525773729000001
196012;08220113317300179680;08;3;17;065;2022;01;14;5;3;2;6;0;0;1;1;0;0;0;0;415798,898974949028343;5354843,267273089848459;7,863710516000030;48,341156048000101
196013;08220210119300274320;08;1;19;067;2022;02;17;5;2;5;3;0;0;1;1;0;0;0;0;536770,267360651050694;5405077,466652099974453;9,500695992000029;48,797602278000099
196017;08220117325202216330;08;3;25;049;2022;01;07;2;3;6;4;0;1;0;1;1;0;0;0;472090,566073556023184;5335358,875496479682624;8,624614879000029;48,170858756000001
196021;08220121415300216430;08;4;15;059;2022;01;16;6;3;5;3;0;0;1;1;0;0;0;0;516854,727757627028041;5367971,426100299693644;9,228003298000029;48,464650746000103
196022;08220105311010196600;08;3;11;000;2022;01;12;4;3;3;6;0;0;1;0;0;0;0;1;413173,161055075994227;5316759,119802179746330;7,836062707000050;47,998231816000001
196023;08220212311300263030;08;3;11;000;2022;02;11;7;3;1;7;0;0;1;1;0;0;0;0;414521,138551998010371;5315432,736248680390418;7,854393088000050;47,986482121999998
196024;08220203121300256910;08;1;21;000;2022;02;18;5;3;5;2;2;0;1;1;0;0;0;0;514336,290098189027049;5443183,335424439981580;9,196561582000070;49,141309998000096
196029;08220111416200186490;08;4;16;041;2022;01;16;3;3;5;3;1;0;1;1;0;0;0;0;504047,832748231012374;5372652,631552290171385;9,054802857000031;48,506977646999999
196031;08220120212702213310;08;2;15;017;2022;01;17;5;3;0;2;2;0;0;1;1;0;0;0;456199,464556973020080;5421252,945585230365396;8,401846801000030;48,942650500000099
196035;08220124311400217240;08;3;15;074;2022;01;10;2;3;6;7;0;0;0;1;1;0;0;0;397438,847345935995691;5295885,474972859956324;7,630161217000020;47,808147998999999
196036;08220126136100234120;08;1;36;002;2022;01;09;4;3;0;7;0;2;1;0;0;0;0;0;572829,451248775003478;5415675,727431779727340;9,993535336000040;48,889750121000098
196037;08220114311010181830;08;3;36;091;2022;01;15;6;2;1;5;0;0;1;1;0;0;0;0;396129,741695316974074;5274699,340310839936137;7,617731323000040;47,617368587999998
196039;08220204118000253500;08;1;15;003;2022;02;12;6;2;5;3;0;1;1;0;0;0;0;1;500814,961000000999775;5391569,265999520197511;9,011070724000040;48,677169055000000
196040;08220119115100239020;08;1;15;003;2022;01;11;4;3;6;4;0;0;0;1;1;0;0;0;500896,046455433999654;5392250,024282139725983;9,012173693000021;48,683293126000102
196041;08220101311010174660;08;3;36;105;2022;01;12;7;3;5;3;0;0;1;1;0;0;0;0;401482,888269662973471;5266912,714248600415885;7,690697349000060;47,548160241000097
196042;08220110115100194270;08;1;15;024;2022;01;08;2;3;5;3;1;0;1;1;0;0;0;0;500704,836035125015769;5387450,649745609611273;9,009567732000050;48,640117492000101
196044;08220201126200250940;08;1;26;066;2022;02;13;3;2;6;4;0;1;0;1;1;0;0;0;536569,924039741978049;5450010,784304490312934;9,502013901000050;49,201801605000099
196045;08220114121300208350;08;1;21;000;2022;01;13;6;3;6;4;0;0;0;1;1;0;0;0;513923,568500000983477;5442692,765999539755285;9,190885937000081;49,136906649000103
196047;08220123326100228620;08;3;26;012;2022;01;10;1;2;6;7;0;0;0;1;1;0;0;0;462412,679524915991351;5310902,206824339926243;8,496600515000070;47,950329625000101
196050;08220125317200230740;08;3;17;057;2022;01;11;3;3;5;3;0;0;1;1;0;0;0;0;414009,586613511026371;5384343,062037710100412;7,833501640000070;48,606253438000103
196054;08220119212010216850;08;2;12;000;2022;01;16;4;3;5;3;1;0;1;1;0;0;0;0;453432,908998764993157;5429956,994966760277748;8,363071314000020;49,020742108000000
196055;08220102118400761420;08;1;18;048;2022;01;12;1;3;6;7;0;0;0;1;1;0;0;0;516227,570668230007868;5417436,579039259813726;9,221462138000049;48,909657762999998
196056;08220109221400207350;08;2;21;000;2022;01;09;1;3;0;1;0;0;1;0;0;0;0;0;474519,969127485994250;5472454,254393050447106;8,648787211000069;49,404241356999997
196058;08220201212302248240;08;2;12;000;2022;02;13;3;3;1;5;0;0;1;1;0;0;0;0;455424,251064402982593;5428770,101845529861748;8,390436930000019;49,010213024999999
196060;08220209221400292850;08;2;26;018;2022;02;22;4;3;0;7;2;0;1;0;0;0;0;0;473407,107238231983501;5472091,648043540306389;8,633472296000040;49,400932175999998
196062;08220204118300282120;08;1;18;046;2022;02;07;6;3;6;4;2;0;0;1;1;0;0;0;513251,164729047974106;5412196,100380639545619;9,180672631000050;48,862586572000097
196064;08220118221400245320;08;2;26;018;2022;01;16;3;3;0;4;0;0;0;0;1;0;1;0;473081,128543036989868;5473183,981773659586906;8,628905413000041;49,410743160999999
196066;08220112212702225480;08;2;15;046;2022;01;08;4;3;5;3;0;0;1;1;0;0;0;0;450494,653109417995438;5415181,886518100276589;8,324682063000070;48,887610288000097
196067;08220208222014254430;08;2;22;000;2022;02;16;3;3;6;4;0;0;0;0;1;0;0;1;460678,831414390995633;5482485,290473000146449;8,457014927000049;49,493728754000102
196070;08220212435200264320;08;4;35;059;2022;02;16;7;3;0;1;1;0;1;0;0;0;0;0;514843,942021091002971;5291707,867306579835713;9,198146037000070;47,778562647000101
196075;08220115415100864270;08;4;15;050;2022;01;18;7;3;6;7;1;0;0;1;1;0;0;0;520560,041000000026543;5376391,258999509736896;9,278541301000081;48,540287803000098
196076;08220128222014224970;08;2;22;000;2022;01;15;6;2;6;4;0;0;0;1;1;0;0;0;461631,724044540023897;5483790,903182280249894;8,470045996000071;49,505533032000102
196079;08220120118000232200;08;1;18;046;2022;01;20;5;2;6;4;2;0;0;1;1;0;0;0;513432,494442951981910;5411490,833412650041282;9,183121808000070;48,856238237000099
196080;08220103226400166830;08;2;26;037;2022;01;07;2;3;0;6;2;1;1;1;0;0;0;0;466576,425999999977648;5468955,053999549709260;8,539592146000070;49,372382629000100
196081;08220211212010266060;08;2;12;000;2022;02;15;6;2;5;3;0;0;1;1;0;0;0;0;457348,065342749992851;5428570,349079510197043;8,416764174000040;49,008552195000000
196084;08220126337200227430;08;3;37;022;2022;01;22;4;3;6;3;2;0;0;1;1;0;0;0;449976,996139787021093;5295662,175698050297797;8,331827696000060;47,812368018000001
196085;08220114335400182220;08;3;35;021;2022;01;08;6;2;6;4;1;0;0;1;1;0;0;0;492064,688134526018985;5300893,350544380024076;8,893906112000019;47,861330772000002
196086;08220124212702207390;08;2;15;017;2022;01;08;2;3;5;2;0;0;1;1;0;0;0;0;455819,501298608025536;5421247,285491780377924;8,396658822000060;48,942572562000102
196087;08220204435100268450;08;4;35;016;2022;02;17;6;3;5;3;1;0;1;1;0;0;0;0;536784,360964254010469;5279439,067105409689248;9,489976190000050;47,667297443999999
196090;08220113435100188680;08;4;35;016;2022;01;08;5;2;6;2;0;0;0;1;1;0;0;0;536969,496718424954452;5278081,134767959825695;9,492327263000050;47,655069042000001
196092;08220120311010206300;08;3;11;000;2022;01;08;5;3;9;6;0;1;1;0;0;1;0;0;414093,469714161998127;5316107,262202160432935;7,848527587000040;47,992492441000103
196094;08220202435100262000;08;4;35;016;2022;02;10;4;3;5;3;0;1;1;1;0;0;0;0;535314,549707651953213;5278040,629618099890649;9,470285645000050;47,654797051999999
196098;08220129317500221880;08;3;17;096;2022;01;21;7;3;0;7;2;0;1;0;0;0;0;0;421735,843626955000218;5368736,158844600431621;7,941223763000040;48,466886311000103
196100;08220207335100275310;08;3;35;043;2022;02;08;2;3;0;1;0;1;1;0;0;0;0;0;513797,705961390980519;5280974,128571829758584;9,183840119000021;47,682008387000103
196101;08220120212702200040;08;2;15;017;2022;01;11;5;3;0;7;0;1;1;0;0;0;0;0;454024,352705802011769;5419561,200202969834208;8,372335460000039;48,927275097000098
196103;08220212119400277440;08;1;19;079;2022;02;07;7;3;6;7;0;0;0;1;1;0;0;0;522884,747986041009426;5408074,169834549538791;9,311789581000030;48,825226182999998
196105;08220125311010234220;08;3;11;000;2022;01;17;3;3;5;3;1;0;1;1;0;0;0;0;411989,994702415016945;5315259,127735489979386;7,820513050000050;47,984577165000097
196107;08220128121500238470;08;1;25;005;2022;01;10;6;3;6;4;0;0;0;1;1;0;0;0;515621,698427330004051;5452219,868694179691374;9,214536485000050;49,222564695000102
196110;08220111119300188240;08;1;19;067;2022;01;18;3;3;5;3;2;0;1;1;0;0;0;0;538543,426272562006488;5405713,458934149704874;9,524899529000040;48,803215973000100
196113;08220103128100177520;08;1;28;007;2022;01;10;2;3;6;4;0;1;0;1;1;0;0;0;556055,459747969987802;5482805,031243680045009;9,774094963000040;49,495289171000103
196115;08220207327100252360;08;3;27;038;2022;02;12;2;3;6;4;0;1;0;1;1;0;0;0;495149,323084937990643;5313446,307963469997048;8,935005869000070;47,974304333000099
196116;08220120316200234170;08;3;16;014;2022;01;16;5;2;0;7;1;1;1;0;0;0;0;0;426211,930018218001351;5330306,183415479958057;8,008483949000039;48,121735704999999
196117;08220104221011176830;08;2;21;000;2022;01;16;3;3;5;3;1;1;1;1;0;0;0;0;477333,550864856981207;5473906,851623079739511;8,687485608000030;49,417418527999999
196118;08220211235100284590;08;2;35;079;2022;02;05;6;3;6;3;2;1;0;1;1;0;0;0;466934,916340949013829;5399680,645248370245099;8,550189210000040;48,749262235000103
196122;08220127311010214600;08;3;36;050;2022;01;08;5;3;0;7;0;0;1;1;0;0;0;0;400644,202526137989480;5276749,210271989926696;7,677326105000080;47,636516010999998
196124;08220128135200230040;08;1;35;019;2022;01;20;6;2;7;1;2;1;1;0;0;0;0;0;585471,215560843003914;5396392,133725889958441;10,161945274000100;48,714697531000098
196126;08220205317500249770;08;3;17;096;2022;02;09;7;3;0;1;0;2;1;0;0;0;0;0;422902,808369204984047;5369332,407483009621501;7,956898071000070;48,472393677000099
196128;08220101336100179810;08;3;36;050;2022;01;12;7;3;0;1;0;0;1;1;0;0;0;0;399277,395946830976754;5274476,112954310141504;7,659658514000060;47,615857599999998
196132;08220126212702213320;08;2;15;017;2022;01;07;4;3;5;3;2;1;1;1;0;0;0;0;454850,268999998981599;5421824,090999529697001;8,383359584000059;48,947691043000098
196135;08220204212702267490;08;2;15;017;2022;02;11;6;3;5;3;0;0;1;1;0;0;0;0;456019,204204962006770;5421475,096175570040941;8,399361271000030;48,944636000000102
196138;08220114116010208280;08;1;16;019;2022;01;18;6;3;5;2;2;1;1;1;0;0;0;0;523348,221633072011173;5398216,741789479739964;9,317544131000030;48,736533268000102
196139;08220209118500283670;08;1;18;049;2022;02;15;4;2;2;6;0;0;1;0;0;0;0;0;518482,849469388020225;5422196,616011910140514;9,252456053000060;48,952414121000103
196140;08220121136100214030;08;1;36;088;2022;01;13;6;3;6;7;0;0;1;0;1;0;0;0;577841,687214690959081;5408904,257829910144210;10,060612417000099;48,828236214000100
196141;08220107111500186670;08;1;11;000;2022;01;15;6;3;0;7;0;0;1;0;1;0;0;0;512830,886300377023872;5402789,058343900367618;9,174648130000040;48,777971009000098
196143;08220126128200226490;08;1;28;014;2022;01;07;4;2;0;1;2;2;1;0;0;0;0;0;545180,078734508948401;5476067,179586670361459;9,623153341000030;49,435593961999999
196144;08220214311010324700;08;3;11;000;2022;02;13;2;3;5;3;0;1;1;1;0;0;0;0;413024,323793352989014;5317923,083303020335734;7,833831928000050;48,008681803999998
196145;08220117222200225360;08;2;22;000;2022;01;10;2;3;3;6;0;0;1;1;0;0;0;0;461527,945361713995226;5482263,669762769713998;8,468761358000050;49,491789834000002
196146;08220115311010240940;08;3;11;000;2022;01;10;7;3;1;7;0;1;1;1;0;0;0;0;413001,130953065003268;5317896,345952330157161;7,833526450000020;48,008438136999999
196152;08220124415100210730;08;4;15;014;2022;01;16;2;3;6;4;0;0;0;1;1;0;0;0;525486,535000000963919;5375083,006999519653618;9,345202813000069;48,528337711000098
196153;08220213311010279290;08;3;11;000;2022;02;16;1;2;5;2;0;0;1;1;0;0;0;0;414912,857134694000706;5317469,467836920171976;7,859238081000060;48,004855589999998
196154;08220126222200229390;08;2;22;000;2022;01;17;4;3;6;4;2;0;0;1;1;0;0;0;461778,825757794023957;5481864,990711299702525;8,472264018000031;49,488219785000098
196155;08220115115100186061;08;1;15;051;2022;01;12;7;3;2;6;0;0;1;1;0;0;0;0;503694,634664568991866;5386377,379797269590199;9,050142900000029;48,630451635999997
196156;08220128221400318790;08;2;21;000;2022;01;08;6;3;3;5;0;1;1;1;0;0;0;0;477433,589511174999643;5470460,091081669554114;8,689060693000039;49,386419138000100
196157;08220110118400204420;08;1;18;048;2022;01;06;2;3;0;7;1;1;0;0;1;1;0;0;513704,935536634991877;5416591,058707269839942;9,187006866000051;48,902112671000097
196158;08220205311010270450;08;3;11;000;2022;02;11;7;3;0;7;0;0;1;1;0;0;0;0;414045,165561168978456;5316685,632825329899788;7,847764424000050;47,997688610000097
196159;08220119116100234930;08;1;16;019;2022;01;13;4;3;3;6;0;0;1;1;0;0;0;0;522210,673841100011487;5400481,642943480052054;9,302195449000070;48,756949659999997
196162;08220210311010278960;08;3;36;050;2022;02;18;5;3;5;3;2;0;1;1;0;0;0;0;400908,341145877027884;5276569,086543040350080;7,680882275000040;47,634936212000099
196163;08220201215402257910;08;2;15;009;2022;02;21;3;3;0;1;2;1;1;0;0;0;0;0;470043,111185828980524;5441512,257170380093157;8,589396408000029;49,125715149000001
196164;08220113437200241550;08;4;37;105;2022;01;05;5;3;7;7;2;1;1;0;1;0;0;0;519847,662695583014283;5324496,002627289853990;9,266448928000051;48,073429555000097
196165;08220122317100216480;08;3;17;001;2022;01;11;7;3;5;3;0;0;1;1;0;0;0;0;430277,827532046998385;5387513,879856480285525;8,053619469000070;48,636798665000100
196167;08220117416100188930;08;4;16;036;2022;01;18;2;3;6;7;2;0;1;0;1;0;0;0;497616,426055427000392;5370182,124329459853470;8,967743331000070;48,484760482000098
196169;08220209415400255900;08;4;15;061;2022;02;09;4;3;4;2;0;0;1;1;0;0;0;0;516034,478045981028117;5370364,989050899632275;9,216999218000071;48,486205583000100
196172;08220322435100636541;08;4;35;016;2022;03;07;3;3;5;3;0;0;1;1;0;0;0;0;536788,704015366034582;5279435,174930579960346;9,490033711000020;47,667262178000001
196174;08220318421300358900;08;4;21;000;2022;03;16;6;3;6;7;0;0;1;0;1;0;0;0;571379,116740933968686;5360648,009912740439177;9,964270539000040;48,394950647000002
196175;08220309116500336630;08;1;16;049;2022;03;17;4;3;0;7;0;0;1;0;0;0;0;0;525942,882148553966545;5384355,698222899809480;9,351962143000041;48,611737268000098
196176;08220315128100361710;08;1;28;007;2022;03;13;3;3;5;2;0;1;1;1;0;0;0;0;555788,350982583011501;5482427,577218119986355;9,770353406000030;49,491918960000099
196179;08220312212010357650;08;2;15;108;2022;03;14;7;3;6;4;0;0;0;0;1;0;0;1;449178,043999999994412;5424159,540999529883265;8,305604235000031;48,968258339000002
196181;08220322215402381310;08;2;15;103;2022;03;09;3;3;5;3;0;0;1;1;0;0;0;0;467131,419443356979173;5442509,331765039823949;8,549407318000020;49,134535143999997
196182;08220219118400297530;08;1;18;048;2022;02;13;7;3;6;4;0;0;0;1;1;0;0;0;516043,214919442019891;5417782,591807739809155;9,218959804000059;48,912775189999998
196183;08220314311010359260;08;3;15;131;2022;03;12;2;3;6;6;0;0;1;0;1;0;0;0;404421,886845425993670;5307402,606575810350478;7,720857720000030;47,912821481000002
196185;08220223119100314940;08;1;19;087;2022;02;18;4;3;1;5;2;0;1;1;0;0;0;0;527048,183529424015433;5429150,201312149874866;9,369909919000071;49,014649421000101
196186;08220226221201568380;08;2;21;000;2022;02;14;7;3;1;4;0;0;0;0;1;0;0;1;478156,343317698978353;5472902,648919490166008;8,698884975000061;49,408415982000101
196187;08220317336100386630;08;3;36;050;2022;03;17;5;3;0;7;0;0;1;0;1;0;0;0;399507,903335810988210;5273843,149014580063522;7,662870247000060;47,610199666000000
196188;08220307212000351690;08;2;12;000;2022;03;15;2;2;0;7;0;0;1;1;0;0;0;0;454609,683394114021212;5428534,232240799814463;8,379324957000049;49,008031980000098
196190;08220310111500341110;08;1;11;000;2022;03;14;5;3;5;3;0;0;1;1;0;0;0;0;513107,360061615006998;5408994,553753829561174;9,178609480000031;48,833789120000098
196191;08220321118200397880;08;1;18;019;2022;03;15;2;3;6;2;0;0;0;1;1;0;0;0;504704,069208452012390;5404635,918374120257795;9,064050904000061;48,794699797000099
196194;08220301337010329680;08;3;37;076;2022;03;12;3;3;0;6;0;0;1;1;0;0;0;0;427867,020567606028635;5268772,763538680039346;8,040980013000020;47,568361187999997
196195;08220222115200316730;08;1;15;021;2022;02;11;3;3;5;3;0;0;1;1;0;0;0;0;490359,443600422004238;5382667,589010650292039;8,869246505000040;48,597014219000101
196199;08220309118000352010;08;1;18;046;2022;03;13;4;3;6;4;0;0;0;0;1;1;0;0;514539,167890714015812;5411927,084416699595749;9,198224212000071;48,860137709000099
196200;08220319128200375110;08;1;28;139;2022;03;13;7;3;6;4;0;0;0;1;1;0;0;0;551036,130696468055248;5487976,193840060383081;9,705455353000049;49,542242261000098
196202;08220217119400304400;08;1;19;079;2022;02;17;5;3;6;4;1;0;0;1;1;0;0;0;523060,067093748017214;5408717,430184639990330;9,314214329000039;48,831006307999999
196203;08220312435100369150;08;4;35;029;2022;03;15;7;2;0;1;0;0;1;0;0;0;0;0;545041,535000000963919;5271309,922999490052462;9,599121498000040;47,593634899999998
196204;08220301311010327240;08;3;11;000;2022;03;13;3;3;7;7;0;0;1;0;0;0;0;0;410116,752385952975601;5316707,070853619836271;7,795110848000040;47,997341219000099
196207;08220223336300313330;08;3;36;057;2022;02;21;4;3;5;2;2;0;1;1;0;0;0;0;408702,739559616020415;5277814,769910899922252;7,784356980000040;47,647288054000100
196208;08220322415400764140;08;4;15;061;2022;03;16;3;3;5;3;0;0;1;1;0;0;0;0;515824,259477171988692;5371883,165358340367675;9,214211815000059;48,499868955000103
196209;08220320121600400960;08;1;25;102;2022;03;05;1;3;1;5;2;0;1;1;0;0;0;0;521118,555421823984943;5444587,219924139790237;9,289624215000060;49,153742576000099
196212;08220304231000340270;08;2;37;075;2022;03;19;6;3;0;7;2;0;1;0;0;0;0;0;447634,894113941001706;5358314,542926260270178;8,292859221000070;48,375824971999997
196213;08220215221200278490;08;2;21;000;2022;02;17;3;3;0;1;0;0;1;0;0;0;0;0;478394,836905221978668;5473296,419553359970450;8,702151136000049;49,411966405000001
196214;08220312118100343310;08;1;18;074;2022;03;12;7;3;5;3;0;0;1;0;0;0;0;1;510991,046588699973654;5428880,644458780065179;9,150307200000039;49,012719613999998
196215;08220228118300318300;08;1;18;046;2022;02;06;2;2;5;7;1;0;1;1;0;0;0;0;513073,576745413010940;5413318,625263970345259;9,178287196000040;48,872688328000002
196216;08220322222014402010;08;2;22;000;2022;03;17;3;3;6;3;0;0;0;0;1;0;0;1;461240,628097380977124;5481654,690116600133479;8,464853852000029;49,486294106000102
196217;08220218436000279420;08;4;36;064;2022;02;14;6;3;5;3;0;0;1;1;0;0;0;0;546628,356487564044073;5293362,486890380270779;9,622584576000071;47,791932755000097
196218;08220314212010366050;08;2;12;000;2022;03;12;2;3;0;3;0;0;1;1;0;0;0;0;456383,818000001017936;5428406,124999529682100;8,403597139000061;49,007007582000000
196220;08220223221200314110;08;2;21;000;2022;02;18;4;3;6;4;2;0;0;0;1;0;0;1;477730,936213393986691;5473001,696020909585059;8,693015266000030;49,409291476000099
196223;08220307421300355940;08;4;21;000;2022;03;06;2;3;4;6;0;0;1;0;0;0;0;0;570653,590400999994017;5357945,161699109710753;9,954016228000061;48,370719339000097
196224;08220310222600392640;08;2;22;000;2022;03;16;5;3;0;7;0;0;1;0;0;0;0;0;462309,857985801005270;5482932,895115709863603;8,479494039000031;49,497858237999999
196228;08220313335000348000;08;3;35;063;2022;03;17;1;3;6;4;0;0;0;1;1;0;0;0;497551,889903626986779;5288020,549990549683571;8,967341799000049;47,745552160999999
196231;08220224416100313910;08;4;16;036;2022;02;10;5;3;6;1;0;0;0;1;1;0;0;0;495297,852156933979131;5368985,963439390063286;8,936379775000029;48,473986237000098
196235;08220223212010291340;08;2;12;000;2022;02;13;4;3;1;5;0;0;1;1;0;0;0;0;459038,546474424016196;5429404,124359929934144;8,439795013000040;49,016166667999997
196237;08220317231302356100;08;2;31;000;2022;03;14;5;3;6;7;0;0;1;0;1;0;0;0;477802,288051080016885;5415559,192249890416861;8,697164775000029;48,892584225000100