OBJECTID;UIDENTSTLAE;ULAND;UREGBEZ;UKREIS;UGEMEINDE;UJAHR;UMONAT;USTUNDE;UWOCHENTAG;UKATEGORIE;UART;UTYP1;ULICHTVERH;IstStrassenzustand;IstRad;IstPKW;IstFuss;IstKrad;IstGkfz;IstSonstige;LINREFX;LINREFY;XGCSWGS84;YGCSWGS84
196238;08220307311010351630;08;3;11;000;2022;03;07;2;3;6;7;0;0;1;0;1;0;0;0;413135,248556747974362;5317771,831239930354059;7,835349523000050;48,007336330999998
196242;08220218115100290380;08;1;15;024;2022;02;09;6;3;6;2;0;0;0;0;1;0;1;0;500782,644100508012343;5387087,803549589589238;9,010623245000030;48,636853169000098
196243;08220313231402414750;08;2;31;000;2022;03;16;1;3;6;3;0;0;0;1;1;0;0;0;477355,957094675977714;5415508,344012250192463;8,691078556000040;48,892110661000103
196245;08220222116500290540;08;1;16;049;2022;02;13;3;3;8;6;0;0;1;0;0;0;0;1;525249,874017974012531;5387503,468708540312946;9,342752116000041;48,640083093000001
196246;08220224311300312730;08;3;11;000;2022;02;23;5;3;0;1;2;1;1;0;0;0;0;0;413078,250662998994812;5316578,068074139766395;7,834827355000070;47,996590298999998
196248;08220305116010330150;08;1;16;033;2022;03;10;7;2;6;7;0;0;1;0;1;0;0;0;533372,564979303046130;5388463,778296999633312;9,453087063000050;48,648341065000103
196250;08220308311010335590;08;3;11;000;2022;03;07;3;2;0;1;0;0;1;0;0;0;0;0;413934,584351846016943;5316424,951045859605074;7,846334662000060;47,995328805000000
196252;08220316116400352460;08;1;16;033;2022;03;16;4;3;4;2;0;0;1;1;0;0;0;0;532997,390738053014502;5388708,489814800210297;9,448013125000051;48,650562385999997
196254;08220312316100356470;08;3;16;043;2022;03;14;7;3;2;6;0;0;1;1;0;0;0;0;411407,195747873978689;5331509,310628799721599;7,809338247000030;48,130669652000101
196257;08220223311010314380;08;3;11;000;2022;02;13;4;3;3;2;0;0;1;0;0;0;1;0;412894,486188060021959;5318048,034101470373571;7,832066062000020;48,009788091000097
196262;08220304212010340370;08;2;12;000;2022;03;15;6;3;5;3;0;0;1;1;0;0;0;0;456058,648999999975786;5427977,501999530009925;8,399197455000040;49,003129002999998
196263;08220215119200297320;08;1;19;020;2022;02;18;3;2;5;3;2;0;1;1;0;0;0;0;519742,684055923018605;5406735,115445819683373;9,268917121000070;48,813288145000101
196264;08220308211100358520;08;2;11;000;2022;03;06;3;3;5;3;2;0;1;1;0;0;0;0;440645,756758644012734;5403958,801286759786308;8,191968408000040;48,785793908000102
196266;08220322111500397820;08;1;11;000;2022;03;08;3;3;5;7;0;0;1;1;0;0;0;0;514059,346129777026363;5403001,359068320132792;9,191376528000029;48,779854297000000
196268;08220314118400362390;08;1;18;048;2022;03;15;2;3;6;4;0;0;0;1;1;0;0;0;516461,772369523008820;5415577,300210270099342;9,224583378000030;48,892926062000100
196269;08220303317500346170;08;3;17;034;2022;03;11;5;3;5;3;0;0;1;0;0;0;0;0;426771,764460254984442;5361762,553718689829111;8,010558855000060;48,404764161000102
196270;08220222119300289260;08;1;19;067;2022;02;10;3;3;0;1;0;0;1;0;0;0;0;0;538340,965615647030063;5405762,084844560362399;9,522147001000061;48,803665912000000
196271;08220225111500322690;08;1;11;000;2022;02;07;6;2;0;7;0;0;1;0;0;0;0;0;512744,540000001026783;5402371,108999519608915;9,173459876000040;48,774212942000098
196273;08220307212102334160;08;2;12;000;2022;03;16;2;3;5;3;0;0;1;1;0;0;0;0;457878,934936780016869;5427937,065030500292778;8,424088761000061;49,002892172000003
196275;08220310116200415340;08;1;16;078;2022;03;14;5;3;0;3;0;0;0;1;1;0;0;0;512619,048769886023365;5393270,853862130083144;9,171473260000029;48,692349655000001
196276;08220320311010379380;08;3;11;000;2022;03;18;1;3;3;2;0;0;1;0;0;0;0;1;410952,697083143983036;5316787,908259109593928;7,806297419000030;47,998185350000000
196278;08220319311300653401;08;3;11;000;2022;03;14;7;3;6;6;0;0;0;1;1;0;0;0;417161,903752249025274;5315559,260535430163145;7,889753814000070;47,987967766000097
196279;08220317231000357330;08;2;37;004;2022;03;12;5;2;6;4;0;0;0;1;1;0;0;0;453539,841336694022175;5372865,690665460191667;8,370980394000069;48,507188862000099
196281;08220313111500630021;08;1;11;000;2022;03;11;1;3;6;7;0;0;0;1;1;0;0;0;510501,544033225974999;5406450,221932410262525;9,143035906000019;48,810950192000099
196283;08220221311010307970;08;3;15;098;2022;02;17;2;3;5;3;0;0;1;1;0;0;0;0;407159,207509991014376;5312661,618087709881365;7,756348729000020;47,960529340999997
196284;08220224118000318570;08;1;18;048;2022;02;13;5;3;6;7;0;0;0;1;1;0;0;0;514851,898165262013208;5416416,185039700008929;9,202650965000030;48,900513117999999
196285;08220323212010373600;08;2;12;000;2022;03;14;4;3;0;7;0;0;1;0;0;0;0;0;459321,970899284002371;5428252,974438910372555;8,443786408000051;49,005830625999998
196286;08220306118600335390;08;1;18;076;2022;03;16;1;3;0;3;0;0;1;1;0;0;0;0;505897,076959020982031;5422915,878831200301647;9,080558581000050;48,959132506000103
196287;08220318317100385040;08;3;17;001;2022;03;07;6;3;5;3;1;0;1;1;0;0;0;0;431322,671455138013698;5386757,366418980062008;8,067925147000039;48,630109474999998
196291;08220216111250273810;08;1;11;000;2022;02;12;4;2;0;7;0;1;1;0;0;0;0;0;515148,590098349028267;5404643,386374220252037;9,206263806000040;48,794600225000103
196292;08220312231000416300;08;2;31;000;2022;03;19;7;2;6;4;2;0;0;1;1;0;0;0;481889,868809556995984;5415015,627249649725854;8,752953625000030;48,887827431000098
196293;08220301311010396680;08;3;11;000;2022;03;13;3;3;3;2;0;0;1;1;0;0;0;0;413166,029772716981824;5315428,880108149722219;7,836236244000080;47,986264888000100
196300;08220308317100361900;08;3;17;001;2022;03;08;3;3;0;7;0;0;1;0;0;0;0;0;430922,527842863986734;5386591,838155779987574;8,062522818000049;48,628576477000102
196303;08220215128100284660;08;1;28;058;2022;02;16;3;3;0;1;0;0;1;0;0;0;0;0;558396,884809516021051;5483029,994259860366583;9,806458693000019;49,497091614000098
196307;08220322311500369650;08;3;15;113;2022;03;15;3;3;6;2;0;0;0;1;1;0;0;0;441301,970999998971820;5306814,550999499857426;8,214448745000031;47,911968131999998
196308;08220219111230307540;08;1;11;000;2022;02;12;7;3;0;7;0;0;1;0;0;0;0;0;507339,359261529985815;5397033,921363860368729;9,099797561000059;48,726286871000099
196309;08220314335100348650;08;3;35;043;2022;03;15;2;3;0;1;0;0;1;0;0;0;0;0;513543,697288339026272;5279906,162847950123250;9,180422605000050;47,672404577000101
196310;08220304417100329950;08;4;17;079;2022;03;15;6;3;5;3;0;0;1;1;0;0;0;0;499881,083929447981063;5339951,547165120020509;8,998399261000030;48,212791410000101
196311;08220226311010299010;08;3;36;050;2022;02;11;7;3;5;3;0;0;1;1;0;0;0;0;399431,581884548009839;5273435,090038890019059;7,661948651000050;47,606517193999998
196312;08220318119300417010;08;1;19;067;2022;03;16;6;3;5;2;0;0;1;1;0;0;0;0;538346,454000000027008;5405565,820999519899487;9,522203411000021;48,801900072000102
196314;08220311326100342860;08;3;26;006;2022;03;16;6;3;6;7;0;0;0;1;1;0;0;0;458742,337454215972684;5308678,755879529751837;8,447659744000021;47,930099579999997
196316;08220322212010394130;08;2;12;000;2022;03;08;3;3;4;6;0;0;1;0;0;0;0;1;453433,153623350022826;5430469,142614959739149;8,363015865000021;49,025348907000101
196317;08220217231202302260;08;2;36;004;2022;02;06;5;3;1;5;2;1;1;1;0;0;0;0;473843,993433763971552;5414695,759262270294130;8,643219494000050;48,884662661999997
196318;08220314311010377090;08;3;11;000;2022;03;14;2;3;2;2;0;0;1;1;0;0;0;0;411267,517777299974114;5315337,189021970145404;7,810816624000040;47,985179527000099
196321;08220225116500317750;08;1;16;042;2022;02;15;6;3;5;3;0;0;1;1;0;0;0;0;517470,001999998989049;5382011,897999520413578;9,236914836000039;48,590945982000100
196322;08220316417200379810;08;4;17;002;2022;03;12;4;3;5;3;0;0;1;0;0;0;0;1;489689,193985886988230;5346485,443765250034630;8,861046475000020;48,271491674000103
196323;08220308118100334010;08;1;18;040;2022;03;05;3;3;3;5;2;0;1;1;0;0;0;0;510632,065697186975740;5432148,079067650251091;9,145483666000080;49,042118258000102
196327;08220319336100397650;08;3;36;050;2022;03;15;7;3;4;2;0;0;1;1;0;0;0;0;401189,165542404982261;5276071,941679189912975;7,684731854000060;47,630507117999997
196328;08220317311010409320;08;3;11;000;2022;03;17;5;3;0;7;0;0;1;1;0;0;0;0;413656,787124620983377;5316393,828234010376036;7,842617972000030;47,995011389000098
196329;08220216311010272110;08;3;36;091;2022;02;06;4;3;5;3;2;1;1;1;0;0;0;0;395655,642000378982630;5271931,215169809758663;7,612083008000070;47,592392661000098
196331;08220302215402340520;08;2;15;103;2022;03;09;4;2;5;3;0;0;1;1;0;0;0;0;465468,335091033019125;5442066,808683330193162;8,526646928000050;49,130463380000002
196332;08220221136100311070;08;1;36;088;2022;02;16;2;3;5;3;0;1;1;1;0;0;0;0;581806,531289560953155;5410535,115774559788406;10,114949479000099;48,842394814999999
196333;08220223421300373590;08;4;21;000;2022;02;13;4;3;6;4;0;0;0;1;1;0;0;0;572385,522953410982154;5360538,110544590279460;9,977845232000050;48,393847337000103
196335;08220305317500342910;08;3;17;096;2022;03;18;7;3;6;4;1;0;0;1;1;0;0;0;421545,563636818027589;5368561,434913639910519;7,938682842000050;48,465290977999999
196336;08220318415400741010;08;4;15;061;2022;03;19;6;3;3;7;2;0;1;1;0;0;0;0;514785,132862756028771;5369993,594433669932187;9,200078439000039;48,482895013000103
196338;08220315226600655491;08;2;26;096;2022;03;22;3;3;1;5;2;0;1;1;0;0;0;0;475152,124535981973168;5488700,166113290004432;8,656480015000060;49,550394728000100
196342;08220227121200316580;08;1;21;000;2022;02;00;1;3;0;7;2;0;1;0;0;0;0;0;514841,357536530005746;5443143,907005409710109;9,203484949000030;49,140943329999999
196343;08220322311010398290;08;3;11;000;2022;03;14;3;3;3;6;0;0;1;1;0;0;0;0;413409,466999985976145;5317025,627999500371516;7,839175993000030;48,000661198000003
196344;08220219235200307500;08;2;35;046;2022;02;09;7;3;6;4;0;0;0;1;1;0;0;0;479271,260500457021408;5376444,971881040371954;8,719170578000050;48,540765464000103
196345;08220314311010374780;08;3;15;047;2022;03;07;2;3;5;3;0;0;1;1;0;0;0;0;416539,651040632976219;5322345,352372690103948;7,880094243000030;48,048930742000003
196348;08220317335000356760;08;3;35;075;2022;03;17;5;3;5;3;0;0;1;1;0;0;0;0;487674,824737431015819;5290824,648871459998190;8,835500913000031;47,770669000000098
196349;08220307311010381450;08;3;11;000;2022;03;11;2;2;0;7;0;0;0;0;1;0;0;1;411659,493999983009417;5314397,702999499626458;7,816261925000050;47,976782833000101
196351;08220321221400405000;08;2;21;000;2022;03;14;2;3;5;3;0;0;1;1;0;0;0;0;476216,314000001002569;5471336,681999550200999;8,672235856000039;49,394257623999998
196352;08220217325202287180;08;3;25;049;2022;02;07;5;3;6;4;1;1;0;1;1;0;0;0;472651,603546124999411;5334355,931799509562552;8,632225251000021;48,161859927000101
196353;08220313335100385390;08;3;35;043;2022;03;16;1;3;3;7;0;0;1;1;0;0;0;0;513235,193200103007257;5279890,337527300231159;9,176312403000050;47,672268574999997
196354;08220302221200333360;08;2;21;000;2022;03;19;4;3;5;2;2;0;1;0;0;0;0;0;476691,699117883981671;5472956,281903600320220;8,678692015000021;49,408844062000099
196357;08220306415400364090;08;4;15;061;2022;03;14;1;3;5;3;0;0;1;1;0;0;0;0;516409,083232068980578;5372058,863751360215247;9,222135376000040;48,501434592000102
196359;08220308416100333810;08;4;16;036;2022;03;07;3;3;1;5;0;0;1;1;0;0;0;0;495438,016129766998347;5372662,737232560291886;8,938236039000060;48,507065037000103
196360;08220225231302308860;08;2;31;000;2022;02;13;6;3;6;4;0;1;0;1;1;0;0;0;478206,235005158989225;5415638,806153720244765;8,702671350000060;48,893314745000097
196363;08220311436100365520;08;4;36;055;2022;03;23;6;3;7;1;2;0;1;0;0;0;0;0;576616,622000009985641;5297427,298999490216374;10,023654968000100;47,825630232000002
196364;08220228118000318340;08;1;18;021;2022;02;16;2;2;2;2;0;0;1;0;0;0;1;0;521550,044378465972841;5427296,723003200255334;9,294620374000029;48,998193024999999
196365;08220320436200363210;08;4;36;064;2022;03;13;1;3;8;1;0;0;1;0;0;0;0;0;546197,304718435043469;5292218,251912860199809;9,616707700000060;47,781669142000098
196366;08220321437000370660;08;4;37;104;2022;03;12;2;3;5;3;0;0;1;1;0;0;0;0;516222,126595587993506;5326044,197973369620740;9,217836394000070;48,087461212999997
196367;08220217416200653781;08;4;16;023;2022;02;12;5;3;0;3;0;0;1;0;0;0;0;1;507779,443887219997123;5369857,657191810198128;9,105272314000050;48,481797815999997
196369;08220301415400575150;08;4;15;061;2022;03;08;3;3;6;3;0;0;0;1;1;0;0;0;516342,097140973026399;5372423,604780799709260;9,221242850000070;48,504717668000097
196371;08220225212702298050;08;2;15;017;2022;02;07;6;3;5;3;0;0;1;1;0;0;0;0;455412,054795735981315;5421155,897189619950950;8,391104948000081;48,941721268999999
196376;08220321121400382040;08;1;25;013;2022;03;17;2;3;0;1;0;0;1;0;0;0;0;0;508313,329000000027008;5434863,027999539859593;9,113811091000059;49,066576253999997
196378;08220315416200375970;08;4;16;041;2022;03;17;3;3;0;1;0;1;1;0;0;0;0;0;505641,074170622974634;5375200,611391790211201;9,076407905000050;48,529887911000102
196379;08220217212010276420;08;2;12;000;2022;02;12;5;3;5;3;0;0;1;0;0;0;0;0;457024,662669198005460;5428508,084646659903228;8,412348699000059;49,007969682000102
196380;08220314111500347430;08;1;11;000;2022;03;07;2;3;5;2;0;1;1;1;0;0;0;0;513488,153276550001465;5400100,171225350350142;9,183506346000060;48,753768045000101
196381;08220301226700329970;08;2;26;098;2022;03;06;3;3;5;6;2;0;1;1;0;0;0;0;475231,677730892028194;5459700,827378840185702;8,659389938000061;49,289554760999998
196383;08220224111330295190;08;1;11;000;2022;02;10;5;3;6;6;0;0;0;1;1;0;0;0;511013,521887632028665;5410969,225193439982831;9,150130666000051;48,851593605000097
196386;08220308316100349060;08;3;16;020;2022;03;15;3;3;6;7;0;0;0;0;1;0;0;1;408558,073871147993486;5338445,648302869871259;7,769564483000070;48,192658005000098
196387;08220315136100351250;08;1;36;088;2022;03;13;3;3;5;3;0;1;1;0;0;0;0;0;579523,439124113996513;5409116,217930139973760;10,083563579000000;48,829929571000001
196388;08220304311010348190;08;3;11;000;2022;03;16;6;3;5;3;0;0;1;1;0;0;0;0;416908,292958036996424;5315392,149086769670248;7,886387774000070;47,986431613999997
196390;08220227222500318260;08;2;26;009;2022;02;18;1;3;6;6;0;0;1;0;1;0;0;0;464969,155434972024523;5473197,240180829539895;8,517078981000051;49,410449463000099
196394;08220304111240329880;08;1;11;000;2022;03;17;6;3;6;3;0;0;0;1;1;0;0;0;515227,427085186995100;5402910,979874700307846;9,207273053000050;48,779013758000097
196395;08220223116200305080;08;1;16;078;2022;02;07;4;3;6;4;0;0;0;1;1;0;0;0;509328,549851361021865;5394701,471665499731898;9,126792947000069;48,705277459999998
196397;08220317212502353990;08;2;12;000;2022;03;08;5;3;0;7;0;0;1;0;0;0;0;0;454441,624182517989539;5428545,972422970458865;8,377025711000041;49,008125200000102
196400;08220310116500641791;08;1;16;042;2022;03;16;5;2;3;6;0;0;1;1;0;0;0;0;517460,526000000012573;5381995,194999519735575;9,236785629000050;48,590795983000099
196401;08220321235100397470;08;2;35;029;2022;03;12;2;3;6;4;0;0;0;1;1;0;0;0;487427,951721063989680;5393675,950265649706125;8,829153070000070;48,695994874000100
196402;08220217222200278320;08;2;22;000;2022;02;12;5;3;6;4;0;0;0;1;1;0;0;0;461654,334003761003260;5481831,045101149939001;8,470548478000071;49,487906608000102
196403;08220313118400367150;08;1;18;048;2022;03;11;1;3;0;7;0;0;1;0;0;0;0;0;513306,445275149017107;5415116,138794790022075;9,181521363000060;48,888853371000003
196404;08220302226600338070;08;2;26;096;2022;03;19;4;2;0;6;2;0;1;0;1;0;0;0;474681,564771723002195;5491556,212315220385790;8,649790999000061;49,576064133000003
196405;08220222335000293000;08;3;35;043;2022;02;16;3;3;0;7;0;0;1;0;0;0;0;0;513908,008871747006197;5280519,856719059869647;9,185295310000070;47,677918647000098
196408;08220318317500365950;08;3;17;096;2022;03;13;6;3;0;7;0;0;1;0;0;0;0;0;420877,661305281973910;5365670,843467249535024;7,930195606000040;48,439206716000101
196410;08220319336300389610;08;3;36;057;2022;03;15;7;3;0;1;0;0;1;0;0;0;0;0;408221,828999980993103;5276788,813999489881098;7,778170302000040;47,637990840999997
196411;08220316222800642931;08;2;22;000;2022;03;13;4;3;5;3;0;0;1;1;0;0;0;0;462956,476684097026009;5486396,053744119592011;8,488098570000030;49,529047290000101
196413;08220312421200355440;08;4;21;000;2022;03;05;7;3;0;7;2;0;1;0;0;0;0;0;572557,468555617961101;5361847,777155499905348;9,980394035000071;48,405608338999997
196416;08220223336300313220;08;3;36;081;2022;02;10;4;3;5;3;0;0;1;1;0;0;0;0;411673,973999985028058;5277941,903999489732087;7,823885196000050;47,648844069000099
196418;08220219116010286950;08;1;16;073;2022;02;10;7;3;5;3;0;0;1;0;0;0;0;0;521418,651000000012573;5388475,737999520264566;9,290796569000070;48,648972699000097
196421;08220215212402273010;08;2;12;000;2022;02;13;3;3;5;3;0;0;1;1;0;0;0;0;453761,349108205002267;5426850,619858610443771;8,367917096000040;48,992824793000104
196422;08220319222200361130;08;2;22;000;2022;03;11;7;3;3;5;0;0;1;1;0;0;0;0;461437,448999808984809;5482116,108346739783883;8,467526199000080;49,490456854000101
196424;08220217121500279540;08;1;25;065;2022;02;11;5;3;4;2;0;1;1;0;0;0;0;1;518154,168712785001844;5450781,355313399806619;9,249250105000041;49,209555162000100
196426;08220301115100330801;08;1;15;044;2022;03;10;3;2;0;7;0;0;1;0;0;0;0;0;504541,332623871974647;5389343,290535259991884;9,061666641000039;48,657127897000102
196427;08220221119200309100;08;1;19;020;2022;02;09;2;3;6;7;0;1;0;1;1;0;0;0;520165,334435921977274;5406444,106108780018985;9,274659717000080;48,810656708000103
196432;08220315335000367290;08;3;35;075;2022;03;12;3;3;5;3;0;1;1;1;0;0;0;0;487872,896245839016046;5290329,966588339768350;8,838158290000020;47,766221847000097
196434;08220215111500286300;08;1;11;000;2022;02;17;3;3;6;4;0;0;0;1;1;0;0;0;512798,354775968007743;5408755,140780580230057;9,174391317000071;48,831641846000103
196435;08220311335200352660;08;3;35;063;2022;03;20;6;3;0;6;2;0;1;0;0;0;0;0;497093,888000001024920;5287151,523999489843845;8,961237782000071;47,737731118000099
196436;08220226436200319540;08;4;36;064;2022;02;11;7;3;6;4;0;0;0;1;1;0;0;0;545292,064725417993031;5291656,301118849776685;9,604565345000029;47,776677542000101
196440;08220314311400351040;08;3;15;074;2022;03;05;2;3;7;7;2;0;1;0;0;0;0;1;395067,606889314018190;5296251,534589390270412;7,598411267000070;47,811058377000101
196441;08220303212010340330;08;2;12;000;2022;03;14;5;3;6;6;0;0;1;0;1;0;0;0;456215,335438972979318;5428708,459320270456374;8,401260851000069;49,009715182999997
196442;08220223222400305220;08;2;26;036;2022;02;21;4;2;0;1;2;0;1;0;0;0;0;0;467880,158863933000248;5480965,752888349816203;8,556577857000040;49,480485144000099
196443;08220225311100314800;08;3;15;059;2022;02;06;6;3;6;6;0;0;0;1;1;0;0;0;399047,916999968991149;5322186,785999489948153;7,645482349000080;48,044977360000097
196446;08220310311010339210;08;3;11;000;2022;03;20;5;3;0;7;2;0;1;0;0;0;0;0;414502,753890008025337;5316199,076793430373073;7,853994115000030;47,993373206000101
196448;08220321415400397730;08;4;15;061;2022;03;16;2;3;3;6;0;0;1;1;0;0;0;0;516481,132286200008821;5372809,778514309786260;9,223140374000019;48,508188179000101
196450;08220313425000370710;08;4;25;020;2022;03;13;1;3;0;7;0;0;1;0;0;0;0;0;559484,696328173042275;5363180,474294750019908;9,803964240000029;48,418966238000102
196452;08220222221400309560;08;2;21;000;2022;02;09;3;3;5;3;0;1;1;1;0;0;0;0;474561,993799964024220;5471400,132492220029235;8,649433961000060;49,394761475999999
196453;08220224212010308140;08;2;12;000;2022;02;07;5;3;5;3;0;0;1;1;0;0;0;0;453610,771524280018639;5429968,159828729927540;8,365502623000051;49,020855938000103
196455;08220318222014363640;08;2;22;000;2022;03;17;6;3;6;4;0;0;0;0;1;0;0;1;463175,237286193005275;5482829,277393599972129;8,491454201000071;49,496979402000100
196456;08220309221300359120;08;2;21;000;2022;03;18;4;3;1;5;1;0;1;1;0;0;0;0;476871,358344446984120;5473507,733771950006485;8,681136474000031;49,413811135000103
196457;08220319221011386260;08;2;22;000;2022;03;11;7;2;0;5;0;0;1;1;0;0;0;0;461998,205888539028820;5482795,703328919596970;8,475203466000041;49,496604828000002
196459;08220215221200270250;08;2;21;000;2022;02;08;3;3;0;1;0;1;1;0;0;0;0;0;476990,278840359998867;5472953,745584920048714;8,682808056000059;49,408832611999998
196460;08220301221200327400;08;2;21;000;2022;03;14;3;3;4;6;0;0;1;0;0;0;0;0;476203,526809747971129;5472793,390916129574180;8,671972373000070;49,407359991000099
196461;08220221416100305250;08;4;16;036;2022;02;05;2;3;6;4;2;1;0;1;1;0;0;0;495285,704000001016539;5369553,479999509640038;8,936209010000031;48,479091771000100
196462;08220223437200322530;08;4;37;104;2022;02;09;4;3;5;3;0;1;1;1;0;0;0;0;517824,488114119973034;5326317,901600860059261;9,239364706000060;48,089880913999998
196467;08220225317600315540;08;3;17;041;2022;02;06;6;3;5;3;1;1;1;1;0;0;0;0;437416,117999996989965;5348168,878999509848654;8,156385516000061;48,283626830000102
196468;08220308118300335010;08;1;18;003;2022;03;08;3;2;5;3;0;0;1;1;0;0;0;0;510914,663973637972958;5417103,819497649557889;9,148946855000080;48,906780785000102
196469;08220311311010066920;08;3;11;000;2022;03;08;6;3;4;6;0;0;1;1;0;0;0;0;413040,822087979002390;5316071,596736109815538;7,834428359000070;47,992029330999998
196470;08220227212702311190;08;2;15;108;2022;02;11;1;3;2;6;0;0;1;1;0;0;0;0;448055,291059169976506;5423219,064959039911628;8,290384982000029;48,959705419999999
196472;08220218116500291290;08;1;16;049;2022;02;13;6;3;5;3;0;0;1;1;0;0;0;0;524610,475361607968807;5386127,800369489938021;9,333991118000030;48,627733029000098
196473;08220314116500346010;08;1;16;035;2022;03;08;2;3;6;7;0;0;0;0;1;0;0;1;526707,867942253942601;5392438,115147029981017;9,362861637000041;48,684414410999999
196476;08220225111500315790;08;1;11;000;2022;02;07;6;3;6;4;0;0;0;1;1;0;0;0;508909,757283797021955;5406488,221897630020976;9,121355912000070;48,811316899000097
196477;08220317117300354420;08;1;17;026;2022;03;12;5;3;5;3;0;0;1;1;0;0;0;0;547728,323037166963331;5394921,415010070428252;9,648724328000069;48,705499541000101
196479;08220310325102371960;08;3;25;045;2022;03;17;5;2;6;4;0;0;0;0;1;0;0;1;468542,757581980025861;5349503,346456299535930;8,575847275000060;48,297944782999998
196485;08220218212010288730;08;2;12;000;2022;02;09;6;3;3;2;0;0;1;0;0;0;0;1;453625,723477009974886;5428095,045899599790573;8,365921136000050;49,004008317999997
196487;08220303121400335270;08;1;25;056;2022;03;11;5;3;6;4;0;0;0;1;1;0;0;0;512328,872809170978144;5435638,966030550189316;9,168808103000060;49,073488881999999
196488;08220223121100314580;08;1;25;026;2022;02;12;4;3;1;5;0;0;1;1;0;0;0;0;492955,693260342988651;5442842,588913000188768;8,903422857000070;49,138371764000098
196490;08220316436000354000;08;4;35;057;2022;03;16;4;3;0;7;0;0;1;0;0;0;0;0;543357,755764244007878;5279159,012483219616115;9,577503292000070;47,664370414000103
196492;08220310415300341070;08;4;15;059;2022;03;18;5;3;5;2;1;0;1;1;0;0;0;0;516497,449867198010907;5369542,790951579809189;9,223232240000071;48,478796810000098
196493;08220309311500375670;08;3;15;068;2022;03;10;4;3;6;4;0;0;0;0;1;0;0;1;438931,540053887001704;5304284,139004399999976;8,183086959000040;47,888982086000098
196494;08220321226200416570;08;2;26;059;2022;03;09;2;3;6;4;0;0;0;1;1;0;0;0;465360,801999998977408;5460172,997999539598823;8,523610514000040;49,293322037000102
196495;08220317136100367030;08;1;36;088;2022;03;15;5;3;4;6;0;0;1;0;0;0;0;1;580551,442885168013163;5412284,888993689790368;10,098191226000001;48,858296762000101
196496;08220216221011290510;08;2;21;000;2022;02;18;4;3;3;5;1;1;1;0;0;0;0;0;477657,769258512998931;5472884,850155300460756;8,692013232000020;49,408237783000096
196497;08220313222600344010;08;2;22;000;2022;03;12;1;3;3;5;0;0;1;1;0;0;0;0;461655,890000001993030;5484136,040999550372362;8,470346255000040;49,508638881000103
196498;08220302415300327260;08;4;15;019;2022;03;11;4;3;0;1;0;0;1;0;0;0;0;0;520394,610035846009851;5370628,655555820092559;9,276018378000060;48,488451243999997
196499;08220222117300301420;08;1;17;026;2022;02;12;3;3;0;4;0;0;0;0;1;1;0;0;547788,268442783039063;5395059,379201229661703;9,649555025000041;48,706736007000103
196500;08220224435200323700;08;4;35;052;2022;02;21;5;3;0;1;2;0;1;0;0;0;0;0;525639,775640062056482;5289448,079870729707181;9,342119981000049;47,757891222000097
196501;08220323221300380870;08;2;21;000;2022;03;09;4;3;6;2;0;0;0;1;1;0;0;0;477334,383773361972999;5473900,645034969784319;8,687497446000069;49,417362732000100
196503;08220318311100358790;08;3;15;015;2022;03;14;6;3;5;3;0;0;1;1;0;0;0;0;394725,257604196027387;5321509,892334310337901;7,587667709000070;48,038190806000003
196505;08220320116500390750;08;1;16;011;2022;03;14;1;2;0;1;0;0;1;0;0;0;0;0;529624,714059688034467;5379829,678313690237701;9,401588867000040;48,570857546000099
196507;08220305337200348961;08;3;37;032;2022;03;12;7;3;0;1;0;1;1;1;0;0;0;0;438595,682999998971354;5273788,151999490335584;8,182901018000051;47,614588095999999
196509;08220312222014363040;08;2;22;000;2022;03;20;7;2;6;4;2;0;0;1;1;0;0;0;462932,743000001995824;5483393,806999550200999;8,488052554000030;49,502042280000097
196510;08220301317200326640;08;3;17;153;2022;03;06;3;3;5;2;1;0;1;1;0;0;0;0;421216,685076127992943;5391846,084292460232973;7,929823744000030;48,674688920000101
196511;08220223311400310830;08;3;15;076;2022;02;07;4;3;5;3;0;0;1;0;0;0;1;0;392633,596999956003856;5296256,094999480061233;7,565909317000030;47,810697900000001
196512;08220322416200368300;08;4;16;023;2022;03;07;3;3;2;6;0;0;1;1;0;0;0;0;507541,438035117986146;5371400,675297340378165;9,102079454000030;48,495682332000101
196515;08220305115300339090;08;1;15;028;2022;03;08;7;3;5;3;0;0;1;0;0;0;0;1;500094,708539430983365;5405001,214853690005839;9,001289642000071;48,798003768999997
196516;08220225311010308670;08;3;36;050;2022;02;09;6;2;5;3;0;0;1;1;0;0;0;0;398652,168586047017016;5272669,428986839950085;7,651758604000070;47,599508417000003
196518;08220308221400372490;08;2;21;000;2022;03;17;3;3;4;6;0;0;1;1;0;0;0;0;478130,525515466986690;5469442,028126000426710;8,698719521000040;49,377287196000097
196523;08220302212702378780;08;2;15;017;2022;03;06;4;3;0;7;2;0;1;0;0;0;0;0;456559,780720820999704;5419972,854836950078607;8,406903545000031;48,931161196000097
196525;08220225222200322490;08;2;22;000;2022;02;10;6;3;3;2;0;0;1;0;0;0;1;0;460578,252533002989367;5481735,796660600230098;8,455700853000049;49,486980947000099