OBJECTID;UIDENTSTLAE;ULAND;UREGBEZ;UKREIS;UGEMEINDE;UJAHR;UMONAT;USTUNDE;UWOCHENTAG;UKATEGORIE;UART;UTYP1;ULICHTVERH;IstStrassenzustand;IstRad;IstPKW;IstFuss;IstKrad;IstGkfz;IstSonstige;LINREFX;LINREFY;XGCSWGS84;YGCSWGS84
197099;08220221216200286040;08;2;16;007;2022;02;21;2;3;8;1;2;1;1;0;0;0;0;0;436252,117843376006931;5394080,018843949772418;8,133690122000081;48,696499529000100
197100;08220223231102323740;08;2;36;050;2022;02;16;4;3;6;4;0;0;0;0;1;0;0;1;483832,461510189983528;5422854,078653319738805;8,779142260000070;48,958393280000102
197101;08220323119300401100;08;1;19;086;2022;03;17;4;3;5;3;0;0;1;1;0;0;0;0;534572,287922329036519;5405378,415337760001421;9,470792813000060;48,800435618999998
197104;08220304435200343930;08;4;35;034;2022;03;20;6;3;4;6;2;0;1;1;0;0;0;0;528932,902864980045706;5285480,895041329786181;9,385796496000070;47,722057513999999
197105;08220215121300307410;08;1;21;000;2022;02;20;3;3;4;6;2;0;1;1;0;0;0;0;514788,556999999971595;5445078,052999540232122;9,202832034000039;49,158342876000098
197106;08220312111500371930;08;1;11;000;2022;03;12;7;3;5;3;0;0;1;1;0;0;0;0;507559,768714157980867;5397378,385006099939346;9,102800909000051;48,729383042000102
197109;08220218116400280660;08;1;16;070;2022;02;16;6;3;9;1;0;0;1;0;0;0;0;0;538146,476539092953317;5385797,778985570184886;9,517652690000030;48,624085046000097
197110;08220314212010366950;08;2;15;109;2022;03;11;2;2;5;2;0;0;1;0;0;0;0;1;460605,499000000010710;5432587,235999530181289;8,460914994000060;49,044901346000103
197111;08220303111500346000;08;1;11;000;2022;03;16;5;3;6;7;0;0;0;0;1;0;0;1;516782,240702137001790;5406620,444082479923964;9,228588294000080;48,812343596000098
197113;08220226317100299490;08;3;17;067;2022;02;13;7;3;0;1;0;0;1;0;0;0;0;0;436034,025189785985276;5373157,230897339992225;8,133950491000061;48,508272388000101
197115;08220307121100333550;08;1;25;006;2022;03;18;2;3;6;7;2;0;0;1;1;0;0;0;508288,604977820999920;5454602,061840410344303;9,113878924000060;49,244136212999997
197117;08220309226700346040;08;2;26;076;2022;03;17;4;2;4;2;0;0;1;1;0;0;0;0;474464,848421537026297;5465461,044924950227141;8,648476296000069;49,341336085000101
197121;08220217111500276610;08;1;11;000;2022;02;15;5;3;6;7;0;0;0;1;1;0;0;0;511165,671000001020730;5402161,496999519877136;9,151965034000060;48,772357623000097
197123;08220301436500330650;08;4;36;078;2022;03;19;3;3;6;2;2;0;0;1;1;0;0;0;558132,062023421982303;5291779,736017109826207;9,775957654000020;47,776757417000098
197124;08220222116010312020;08;1;16;071;2022;02;09;3;2;6;4;0;0;0;0;1;0;1;0;527617,857003043056466;5391156,705462940037251;9,375139161000050;48,672847339000000
197125;08220225118010308120;08;1;18;003;2022;02;13;6;2;4;1;0;0;1;0;0;0;0;0;511274,503000000026077;5416708,623999530449510;9,153846463000040;48,903219265000097
197126;08220323222500401050;08;2;22;000;2022;03;12;4;3;6;4;0;0;0;1;1;0;0;0;462912,341274306993000;5479112,611553469672799;8,488172331000040;49,463533815000098
197128;08220319115200377350;08;1;15;015;2022;03;14;7;3;5;3;0;0;1;1;0;0;0;0;491760,338265213009436;5388017,121551929973066;8,888140311000029;48,645159655999997
197129;08220308311400407430;08;3;15;074;2022;03;00;3;3;1;5;2;0;1;1;0;0;0;0;397067,562947102996986;5295959,930006530135870;7,625186022000040;47,808758439000002
197134;08220322426010370740;08;4;26;045;2022;03;18;3;2;6;4;1;0;0;1;1;0;0;0;531142,415119769051671;5328413,633614930324256;9,418359955000030;48,108224085000103
197136;08220314417300373350;08;4;17;031;2022;03;15;2;2;6;7;0;0;0;0;1;1;0;0;497099,429000000003725;5354592,266999510116875;8,960854677000039;48,344503641000102
197137;08220303121400334660;08;1;25;013;2022;03;11;5;3;0;5;0;0;1;1;0;0;0;0;507702,581224384019151;5435759,179081560112536;9,105466912000050;49,074645514000103
197142;08220322127100396690;08;1;27;076;2022;03;14;3;2;2;6;0;0;1;1;0;0;0;0;553375,633287401986308;5439151,100728539749980;9,731258551000050;49,102889574000102
197145;08220314118400402080;08;1;18;048;2022;03;12;2;3;6;7;0;0;0;0;1;0;0;1;513720,716551363992039;5415355,910200290381908;9,187180711000050;48,891001258000102
197146;08220302128100331690;08;1;28;007;2022;03;09;4;2;6;4;0;0;0;1;1;0;0;0;555838,996017858968116;5482853,135503020137548;9,771112802000060;49,495741784000103
197147;08220222128100318220;08;1;28;007;2022;02;17;3;3;6;4;0;1;0;1;1;0;0;0;555770,741082984954119;5482445,285168180242181;9,770112762000050;49,492079844999999
197148;08220225215402322310;08;2;15;021;2022;02;09;6;3;5;3;0;1;1;1;0;0;0;0;469471,286374358984176;5443885,913130789995193;8,581379150000030;49,147038431000098
197153;08220321212010373290;08;2;12;000;2022;03;19;2;3;5;3;2;0;1;0;0;0;0;0;456864,222788929007947;5428115,827510190196335;8,410196616000061;49,004430083999999
197155;08220316212502355320;08;2;12;000;2022;03;18;4;3;5;2;1;0;1;1;0;0;0;0;453442,625999998999760;5428931,826999530196190;8,363321831000061;49,011521420000101
197156;08220216231000289200;08;2;31;000;2022;02;16;4;3;6;4;0;0;0;1;1;0;0;0;477644,862717428011820;5415372,900428320281208;8,695027304000060;48,890902746999998
197158;08220228311010403150;08;3;15;041;2022;02;15;2;2;0;1;0;0;1;0;0;0;0;0;420023,829862340004183;5322979,295418219640851;7,926719215000050;48,055079546000101
197159;08220218115100295310;08;1;15;003;2022;02;19;6;3;5;3;2;1;1;1;0;0;0;0;501121,694134222983848;5392509,318984669633210;9,015240048000070;48,685625405000103
197160;08220314212010369130;08;2;12;000;2022;03;17;2;3;5;3;0;0;1;0;0;0;0;0;460528,773171250999440;5427692,565122559666634;8,460341389000060;49,000867988000003
197161;08220303215402358880;08;2;15;009;2022;03;17;5;3;6;7;0;0;1;0;1;0;0;0;469416,597745296021458;5440990,454765220172703;8,580848912000020;49,120990583000001
197162;08220222311010288600;08;3;36;091;2022;02;13;3;3;2;6;0;0;1;1;0;0;0;0;396266,348310349974781;5272073,662149050273001;7,620170080000040;47,593771989000103
197163;08220225111500314240;08;1;11;000;2022;02;13;6;3;7;7;0;0;1;0;0;0;0;0;513812,741083340020850;5402737,927543450146914;9,188010896000041;48,777490014000101
197164;08220316421300353040;08;4;21;000;2022;03;19;4;3;6;4;2;0;0;1;1;0;0;0;571075,671997308963910;5360874,138097359798849;9,960210141000060;48,397019018000002
197165;08220308111250336850;08;1;11;000;2022;03;14;3;3;6;7;0;0;0;1;1;0;0;0;518418,244812070974149;5403149,537156930193305;9,250716192000031;48,781073499999998
197166;08220311121200399200;08;1;21;000;2022;03;18;6;3;5;3;1;0;1;1;0;0;0;0;515938,459701275976840;5443689,870342910289764;9,218548439000070;49,145826960000100
197167;08220309231402403270;08;2;31;000;2022;03;14;4;3;0;7;0;0;0;0;1;0;0;1;478689,209095740981866;5414671,585128240287304;8,709310835000050;48,884630739000002
197168;08220321216100393840;08;2;16;043;2022;03;17;2;2;6;7;0;0;0;0;1;0;0;1;441638,529810266976710;5411269,096842950209975;8,204442380000049;48,851644213999997
197170;08220316435200418490;08;4;35;034;2022;03;06;4;3;5;3;1;0;1;1;0;0;0;0;529139,946587641024962;5284852,028959110379219;9,388515121000070;47,716390026000099
197172;08220313231302363300;08;2;31;000;2022;03;12;1;3;0;7;0;0;1;0;0;0;0;0;481750,455956418009009;5417454,281302610412240;8,750942899000050;48,909760718000001
197173;08220302222200353590;08;2;22;000;2022;03;20;4;3;6;4;1;0;0;1;1;0;0;0;461878,536418111005332;5482282,033603269606829;8,473600483000039;49,491977136000102
197177;08220318426010372420;08;4;26;128;2022;03;17;6;3;5;3;0;0;1;1;0;0;0;0;559176,794410023023374;5330445,986580469645560;9,795220687000040;48,124519479000099
197178;08220309135010349550;08;4;25;071;2022;03;12;4;3;6;4;0;0;0;0;1;0;0;1;550295,473279895028099;5370926,142253920435905;9,680708244000069;48,489445693999997
197180;08220305111500331450;08;1;11;000;2022;03;18;7;3;5;3;2;0;1;1;0;0;0;0;516328,385142811981495;5405330,815070359967649;9,222355151000039;48,800754376000000
197182;08220312222800354820;08;2;22;000;2022;03;15;7;3;1;5;0;0;1;1;0;0;0;0;460003,625266905990429;5487927,786057069897652;8,447139895000021;49,542636527000099
197183;08220301222700331020;08;2;22;000;2022;03;17;3;3;1;5;0;0;1;1;0;0;0;0;462431,757818563026376;5480393,325463620014489;8,481418745000040;49,475023675999999
197184;08220323111500371090;08;1;11;000;2022;03;11;4;3;1;7;0;0;1;0;0;0;0;1;513632,583619194978382;5408632,046459659934044;9,185754426000070;48,830516755000097
197185;08220219116500297640;08;1;16;035;2022;02;11;7;3;0;1;0;0;1;0;0;0;0;0;527910,863113538012840;5393822,619159690104425;9,379299085000071;48,696816639000097
197186;08220315231000350980;08;2;31;000;2022;03;18;3;3;5;3;1;1;1;1;0;0;0;0;477777,825000001001172;5415071,458999530412257;8,696857565000069;48,888195864000103
197187;08220303212010328950;08;2;12;000;2022;03;09;5;3;6;4;0;0;0;1;1;0;0;0;454379,884950766980182;5428846,536481349729002;8,376147751000079;49,010824233000100
197189;08220317415300382110;08;4;15;019;2022;03;19;5;2;8;1;2;1;1;0;0;0;0;0;518941,643254889000673;5370618,776375249959528;9,256353852000069;48,488407842000100
197193;08220321415100367560;08;4;15;050;2022;03;15;2;3;5;2;0;0;1;1;0;0;0;0;520999,897328564024065;5376601,559986700303853;9,284510870000080;48,542165146999999
197194;08220217221011303770;08;2;21;000;2022;02;13;5;3;6;4;0;0;0;0;1;0;0;1;477421,600270998023916;5468171,264499190263450;8,689025415000060;49,365830938999999
197195;08220314116010363680;08;1;16;019;2022;03;17;2;3;6;4;1;0;0;1;1;0;0;0;521929,181232750008348;5398752,650475580245256;9,298273480000031;48,741405817000000
197196;08220222416200300590;08;4;16;041;2022;02;20;3;3;5;3;2;0;1;1;0;0;0;0;503451,077511543990113;5375025,624511079862714;9,046743138000069;48,528329532999997
197198;08220305311500349050;08;3;15;113;2022;03;12;7;3;6;6;0;0;0;1;1;0;0;0;437916,535296846006531;5306527,741535760462284;8,169187813000059;47,909069037999998
197202;08220316121200379590;08;1;21;000;2022;03;09;4;3;6;4;0;0;0;1;1;0;0;0;516796,864149705972522;5442171,916106290183961;9,230255537000060;49,132149589000100
197203;08220217212010288310;08;2;12;000;2022;02;07;5;2;5;3;0;1;1;0;0;0;0;1;456577,286356366996188;5424971,138554490171373;8,406609527000059;48,976123019000099
197204;08220228222301314230;08;2;22;000;2022;02;15;2;3;5;3;0;0;1;1;0;0;0;0;466470,928538218024187;5481349,055721820332110;8,537091247000030;49,483856578000001
197205;08220221231000306190;08;2;31;000;2022;02;06;2;3;6;4;1;1;0;0;1;0;0;1;478793,935196001024451;5415909,315080399625003;8,710675094000070;48,895768546000099
197206;08220223317600312460;08;3;17;040;2022;02;11;4;3;4;6;0;0;1;0;0;0;0;0;432842,920281167025678;5347678,325309810228646;8,094825691000040;48,278745299000001
197208;08220318317200360870;08;3;17;057;2022;03;14;6;3;5;3;0;0;1;1;0;0;0;0;413835,348821515974123;5383947,670079830102623;7,831220610000060;48,602673176000103
197209;08220315317300402620;08;3;17;065;2022;03;18;3;2;6;4;1;0;0;1;1;0;0;0;416348,596192604978569;5354879,657388130202889;7,871119921000060;48,341556406000102
197210;08220304216300330120;08;2;16;015;2022;03;12;6;3;3;1;0;0;1;1;0;0;0;0;453026,699519090994727;5407351,479360570199788;8,360118467000060;48,817370638000099
197211;08220215111320271560;08;1;11;000;2022;02;09;3;3;0;7;0;0;0;0;1;0;0;1;514042,021300006017555;5408299,187119820155203;9,191321897000019;48,827513283000002
197212;08220227216100303590;08;2;16;023;2022;02;16;1;2;6;4;0;0;0;1;1;0;0;0;437310,327285118983127;5408653,627213500440121;8,145849004000070;48,827696237000097
197215;08220326311400381360;08;3;15;006;2022;03;14;7;2;5;3;0;0;1;1;0;0;0;0;402544,841374981973786;5307450,556135449558496;7,695732649000040;47,912970255000097
197218;08220406416200429401;08;4;16;041;2022;04;16;4;3;1;6;0;0;1;1;0;0;0;0;505565,829959749011323;5374097,003854800015688;9,075373995000060;48,519960138999998
197220;08220413436100462071;08;4;36;010;2022;04;12;4;3;5;3;0;0;1;1;0;0;0;0;567450,645278524956666;5306452,952975049614906;9,902616217000061;47,907854161000003
197221;08220401421200626191;08;4;21;000;2022;04;22;6;3;0;1;2;1;1;0;0;0;0;0;573775,056940251030028;5361441,300416010431945;9,996772027000080;48,401810658999999
197223;08220411121200519511;08;1;21;000;2022;04;11;2;3;5;3;0;0;1;1;0;0;0;0;516253,808947503974196;5442583,208657789975405;9,222827846000030;49,135863910000097
197224;08220328426010403130;08;4;21;000;2022;03;16;2;2;6;4;0;0;0;0;1;0;0;1;572422,301000006031245;5360407,327999509871006;9,978319431000051;48,392666691000002
197227;08220415121600483911;08;1;25;110;2022;04;16;6;3;0;7;0;0;1;0;0;0;0;0;527791,548794739996083;5442271,856400080025196;9,380977460000050;49,132649641000100
197228;08220413311010469141;08;3;36;050;2022;04;12;4;3;5;3;0;0;1;0;0;0;0;0;399769,468590808974113;5273861,318532220087945;7,666345458000020;47,610403617000003
197229;08220331326100396630;08;3;26;012;2022;03;16;5;3;5;3;0;1;1;1;0;0;0;0;462946,840383831004146;5309787,565571449697018;8,503850127000019;47,940332400999999
197231;08220405425000425971;08;4;25;020;2022;04;18;3;3;0;7;0;1;1;0;0;0;0;0;557941,831834724056534;5361389,840545600280166;9,782866426000060;48,403002031000000
197234;08220422111120636511;08;1;11;000;2022;04;15;6;3;5;3;0;0;1;0;0;0;0;1;511844,212673663976602;5403161,083259530365467;9,161228758000050;48,781337285000099
197238;08220323311010380890;08;3;11;000;2022;03;09;4;3;0;7;0;0;1;0;0;0;0;0;413418,388148862984963;5315518,247141440398991;7,839599654000040;47,987102989000100
197239;08220404317200477101;08;3;17;153;2022;04;16;2;3;5;3;0;0;1;1;0;0;0;0;421415,428453647997230;5389132,961592460051179;7,933038209000070;48,650310557000097
197241;08220407117300743720;08;1;17;026;2022;04;12;5;3;0;1;0;0;0;1;1;0;0;0;548210,661338087986223;5394459,888690330088139;9,655225939000051;48,701310786000100
197243;08220324231102388540;08;2;36;040;2022;03;18;5;3;6;4;1;0;0;1;1;0;0;0;488440,895439570012968;5422042,771129989996552;8,842118812000020;48,951198388000101
197244;08220327222014402110;08;2;22;000;2022;03;17;1;3;0;6;0;0;1;1;0;0;0;0;461647,475048505002633;5481370,240600040182471;8,470498479000071;49,483761481000002
197245;08220414311010979630;08;3;11;000;2022;04;19;5;3;6;7;0;0;0;0;1;0;0;1;413588,524468690971844;5316550,040068590082228;7,841671689000070;47,996407347999998
197250;08220423119400530710;08;1;19;041;2022;04;07;7;3;4;6;0;0;1;1;0;0;0;0;525893,405535554978997;5409923,147114270366728;9,352896590000061;48,841740892000097
197251;08220326435100382180;08;4;35;016;2022;03;14;7;2;5;3;0;0;1;0;0;0;0;0;536958,322759874048643;5278276,365316789597273;9,492194971000060;47,656826246999998
197252;08220416311010486931;08;3;11;000;2022;04;14;7;3;0;7;0;0;1;0;0;0;0;0;414099,439999985974282;5316079,773999500088394;7,848613096000070;47,992245977000003
197256;08220419311010531041;08;3;36;091;2022;04;10;3;3;5;2;0;0;1;1;0;0;0;0;395812,470610661024693;5271932,675428420305252;7,614168058000080;47,592431014000098
197258;08220408221200500261;08;2;21;000;2022;04;14;6;3;5;2;0;1;1;1;0;0;0;0;478541,624542971025221;5473028,955660769715905;8,704189179000020;49,409565800999999
197259;08220422317200604251;08;3;17;057;2022;04;12;6;3;5;2;0;0;1;1;0;0;0;0;414260,941625299979933;5378128,131025490351021;7,838192477000060;48,550388196000000
197261;08220415317600550811;08;3;17;046;2022;04;14;6;3;0;7;0;0;1;0;0;0;0;1;429942,882219875988085;5344835,081024309620261;8,056214074000019;48,252854479000099
197262;08220413335100656241;08;3;35;043;2022;04;20;4;3;0;3;1;0;1;1;0;0;0;0;513215,621909075009171;5279785,584252119995654;9,176048516000041;47,671326441000097
197263;08220331221011653421;08;2;21;000;2022;03;07;5;3;2;6;0;0;1;0;0;0;0;0;477620,000167790974956;5474933,957497090101242;8,691377040000020;49,426667772000002
197267;08220407119300491451;08;1;19;067;2022;04;21;5;2;6;4;2;0;0;1;1;0;0;0;538792,481693375040777;5406193,165988950058818;9,528336442000070;48,807515702000003
197268;08220421119200636111;08;1;19;020;2022;04;09;5;3;1;5;0;0;1;1;0;0;0;0;520269,613462207023986;5406310,672306579537690;9,276073431000039;48,809452970000102
197269;08220325116010387330;08;1;16;078;2022;03;18;6;3;5;3;0;0;1;1;0;0;0;0;512657,961491058988031;5392775,664298890158534;9,171986849000060;48,687894110999999
197270;08220412311010507611;08;3;11;000;2022;04;14;3;3;0;3;0;0;1;1;0;0;0;0;412963,213311079016421;5316379,987705780193210;7,833325802000050;47,994792851000099
197272;08220424436200547491;08;4;36;064;2022;04;14;1;3;6;7;0;0;0;1;1;0;0;0;545737,725311273010448;5292375,739662280306220;9,610589531000070;47,783118860000101
197273;08220323311010372130;08;3;11;000;2022;03;17;4;3;3;6;0;0;1;0;0;0;0;0;416440,343524546013214;5315966,675487790256739;7,880005629000040;47,991538790000000
197275;08220331226200417050;08;2;26;032;2022;03;13;5;2;1;5;0;0;1;1;0;0;0;0;467855,957446679007262;5462465,178227210417390;8,557740540000051;49,314076274999998
197277;08220404212010422681;08;2;15;017;2022;04;18;2;2;5;3;0;0;1;1;0;0;0;0;456120,016198239987716;5421222,157536390237510;8,400765208000051;48,942367923000099
197278;08220410212010450151;08;2;12;000;2022;04;15;1;3;5;2;0;0;1;1;0;0;0;0;456231,025000000023283;5428468,743999529629946;8,401501233000030;49,007560030000000
197280;08220421436400519151;08;4;36;082;2022;04;10;5;3;0;5;0;0;1;1;0;0;0;0;547071,745654506958090;5295128,544623389840126;9,628696042000060;47,807789644000103
197282;08220412421300482461;08;4;21;000;2022;04;10;3;3;1;5;0;0;0;1;1;0;0;0;570919,252442380995490;5360613,428334849886596;9,958053234000030;48,394691469000101
197285;08220323311100373940;08;3;15;015;2022;03;17;4;3;1;5;0;0;1;1;0;0;0;0;394219,594751182012260;5320710,294026459567249;7,581083554000030;48,030915341000103
197286;08220404126100480531;08;1;26;046;2022;04;16;2;3;6;7;0;0;0;1;1;0;0;0;549775,605601430987008;5458699,325271960347891;9,684362295000030;49,279021415000003
197287;08220418326200656411;08;3;26;074;2022;04;18;2;3;7;7;0;0;1;0;1;0;0;0;464828,586491724010557;5321992,763793160207570;8,528045875000030;48,050247308000102
197288;08220406212102426241;08;2;12;000;2022;04;08;4;3;0;7;0;0;1;0;0;0;0;0;457722,648137763026170;5429599,032245320267975;8,421778906000039;49,017831118000103
197290;08220324316100376950;08;3;16;011;2022;03;15;5;3;0;7;0;0;1;0;0;0;0;0;414329,625515592982993;5329998,435079379938543;7,848910230000060;48,117479211999999
197291;08220327436400636651;08;4;36;019;2022;03;14;1;3;0;7;0;0;1;0;0;0;0;0;538884,077135291998275;5307853,351255919784307;9,520490579000070;47,922821898999999
197293;08220420436200589261;08;4;36;064;2022;04;18;4;2;5;3;0;0;1;1;0;0;0;0;544364,521243778057396;5292170,224739120341837;9,592237555000050;47,781365882000003
197294;08220411317300469731;08;3;17;059;2022;04;19;2;2;0;1;1;0;1;0;0;0;0;0;413496,782367534993682;5348774,570562849752605;7,833894837000060;48,286258127000103
197295;08220329231000655251;08;2;31;000;2022;03;16;3;3;6;7;0;0;1;0;1;0;0;0;477655,810105841024779;5415414,256188089959323;8,695174386000080;48,891275165000103
197296;08220423231102606791;08;2;36;040;2022;04;10;7;3;6;7;0;0;0;1;1;0;0;0;488095,844476768979803;5421666,691035020165145;8,837416911000050;48,947808753000103
197298;08220417127202634461;08;1;27;046;2022;04;09;1;3;6;7;0;0;0;1;1;0;0;0;571802,193767108954489;5449898,687686789780855;9,985588430000060;49,197678957999997
197299;08220328226700415990;08;2;26;098;2022;03;14;2;3;5;3;0;0;1;1;0;0;0;0;480857,039012225985061;5460427,894485400058329;8,736713207000040;49,296296901000098
197301;08220401226200629211;08;2;26;032;2022;04;12;6;3;5;3;0;0;1;1;0;0;0;0;467839,166908056009561;5462599,419894680380821;8,557498716000049;49,315282875000001
197303;08220410337100515701;08;3;37;096;2022;04;13;1;3;0;3;0;0;1;1;0;0;0;0;420241,107999990985263;5266684,155999490059912;7,939988363000050;47,548678914000000
197305;08220422222800589291;08;2;22;000;2022;04;06;6;3;5;3;0;0;1;1;0;0;0;0;462477,000704132020473;5486267,349619669839740;8,481485259000070;49,527860169000100
197306;08220325311010376380;08;3;36;050;2022;03;14;6;3;6;4;0;0;0;1;1;0;0;0;399528,476230119005777;5273653,875865969806910;7,663187303000030;47,608500278000101
197309;08220331212402397590;08;2;12;000;2022;03;17;5;3;0;7;0;1;1;0;0;0;0;0;455633,523066920985002;5428571,780122240073979;8,393320183000069;49,008444183000101
197311;08220404335100454791;08;3;35;043;2022;04;01;2;3;0;1;2;0;1;0;0;0;0;0;512593,210420718998648;5278396,089696760289371;9,167717206000081;47,658836640000096
197313;08220407335300465671;08;3;35;075;2022;04;12;5;3;7;7;0;0;1;0;0;0;0;0;487808,886303199979011;5289253,448817140422761;8,837334249000040;47,756534642000098
197314;08220328231000404460;08;2;37;028;2022;03;18;2;3;5;3;0;0;1;1;0;0;0;0;457131,553912263014354;5368136,142422519624233;8,420090822000081;48,464897469999997
197315;08220421216100527801;08;2;16;043;2022;04;14;5;3;1;7;0;0;1;1;0;0;0;0;441637,930817208020017;5413113,875384770333767;8,204171173000081;48,868237880999999
197318;08220412115400563501;08;1;15;045;2022;04;11;3;3;5;3;0;0;1;1;0;0;0;0;499967,599476539995521;5395627,872553209774196;8,999559541000050;48,713681193000099
197320;08220425111500633481;08;1;11;000;2022;04;16;2;3;0;2;0;0;1;1;0;0;0;0;518619,549000000988599;5402818,314999519847333;9,253441393000060;48,778087874000100
197321;08220323327100646081;08;3;27;050;2022;03;16;4;3;0;7;0;0;1;0;0;0;0;0;483772,089598940976430;5312018,532130800187588;8,782617175000039;47,961270973000097
197323;08220417416200490951;08;4;16;041;2022;04;21;1;3;0;1;1;0;1;0;0;0;0;0;506627,151679615024477;5374887,757534369826317;9,089759257000029;48,527063731000098
197325;08220324116100401280;08;1;16;019;2022;03;07;5;3;5;3;0;0;1;1;0;0;0;0;523047,772234813019168;5398116,468470980413258;9,313452369000061;48,735642407000100
197326;08220414212010522331;08;2;12;000;2022;04;14;5;3;5;2;0;0;1;1;0;0;0;0;455001,537670989986509;5428240,595339599996805;8,384715460000050;49,005419388000099
197327;08220419415400500281;08;4;15;061;2022;04;08;3;3;5;2;0;0;1;1;0;0;0;1;514638,157435100001749;5370999,494728850200772;9,198124767000021;48,491947901000103
197328;08220411111140477601;08;1;11;000;2022;04;20;2;3;0;7;2;0;1;0;0;0;0;0;511878,439600128971506;5402686,207651549950242;9,161680948000029;48,777064686000102
197329;08220329335100414890;08;3;35;043;2022;03;21;3;3;1;5;2;0;1;1;0;0;0;0;513686,962598772021011;5279974,682011149823666;9,182333254000071;47,673018071999998
197334;08220401117300612911;08;1;17;026;2022;04;13;6;3;6;4;0;1;0;1;1;0;0;0;547944,132676771958359;5394770,314374580048025;9,651639871000040;48,704123762999998
197335;08220402335100627411;08;3;35;043;2022;04;16;7;2;6;2;0;1;0;1;1;0;0;0;511930,769352536997758;5280384,440854709595442;9,158949116000031;47,676739736999998
197338;08220324311010408640;08;3;11;000;2022;03;23;5;3;0;7;2;0;1;0;0;0;0;0;411213,523709948000032;5317092,430220100097358;7,809730070000060;48,000960876000100
197339;08220328117010402240;08;1;17;042;2022;03;15;2;2;6;4;0;0;0;0;1;1;0;0;554451,845746494014747;5392903,093855869956315;9,739837023000060;48,686793289999997
197340;08220413436200487801;08;4;36;064;2022;04;11;4;3;6;4;0;0;0;1;1;0;0;0;543882,325067288009450;5292046,564434080384672;9,585788400000069;47,780286334000003
197341;08220420221011645691;08;2;21;000;2022;04;19;4;3;0;7;0;0;1;1;0;0;0;0;478499,383849341014866;5473372,732294909656048;8,703588268000029;49,412656530000000
197343;08220329317200390150;08;3;17;005;2022;03;14;3;3;0;7;0;0;0;0;1;0;0;1;424075,494987786980346;5376342,446740330196917;7,971486364000040;48,535591285000102
197347;08220413325202534021;08;3;25;069;2022;04;11;4;3;0;1;0;0;1;1;0;0;0;0;469350,303287334972993;5335177,800460199825466;8,587772030000050;48,169103415000102
197348;08220401118600616701;08;1;18;073;2022;04;12;6;3;5;3;0;1;1;1;0;0;0;0;496920,660874065011740;5420041,841452189721167;8,957955583000061;48,933298991000100
197352;08220408231000508091;08;2;31;000;2022;04;08;6;3;6;4;0;0;0;1;1;0;0;0;477173,438408054993488;5415202,223323109559715;8,688605684000040;48,889350208000103
197355;08220415111500631811;08;1;11;000;2022;04;12;6;3;6;4;0;0;0;1;1;0;0;0;515183,338301972020417;5406203,064034489914775;9,206794608000051;48,808630033000000
197356;08220412336400539311;08;3;36;091;2022;04;22;3;2;6;4;2;0;0;0;1;1;0;0;395571,688414116972126;5271920,546259939670563;7,610969193000070;47,592283177000098
197357;08220331111500412080;08;1;11;000;2022;03;08;5;3;1;5;0;0;1;1;0;0;0;0;511500,707190094981343;5401906,505445370450616;9,156517736000071;48,770057631000000
197363;08220324335100385790;08;3;35;043;2022;03;12;5;3;4;6;0;0;1;0;0;0;0;0;511981,041414086008444;5281800,917376309633255;9,159657752000040;47,689483768999999
197366;08220330231302408490;08;2;31;000;2022;03;06;4;3;6;4;2;1;0;0;1;0;0;1;477864,217275300994515;5415459,808052909560502;8,698015025000069;48,891692413999998
197368;08220402231000625951;08;2;31;000;2022;04;21;7;2;6;7;2;1;0;1;1;0;0;0;478744,688803012017161;5416677,154344329610467;8,709963248000070;48,902674079000100
197369;08220417222700493041;08;2;22;000;2022;04;14;1;3;1;6;0;0;1;1;0;0;0;0;462222,639033250976354;5480682,450346490368247;8,478504643000059;49,477611232000100
197370;08220406215102432981;08;2;15;105;2022;04;15;4;3;0;7;0;0;1;0;0;0;0;0;457284,134000000020023;5442498,499999539926648;8,414419377000060;49,133831989999997
197372;08220414222014470831;08;2;22;000;2022;04;14;5;2;6;4;0;0;0;0;1;1;0;0;462728,059398134006187;5487129,775763859972358;8,484872875000059;49,535632686000000
197374;08220420118600509701;08;1;18;050;2022;04;12;4;3;0;1;0;0;1;0;0;0;0;0;507421,237118760007434;5416607,422155120410025;9,101264913000019;48,902367034000100
197375;08220410436500500161;08;4;36;052;2022;04;20;1;2;6;1;2;0;0;0;1;1;0;0;564912,034617634955794;5290250,678482609800994;9,866219400000031;47,762353769000100
197378;08220325311010418440;08;3;11;000;2022;03;14;6;3;1;5;0;0;1;1;0;0;0;0;414982,626791737973690;5316977,284216959960759;7,860270833000070;48,000437485000099
197379;08220415127202557761;08;1;27;014;2022;04;17;6;3;5;3;0;0;1;1;0;0;0;0;577327,892000010004267;5442404,490999530069530;10,059983696000099;49,129605437000102
197380;08220413317000523201;08;3;17;089;2022;04;18;4;3;6;2;0;0;0;1;1;0;0;0;431963,724114381999243;5376222,245578530244529;8,078348890000029;48,535415047000100
197381;08220331121200845670;08;1;21;000;2022;03;20;5;3;0;3;2;1;1;1;0;0;0;0;516416,129767542006448;5443179,535709580406547;9,225077416000030;49,141223753000098