OBJECTID;UIDENTSTLAE;ULAND;UREGBEZ;UKREIS;UGEMEINDE;UJAHR;UMONAT;USTUNDE;UWOCHENTAG;UKATEGORIE;UART;UTYP1;ULICHTVERH;IstStrassenzustand;IstRad;IstPKW;IstFuss;IstKrad;IstGkfz;IstSonstige;LINREFX;LINREFY;XGCSWGS84;YGCSWGS84
197382;08220419215102542671;08;2;15;109;2022;04;13;3;3;0;7;0;0;1;0;0;0;0;0;461272,913557903026231;5434412,553510949946940;8,469873105000030;49,061362646000099
197386;08220421222014516641;08;2;22;000;2022;04;11;5;3;0;1;0;0;1;0;0;0;0;0;463153,975533561024349;5486600,645948310382664;8,490808563000030;49,530899521999999
197387;08220324336300400560;08;3;36;081;2022;03;17;5;3;5;3;0;0;1;1;0;0;0;0;411099,926999983028509;5277566,039999489672482;7,816319493000040;47,645384259000103
197388;08220412436000453871;08;4;36;082;2022;04;08;3;3;5;3;0;0;1;1;0;0;0;0;546928,502000001026317;5294297,955999489873648;9,626693089000071;47,800327336000102
197391;08220323436300375930;08;4;36;049;2022;03;20;4;3;2;6;2;0;1;1;0;0;0;0;577757,831310205045156;5282406,431954739615321;10,036212976000099;47,690364181000099
197392;08220405111500423701;08;1;11;000;2022;04;11;3;3;6;4;0;1;0;0;1;0;0;1;512786,740887462976389;5402346,568453930318356;9,174033486000040;48,773991311000003
197393;08220418317600570931;08;3;17;088;2022;04;16;2;2;0;1;0;0;1;0;0;0;0;0;436211,281355576997157;5358528,995776539668441;8,138578197000070;48,376702557000002
197394;08220407231000430911;08;2;31;000;2022;04;14;5;3;6;4;0;0;0;1;1;0;0;0;476906,892149765975773;5415385,109486100263894;8,684959247000050;48,890985512000000
197395;08220418415200495701;08;4;15;053;2022;04;19;2;3;0;1;0;0;1;1;0;0;0;0;536668,443213899969123;5362410,874711969867349;9,495540069000070;48,413784082000099
197396;08220405311010423621;08;3;11;000;2022;04;09;3;2;0;7;0;0;1;0;0;0;0;0;415220,728231561020948;5319498,859639629721642;7,862963545000070;48,023151675000101
197397;08220409111500535221;08;1;11;000;2022;04;00;7;3;6;4;2;1;0;1;1;0;0;0;516671,240643998025917;5404477,052957910113037;9,226989364000080;48,793064948000101
197400;08220422119100560591;08;1;19;008;2022;04;10;6;3;6;6;0;0;0;0;1;0;1;0;531390,772416683030315;5421616,057529440149665;9,428715693000070;48,946671162000001
197401;08220325226200394400;08;2;26;032;2022;03;17;6;3;5;3;0;0;1;1;0;0;0;0;466166,883485322003253;5465038,782795329578221;8,534283620000050;49,337134091999999
197402;08220416116500757900;08;1;16;049;2022;04;10;7;2;5;3;0;0;1;1;0;0;0;0;524324,986000000033528;5385675,151999520137906;9,330090225000051;48,623672150000097
197403;08220412311010508371;08;3;36;050;2022;04;09;3;3;0;5;0;0;1;1;0;0;0;0;400099,396590591990389;5274560,339047890156507;7,670574830000020;47,616742513000098
197405;08220404215202423721;08;2;15;100;2022;04;17;2;3;6;7;0;1;0;1;1;0;0;0;475178,404178033990320;5451301,699991379864514;8,659177852000029;49,214001922000101
197409;08220421336300602511;08;3;36;087;2022;04;14;5;3;6;4;0;0;0;0;1;0;0;1;421188,688470332010183;5297999,991128410212696;7,946923177000030;47,830516946000003
197411;08220328119200386220;08;1;19;020;2022;03;07;2;3;6;3;0;0;1;0;1;0;0;0;520302,352824145986233;5407377,609384110197425;9,276572128000049;48,819049857000003
197412;08220414311010472691;08;3;11;000;2022;04;19;5;3;5;3;0;0;1;1;0;0;0;0;415109,382626371982042;5315871,637384000234306;7,862188465000030;47,990508575000000
197413;08220411237100517241;08;2;37;002;2022;04;16;2;2;8;1;0;0;1;0;0;0;0;0;457857,907141515985131;5359150,895628640428185;8,430819439000061;48,384114609000100
197414;08220330127202401680;08;1;27;014;2022;03;05;4;3;0;7;2;0;1;0;0;0;0;0;575644,852398670976982;5442302,955824829638004;10,036898138000000;49,128901719000098
197415;08220424115100540901;08;1;15;003;2022;04;11;1;3;5;3;0;1;1;1;0;0;0;0;501143,853860810981132;5392595,082960770465434;9,015541361000031;48,686396907000102
197416;08220326118400380000;08;1;18;048;2022;03;15;7;3;0;7;0;0;1;0;0;0;0;0;514032,622050634992775;5416268,731175510212779;9,191467119000039;48,899205764999998
197419;08220406311010643111;08;3;11;000;2022;04;09;4;3;0;2;0;0;1;1;0;0;0;0;412745,400195111986250;5318215,760345050133765;7,830033379000040;48,011276499000097
197421;08220414115200505541;08;1;15;021;2022;04;14;5;3;5;3;0;0;1;1;0;0;0;0;489805,542026209994219;5384017,117811310105026;8,861700897000050;48,609146093000000
197425;08220328421300387650;08;4;21;000;2022;03;16;2;3;5;3;0;0;1;0;0;0;0;1;568500,063619081047364;5356116,932573099620640;9,924644017000050;48,354511052000099
197426;08220422436200741940;08;4;36;064;2022;04;11;6;3;5;3;0;0;1;0;0;0;0;0;545591,134265711996704;5292790,519396079704165;9,608676250000030;47,786861033999998
197427;08220325226600404610;08;2;26;096;2022;03;13;6;3;0;3;0;0;1;1;0;0;0;0;474296,976979657018092;5487968,898325820453465;8,644705604000020;49,543781578999997
197428;08220415226700549961;08;2;26;098;2022;04;17;6;3;5;3;0;0;1;0;0;0;0;1;478302,408000000985339;5460000,990999540314078;8,701601197000061;49,292371498000101
197432;08220405111500427371;08;1;11;000;2022;04;17;3;3;5;3;0;0;1;1;0;0;0;0;512208,481440449017100;5401931,257149170152843;9,166150813000060;48,770266812999999
197433;08220410216300444951;08;2;16;006;2022;04;15;1;3;6;6;0;0;1;0;1;0;0;0;447260,390070475987159;5408956,241130780428648;8,281368153000070;48,831343013000001
197435;08220421222500528931;08;2;22;000;2022;04;16;5;3;6;4;0;0;0;1;1;0;0;0;462911,045849152025767;5479115,207194560207427;8,488154211000049;49,463557083000097
197438;08220329436200388810;08;4;36;064;2022;03;15;3;3;0;1;0;0;1;0;0;0;0;0;545719,152694924967363;5292209,118368309922516;9,610324057000071;47,781621084000101
197439;08220323317500370670;08;3;17;096;2022;03;13;4;3;8;1;0;0;1;0;0;0;0;0;422073,614280430017971;5369294,655357940122485;7,945688326000040;48,471951887000003
197441;08220417311010495591;08;3;11;000;2022;04;15;1;3;0;7;0;0;1;0;0;0;0;0;414075,948999985994305;5315241,152999489568174;7,848466140000030;47,984699100999997
197442;08220406117300444651;08;1;17;026;2022;04;11;4;3;6;7;0;0;0;1;1;0;0;0;547983,406920316978358;5394723,584805410355330;9,652168205000070;48,703700386999998
197443;08220420337100578751;08;3;37;096;2022;04;09;4;3;6;7;0;0;0;1;1;0;0;0;420754,307810274010990;5266980,128653299994767;7,946754349000060;47,551404424000097
197444;08220324118400392060;08;1;18;048;2022;03;17;5;3;6;4;0;0;1;0;1;0;0;0;513948,458787305979058;5415705,628269379958510;9,190299537000040;48,894142145000004
197445;08220327222500404810;08;2;22;000;2022;03;16;1;3;5;3;0;0;1;1;0;0;0;0;462635,823184503999073;5479625,246548820286989;8,484308016000060;49,468127772999999
197446;08220415111130631911;08;1;11;000;2022;04;01;6;3;6;7;2;0;0;1;1;0;0;0;511194,423794131027535;5402427,803106290288270;9,152363608000030;48,774752780000000
197447;08220421116010582241;08;1;16;019;2022;04;14;5;3;5;3;0;0;1;1;0;0;0;0;522337,606410286971368;5398367,131261330097914;9,303807763000069;48,737923212000098
197448;08220411317600501811;08;3;17;129;2022;04;13;2;3;0;1;0;0;1;0;0;0;0;0;430197,816439408983570;5349661,807328839786351;8,058850855000060;48,296301628999998
197449;08220329425000389760;08;4;25;002;2022;03;13;3;3;0;1;0;0;1;1;0;0;0;0;553582,902168062981218;5353306,474213680252433;9,722946970000070;48,330670566000002
197450;08220424216200590881;08;2;16;007;2022;04;18;1;3;1;5;0;1;1;1;0;0;0;0;435850,934841347974725;5394362,219761789776385;8,128195016000060;48,698996819000101
197452;08220417128300651181;08;1;28;131;2022;04;09;1;3;5;3;0;0;1;0;0;1;0;0;537321,798269369988702;5512097,431819040328264;9,518194507000031;49,760194615000003
197454;08220401119300629121;08;1;19;086;2022;04;16;6;3;6;4;0;1;0;1;1;0;0;0;535201,049421606003307;5405551,687443230301142;9,479369602000080;48,801959019999998
197455;08220419311010561781;08;3;36;050;2022;04;16;3;3;3;6;0;0;1;1;0;0;0;0;401785,323999973013997;5276500,308999479748309;7,692569041000070;47,634451155000100
197457;08220324111500400660;08;1;11;000;2022;03;14;5;2;0;4;0;0;1;0;1;0;0;0;508669,660551809996832;5399411,545471119694412;9,117936432000020;48,747658915999999
197458;08220327337100382640;08;3;37;116;2022;03;14;1;3;4;6;0;0;1;0;0;0;0;0;417959,417999989003874;5274288,668499999679625;7,908248226000070;47,616806468000000
197459;08220414335300531491;08;3;35;075;2022;04;11;5;3;5;3;0;0;1;1;0;0;0;0;487920,341903836000711;5290459,769158110022545;8,838787863000050;47,767390638999998
197461;08220412111230465311;08;1;11;000;2022;04;15;3;3;0;7;0;0;1;0;0;0;0;0;508907,622783555998467;5398017,516861249692738;9,121143367000061;48,735114873000001
197463;08220424311010594781;08;3;36;069;2022;04;13;1;2;0;1;0;1;1;0;0;0;0;0;407880,845180188014638;5267880,991333349607885;7,775503236000080;47,557809776000099
197464;08220326421200395120;08;4;25;072;2022;03;10;7;3;0;1;0;0;1;0;0;0;0;0;582786,110000011976808;5372363,519999509677291;10,120657072000000;48,498934396999999
197465;08220417119400508921;08;1;19;079;2022;04;02;1;3;0;7;2;0;1;0;0;0;0;0;522612,689242972992361;5408096,114818669855595;9,308084227000050;48,825433560000100
197466;08220406221300489351;08;2;21;000;2022;04;12;4;3;6;7;0;0;0;1;1;0;0;0;475872,997530653025024;5473970,438432119786739;8,667344662000060;49,417934305000102
197468;08220401311010613451;08;3;11;000;2022;04;06;6;3;5;3;2;1;1;1;0;0;0;0;410422,026830226997845;5316444,192389219999313;7,799257007000050;47,995019417000002
197470;08220411111240456151;08;1;11;000;2022;04;15;2;3;6;2;0;0;0;1;1;0;0;0;518727,243954428005964;5400745,327012539841235;9,254812902000030;48,759436268999998
197471;08220408119300496801;08;1;19;067;2022;04;10;6;2;6;4;0;1;0;1;1;0;0;0;538337,333319338969886;5405932,743508489802480;9,522113472000060;48,805201304000001
197472;08220422116500763260;08;1;16;068;2022;04;18;6;3;6;4;0;0;0;1;1;0;0;0;526164,593804224976338;5389692,565117450430989;9,355306984000039;48,659738570999998
197474;08220416135100482801;08;1;35;016;2022;04;14;7;2;5;3;0;0;1;1;0;0;0;0;591186,661000021034852;5381740,931999510154128;10,236399871000099;48,582113997000100
197476;08220413311010656461;08;3;11;000;2022;04;13;4;3;6;7;0;0;0;1;1;0;0;0;412566,456356235023122;5318332,822106080129743;7,827610632000070;48,012305042999998
197477;08220330426010389040;08;4;25;039;2022;03;06;4;2;6;2;2;1;0;1;1;0;0;0;566673,757679551024921;5352775,292063090018928;9,899465929000030;48,324646680000100
197478;08220419136100635471;08;1;36;088;2022;04;12;3;3;5;3;0;0;1;1;0;0;0;0;581706,623997522052377;5410677,147010689601302;10,113616427000100;48,843685426000000
197482;08220421311010651151;08;3;11;000;2022;04;18;5;3;5;2;0;0;1;1;0;0;0;0;412403,735202579002362;5317592,819371280260384;7,825580348000070;48,005626225000100
197484;08220412212502643921;08;2;12;000;2022;04;20;3;3;9;7;2;0;1;0;0;0;0;0;454376,358922285027802;5428841,105752799659967;8,376100146000059;49,010775121999998
197485;08220330317500412550;08;3;17;096;2022;03;13;4;3;6;7;0;1;1;0;1;0;0;0;422680,738881323020905;5369033,889252239838243;7,953949256000040;48,469681255000097
197486;08220425118500643541;08;1;18;014;2022;04;16;2;3;6;3;0;0;0;1;1;0;0;0;521679,933527572022285;5420951,243261859752238;9,296057971000041;48,941107436999999
197487;08220323336200401640;08;3;36;105;2022;03;17;4;3;5;3;1;0;1;1;0;0;0;0;400650,564469344972167;5267112,395827420055866;7,679593572000040;47,549829681000098
197496;08220411316100486511;08;3;16;011;2022;04;16;2;3;3;2;0;0;1;1;0;0;0;0;414638,472451636975165;5329440,856506870128214;7,853170747000040;48,112505166000098
197497;08220329416200391830;08;4;16;041;2022;03;09;3;3;8;1;0;0;1;0;0;0;0;0;504446,116000001027714;5372882,650999519973993;9,060197588000049;48,509044297000102
197499;08220326117100648241;08;1;17;015;2022;03;09;7;2;5;3;0;0;1;1;0;0;0;0;559044,717019125004299;5392890,426291770301759;9,802232402000071;48,686261723000001
197501;08220413222014463671;08;2;22;000;2022;04;15;4;3;5;3;0;0;1;1;0;0;0;0;463112,327484128996730;5481282,177279819734395;8,490729840000030;49,483060197000000
197502;08220401115400625021;08;1;15;045;2022;04;14;6;3;6;6;0;0;0;0;1;0;0;1;497917,641886066005100;5395834,529080149717629;8,971690994000030;48,715536812000003
197503;08220419222600581591;08;2;22;000;2022;04;15;3;3;5;3;0;0;1;1;0;0;0;0;462249,911350345995743;5482944,478893450461328;8,478665098000020;49,497958699999998
197505;08220408311010434631;08;3;36;050;2022;04;07;6;3;2;6;1;1;1;1;0;0;0;0;399556,581139617017470;5272870,137600160203874;7,663740735000030;47,601454628000099
197506;08220422415400563001;08;4;15;061;2022;04;11;6;3;1;5;0;0;1;1;0;0;0;0;515044,987308864016086;5375249,567820279859006;9,203784357000069;48,530173338000097
197508;08220415118400543021;08;1;18;048;2022;04;12;6;3;0;7;0;0;1;0;0;0;0;0;513414,193484559014905;5414555,851112949661911;9,182972825000039;48,883810841000098
197509;08220412416200487351;08;4;16;041;2022;04;14;3;3;1;7;0;0;1;1;0;0;0;0;503619,848913587979041;5374734,278579420410097;9,049026532000029;48,525707531000101
197511;08220419111130631971;08;1;11;000;2022;04;08;3;3;6;7;0;0;1;0;1;0;0;0;510711,643352644983679;5400445,509172080084682;9,145741055000030;48,756928653000003
197513;08220409121400476141;08;1;25;038;2022;04;16;7;3;1;1;0;0;1;1;0;0;0;0;499317,492542964988388;5434853,553566879592836;8,990656347000030;49,066546760000101
197516;08220325212010396570;08;2;15;009;2022;03;15;6;2;5;3;0;0;1;1;0;0;0;0;466439,946325315977447;5437477,109175790101290;8,540346676000070;49,089232159000098
197517;08220411119100456321;08;1;19;008;2022;04;14;2;3;0;1;0;0;1;0;0;0;0;0;530989,386761310975999;5423120,524203269742429;9,423348471000050;48,960224750000101
197518;08220408311010501771;08;3;36;050;2022;04;12;6;3;6;4;0;1;0;1;1;0;0;0;399433,088601692987140;5273687,455979620106518;7,661910784000040;47,608787547000098
197520;08220326116500407640;08;1;16;042;2022;03;15;7;3;8;1;0;0;1;0;0;0;0;0;516468,621232778008562;5380031,299402380362153;9,223256501000041;48,573155251000102
197521;08220415336200481161;08;3;36;069;2022;04;16;6;3;1;5;0;0;1;1;0;0;0;0;406852,190652617020532;5267601,270447569899261;7,761892372000030;47,555146690000100
197527;08220407212010432471;08;2;12;000;2022;04;21;5;3;5;3;2;1;1;1;0;0;0;0;456318,579670167993754;5428058,132032539695501;8,402742566000031;49,003872730000097
197528;08220421311010656201;08;3;11;000;2022;04;16;5;3;5;3;0;0;1;0;0;0;0;0;414632,646223051007837;5316588,140329879708588;7,855657441000060;47,996890342000000
197531;08220330311010390640;08;3;36;050;2022;03;15;4;3;2;5;0;1;1;1;0;0;0;0;400751,342946988996118;5275503,652659860439599;7,679034436000050;47,625328187999997
197536;08220324311010388140;08;3;11;000;2022;03;22;5;2;0;7;2;0;1;0;0;0;0;0;410637,748783786024433;5315498,296360589563847;7,802344899000050;47,986541047999999
197537;08220328211100384610;08;2;11;000;2022;03;11;2;3;2;6;0;0;1;0;0;0;0;0;443177,935999998007901;5402243,752999519929290;8,226674437000041;48,770603304000097
197538;08220413435200493981;08;4;35;059;2022;04;17;4;3;8;5;0;0;1;1;0;0;0;0;512802,146999999997206;5291141,674999499693513;9,170874350000080;47,773512144999998
197540;08220412116200459511;08;1;16;077;2022;04;13;3;2;0;1;0;0;1;0;0;0;0;0;517234,856066238018684;5390524,408471439965069;9,234079925000060;48,667532090000101
197542;08220423311010575811;08;3;11;000;2022;04;15;7;3;0;4;0;0;0;0;1;0;0;1;414234,968166826001834;5316420,117362859658897;7,850361287000060;47,995325688000001
197543;08220327119300409140;08;1;19;055;2022;03;17;1;3;5;3;0;0;1;1;0;0;0;0;543538,429981083027087;5404985,848001940175891;9,592842724000040;48,796340971000099
197544;08220416311010553751;08;3;36;050;2022;04;10;7;3;5;3;0;0;1;1;0;0;0;0;399243,583947329025250;5274641,162969060242176;7,659170734000040;47,617337020999997
197545;08220413119200540591;08;1;19;020;2022;04;18;4;3;5;2;0;0;1;1;0;0;0;0;519228,380380343005527;5409517,140464290045202;9,262042267000030;48,838330803000098
197548;08220405416200427221;08;4;16;041;2022;04;16;3;3;1;1;0;0;1;1;0;0;0;0;503196,462503091024701;5374160,999390989542007;9,043287875000029;48,520552403000103
197549;08220408316200472301;08;3;16;056;2022;04;13;6;3;1;3;0;1;1;1;0;0;0;0;422153,282799198990688;5326970,393280680291355;7,954564442000050;48,091245130000097
197551;08220422212010568091;08;2;12;000;2022;04;13;6;3;3;6;0;0;1;1;0;0;0;0;457647,202101476024836;5428038,751146700233221;8,420909897000060;49,003790997000102
197552;08220325337100404740;08;3;37;116;2022;03;15;6;3;2;6;0;0;1;1;0;0;0;1;418321,460222339024767;5275206,697925319895148;7,912893977000070;47,625110956000100
197554;08220412435200454891;08;4;35;005;2022;04;13;3;2;6;6;0;0;0;1;1;0;0;0;525378,381124970037490;5286941,383970700204372;9,338485914000049;47,735347746999999
197556;08220404212010419441;08;2;12;000;2022;04;13;2;3;5;3;0;0;1;1;0;0;0;0;453341,507473134028260;5429459,628643199801445;8,361878431000040;49,016261376999999
197557;08220418118200499771;08;1;18;019;2022;04;14;2;3;0;7;0;0;1;0;0;0;0;0;505615,345295071019791;5405326,814149869605899;9,076468333000040;48,800907481000102
197559;08220421136100518781;08;1;36;088;2022;04;10;5;2;0;1;0;0;1;0;0;0;0;0;581193,646609595045447;5409872,741487859748304;10,106466804000000;48,836517766000000
197563;08220330212702394190;08;2;15;017;2022;03;13;4;3;5;3;0;1;1;1;0;0;0;0;456199,673349216987845;5420749,572195920161903;8,401903758000060;48,938122560000103
197564;08220424115100547751;08;1;15;003;2022;04;14;1;3;6;4;0;1;0;1;1;0;0;0;500567,576853552018292;5391836,153260679915547;9,007710535000060;48,679570279000103
197565;08220326316100390110;08;3;16;043;2022;03;19;7;3;1;1;2;0;1;1;0;0;0;0;411751,027138257981278;5330908,237269500270486;7,814082710000040;48,125310739000000
197567;08220417222200484991;08;2;22;000;2022;04;00;1;3;1;5;2;0;1;1;0;0;0;0;461532,324784439988434;5481793,554537439718843;8,468867579000060;49,487561678000098
197569;08220324215402383370;08;2;15;009;2022;03;11;5;3;2;6;0;0;1;1;0;0;0;0;471374,631297742016613;5441485,848314190283418;8,607648281000021;49,125541058000103
197570;08220414111110532161;08;1;11;000;2022;04;08;5;3;3;6;0;0;1;0;0;0;0;0;513062,042000001005363;5402787,853999529965222;9,177794461000079;48,777955364000000
197571;08220401135100622381;08;1;35;015;2022;04;13;6;3;1;1;0;1;1;1;0;0;0;0;581350,398925074026920;5382826,168768029659986;10,103269813000100;48,593229936999997
197572;08220419311010656591;08;3;11;000;2022;04;18;3;3;5;3;0;0;1;1;0;0;0;0;410417,746218495012727;5316496,458368520252407;7,799188731000070;47,995488961000000
197575;08220411311010646971;08;3;36;050;2022;04;19;2;3;5;3;0;0;1;0;0;0;0;0;400781,081108824000694;5275570,039796950295568;7,679415089000030;47,625929922000097
197576;08220330212010394150;08;2;12;000;2022;03;18;4;3;5;3;0;0;1;1;0;0;0;0;455420,127017796970904;5427466,978378750383854;8,390523605000061;48,998491000999998
197578;08220323421300371860;08;4;25;028;2022;03;08;4;3;6;4;0;0;0;1;1;0;0;0;579265,441753047984093;5340554,778378560207784;10,067015423999999;48,213267067000103
197579;08220403222700630661;08;2;22;000;2022;04;17;1;3;5;2;0;0;1;1;0;0;0;0;462073,351737595978193;5481470,184333049692214;8,476368359000050;49,484687187000098
197580;08220418226700572051;08;2;26;041;2022;04;10;2;3;6;7;0;0;0;1;1;0;0;0;477250,728845277975779;5465809,447693550027907;8,686806940000050;49,344580217000001
197581;08220406121200432271;08;1;21;000;2022;04;14;4;3;0;1;0;0;1;0;0;0;0;0;515119,836722251027822;5442209,923340270295739;9,207268026000071;49,132535034000099
197582;08220324311010377150;08;3;11;000;2022;03;15;5;2;0;7;0;0;1;0;0;0;0;1;414244,696900730021298;5315543,011897530406713;7,850666899000030;47,987437088999997
197583;08220414116100066470;08;1;16;019;2022;04;16;5;3;4;6;0;0;1;1;0;0;0;0;524346,950399584020488;5399468,692506760358810;9,331200957000020;48,747757425000003
197584;08220402111140619491;08;1;11;000;2022;04;15;7;3;0;7;0;1;1;0;0;0;0;0;511272,730036736989859;5400330,503025130368769;9,153371941000049;48,755884154999997
197585;08220420111500632181;08;1;11;000;2022;04;19;4;3;6;4;0;0;0;1;1;0;0;0;510622,697999999974854;5400495,671999529935420;9,144532176000039;48,757381440000103
197587;08220329317500400250;08;3;17;096;2022;03;20;3;3;1;1;2;0;1;1;0;0;0;0;420754,474857877008617;5370630,606809910386801;7,927590869000030;48,483803723000101
197589;08220326121100407310;08;1;25;026;2022;03;16;7;2;5;3;0;0;1;1;0;0;0;0;493110,870049841993023;5442202,313674470409751;8,905561263000040;49,132613997000099
197590;08220416317100547201;08;3;17;001;2022;04;02;7;2;8;1;2;0;1;0;0;0;0;0;430895,644049961003475;5386587,146889770403504;8,062158801000070;48,628531309000003
197592;08220331415300412360;08;4;15;059;2022;03;12;5;2;6;4;0;0;0;1;1;0;0;0;516600,768999999971129;5367030,619999510236084;9,224530554000070;48,456193638000101
197593;08220418335100540701;08;3;35;002;2022;04;16;2;2;0;7;0;0;1;0;0;0;0;0;505210,442000001028646;5284819,907999490387738;9,069469845000070;47,716737649999999
197595;08220409111250631141;08;1;11;000;2022;04;11;7;3;5;3;0;1;1;1;0;0;0;0;512843,289746008988004;5402284,768842729739845;9,174801209000069;48,773434201000001
197597;08220422221011600111;08;2;21;000;2022;04;23;6;3;0;7;2;0;0;0;1;1;0;0;474339,592920719005633;5472380,594841849990189;8,646305742000040;49,403571225000100
197598;08220325212102394850;08;2;12;000;2022;03;18;6;3;0;1;0;0;1;0;0;0;0;0;463562,772999998996966;5426342,049999530427158;8,501942265000030;48,988906274000001
197599;08220416111500552731;08;1;11;000;2022;04;12;7;3;5;3;0;0;1;1;0;0;0;0;511606,959054093982559;5402083,575663969852030;9,157968752000039;48,771648572000103
197601;08220331115300417121;08;1;15;028;2022;03;09;5;3;0;7;0;0;0;0;1;0;0;1;500309,573771119001321;5404951,767451040446758;9,004215415000029;48,797558873000099
197603;08220418212702652101;08;2;15;096;2022;04;14;2;2;0;1;0;0;1;0;0;0;0;0;466109,663694806979038;5421143,463755689561367;8,537187251000031;48,942288062999999
197604;08220407317200446581;08;3;17;057;2022;04;15;5;3;1;5;0;1;1;1;0;0;0;0;413018,989784869016148;5380488,593526000156999;7,820873665000020;48,571448105000101
197605;08220421336100597491;08;3;36;050;2022;04;19;5;3;8;1;1;0;1;0;0;0;0;0;399326,018556663999334;5272178,628972659818828;7,660833048000030;47,595198492000101
197606;08220324111340391390;08;1;11;000;2022;03;19;5;3;0;4;0;0;0;0;1;1;0;1;508140,479070077999495;5406750,640591910108924;9,110883137000030;48,813688143999997
197607;08220327311010380820;08;3;36;091;2022;03;12;1;3;0;3;0;0;1;1;0;0;0;0;395045,864625152025837;5274512,783453069627285;7,603356563000030;47,615515806000097
197609;08220412111500497601;08;1;11;000;2022;04;15;3;3;0;6;0;0;1;1;0;0;0;1;518704,464448712999001;5403087,179674389772117;9,254609446000069;48,780503999000103
197616;08220414222200510981;08;2;22;000;2022;04;15;5;3;8;1;0;0;1;0;0;0;0;0;460669,931000002019573;5482241,253999549895525;8,456916313000020;49,491533205000103
197618;08220419426010558871;08;4;21;000;2022;04;13;3;2;5;3;0;0;1;1;0;0;0;0;573495,758556714048609;5361686,276502300053835;9,993041926000050;48,404046893999997
197619;08220410222700478001;08;2;22;000;2022;04;20;1;3;0;1;0;0;1;0;0;0;0;0;462259,000001890992280;5481270,020949640311301;8,478950492000020;49,482898392999999
197622;08220325222400392800;08;2;22;000;2022;03;06;6;3;5;3;0;0;1;1;0;0;0;0;467582,078830407001078;5479685,176076070405543;8,552567859000019;49,468951023000002
197624;08220413316100574261;08;3;16;039;2022;04;14;4;2;0;7;0;0;1;0;0;0;0;0;418374,867999989015516;5327212,754999499768019;7,903785621000050;48,092952484000101
197625;08220330336200389840;08;3;36;069;2022;03;11;4;3;0;5;0;1;1;1;0;0;0;0;408644,442223406978883;5268207,062090739607811;7,785583224000050;47,560850965999997
197626;08220419135200633341;08;1;35;019;2022;04;15;3;3;2;6;0;0;1;1;0;0;0;0;583857,695236706989817;5392635,396421230398118;10,139251898000101;48,681127373000002
197627;08220404311400435781;08;3;15;074;2022;04;08;2;2;0;7;0;0;1;0;0;0;0;0;397348,126859086973127;5295610,544714050367475;7,629014976000060;47,805660562000099
197629;08220407126200495511;08;1;26;066;2022;04;18;5;2;0;1;0;0;1;0;0;0;0;0;536483,481587670976296;5450168,732835710048676;9,500841657000020;49,203227496000103
197631;08220325119500404480;08;1;19;085;2022;03;16;6;3;6;4;0;0;0;1;1;0;0;0;529697,272863222053275;5414045,111715479753911;9,405036629000049;48,878650147000002
197632;08220422215302595751;08;2;15;059;2022;04;14;6;3;5;3;0;0;1;1;0;0;0;0;485080,150675265002064;5435455,204882529564202;8,795722993000030;49,071778534000003
197633;08220325416200762370;08;4;16;041;2022;03;17;6;2;8;1;0;0;1;0;0;0;0;0;504424,896000000997446;5374398,371999509632587;9,059926363000050;48,522680434999998
197634;08220415211000654411;08;2;16;012;2022;04;21;6;3;9;1;2;0;1;0;0;0;0;0;441721,154142524988856;5419518,923343170434237;8,204392053000049;48,925858541000103
197635;08220413311010503411;08;3;11;000;2022;04;17;4;3;0;1;0;0;1;0;0;0;0;0;410084,209999984013848;5314930,091999500058591;7,795046904000060;47,981352342999998
197637;08220418426010580511;08;4;26;066;2022;04;13;2;2;3;2;0;0;1;0;0;0;0;0;582511,069672986050136;5320036,230315710417926;10,106725397000000;48,028282601999997
197639;08220409127202512911;08;1;27;014;2022;04;18;7;2;1;5;0;0;1;1;0;0;0;0;576111,514861537958495;5444081,396917079575360;10,043629576000100;49,144839235000099
197640;08220408117010568151;08;1;17;026;2022;04;14;6;3;6;4;0;1;0;1;1;0;0;0;547618,281452658004127;5394636,735828709788620;9,647195903000069;48,702947119000001
197643;08220328121200408650;08;1;21;000;2022;03;09;2;3;5;3;0;0;1;0;0;0;0;0;516089,905567720008548;5443373,218520089983940;9,220612407000029;49,142974625000100
197644;08220412415300516871;08;4;15;019;2022;04;07;3;2;0;1;0;0;1;0;0;0;0;0;517560,808926897007041;5369850,266754980199039;9,237633685000050;48,481534166000102
197645;08220329426200389170;08;4;26;070;2022;03;14;3;2;3;2;0;0;1;1;0;0;0;0;565759,277933923993260;5342415,004800950177014;9,885518432000030;48,231544740000103
197648;08220418212302497251;08;2;12;000;2022;04;20;2;3;0;5;1;0;1;1;0;0;0;0;456934,997648605029099;5428650,265986819751561;8,411107591000070;49,009242370000003
197649;08220407215102453801;08;2;12;000;2022;04;10;5;3;5;3;0;1;1;1;0;0;0;0;454244,975001838000026;5433058,542811200022697;8,373827699000060;49,048701377999997
197652;08220327417100381120;08;4;17;079;2022;03;17;1;3;6;1;0;0;0;1;1;0;0;0;504001,067541097989306;5338744,727178810164332;9,053847309000050;48,201921218999999
197654;08220420222014567921;08;2;26;059;2022;04;16;4;2;2;6;0;0;1;0;0;1;0;0;465104,905152037972584;5459236,767016439698637;8,520173054000050;49,284886219999997