OBJECTID;UIDENTSTLAE;ULAND;UREGBEZ;UKREIS;UGEMEINDE;UJAHR;UMONAT;USTUNDE;UWOCHENTAG;UKATEGORIE;UART;UTYP1;ULICHTVERH;IstStrassenzustand;IstRad;IstPKW;IstFuss;IstKrad;IstGkfz;IstSonstige;LINREFX;LINREFY;XGCSWGS84;YGCSWGS84
197657;08220424311010602741;08;3;11;000;2022;04;07;1;3;0;7;0;1;1;0;0;0;0;0;414446,856827021983918;5319438,637012179940939;7,852598763000060;48,022506770000099
197658;08220326311010641311;08;3;15;064;2022;03;11;7;2;6;4;0;0;0;1;1;0;0;0;421998,805863003013656;5312910,742077429778874;7,955050278000040;47,964750660999997
197659;08220417116400553931;08;1;16;033;2022;04;11;1;2;0;7;0;0;1;0;0;0;0;0;531324,610000001033768;5389665,103999519720674;9,425374460000061;48,659254095000101
197660;08220406226600653551;08;2;26;096;2022;04;18;4;3;0;7;0;0;1;0;0;0;0;0;474460,277326676005032;5487945,777925670146942;8,646964368000059;49,543580528000099
197661;08220414117010498351;08;1;17;024;2022;04;16;5;2;0;1;0;0;1;0;0;0;0;0;561399,993911236990243;5385334,300480219535530;9,833109149000050;48,618065527000098
197663;08220419311400655551;08;3;15;006;2022;04;12;3;2;5;3;0;0;1;1;0;0;0;0;403201,219015319016762;5308539,080726959742606;7,704270296000060;47,922860970999999
197664;08220410317100541781;08;3;17;110;2022;04;01;1;3;8;1;2;0;1;0;0;0;0;0;427255,699005950009450;5381542,368651529774070;8,013651308000020;48,582741231999997
197665;08220407421200433881;08;4;21;000;2022;04;16;5;3;0;7;0;0;1;1;0;0;0;0;572700,800656824954785;5360605,277321459725499;9,982115251000041;48,394415245000097
197666;08220422416200608601;08;4;16;011;2022;04;17;6;2;0;1;0;0;1;0;0;0;0;0;504547,435668790014461;5366351,655743179842830;9,061498329000070;48,450287944000102
197667;08220325415400411830;08;4;15;061;2022;03;21;6;3;0;1;2;0;1;0;0;0;0;0;515799,722450405010022;5371919,257298219949007;9,213881028000060;48,500194268000001
197668;08220416111230632751;08;1;11;000;2022;04;12;7;3;1;7;0;0;1;1;0;0;0;0;508773,974361548025627;5397528,840800900012255;9,119315354000040;48,730720632000001
197670;08220331325202411480;08;3;25;069;2022;03;12;5;3;6;4;0;1;0;1;1;0;0;0;469603,996779324021190;5334997,447277639992535;8,591196926000070;48,167493018000101
197672;08220405221011448921;08;2;21;000;2022;04;08;3;3;3;2;0;1;1;1;0;0;0;0;476601,868683082982898;5472430,360481689684093;8,677484700000040;49,404110037000102
197676;08220325136100376800;08;1;36;088;2022;03;10;6;2;5;3;0;0;1;1;0;0;0;0;578244,798000009963289;5409293,314999519847333;10,066178160000000;48,831684863000099
197677;08220412311010576551;08;3;15;041;2022;04;12;3;3;6;4;0;0;0;1;1;0;0;0;421169,876545056991745;5322329,362047350034118;7,942216190000070;48,049375650999998
197679;08220425116100551241;08;1;16;019;2022;04;13;2;3;5;7;0;0;1;1;0;0;0;0;524299,955162434023805;5398001,693585080094635;9,330475146000030;48,734562325000098
197680;08220323311010372911;08;3;15;131;2022;03;16;4;3;1;5;0;0;1;1;0;0;0;0;403607,609162056003697;5309985,392981629818678;7,709385033000050;47,935931811000003
197681;08220402311010618801;08;3;11;000;2022;04;14;7;3;5;3;0;1;1;1;0;0;0;0;412407,142094036971685;5314338,405557960271835;7,826290106000040;47,976352231000099
197682;08220418325202566801;08;3;25;049;2022;04;19;2;3;4;2;0;0;1;1;0;0;0;0;472764,143341075978242;5334341,655509980395436;8,633739542000059;48,161736318000102
197683;08220406416200558261;08;4;16;041;2022;04;15;4;3;5;3;0;0;1;1;0;0;0;0;502886,645338532980531;5375465,863367799669504;9,039101234000039;48,532292927000100
197684;08220324216300398991;08;2;16;015;2022;03;10;5;3;5;3;0;0;1;1;0;0;0;0;449663,564477021980565;5406417,946232040412724;8,314422861000031;48,808709868000101
197686;08220413437100646641;08;4;37;100;2022;04;19;4;3;5;2;0;0;1;0;0;1;0;0;536684,858618058031425;5318881,929520499892533;9,491995282000060;48,022174548000102
197687;08220420226500584191;08;2;26;102;2022;04;13;4;3;8;7;0;0;1;0;0;0;0;0;483813,796469677006826;5453299,090678609907627;8,777667538000060;49,232257846000003
197689;08220329336100411540;08;3;36;050;2022;03;07;3;3;0;7;0;0;1;0;0;0;0;0;399439,437592472007964;5274297,341801039874554;7,661855271000040;47,614274664000000
197692;08220413115100537151;08;1;15;003;2022;04;13;4;3;6;6;0;0;1;0;1;0;0;0;500453,158941517001949;5392659,829548279754817;9,006157070000031;48,686980258000098
197693;08220330325202410290;08;3;25;049;2022;03;06;4;3;5;3;1;1;1;1;0;0;0;0;472646,417000000015832;5334359,663999509997666;8,632155265000049;48,161893281000097
197695;08220403116010630841;08;1;16;019;2022;04;13;1;3;6;7;0;0;0;1;1;0;0;0;522646,831516026984900;5398310,120692900381982;9,308010254000070;48,737399187000101
197696;08220417426200516511;08;4;26;070;2022;04;09;1;2;0;1;0;0;1;0;0;0;0;0;566648,108736498979852;5339357,114473950117826;9,897005274000040;48,203943955000099
197697;08220406416100426661;08;4;16;036;2022;04;13;4;2;0;1;0;0;1;0;0;0;0;0;489589,343906356021762;5366786,586395160295069;8,859198374000069;48,454131088000103
197698;08220328317100408850;08;3;17;089;2022;03;13;2;3;8;1;0;0;1;0;0;0;0;0;431891,353482071019243;5376097,642559950239956;8,077389023000020;48,534286369000000
197701;08220327311010397610;08;3;11;000;2022;03;20;1;3;0;1;2;0;1;0;0;0;0;0;412515,482999984000344;5315216,217999500222504;7,827562717000030;47,984263269000103
197702;08220414231000470121;08;2;31;000;2022;04;13;5;3;5;3;0;0;1;1;0;0;0;0;478223,360947985027451;5415937,176315779797733;8,702889088000060;48,895999384000000
197704;08220411226600528201;08;2;26;082;2022;04;17;2;3;4;2;0;0;1;1;0;0;0;0;475780,060794754012022;5480511,897950500249863;8,665663424000060;49,476769490000002
197705;08220329416200410480;08;4;16;041;2022;03;16;3;3;0;7;0;0;1;0;0;0;0;0;504284,851049610006157;5373936,214575420133770;9,058024986000021;48,518523670999997
197707;08220326317010385750;08;3;17;075;2022;03;15;7;2;0;7;0;0;1;0;0;0;0;0;412134,420463290007319;5360208,884611080400646;7,813148432000050;48,388919002000101
197709;08220328221200646421;08;2;21;000;2022;03;18;2;3;0;4;0;0;0;0;1;0;0;1;477750,700599476986099;5473044,955208229832351;8,693285295000070;49,409681308000103
197710;08220414212010470551;08;2;12;000;2022;04;14;5;3;6;4;0;0;0;1;1;0;0;0;455762,961663888010662;5428751,858931610360742;8,395070436000029;49,010073303000098
197711;08220401311400626421;08;3;15;006;2022;04;09;6;2;5;3;0;1;1;0;0;0;0;1;403078,528617444972042;5307673,828610640019178;7,702823022000080;47,915059483999997
197713;08220410311010648471;08;3;11;000;2022;04;19;1;3;5;3;0;0;1;0;0;0;0;0;416958,671240203024354;5315392,275583080016077;7,887062798000040;47,986439294999997
197714;08220407436200454291;08;4;36;064;2022;04;21;5;3;6;6;2;0;1;0;1;0;0;0;545281,503776561003178;5291314,355570740066469;9,604388731000030;47,773601786000000
197715;08220423115100654951;08;1;15;003;2022;04;00;7;3;0;7;2;0;1;0;0;0;0;0;500777,963750277005602;5392866,559692859649658;9,010570582000071;48,688839704000003
197717;08220415136200481591;08;1;36;019;2022;04;12;6;3;6;4;0;0;0;1;1;0;0;0;581846,592462053988129;5424612,282206949777901;10,118317330000000;48,969000316000098
197720;08220419118000579481;08;1;18;079;2022;04;17;3;2;6;4;0;0;0;1;1;0;0;0;510543,566397095972206;5421365,472372010350227;9,143992874000050;48,945123783000000
197721;08220404221011498121;08;2;21;000;2022;04;07;2;3;6;6;1;1;0;1;1;0;0;0;477171,527979134989437;5475075,809162110090256;8,685184487000070;49,427927031000102
197722;08220410118100444561;08;1;18;007;2022;04;13;1;3;0;1;0;1;1;0;0;0;0;0;510338,529685844026972;5427343,468464650213718;9,141344644000069;48,998903103000004
197724;08220421436300554301;08;4;36;079;2022;04;17;5;3;9;1;0;0;1;0;0;0;0;0;554842,946187681984156;5287663,592261410318315;9,731538413000070;47,740013555000097
197725;08220325128100387080;08;1;28;007;2022;03;10;6;3;0;7;0;0;1;0;0;0;0;0;557300,816754098981619;5482309,711152729578316;9,791219132000039;49,490717921000098
197726;08220327212010403960;08;2;12;000;2022;03;19;1;3;5;3;0;0;1;1;0;0;0;0;460059,615322789002676;5425236,310027009807527;8,454168680000070;48,978743244999997
197732;08220406317100431751;08;3;17;001;2022;04;16;4;3;0;2;0;0;1;1;0;0;0;0;431294,591693839989603;5386578,944154500029981;8,067573679000080;48,628501481999997
197735;08220420119100636001;08;1;19;083;2022;04;22;4;3;0;1;2;0;1;0;0;0;0;0;536860,435475194943137;5418878,046785069629550;9,503166576000069;48,921739920000100
197737;08220329119200408700;08;1;19;020;2022;03;12;3;2;5;3;0;0;1;1;0;0;0;0;519677,616866172989830;5408213,088562379591167;9,268101744000029;48,826585760000100
197738;08220424111500633381;08;1;11;000;2022;04;14;1;3;5;3;0;1;1;1;0;0;0;0;516317,818474753003102;5405522,466879439540207;9,222218874000021;48,802478727000100
197741;08220413136100653391;08;1;36;088;2022;04;11;4;3;6;4;0;0;0;1;1;0;0;0;580023,872162197949365;5410035,353628300130367;10,090560490000000;48,838132217000101
197742;08220401118400620651;08;1;18;048;2022;04;09;6;3;5;3;0;1;1;1;0;0;0;0;514515,699186637008097;5415609,922655070200562;9,198034979000060;48,893268173000102
197744;08220405436300453241;08;4;36;049;2022;04;14;3;3;0;4;0;1;0;0;1;0;1;0;577417,027701333980076;5282243,624471610412002;10,031643248000000;47,688940450000104
197746;08220408221200480771;08;2;21;000;2022;04;11;6;3;0;7;0;1;1;0;1;0;0;0;478267,666785595007241;5473010,054973740130663;8,700413669000060;49,409386069000000
197748;08220325311010400670;08;3;11;000;2022;03;19;6;3;5;2;2;0;1;1;0;0;0;0;418739,864969884976745;5314353,603674960322678;7,911126745000050;47,977324621000001
197750;08220412316100486541;08;3;16;039;2022;04;07;3;2;5;3;0;0;1;1;0;0;0;0;418223,953463874990121;5327086,768737739883363;7,901783379000050;48,091799838000000
197751;08220331128100397350;08;1;28;007;2022;03;15;5;3;3;6;0;0;1;0;0;0;0;0;556120,782000001985580;5482221,772999550215900;9,774914118000030;49,490037295000000
197752;08220417216200495401;08;2;16;007;2022;04;18;1;3;6;7;0;0;0;1;1;0;0;0;435869,456431292986963;5394552,055377470329404;8,128417217000051;48,700706303000104
197753;08220328212302403170;08;2;12;000;2022;03;21;2;3;3;6;1;0;1;0;0;0;0;0;455501,629942396015394;5428633,548380970023572;8,391509975000080;49,008990298000100
197756;08220420118100513721;08;1;18;079;2022;04;18;4;3;5;3;0;0;1;0;0;0;0;0;510298,485481411975343;5423591,136664910241961;9,140702124000031;48,965149231000098
197758;08220407426100433181;08;4;26;117;2022;04;10;5;3;0;7;0;0;1;0;0;0;0;0;580586,355000011040829;5317062,175999499857426;10,080354836000000;48,001775088000002
197759;08220422436200562871;08;4;36;064;2022;04;14;6;3;6;4;0;0;0;1;1;0;0;0;545671,392491498962045;5293197,235771710053086;9,609790498000050;47,790514578000099
197761;08220415136100555171;08;1;36;088;2022;04;17;6;2;7;7;0;0;1;0;1;0;0;0;578774,162000008975156;5413734,797999530099332;10,074244438000100;48,871565820000100
197762;08220412311010552181;08;3;36;091;2022;04;15;3;3;1;6;0;0;1;1;0;0;0;0;395750,089830427023116;5273904,189979610033333;7,612869774000050;47,610155108000100
197764;08220419111310632041;08;1;11;000;2022;04;20;3;3;5;3;2;0;1;1;0;0;0;0;515537,417459941003472;5405790,199152779765427;9,211601448000071;48,804907206999999
197767;08220407311010533761;08;3;11;000;2022;04;16;5;3;0;4;0;0;0;0;1;0;0;1;410216,065999982005451;5315780,398999500088394;7,796635695000020;47,989019565000000
197772;08220330116100414550;08;1;16;019;2022;03;07;4;3;6;4;0;0;0;1;1;0;0;0;526494,515679978998378;5397042,076958210207522;9,360258519000070;48,725840289000097
197774;08220402326400624111;08;3;26;074;2022;04;15;7;3;6;4;0;1;0;1;1;0;0;0;462842,806253210001159;5325588,348626379854977;8,501087797000030;48,082483314999998
197775;08220418212010553191;08;2;12;000;2022;04;18;2;3;0;7;0;0;1;0;0;0;0;0;451022,303301276988350;5427968,937045119702816;8,330342070000031;49,002672867999998
197776;08220406111500630861;08;1;11;000;2022;04;14;4;3;5;7;0;0;1;1;0;0;0;0;512280,903670252009761;5402259,046876610256732;9,167146224000019;48,773214162999999
197777;08220328221011386840;08;2;21;000;2022;03;17;2;3;0;1;0;0;1;0;0;0;0;0;477386,065999999991618;5474609,999999550171196;8,688169577000050;49,423745179000001
197778;08220324222014406770;08;2;22;000;2022;03;16;5;2;4;7;0;0;1;1;0;0;0;0;462564,216290980984922;5480929,208619330078363;8,483196368000050;49,479851861000000
197780;08220402212702614191;08;2;15;108;2022;04;02;7;3;0;7;2;2;1;0;0;0;0;0;449837,424261195003055;5425105,894296510145068;8,314496164000049;48,976824676000000
197782;08220411116100541581;08;1;16;019;2022;04;21;2;3;0;1;2;0;1;0;0;0;0;0;523047,761023394006770;5397908,157224619761109;9,313440567000040;48,733768461000103
197783;08220329311010411330;08;3;11;000;2022;03;16;3;3;4;3;0;0;1;1;0;0;0;0;413736,667775843990967;5316068,307875609956682;7,843753927000020;47,992093998000001
197784;08220424416200647641;08;4;16;041;2022;04;16;1;3;0;1;0;1;1;0;0;0;0;0;504289,445978194999043;5374039,842855960130692;9,058088276000030;48,519455917000101
197786;08220415212102478521;08;2;12;000;2022;04;11;6;3;0;7;0;0;1;0;0;0;0;0;462961,033996367012151;5426097,240482510067523;8,493739783000020;48,986668344000101
197788;08220330421200415230;08;4;21;000;2022;03;19;4;3;6;4;1;0;0;1;1;0;0;0;573261,459012603969313;5361219,590907310135663;9,989795210000070;48,399876235000100
197789;08220419216100540851;08;2;16;043;2022;04;11;3;3;6;7;0;0;0;1;1;0;0;0;441633,066046399006154;5411983,186587089672685;8,204266108000070;48,858066920000098
197791;08220408421300494311;08;4;21;000;2022;04;07;6;3;0;1;1;1;1;0;0;0;0;0;572402,356437121983618;5360328,980800069868565;9,978036543000030;48,391964228000099
197792;08220407437100457381;08;4;37;088;2022;04;09;5;3;6;6;0;0;0;1;1;0;0;0;520110,786705902020913;5308182,249544209800661;9,269216516000030;47,926645045999997
197793;08220421311400560251;08;3;15;050;2022;04;13;5;2;5;2;0;0;1;1;0;0;0;0;399007,238545395026449;5303051,456378710456192;7,649430859000060;47,872853593999999
197796;08220330115100410890;08;1;15;003;2022;03;00;4;3;0;7;2;0;0;1;1;0;0;0;500940,642126552003901;5392374,290967159904540;9,012779853000040;48,684410976999999
197797;08220404317300419541;08;3;17;065;2022;04;13;2;3;6;2;0;0;0;1;1;0;0;0;413602,908510470006149;5355259,901317030191422;7,833996556000050;48,344607056000001
197799;08220407231402434131;08;2;31;000;2022;04;13;5;3;0;7;0;0;0;0;1;0;1;1;477338,552391020988580;5415205,558982170186937;8,690857908000050;48,889386274000103
197801;08220420212502511911;08;2;12;000;2022;04;08;4;3;5;2;0;0;1;1;0;0;0;0;453862,941748127981555;5429547,541721469722688;8,368999339000030;49,017091374000103
197802;08220324116400414790;08;1;16;033;2022;03;10;5;3;3;6;0;0;1;0;0;0;0;1;534200,183566362946294;5387268,542006730102003;9,464224270000051;48,637544117000097
197803;08220414416010525481;08;4;16;041;2022;04;14;5;1;3;6;0;0;1;0;0;0;1;0;500951,855813496978953;5370704,953584999777377;9,012882562000071;48,489467874000098
197805;08220412111500497461;08;1;11;000;2022;04;16;3;2;6;4;0;0;0;0;1;0;0;1;514238,202205626002979;5403948,771863089874387;9,193843932000050;48,788373063000101
197806;08220329121200868400;08;1;21;000;2022;03;07;3;3;6;4;0;0;0;0;1;0;0;1;516285,715722077991813;5443213,084342059679329;9,223290712000050;49,141529005999999
197807;08220424335100597151;08;3;35;043;2022;04;01;1;3;4;6;2;0;1;0;0;0;0;0;513004,723793945973739;5279276,314737389795482;9,173223941000060;47,666748478999999
197809;08220416212402631991;08;2;12;000;2022;04;01;7;3;1;5;2;0;1;1;0;0;0;0;455448,512289037986193;5427821,706171999685466;8,390872742000060;49,001683865000103
197810;08220406317100432341;08;3;17;001;2022;04;14;4;3;8;6;0;1;1;1;0;0;0;0;432262,580644046014640;5385523,304821870289743;8,080881282000060;48,619111552000000
197811;08220425121400643651;08;1;25;086;2022;04;15;2;3;1;5;0;0;1;1;0;0;0;0;504028,104888049012516;5443423,850468570366502;9,055230983000060;49,143627622000103
197813;08220417316100492351;08;3;16;011;2022;04;15;1;3;5;2;0;0;1;1;0;0;0;0;413646,140302292013075;5330717,627028039656579;7,839582982000020;48,123856113000002
197814;08220407335100495371;08;3;35;043;2022;04;18;5;3;1;6;0;0;1;0;0;0;0;0;510999,465724914974999;5280207,943424239754677;9,146537308000060;47,675168188000001
197815;08220421435100524221;08;4;35;057;2022;04;10;5;3;6;4;0;0;0;0;1;0;1;0;542842,268159011960961;5279047,061241130344570;9,570626635000050;47,663397510000003
197816;08220325119400392280;08;1;19;041;2022;03;18;6;2;5;3;0;0;1;1;0;0;0;0;526731,483000000007451;5410121,939999530091882;9,364331331000070;48,843493643000002
197820;08220424212010583401;08;2;12;000;2022;04;15;1;3;0;2;0;1;1;0;0;0;0;0;457224,168538669997361;5428836,297207619994879;8,415042039000070;49,010935858000003
197821;08220326435100393790;08;4;35;057;2022;03;12;7;3;5;7;0;0;1;1;0;0;0;0;544394,299999393988401;5280010,057220660150051;9,591395278000050;47,671957140000103
197823;08220417121100495691;08;1;25;026;2022;04;13;1;2;0;1;0;0;1;0;0;0;0;0;493044,706000000995118;5438060,227999529801309;8,904725645000040;49,095353429000099
197824;08220406416000467501;08;4;16;041;2022;04;09;4;3;6;6;0;0;1;0;1;0;0;0;504090,146878179977648;5374204,276562119834125;9,055390954000069;48,520936553000098
197825;08220324215402416100;08;2;15;009;2022;03;11;5;3;5;3;0;0;1;0;0;0;0;1;470193,002279088017531;5441590,259504309855402;8,591445068000040;49,126424083000103
197826;08220414222500479861;08;2;22;000;2022;04;16;5;3;1;5;0;0;1;1;0;0;0;0;463575,163238990993705;5477993,610570950433612;8,497422160000040;49,453509017000002
197828;08220419335100574391;08;3;35;043;2022;04;19;3;3;5;3;0;0;1;1;0;0;0;0;511121,464464251010213;5281399,900426370091736;9,148192965000019;47,685890925000102
197829;08220411118400491171;08;1;18;048;2022;04;16;2;3;5;3;0;0;1;1;0;0;0;0;514388,254609905008692;5415346,372004570439458;9,196287006000031;48,890900314000099
197835;08220331326300393890;08;3;26;003;2022;03;11;5;3;3;6;0;1;1;1;0;0;0;0;464921,774163016001694;5319235,297484080307186;8,529522212000071;48,025443999000103
197836;08220419212702511731;08;2;15;017;2022;04;16;3;3;0;7;0;0;1;0;0;0;0;0;456510,024114376981743;5421202,537381409667432;8,406093036000071;48,942218981000103
197838;08220410221200493751;08;2;21;000;2022;04;01;1;3;5;3;2;0;1;1;0;0;0;0;478861,128347197023686;5473112,701197420246899;8,708589126000049;49,410330264000002
197839;08220408119100505481;08;1;19;008;2022;04;15;6;3;0;4;0;0;0;0;1;0;0;1;531053,472229758976027;5421643,298258620314300;9,424111265000020;48,946933233000003
197843;08220330119210409780;08;1;19;020;2022;03;07;4;3;6;7;1;0;0;0;1;0;0;1;519548,673250178981107;5408396,803953000344336;9,266353704000039;48,828242498000101
197844;08220323415400372000;08;4;15;061;2022;03;14;4;3;5;3;0;0;1;1;0;0;0;0;515482,975333612994291;5370887,566645789891481;9,209554995000079;48,490920707000001
197846;08220418325202500421;08;3;25;060;2022;04;14;2;2;0;7;0;0;1;0;0;0;0;0;469102,869855603028554;5340498,984336350113153;8,584056956000040;48,216964242000103
197850;08220327426100399540;08;4;26;062;2022;03;16;1;3;0;1;0;0;1;0;0;0;0;0;555906,844543260987848;5322303,938305100426078;9,750216874000049;48,051567001000102
197853;08220411417010515901;08;4;17;008;2022;04;09;2;2;4;2;0;0;1;1;0;0;0;0;494396,761595328978729;5350723,238386030308902;8,924431673000070;48,309677093000097
197855;08220328415100416130;08;4;15;014;2022;03;13;2;3;6;4;0;0;0;1;1;0;0;0;526101,166522367042489;5374992,076708800159395;9,353521843000070;48,527494423000100
197857;08220326426200377440;08;4;26;134;2022;03;00;7;2;0;7;2;0;1;0;0;0;0;0;557017,486698945984244;5334523,624180980026722;9,766752696000029;48,161399645000103
197859;08220414111250479661;08;1;11;000;2022;04;18;5;3;1;5;0;0;1;0;0;0;0;1;518421,003681692993268;5406485,613415019586682;9,250903365000060;48,811084258999998
197861;08220419311010656401;08;3;11;000;2022;04;20;3;3;0;6;1;0;1;0;0;0;0;0;413881,534129710984416;5317150,955211879685521;7,845477985000060;48,001852331000102
197863;08220408316100494121;08;3;16;011;2022;04;12;6;2;4;7;0;0;1;0;0;0;0;1;414232,033827427017968;5330496,007047640159726;7,847499120000070;48,121941820000103
197864;08220422136200637621;08;1;36;075;2022;04;17;6;2;0;7;0;0;1;0;0;0;0;0;600510,188728027977049;5422396,453259989619255;10,372712290000001;48,946319657000103
197865;08220325416200402770;08;4;16;041;2022;03;12;6;3;6;3;0;0;1;0;1;0;0;0;505491,920305600971915;5373248,179766809567809;9,074361915000051;48,512324456000002
197867;08220413316100531711;08;3;16;039;2022;04;13;4;3;0;3;0;0;1;1;0;0;0;0;418198,991328029020224;5327433,366970210336149;7,901381794000030;48,094914419000098
197868;08220331317200398630;08;3;17;057;2022;03;17;5;3;5;3;0;1;1;0;0;1;0;0;412577,827101487026084;5380097,302528049796820;7,814976782000030;48,567867300000003
197870;08220328215402415820;08;2;15;009;2022;03;15;2;3;5;3;0;0;1;1;0;0;0;0;468873,863780334009789;5441491,879431339912117;8,573372168000050;49,125473742000104
197872;08220401317500626051;08;3;17;096;2022;04;18;6;3;6;7;0;1;0;0;1;0;0;1;422211,479479509987868;5368938,077761420048773;7,947619589000060;48,468761567000101
197878;08220416136200489531;08;1;36;019;2022;04;15;7;3;0;7;0;0;1;0;0;0;0;0;592004,390342195983976;5423914,481942280195653;10,256918406000100;48,961295897000099
197881;08220419111500632081;08;1;11;000;2022;04;16;3;3;5;7;0;0;1;1;0;0;0;0;512227,212799302011263;5406492,085782630369067;9,166541467000060;48,811295233000102
197882;08220404221011426101;08;2;21;000;2022;04;13;2;3;3;6;0;0;1;1;0;0;0;0;478245,309462029021233;5468670,995176830329001;8,700342960000061;49,370355936000102
197883;08220410135010500641;08;1;35;019;2022;04;19;1;2;6;7;0;0;1;0;1;0;0;0;585870,444729506038129;5395515,018980089575052;10,167188950000000;48,706753730000102
197884;08220407222301522081;08;2;22;000;2022;04;21;5;2;6;4;2;0;0;1;1;0;0;0;465871,262115349003579;5483990,133579939603806;8,528584318000069;49,507578422999998
197886;08220325119010406620;08;1;19;091;2022;03;15;6;2;5;3;0;0;1;0;0;0;0;1;528295,247820505057462;5406084,948556270450354;9,385365306000040;48,807108814000102
197887;08220412221300464621;08;2;21;000;2022;04;17;3;3;1;2;0;0;1;1;0;0;0;0;477333,517356532975100;5473907,101317199878395;8,687485131000070;49,417420773000103
197888;08220330222700395060;08;2;22;000;2022;03;13;4;3;6;4;0;1;0;1;1;0;0;0;462079,344355622015428;5480865,224672060459852;8,476509104000060;49,479246260000103
197889;08220425136300635171;08;1;36;044;2022;04;07;2;3;0;1;0;0;1;0;0;0;0;0;558750,695949819055386;5408397,096686040051281;9,800451077000050;48,825773871000102
197890;08220323336400413880;08;3;36;014;2022;03;17;4;3;0;7;0;0;1;0;0;0;0;0;392132,967660135007463;5278980,622655750252306;7,563505265000060;47,655225315999999
197893;08220406231000430441;08;2;31;000;2022;04;07;4;3;5;3;0;0;1;1;0;0;0;0;478306,495070955017582;5415036,404328909702599;8,704071144000070;48,887899255999997
197894;08220420311010519021;08;3;11;000;2022;04;14;4;3;0;7;0;0;1;0;0;0;0;0;414435,140653828973882;5317805,167384769767523;7,852767698000040;48,007811558000100
197895;08220324316100375580;08;3;16;011;2022;03;17;5;3;4;3;0;0;1;1;0;0;0;0;414426,538999986019917;5328962,764999499544501;7,850419952000040;48,108176190999998
197896;08220414415400654511;08;4;15;061;2022;04;16;5;3;0;7;0;0;1;0;0;0;0;0;515310,663823481998406;5369939,071424409747124;9,207188093000070;48,482391921999998
197898;08220411221200489431;08;2;21;000;2022;04;19;2;3;0;1;0;0;1;0;0;0;0;0;478146,998733325977810;5472011,252761330455542;8,698805210000049;49,400397663000000
197899;08220329115100410930;08;1;15;003;2022;03;13;3;3;6;7;0;0;0;1;1;0;0;0;500434,045917314011604;5392760,216935030184686;9,005897487000031;48,687883366999998
197900;08220424212302538613;08;2;12;000;2022;04;16;1;3;0;7;0;1;1;0;0;0;0;0;455735,101227971026674;5428746,291489769704640;8,394690082000070;49,010021225000102
197901;08220326221200398010;08;2;21;000;2022;03;15;7;3;5;3;0;0;1;0;0;1;0;0;478106,298000000009779;5473317,587999549694359;8,698172228000031;49,412146497999998
197905;08220401212702615141;08;2;15;110;2022;04;13;6;3;6;4;0;1;0;0;1;1;0;0;460872,380917841976043;5417754,544144229963422;8,465994142000060;48,911494450000099
197906;08220419221400535891;08;2;21;000;2022;04;08;3;3;5;3;0;0;1;1;0;0;0;0;477221,784000000974629;5470665,634999549947679;8,686130523000029;49,388260094000003
197909;08220422111230637771;08;1;11;000;2022;04;03;6;3;5;3;2;0;1;0;0;0;0;1;511735,275201537006069;5400863,510437110438943;9,159680304000061;48,760670521000101
197910;08220325311010376970;08;3;36;050;2022;03;19;6;2;5;3;2;0;1;1;0;0;0;0;399310,240505693014711;5273260,293072350323200;7,660374826000070;47,604925995000002
197914;08220419115200539581;08;1;15;034;2022;04;10;3;3;6;7;0;0;0;0;1;0;0;1;483346,664606771024410;5375620,181592740118504;8,774415925000030;48,533466861000100
197915;08220404311010421841;08;3;36;081;2022;04;07;2;3;5;3;0;0;1;1;0;0;0;0;412738,357999984000344;5279326,031999490223825;7,837778794000030;47,661439915000102
197918;08220421435200603151;08;4;35;059;2022;04;17;5;3;0;7;0;0;1;0;0;0;0;0;512213,479410059982911;5290414,824981880374253;9,162996813000060;47,766983731000003
197920;08220327216100381060;08;2;16;043;2022;03;15;1;3;6;7;0;0;1;0;1;0;0;0;443958,748179264017381;5408013,209540350362659;8,236512796000060;48,822571163000099
197921;08220411426010446351;08;4;21;000;2022;04;00;2;3;9;1;2;0;1;0;0;0;0;0;570813,502592592965811;5362462,598986369557679;9,956936852000069;48,411337195000002
197923;08220425221300640421;08;2;21;000;2022;04;23;2;3;6;4;2;0;1;0;1;0;0;0;477268,049514541984536;5474129,842912560328841;8,686569746000030;49,419421851999999
197925;08220402335100618471;08;3;35;043;2022;04;16;7;3;5;3;0;1;1;1;0;0;0;0;512942,081493146019056;5279103,601323409937322;9,172384428000040;47,665195717000103
197926;08220417235200557601;08;2;35;046;2022;04;04;1;3;1;1;2;0;1;1;0;0;0;0;479799,032359706005082;5377280,599964819848537;8,726280121000061;48,548300183999999
197927;08220406316100429921;08;3;16;020;2022;04;17;4;3;0;7;0;0;1;1;0;0;0;0;408440,943580374994781;5338262,989583450369537;7,768028153000050;48,190998148000098
197931;08220405115100424561;08;1;15;003;2022;04;07;3;3;6;2;1;1;0;1;1;0;0;0;500620,897788790985942;5392928,823707380332053;9,008436542000030;48,689400013000103
197936;08220412415100461461;08;4;15;050;2022;04;16;3;3;5;3;0;0;1;1;0;0;0;0;520295,282422784017399;5377275,312460550107062;9,274997557000059;48,548249570999999
197938;08220323311010368610;08;3;11;000;2022;03;02;4;3;0;1;2;0;1;0;0;0;0;0;411377,233233485021628;5317014,614314739592373;7,811940342000070;48,000283620000097