OBJECTID;UIDENTSTLAE;ULAND;UREGBEZ;UKREIS;UGEMEINDE;UJAHR;UMONAT;USTUNDE;UWOCHENTAG;UKATEGORIE;UART;UTYP1;ULICHTVERH;IstStrassenzustand;IstRad;IstPKW;IstFuss;IstKrad;IstGkfz;IstSonstige;LINREFX;LINREFY;XGCSWGS84;YGCSWGS84
197941;08220406311010651201;08;3;15;047;2022;04;19;4;3;4;7;0;0;1;1;0;0;0;0;416314,112105213978793;5322042,010762070305645;7,877127789000040;48,046172532000099
197942;08220324311010404570;08;3;36;091;2022;03;07;5;3;6;4;0;0;0;1;1;0;0;0;396276,913577501021791;5272228,036087280139327;7,620274065000050;47,595162306000098
197943;08220327417200407190;08;4;17;002;2022;03;06;1;3;6;7;1;0;0;0;1;0;0;1;489139,579424635972828;5345036,234292619861662;8,853676841000039;48,258444324000003
197945;08220420335010583961;08;3;35;075;2022;04;19;4;3;9;1;0;0;1;0;0;0;0;0;488609,664706317998935;5291308,885464210063219;8,847965095000060;47,775043128999997
197948;08220423416010533511;08;4;16;041;2022;04;17;7;3;2;6;0;0;1;1;0;0;0;0;503549,688476676994469;5376740,961544989608228;9,048093388000041;48,543760741000000
197951;08220328221200408990;08;2;21;000;2022;03;20;2;3;0;7;2;0;1;0;0;0;0;0;476389,620385085989255;5472846,782741320319474;8,674534402000059;49,407847490000101
197953;08220401118400622661;08;1;18;048;2022;04;08;6;3;5;2;0;1;1;1;0;0;0;0;512908,809586093993858;5416567,035794409923255;9,176142848000040;48,901913671000003
197954;08220419335100655041;08;3;35;043;2022;04;11;3;3;3;6;0;0;1;0;0;0;0;0;513203,563201508019120;5279637,214481409639120;9,175883394000040;47,669991706000097
197955;08220405311010480621;08;3;11;000;2022;04;16;3;3;5;3;0;0;1;1;0;0;0;0;413860,330226527992636;5316079,947415829636157;7,845408774000020;47,992215370000103
197956;08220410311200507721;08;3;11;000;2022;04;16;1;2;5;3;0;0;1;0;0;0;0;0;414585,161999986972660;5316018,070999500341713;7,855134506000070;47,991756000000102
197957;08220408231000436031;08;2;31;000;2022;04;13;6;3;5;3;0;1;1;1;0;0;0;0;479276,955049022973981;5417294,390625280328095;8,717194799000030;48,908244560000099
197958;08220328337200408550;08;3;37;126;2022;03;15;2;3;0;1;0;0;1;0;0;0;0;0;441806,488611838023644;5274743,387050339952111;8,225495720000030;47,623478665000100
197960;08220325435100390490;08;4;35;035;2022;03;16;6;3;0;1;0;0;1;0;0;0;0;0;540982,141181119950488;5281317,809653979726136;9,546065443000030;47,683948637000100
197963;08220330421300410090;08;4;21;000;2022;03;20;4;3;6;4;2;1;0;1;1;0;0;0;571451,182074588024989;5361875,282010260038078;9,965452838000029;48,405982139000102
197964;08220418435200512811;08;4;35;020;2022;04;18;2;3;6;4;0;0;0;1;1;0;0;0;524311,585000001010485;5297557,617999490350485;9,324852248000070;47,830907167000099
197967;08220407221400435481;08;2;26;018;2022;04;15;5;3;0;7;0;1;1;0;0;0;0;0;473031,857606048986781;5472222,789489019662142;8,628291471000070;49,402095256000102
197968;08220421325202527851;08;3;25;049;2022;04;17;5;3;0;1;0;0;1;0;0;0;0;0;473303,444969863980077;5334072,682723550125957;8,641008660000070;48,159339315000103
197971;08220411335100452791;08;3;35;043;2022;04;14;2;3;0;1;0;0;1;0;0;0;0;0;512761,042281184985768;5278624,644549559801817;9,169959066000050;47,660889815000097
197973;08220424416010590741;08;4;15;019;2022;04;01;1;2;0;1;2;0;1;0;0;0;0;0;519543,732320689014159;5371415,302741459570825;9,264539635000061;48,495555210000099
197975;08220403221200633991;08;2;21;000;2022;04;00;1;3;6;7;2;0;0;0;1;0;0;1;478625,609712101984769;5473427,206661050207913;8,705325485000060;49,413150966000003
197976;08220417117300495850;08;1;17;026;2022;04;14;1;3;0;7;0;0;1;0;0;0;0;0;545734,396688141976483;5395610,678982400335371;9,621700921000070;48,711849245000103
197979;08220324216100375120;08;2;16;043;2022;03;15;5;3;5;3;0;0;1;1;0;0;0;0;441479,829009042005055;5412501,395113109610975;8,202103101000031;48,862713750000097
197980;08220414125102521781;08;1;21;000;2022;04;11;5;2;5;3;0;0;1;0;0;0;0;1;515658,024000001023524;5443328,519999540410936;9,214689086000019;49,142583710000103
197982;08220420118500545231;08;1;18;049;2022;04;16;4;3;0;4;0;0;1;1;1;0;0;0;518860,372863320983015;5420467,524443860165775;9,257532517000071;48,936848483000098
197984;08220329212302390890;08;2;12;000;2022;03;15;3;3;0;7;0;0;1;0;0;0;0;0;456206,531751770991832;5428709,130786729976535;8,401140398000051;49,009720598000101
197987;08220415121500554641;08;1;25;111;2022;04;18;6;2;4;6;0;0;1;1;0;0;0;0;529052,093387142987922;5454602,460294379852712;9,399148308000060;49,243506395000097
197988;08220413136300504531;08;1;36;065;2022;04;18;4;3;6;7;0;0;1;0;1;0;0;0;557113,827806937973946;5404638,669904779642820;9,777628710000039;48,792119183000104
197989;08220331111140397850;08;1;11;000;2022;03;15;5;3;5;3;0;1;1;1;0;0;0;0;509287,933127044001594;5398718,876498140394688;9,126331371000051;48,741418754999998
197990;08220418435100569111;08;4;35;016;2022;04;17;2;3;0;1;0;0;1;0;0;0;0;0;536672,021000000997446;5278985,429999490268528;9,488441773000030;47,663222276000099
197991;08220405222800424991;08;2;22;000;2022;04;15;3;3;5;3;0;0;1;1;0;0;0;0;459908,742634426977020;5488102,181095289997756;8,445810679000029;49,544198822000098
197993;08220408119300493941;08;1;19;067;2022;04;15;6;3;5;3;0;1;1;1;0;0;0;0;537168,816855106037110;5405969,126294810324907;9,506203481000060;48,805599569000002
197994;08220419335100581911;08;3;35;043;2022;04;18;3;3;0;1;0;0;1;0;0;0;0;0;514530,675758511992171;5281943,992053929716349;9,193638420000070;47,690718797999999
197995;08220410426010492111;08;4;26;067;2022;04;15;1;3;6;6;0;0;0;1;1;0;0;0;529038,141121738008223;5332400,073221679776907;9,390364014000060;48,144188633000098
198003;08220405221400446171;08;2;21;000;2022;04;08;3;3;5;3;0;1;1;1;0;0;0;0;474861,676795680017676;5473813,815173449926078;8,653411082000050;49,416484558000001
198005;08220408221011745250;08;2;21;000;2022;04;11;6;3;3;7;0;1;1;0;0;0;0;1;476438,726887732977048;5472136,578761460259557;8,675253450000071;49,401461223000098
198007;08220423111130646891;08;1;11;000;2022;04;18;7;3;0;7;0;0;1;0;0;0;0;0;512015,411761234980077;5401107,414756259880960;9,163499190000040;48,762859329000001
198008;08220325416100377890;08;4;16;036;2022;03;17;6;3;5;3;0;0;1;1;0;0;0;0;487282,802897541027050;5372471,384973219595850;8,827830112000070;48,505231374000097
198009;08220415415400588161;08;4;15;061;2022;04;18;6;3;5;3;0;0;1;1;0;0;0;0;514296,720074130978901;5370489,972342380322516;9,193486063000019;48,487371913000104
198010;08220412336400542061;08;3;36;091;2022;04;07;3;3;5;3;0;0;1;0;0;0;0;1;396018,484023723984137;5271942,523360470309854;7,616905151000030;47,592552667000099
198011;08220331116100415190;08;1;16;004;2022;03;20;5;3;6;7;2;0;0;1;1;0;0;0;527908,863189485040493;5396828,921790979802608;9,379475218000040;48,723861047000099
198014;08220407226600652041;08;2;26;096;2022;04;13;5;2;6;4;0;1;0;1;1;0;0;0;473858,432875406986568;5488062,828812469728291;8,638637478000019;49,544607674000098
198016;08220421226200566001;08;2;26;032;2022;04;14;5;3;5;3;0;0;1;1;0;0;0;0;467601,740186236973386;5463002,562204649671912;8,554199334000030;49,318896525000099
198017;08220324421200401220;08;4;21;000;2022;03;07;5;3;5;3;0;0;1;1;0;0;0;0;573514,506140448967926;5361941,837972830049694;9,993339963000039;48,406343532999998
198018;08220328118600408130;08;1;18;073;2022;03;12;2;3;0;1;0;0;1;0;0;0;0;0;496607,006148985004984;5419633,724365440197289;8,953676429000041;48,929626042999999
198020;08220412116500743140;08;1;16;049;2022;04;07;3;3;2;7;0;0;1;1;0;0;0;0;525704,129109204048291;5386539,702579409815371;9,348858459000040;48,631394518999997
198022;08220423118300607061;08;1;18;081;2022;04;08;7;3;0;7;0;0;1;0;0;0;0;0;518199,710411061998457;5412744,308625239878893;9,248167249000060;48,867392651999999
198025;08220417216300533251;08;2;16;059;2022;04;16;1;3;0;1;0;0;1;0;0;0;0;0;452844,690999999991618;5396755,340999520383775;8,358853987000030;48,722040212000103
198027;08220328221200417250;08;2;21;000;2022;03;18;2;3;5;3;0;0;1;1;0;0;0;0;475830,399438316992018;5472554,958178560249507;8,666843521000031;49,405200624000003
198029;08220331426200415170;08;4;26;070;2022;03;07;5;3;0;1;0;0;1;0;0;0;0;0;565735,637065761955455;5340950,321019469760358;9,884972940000070;48,218371250000096
198030;08220419317000546551;08;3;17;065;2022;04;07;3;2;5;2;0;0;1;1;0;0;0;0;417436,900514109001961;5354452,874189750291407;7,885887403000030;48,337860693000003
198032;08220408117300478511;08;1;17;026;2022;04;18;6;3;4;6;1;1;1;0;1;0;0;0;548896,242640912998468;5394747,371668970212340;9,664576999000079;48,703843468000102
198033;08220422416010531971;08;4;16;041;2022;04;10;6;2;6;4;0;0;0;0;1;0;1;0;505210,816939802025445;5373272,647879909723997;9,070556017000060;48,512546976000102
198035;08220416212010553401;08;2;12;000;2022;04;14;7;3;6;4;0;0;0;1;1;0;0;0;455531,209168797009625;5427869,603033780120313;8,391998099000030;49,002120665000099
198038;08220419212010524751;08;2;12;000;2022;04;19;3;3;6;6;0;0;1;0;1;0;0;0;455195,843999999982771;5427098,982999529689550;8,387498077000030;48,995164606000102
198039;08220405212702480551;08;2;15;017;2022;04;17;3;3;5;2;0;0;1;1;0;0;0;0;456843,654837017005775;5420866,483024420216680;8,410684495000050;48,939219461000100
198041;08220407212502630951;08;2;12;000;2022;04;14;5;3;0;1;0;1;1;0;0;0;0;0;453485,714164015022106;5429043,721162539906800;8,363898206000041;49,012531162000101
198042;08220421311010544161;08;3;11;000;2022;04;17;5;3;1;7;0;0;1;0;0;0;0;1;415153,877673420996871;5315575,277930250391364;7,862843295000060;47,987848600000099
198043;08220325135200394420;08;1;35;026;2022;03;14;6;2;0;1;0;0;1;0;0;0;0;0;592437,075458399020135;5394833,756255839951336;10,256271362000099;48,699687848000103
198044;08220412121500459581;08;1;25;065;2022;04;12;3;2;6;4;0;0;0;1;1;0;0;0;518539,565597210021224;5450950,658584229648113;9,254549228000030;49,211066539000100
198045;08220330311010403231;08;3;11;000;2022;03;19;4;2;3;2;1;1;1;0;0;1;0;0;413776,185221599007491;5315870,121387239545584;7,844323305000050;47,990316567000001
198046;08220323335200656321;08;3;35;063;2022;03;16;4;3;3;6;0;0;1;1;0;0;0;0;495205,003890045976732;5288917,884704809635878;8,936024065000030;47,753612819000097
198048;08220418212010603731;08;2;12;000;2022;04;13;2;3;5;2;0;0;1;0;0;1;0;0;457011,910923179995734;5428573,262765719555318;8,412167438000040;49,008555079000097
198051;08220324212302398640;08;2;12;000;2022;03;04;5;3;0;7;2;0;1;0;0;0;0;0;455148,974473909009248;5430932,482092499732971;8,386433760000051;49,029643837999998
198054;08220420436200755890;08;4;36;064;2022;04;19;4;2;8;6;0;0;1;1;0;0;0;0;545902,944138666964136;5287956,503946119919419;9,612328245000070;47,743347043000000
198055;08220421317600560751;08;3;17;145;2022;04;12;5;3;4;7;0;0;1;0;0;0;0;1;442421,476999997976236;5349967,487999510020018;8,223604485000070;48,300282062000100
198056;08220324336200417320;08;3;37;116;2022;03;16;5;3;8;1;0;0;1;0;0;0;0;0;416711,551999989023898;5273112,967999489977956;7,891868956000050;47,606070509000098
198057;08220412416010455821;08;4;16;015;2022;04;15;3;3;5;3;0;0;1;1;0;0;0;0;507022,652347129012924;5366484,789260249584913;9,094974706000070;48,451462919000100
198058;08220330118400417680;08;1;18;048;2022;03;12;4;3;0;1;0;1;1;0;0;0;0;0;515989,136299491976388;5417044,428543919697404;9,218192823000040;48,906136298000000
198062;08220407222800487311;08;2;22;000;2022;04;15;5;3;0;3;0;0;0;1;1;0;0;0;462948,235000000975560;5485710,131999550387263;8,488049110000080;49,522877307999998
198063;08220420222500538321;08;2;22;000;2022;04;12;4;3;5;3;0;0;1;1;0;0;0;0;462115,713999999978114;5478058,314999549649656;8,477279838000070;49,454001750000003
198064;08220324119100391140;08;1;19;008;2022;03;18;5;3;5;2;0;0;1;1;0;0;0;0;532682,283000000985339;5420114,985999530181289;9,446233405000040;48,933101463000099
198065;08220327416200394360;08;4;16;025;2022;03;00;1;3;0;1;2;0;1;0;0;0;0;0;503798,574138728028629;5360521,021220440044999;9,051318094000070;48,397837509000098
198068;08220411325202849830;08;3;25;049;2022;04;07;2;3;5;2;0;0;1;1;0;0;0;0;472245,829841523023788;5334146,545085529796779;8,626782286000040;48,159958539999998
198069;08220329235100391680;08;2;35;008;2022;03;16;3;2;8;1;0;0;1;0;0;0;0;0;482127,531014471023809;5403456,705293639563024;8,756699690000060;48,783852667000097
198074;08220414117400471701;08;1;17;017;2022;04;11;5;3;4;1;0;0;1;1;0;0;0;0;546714,954000002006069;5388903,133999519981444;9,634271425000071;48,651438409000001
198075;08220401231102653601;08;2;36;040;2022;04;18;6;3;6;4;0;1;0;1;1;0;0;0;488923,049058475997299;5422189,518540170043707;8,848700340000050;48,952527303000103
198079;08220422435200651561;08;4;35;059;2022;04;12;6;3;0;2;0;0;1;1;0;0;0;0;512579,339000001025852;5290395,117999490350485;9,167878855000030;47,766799379000098
198080;08220325212502391900;08;2;12;000;2022;03;10;6;3;0;7;0;0;1;0;0;0;0;0;454402,753853190981317;5428314,499194280244410;8,376520220000030;49,006040210999998
198083;08220330335100411070;08;3;35;043;2022;03;07;4;3;1;5;0;0;1;1;0;0;0;0;511276,716606892994605;5282021,973926640115678;9,150277762000030;47,691485432000000
198086;08220410119100478741;08;1;19;008;2022;04;12;1;3;0;7;0;0;1;0;0;0;0;0;531636,416087548015639;5421853,613328459672630;9,432088893000071;48,948795564000100
198090;08220412211100461321;08;2;11;000;2022;04;16;3;3;0;7;0;0;1;0;0;0;0;0;441118,774277560994960;5403441,485093119554222;8,198481378000050;48,781185571999998
198091;08220330136010399230;08;1;36;019;2022;03;16;4;3;0;3;0;1;1;1;0;0;0;0;582433,742689040955156;5425085,137520059943199;10,126434100999999;48,973175098000098
198093;08220323311010418210;08;3;11;000;2022;03;10;4;3;5;3;0;0;1;0;0;1;0;0;413782,100999985006638;5315976,334999499842525;7,844381245000020;47,991272795000000
198094;08220403121200630501;08;1;21;000;2022;04;15;1;3;0;7;0;0;1;0;0;0;0;0;516245,017316841986030;5443472,868183399550617;9,222743180000069;49,143866923000097
198097;08220420311010972240;08;3;11;000;2022;04;19;4;3;5;3;0;0;1;0;0;0;0;1;411353,505333033972420;5317014,223269170150161;7,811622402000070;48,000276812000003
198098;08220324116200377180;08;1;16;077;2022;03;18;5;3;0;1;0;0;1;0;0;0;0;0;516602,994477619009558;5391000,844866289757192;9,225517319000060;48,671835261000098
198100;08220414111500538101;08;1;11;000;2022;04;15;5;3;5;3;0;0;1;1;0;0;0;0;516254,832184006983880;5406384,099668109789491;9,221395241000041;48,810231499000103
198102;08220411311010517221;08;3;36;081;2022;04;14;2;3;5;3;0;0;1;1;0;0;0;0;411145,890417527989484;5278218,670807519927621;7,816798744000040;47,651261521000002
198104;08220423435100561401;08;4;35;030;2022;04;11;7;2;0;1;0;0;1;0;0;0;0;0;540816,435834834002890;5271730,799209229648113;9,542963109000031;47,597701454999999
198105;08220326222700405600;08;2;22;000;2022;03;11;7;3;5;3;0;0;1;1;0;0;0;0;462786,055426203005482;5480317,355959570035338;8,486316307000040;49,474362188999997
198109;08220420111330633301;08;1;11;000;2022;04;16;4;2;6;6;0;0;1;0;1;0;0;0;517294,728536134993192;5408614,007220660336316;9,235652809000040;48,830263279000100
198111;08220408231000648451;08;2;35;065;2022;04;09;6;3;6;7;0;1;0;1;1;0;0;0;473879,805353649018798;5403912,690675959922373;8,644395220000041;48,787662927000000
198112;08220422119400633881;08;1;19;091;2022;04;18;6;3;5;3;0;0;1;1;0;0;0;0;527390,151289400993846;5406523,177657079882920;9,373067924000051;48,811091552999997
198114;08220411311010552081;08;3;36;050;2022;04;10;2;2;3;2;0;0;1;1;0;0;0;0;399468,857999969972298;5274822,724999490194023;7,662126084000020;47,619005227999999
198115;08220329421200388580;08;4;25;141;2022;03;18;3;3;8;1;0;0;1;0;0;0;0;0;565353,432707768050022;5367864,175910879857838;9,884004430000060;48,460516640000002
198116;08220424215502646191;08;2;15;066;2022;04;00;1;3;0;7;2;0;1;0;0;0;0;0;460444,545873946975917;5454883,939888480119407;8,456523566000040;49,245449567999998
198117;08220326421200411470;08;4;21;000;2022;03;10;7;3;0;1;0;0;1;0;0;0;0;0;573724,122619351022877;5361040,447440519928932;9,996013563000080;48,398210866000099
198118;08220416415100552591;08;4;15;050;2022;04;15;7;3;5;3;0;0;1;1;0;0;0;0;520435,247480419988278;5376480,729442300274968;9,276855046000041;48,541096777000099
198119;08220414216200479201;08;2;16;007;2022;04;23;5;3;8;1;2;0;1;0;0;0;0;0;436338,578839580994099;5394037,097630360163748;8,134871570000030;48,696122278000097
198121;08220419221011579131;08;2;26;041;2022;04;09;3;2;0;7;0;0;1;0;0;0;0;0;481986,189575742988382;5465314,036213720217347;8,752022495000061;49,340282250000001
198122;08220411111500456651;08;1;11;000;2022;04;16;2;3;6;4;0;0;0;1;1;0;0;0;511728,909857666003518;5401096,261767400428653;9,159600326000030;48,762764462000099
198123;08220408311010439381;08;3;11;000;2022;04;15;6;3;6;4;0;0;0;1;1;0;0;0;411854,373217504995409;5315930,624297600239515;7,818558023000040;47,990598797000096
198124;08220422435100597411;08;4;35;016;2022;04;18;6;3;5;3;0;0;1;1;0;0;0;0;535165,165078788995743;5277677,717456540092826;9,468267158000060;47,651539911999997
198126;08220415226600515131;08;2;26;096;2022;04;14;6;2;0;1;0;0;1;0;0;0;0;0;475745,527964901004452;5487974,053517140448093;8,664728320000050;49,543887693000002
198127;08220413311100531851;08;3;15;132;2022;04;16;4;3;5;3;0;0;1;0;0;0;0;0;409255,145848284999374;5323411,053479379974306;7,782143623000020;48,057522577000000
198129;08220419111500511411;08;1;11;000;2022;04;12;3;3;6;7;0;0;0;1;1;0;0;0;512588,031373780977447;5399516,415046569891274;9,171242399000050;48,748535443000002
198130;08220404317200484401;08;3;17;057;2022;04;07;2;3;5;3;0;0;1;1;0;0;0;0;413840,694093891012017;5379481,840453079901636;7,832218906000040;48,562506458000001
198131;08220408416010639951;08;4;15;059;2022;04;15;6;3;5;3;0;1;1;1;0;0;0;0;517117,016233290021773;5368113,759695449844003;9,231557216000059;48,465924149999999
198132;08220407415400524981;08;4;15;061;2022;04;13;5;3;6;4;0;0;0;1;1;0;0;0;513661,930714863992762;5371320,288745080120862;9,184922286000070;48,494855864999998
198133;08220421222200599941;08;2;22;000;2022;04;13;5;3;0;7;0;0;1;1;0;0;0;0;461700,996265214984305;5480881,048470630310476;8,471284746000039;49,479364832999998
198134;08220324416010378850;08;4;16;041;2022;03;16;5;2;5;3;0;0;1;1;0;0;0;0;499980,339253137994092;5369875,639053069986403;8,999733947000040;48,482007729000003
198136;08220412221400972620;08;2;21;000;2022;04;12;3;3;1;5;0;0;1;1;0;0;0;0;477144,399103427014779;5472062,924178870394826;8,684983857000081;49,400825619000003
198138;08220323311010371560;08;3;11;000;2022;03;22;4;3;0;7;2;0;1;0;0;0;0;0;413644,408833745983429;5319062,817294790409505;7,841914678000020;48,019018173000099
198139;08220404111130445421;08;1;11;000;2022;04;15;2;3;5;2;0;0;1;1;0;0;0;0;511124,000013215001673;5401735,626851060427725;9,151386375000071;48,768527265000003
198142;08220324119100403090;08;1;19;008;2022;03;08;5;3;6;7;0;0;0;1;1;0;0;0;531431,877064484055154;5420621,537650209851563;9,429200337000051;48,937722915999998
198143;08220414116200494861;08;1;16;078;2022;04;10;5;3;0;7;0;0;1;0;0;0;0;0;512388,845755405025557;5393865,166200890205801;9,168363000000060;48,697700736000101
198144;08220420311010760890;08;3;11;000;2022;04;13;4;3;5;2;0;0;1;1;0;0;0;0;415604,866391945979558;5315899,832695200107992;7,868822678000070;47,990827789000001
198145;08220410435200476741;08;4;35;066;2022;04;13;1;3;4;2;0;0;1;0;0;0;0;0;517706,568634808994830;5285110,764175750315189;9,236089232000040;47,719132844999997
198147;08220423231000597031;08;2;37;028;2022;04;15;7;3;6;4;0;0;0;1;1;0;0;0;455979,928611408977304;5369972,085405720397830;8,404319604000021;48,481333986000003
198148;08220327118600408110;08;1;18;073;2022;03;17;1;2;0;1;0;0;1;0;0;0;0;0;497491,972193619003519;5421998,652017950080335;8,965744058000039;48,950904461999997
198149;08220416325302485471;08;3;25;045;2022;04;19;7;3;4;6;0;0;1;1;0;0;0;0;470161,696999999985565;5349753,931999510154128;8,597657904000069;48,300277605000097
198150;08220413119200471311;08;1;19;093;2022;04;18;4;3;2;6;0;0;1;1;0;0;0;0;524830,640999999945052;5404435,794999520294368;9,338080518000030;48,792421488999999
198151;08220331426010410060;08;4;21;000;2022;03;15;5;2;5;3;0;0;1;1;0;0;0;0;571264,715000004973263;5360317,673999509774148;9,962669237000060;48,391992119000101
198152;08220419119300633431;08;1;19;067;2022;04;17;3;3;4;6;0;0;1;0;0;0;0;0;540135,603267229977064;5407519,020821450278163;9,546757987000030;48,819357137000097
198153;08220405311010422201;08;3;11;000;2022;04;10;3;3;0;1;0;0;1;0;0;0;0;0;412202,857304593024310;5315119,951448979787529;7,823393610000040;47,983354485000099
198154;08220409335400486091;08;3;35;079;2022;04;10;7;3;6;7;0;0;0;1;1;0;0;0;500988,778727066004649;5300238,889690609648824;9,013218333000051;47,855490574999997
198155;08220408212102496371;08;2;12;000;2022;04;05;6;3;0;1;2;1;1;0;0;0;0;0;461317,853670672979206;5426240,636861399747431;8,471267611000030;48,987857495000100
198157;08220325421300375460;08;4;25;141;2022;03;07;6;3;0;7;0;0;1;0;0;0;0;0;568901,823260475997813;5362317,994594889692962;9,931083261000030;48,410248357000100
198158;08220328126100386870;08;1;26;039;2022;03;16;2;2;0;7;0;0;1;0;0;0;0;0;547485,658462277031504;5460404,573926649987698;9,653082686000060;49,294541590999998
198161;08220331111500416630;08;1;11;000;2022;03;18;5;3;6;2;0;1;0;1;1;0;0;0;516359,796874077990651;5405086,851150619797409;9,222773184000060;48,798558884999998
198163;08220404311010462491;08;3;11;000;2022;04;11;2;2;5;2;0;0;1;1;0;0;0;0;412898,912312420026865;5317318,004268010146916;7,832273653000070;48,003221852000102
198166;08220421416200558911;08;4;16;041;2022;04;14;5;3;0;1;0;0;1;0;0;0;0;0;503854,024430945981294;5374463,354133970104158;9,052195654000061;48,523268803000100
198167;08220325135010390800;08;1;35;019;2022;03;10;6;2;6;3;0;0;0;1;1;0;0;0;583907,140668850974180;5394576,698707940056920;10,140317746999999;48,698581422000103
198169;08220412118000523561;08;1;18;048;2022;04;15;3;3;5;2;0;0;1;1;0;0;0;0;513501,860808719997294;5415713,191685579717159;9,184206861000060;48,894220077000099
198171;08220415118400481691;08;1;18;048;2022;04;15;6;2;0;7;0;0;1;0;0;0;0;0;517612,044992859999184;5415210,091454709880054;9,240260259000021;48,889591131000003
198172;08220412437200975960;08;4;37;047;2022;04;08;3;3;0;2;0;0;1;0;0;0;1;0;517160,551741892006248;5340122,095097430050373;9,231005544000030;48,214093744000103
198173;08220331118300412600;08;1;18;046;2022;03;05;5;3;0;7;2;0;1;0;0;0;0;0;513065,914378541987389;5412551,439308250322938;9,178158200000039;48,865787055000098
198174;08220418335100569231;08;3;35;043;2022;04;16;2;3;5;3;0;0;1;0;0;0;0;1;513214,456999999994878;5279786,156999490223825;9,176033015000030;47,671331618000103
198175;08220404237200474971;08;2;37;040;2022;04;07;2;3;6;7;0;0;0;1;1;0;0;0;477317,437738610024098;5365607,116519399918616;8,693289498000070;48,443197427000001
198176;08220408335400486971;08;3;35;099;2022;04;22;6;3;8;1;2;1;1;0;0;0;0;0;492462,921058386971708;5298661,506480669602752;8,899269310000021;47,841254757999998
198178;08220421212010573851;08;2;12;000;2022;04;15;5;3;6;7;0;0;0;0;1;0;0;1;453478,387304702016991;5428914,130689499899745;8,363812868000020;49,011364938000000
198179;08220325212010383570;08;2;15;017;2022;03;08;6;2;1;5;0;0;1;1;0;0;0;0;455868,422674119996373;5421911,421090899966657;8,397254921000069;48,948550089999998
198180;08220327226700384440;08;2;26;076;2022;03;12;1;3;5;3;0;0;1;1;0;0;0;0;474691,816000000981148;5464749,342999540269375;8,651645917000049;49,334943842000001
198181;08220411215202584531;08;2;15;084;2022;04;07;2;3;5;2;0;1;1;1;0;0;0;0;472908,107001773023512;5447718,082719770260155;8,628247025000061;49,181670681000099
198182;08220330222014415000;08;2;22;000;2022;03;17;4;3;0;4;0;0;0;0;1;0;0;1;461316,739084272005130;5481714,830910320393741;8,465898775000030;49,486839897000003
198183;08220425118400588481;08;1;18;048;2022;04;18;2;3;4;2;0;1;1;1;0;0;0;0;513508,713352283986751;5415700,565731730312109;9,184299933000030;48,894106348000001
198184;08220323335300407760;08;3;35;075;2022;03;09;4;2;5;3;0;0;1;1;0;0;0;0;491157,279007822973654;5288776,482094029895961;8,882021361000060;47,752297732000002
198187;08220406118100650741;08;1;18;018;2022;04;14;4;3;5;3;0;0;1;1;0;0;0;0;511411,350696625013370;5430500,077024829573929;9,156100565000029;49,027279674000098
198188;08220324128100400430;08;1;28;007;2022;03;17;5;3;8;7;0;0;1;1;0;0;0;0;556601,978662863955833;5482357,281335029751062;9,781577224000049;49,491211362000101
198189;08220414212010514601;08;2;15;103;2022;04;17;5;2;5;3;0;0;1;1;0;0;0;0;466666,036624717991799;5442569,808064820244908;8,543022634000071;49,135054062000101
198190;08220402115100628551;08;1;15;003;2022;04;15;7;3;6;4;0;1;0;1;1;0;0;0;501235,381018684012815;5392548,878291429951787;9,016784788000050;48,685981069999997
198194;08220423212302646131;08;2;12;000;2022;04;11;7;3;0;7;0;0;1;0;0;0;0;0;455807,434857062005904;5428740,614776910282671;8,395679784000039;49,009975347000100
198195;08220326435100396410;08;4;35;035;2022;03;14;7;3;2;6;0;0;1;1;0;0;0;0;541695,502613701042719;5281861,110480929724872;9,555622062000049;47,688791227000102
198197;08220413118100463161;08;1;18;079;2022;04;16;4;3;1;1;0;0;1;1;0;0;0;0;509004,115130910009611;5423104,958063219673932;9,123007196000060;48,960795949999998
198198;08220331436100415310;08;4;36;055;2022;03;16;5;2;6;4;0;1;0;1;1;0;0;0;577094,921668856986798;5298612,697966810315847;10,030255403000099;47,836236922000097
198200;08220405311010479071;08;3;11;000;2022;04;20;3;3;5;2;2;1;1;1;0;0;0;0;414328,103999987011775;5319384,915999500080943;7,851017173000060;48,022007615000099
198203;08220422115100566401;08;1;15;003;2022;04;08;6;3;0;7;0;0;1;0;0;0;0;0;500047,442182548984420;5391551,711800839751959;9,000644470000051;48,677011666000098
198204;08220325118500417910;08;1;18;078;2022;03;13;6;3;2;7;0;0;1;1;0;0;0;0;513686,958236596023198;5420436,296848660334945;9,186890571000051;48,936703658000098
198205;08220413117010471011;08;1;17;024;2022;04;11;4;3;6;4;0;0;0;1;1;0;0;0;562081,908000004012138;5385054,577999520115554;9,842318837000050;48,615482057000101
198207;08220404416010515401;08;4;15;014;2022;04;14;2;3;6;2;0;0;0;0;1;0;0;1;525460,209000000031665;5375187,149999519810081;9,344852608000050;48,529275671000100
198209;08220407311010487731;08;3;11;000;2022;04;15;5;3;5;3;0;0;1;1;0;0;0;0;411248,632437400985509;5316321,415114190429449;7,810360101000070;47,994030277999997