OBJECTID;UIDENTSTLAE;ULAND;UREGBEZ;UKREIS;UGEMEINDE;UJAHR;UMONAT;USTUNDE;UWOCHENTAG;UKATEGORIE;UART;UTYP1;ULICHTVERH;IstStrassenzustand;IstRad;IstPKW;IstFuss;IstKrad;IstGkfz;IstSonstige;LINREFX;LINREFY;XGCSWGS84;YGCSWGS84
198210;08220420311010515021;08;3;11;000;2022;04;18;4;3;3;6;0;0;1;0;0;0;0;0;414553,669820417009760;5318993,709718289785087;7,854119703000040;48,018518788999998
198211;08220324111500403420;08;1;11;000;2022;03;14;5;3;6;2;0;0;0;1;1;0;0;0;513766,221874059992842;5402469,122402049601078;9,187368708000060;48,775072895999998
198212;08220328116010407810;08;1;16;019;2022;03;19;2;3;5;3;0;0;0;1;1;0;0;0;523626,379188208025880;5398268,588291089981794;9,321330084000071;48,736989187000098
198214;08220411416200587881;08;4;16;041;2022;04;09;2;3;3;6;0;0;1;1;0;0;0;0;504035,299109829997178;5376535,745447189547122;9,054670752000050;48,541911613000103
198215;08220329116400403280;08;1;16;033;2022;03;06;3;2;5;7;2;0;1;0;0;0;0;0;533243,584724724991247;5388338,883251099847257;9,451325976000019;48,647224397999999
198216;08220424335300570991;08;3;35;075;2022;04;02;1;3;0;1;2;1;1;0;0;0;0;0;488978,767192073981278;5289399,382184219546616;8,852940187000060;47,757868745000103
198219;08220417212010552611;08;2;12;000;2022;04;21;1;3;5;3;2;0;1;1;0;0;0;0;455356,195625132997520;5428469,768272779881954;8,389539372000060;49,007506577000100
198221;08220414222014605131;08;2;22;000;2022;04;06;5;2;5;3;0;0;1;0;0;0;0;1;460169,420325002982281;5487712,616664280183613;8,449453273000071;49,540712143000100
198222;08220401336300615561;08;3;36;081;2022;04;14;6;3;2;6;0;1;1;1;0;0;0;0;411391,872108002018649;5278000,453900719992816;7,820117794000050;47,649332209000100
198223;08220419222800640511;08;2;22;000;2022;04;13;3;3;6;4;0;0;0;1;1;0;0;0;462172,306476239988115;5486201,765603840351105;8,477281289000080;49,527251335000102
198224;08220410415400763950;08;4;15;061;2022;04;17;1;3;0;3;0;0;1;0;0;0;0;1;516653,077516741992440;5370734,204684410244226;9,225385555000059;48,489511089000104
198227;08220416212010490821;08;2;12;000;2022;04;13;7;3;1;5;0;0;1;1;0;0;0;0;453705,095707893022336;5428740,606552340090275;8,366932717000051;49,009821129999999
198228;08220503335100708690;08;3;35;043;2022;05;17;3;3;0;7;0;1;1;0;0;0;0;0;512796,708552674972452;5278371,752762280404568;9,170426682000031;47,658613671000097
198229;08220517212502690540;08;2;12;000;2022;05;07;3;3;5;3;0;0;1;1;0;0;0;0;453048,622047726006713;5427185,653975879773498;8,358136026000070;48,995784659000002
198230;08220514119300712710;08;1;19;067;2022;05;09;7;3;5;3;0;0;1;1;0;0;0;0;538178,929000001051463;5405927,117999520152807;9,519955745000059;48,805160451000098
198231;08220430111370653131;08;1;11;000;2022;04;16;7;3;0;6;0;0;1;1;0;0;0;0;508286,127583679975942;5405563,602255599573255;9,112843078000029;48,803007741000002
198232;08220510212010669810;08;2;12;000;2022;05;07;3;3;5;3;0;0;1;1;0;0;0;0;454957,634339070995338;5432961,394995500333607;8,383590879000050;49,047880033000098
198234;08220428311000651471;08;3;11;000;2022;04;10;5;3;0;6;0;0;1;1;0;0;0;0;413497,590331637999043;5317492,526345900259912;7,840262965000020;48,004873037000003
198235;08220513317500705390;08;3;17;096;2022;05;08;6;3;5;3;0;1;1;1;0;0;0;0;422572,481616335979197;5369667,061241050250828;7,952367649000050;48,475363279000099
198236;08220507226600688340;08;2;26;096;2022;05;15;7;3;5;7;0;0;1;1;0;0;0;0;473870,856970026972704;5488394,423376319929957;8,638787228000069;49,547590765000102
198237;08220425311010650461;08;3;11;000;2022;04;12;2;3;0;7;0;1;1;0;0;0;0;0;414178,481088617991190;5316639,388031289912760;7,849560412000070;47,997290530999997
198238;08220511212402673950;08;2;12;000;2022;05;17;4;3;5;2;0;0;1;0;0;0;0;1;456383,066000000981148;5426768,494999529793859;8,403762720000030;48,992276836000002
198240;08220429118400648591;08;1;18;048;2022;04;17;6;3;0;1;0;0;1;0;0;0;0;0;515260,182203379983548;5415913,677362250164151;9,208203100000050;48,895982777000000
198241;08220515436100719140;08;4;36;055;2022;05;15;1;3;8;1;0;0;1;0;0;0;0;0;575713,994000007980503;5298870,772999499924481;10,011849568000100;47,838722685000100
198242;08220427436500648631;08;4;36;006;2022;04;17;4;2;6;4;0;0;0;1;1;0;0;0;556907,877752761007287;5282597,974417409859598;9,758417959000040;47,694260122999999
198243;08220513135200705810;08;1;35;019;2022;05;11;6;3;6;4;0;0;0;1;1;0;0;0;584823,295615350943990;5392001,021077079698443;10,152237191999999;48,675291150000099
198244;08220504317010667410;08;3;17;065;2022;05;16;4;2;5;3;0;0;1;1;0;0;0;0;416955,314877689001150;5355737,806228140369058;7,879136727000060;48,349355439000099
198245;08220506222014670660;08;2;22;000;2022;05;18;6;2;6;4;0;0;0;1;1;0;0;0;461885,889000000024680;5482818,013999549672008;8,473650311000030;49,496798454000000
198247;08220514335000715960;08;3;35;022;2022;05;16;7;3;5;3;0;0;1;0;0;0;0;1;482880,642852520977613;5299530,279273309744895;8,771171559000040;47,848887634000100
198248;08220502311200595280;08;3;11;000;2022;05;07;2;3;3;2;0;0;1;1;0;0;0;0;412218,871509401011281;5318701,052257680334151;7,822875515000020;48,015569716000101
198252;08220512316100694620;08;3;16;011;2022;05;18;5;2;0;7;0;1;1;0;0;0;0;0;413634,302170136012137;5330722,889313509687781;7,839422869000030;48,123901842000102
198254;08220514111230715610;08;1;11;000;2022;05;15;7;3;0;7;0;0;1;0;0;0;0;0;516054,692745595006272;5399729,405868159607053;9,218409419000070;48,750371772000101
198255;08220430415400649441;08;4;15;061;2022;04;23;7;3;0;1;2;0;1;0;0;0;0;0;514848,358703100006096;5371089,075404429808259;9,200972969000080;48,492748869000103
198257;08220508222600665630;08;2;22;000;2022;05;18;1;3;0;7;0;1;1;1;0;0;0;0;462109,462810901983175;5483147,154181759804487;8,476706127000060;49,499772898000103
198258;08220517121200723550;08;1;21;000;2022;05;17;3;3;5;3;0;0;1;1;0;0;0;0;515464,540386008971836;5444332,606338229961693;9,212074772000051;49,151620694000002
198260;08220428421200634821;08;4;25;072;2022;04;13;5;3;1;1;0;0;1;1;0;0;0;0;582416,545694862958044;5372171,621452219784260;10,115617474000000;48,497256919000101
198265;08220503222600707340;08;2;22;000;2022;05;08;3;3;6;7;0;0;1;0;1;0;0;0;462462,791657545021735;5482679,212617729790509;8,481630083000031;49,495585980999998
198267;08220429317300648881;08;3;17;127;2022;04;19;6;3;0;1;0;0;1;0;0;0;0;0;421264,322611978976056;5350654,962087379768491;7,938234755000050;48,304186563000002
198268;08220509416100680950;08;4;16;036;2022;05;08;2;3;3;2;0;0;1;1;0;0;0;0;495537,915746909973677;5369690,414965650066733;8,939620322000049;48,480325537000098
198269;08220516311010720370;08;3;11;000;2022;05;12;2;3;5;2;0;1;1;0;0;0;1;0;414384,570811401004903;5313245,831496370024979;7,852998999000020;47,966791731999997
198270;08220428225100646901;08;2;25;009;2022;04;13;5;3;6;7;0;0;0;1;1;0;0;0;518444,973679478978738;5466132,168385559692979;9,253950692000050;49,347628454000102
198271;08220513231102736930;08;2;36;046;2022;05;16;6;3;5;3;0;0;1;1;0;0;0;0;484435,211687345989048;5418656,017812309786677;8,787536455000071;48,920644467000002
198272;08220505311010668290;08;3;11;000;2022;05;15;5;3;4;2;0;1;1;1;0;0;0;0;414199,041482262022328;5318151,183569080196321;7,849533567000040;48,010892443000003
198274;08220425222500656751;08;2;22;000;2022;04;07;2;3;0;7;0;0;1;0;0;0;0;0;464129,363846522988752;5476855,250596480444074;8,505171601000029;49,443302922000001
198275;08220511311010682150;08;3;11;000;2022;05;09;4;3;0;7;0;0;1;0;0;0;0;0;416453,557142063975334;5315885,815228969790041;7,880198442000050;47,990813140000100
198276;08220503111500673970;08;1;11;000;2022;05;09;3;3;0;3;0;0;1;1;0;0;0;0;512227,847000001987908;5402373,246999519877136;9,166427508000030;48,774242545000000
198278;08220428212010642101;08;2;12;000;2022;04;13;5;3;2;6;0;0;1;1;0;0;0;0;455431,563970697985496;5427600,645750540308654;8,390665290000070;48,999694179000102
198281;08220506221300672760;08;2;26;012;2022;05;17;6;3;4;6;0;0;1;1;0;0;0;0;477593,022417975007556;5477476,325811330229044;8,690861312000040;49,449534872000100
198283;08220502128200684460;08;1;28;115;2022;05;15;2;2;0;7;0;0;0;1;1;0;0;0;547731,922495329054072;5496729,748238449916244;9,660848170000071;49,621242091000099
198284;08220510325202707860;08;3;25;049;2022;05;16;3;3;0;1;0;0;1;0;0;0;0;0;473679,676878060970921;5333328,954001380130649;8,646113805000031;48,152663848000003
198286;08220427212010655081;08;2;12;000;2022;04;16;4;3;6;4;0;0;0;1;1;0;0;0;457381,162674073013477;5428341,693009450100362;8,417240737000039;49,006497689000099
198287;08220512311400705320;08;3;15;074;2022;05;19;5;3;5;1;1;0;1;1;0;0;0;0;397118,116919966007117;5296733,868407730013132;7,625677345000040;47,815728014000101
198288;08220504119200669270;08;1;19;020;2022;05;17;4;3;5;2;0;0;1;1;0;0;0;0;518945,181996620027348;5409936,571373850107193;9,258202305000051;48,842112616000101
198289;08220506127100661170;08;1;27;025;2022;05;08;6;3;6;7;0;0;0;1;1;0;0;0;556542,369322916958481;5431455,053691919893026;9,773564106000039;49,033383075000103
198290;08220517231302700160;08;2;31;000;2022;05;19;3;3;6;4;0;0;0;1;1;0;0;0;478140,100209044991061;5415972,252611639909446;8,701751254000040;48,896311986000100
198291;08220515226400686150;08;2;26;084;2022;05;17;1;3;2;6;0;0;1;0;0;0;0;1;469241,664420514018275;5470206,889036829583347;8,576207745000030;49,383782987000103
198297;08220514216300745390;08;2;16;024;2022;05;15;7;3;0;1;0;0;1;0;0;0;0;0;447267,159272292978130;5408413,477660270407796;8,281530191000060;48,826461334000001
198304;08220506115300672310;08;1;15;028;2022;05;19;6;3;5;2;0;0;1;1;0;0;0;0;501560,570999999996275;5404134,397999529726803;9,021246935000020;48,790203986000101
198308;08220507416010686170;08;4;16;041;2022;05;13;7;3;0;7;0;0;1;0;0;0;0;0;504043,043872927024495;5375192,951298169791698;9,054762649000050;48,529831328999997
198309;08220516337101687960;08;3;37;097;2022;05;15;2;3;5;3;0;0;1;1;0;0;0;0;434651,394037276972085;5290035,606356919743121;8,127987801000071;47,760374754000097
198311;08220429111250635501;08;1;11;000;2022;04;17;6;3;5;7;0;0;1;1;0;0;0;0;514968,888184831012040;5404577,036056960001588;9,203814576000070;48,794007698000001
198314;08220511317200670440;08;3;17;005;2022;05;07;4;3;5;3;0;0;1;1;0;0;0;0;425093,809999993012752;5379779,946999509818852;7,984660239000050;48,566633682000003
198318;08220509326300685800;08;3;26;052;2022;05;13;2;3;6;7;0;0;0;0;1;0;0;1;449678,828031142009422;5330927,533271470107138;8,323715377000040;48,129613411000001
198319;08220516222014685300;08;2;22;000;2022;05;15;2;2;5;3;0;0;1;1;0;0;0;0;462510,189857919001952;5484549,782071669586003;8,482107045000021;49,512413674000101
198321;08220513222014707950;08;2;26;037;2022;05;18;6;3;5;3;0;0;1;1;0;0;0;0;466046,141673261008691;5468175,700999639928341;8,532354261000020;49,365343231000097
198323;08220507311010664460;08;3;36;050;2022;05;15;7;3;4;6;0;0;0;1;1;0;0;0;399569,316829903982580;5273736,686677780002356;7,663711573000060;47,609251520999997
198324;08220515136200685640;08;1;36;019;2022;05;15;1;3;2;6;0;0;1;0;0;0;0;0;588826,290852779056877;5421443,915750480256975;10,212972340000000;48,939541280000100
198325;08220425335200598251;08;3;35;063;2022;04;16;2;2;5;3;0;0;1;0;0;0;0;1;498085,815453642979264;5287564,989132380113006;8,974466459000039;47,741455016000003
198326;08220511215102846000;08;2;12;000;2022;05;20;4;3;5;3;0;0;1;0;0;0;0;1;456521,234819222998340;5428684,519649960100651;8,405446240000060;49,009521472000102
198327;08220502317300605320;08;3;17;065;2022;05;15;2;3;8;1;0;0;1;0;0;0;0;0;413669,809440037002787;5355927,816610050387681;7,834762282000040;48,350623954000099
198329;08220427222014562571;08;2;22;000;2022;04;16;4;3;5;2;0;0;1;0;0;1;0;0;461879,279971897020005;5481368,894485970027745;8,473698805000030;49,483763978000098
198331;08220504416200658590;08;4;16;023;2022;05;14;4;3;0;1;0;1;1;0;0;0;0;0;509533,903060365002602;5372053,226593229919672;9,129063915000071;48,501525855000096
198334;08220502226400662150;08;2;26;084;2022;05;11;2;3;0;1;0;0;1;0;0;0;0;0;469241,122070686018560;5469832,798278559930623;8,576229209000079;49,380418098000099
198335;08220511111330671150;08;1;11;000;2022;05;07;4;3;0;7;0;0;1;0;0;0;0;0;510265,208907734020613;5409384,331387779675424;9,139890365000040;48,837348995000099
198336;08220509425000669430;08;4;25;033;2022;05;16;2;3;0;1;0;0;1;0;0;0;0;0;553862,060004047001712;5347870,113819159567356;9,726019098000050;48,281741433999997
198338;08220509212010743340;08;2;12;000;2022;05;20;2;3;5;3;0;0;1;1;0;0;0;0;454449,136243304004893;5428832,756317419931293;8,377096246000059;49,010705395000102
198339;08220426317200562591;08;3;17;057;2022;04;16;3;3;5;3;0;0;1;1;0;0;0;0;412820,299621327023488;5380471,266748890280724;7,818184423000050;48,571264651000000
198344;08220514116400715460;08;1;16;033;2022;05;17;7;2;3;2;0;0;1;0;0;0;0;0;533298,386000000056811;5387856,991999519988894;9,452031209000040;48,642886438000097
198346;08220510211100677760;08;2;11;000;2022;05;12;3;3;6;6;0;0;0;1;1;0;0;0;444096,273586892988533;5401118,067480240017176;8,239324435000070;48,760560729000098
198347;08220516136100724070;08;1;36;088;2022;05;15;2;2;5;3;0;1;1;1;0;0;0;0;581513,615545860026032;5412757,388395169749856;10,111400458000000;48,862420812000003
198348;08220428221011582791;08;2;21;000;2022;04;15;5;2;5;3;0;0;1;0;0;1;0;0;477210,457740039972123;5472632,407331040129066;8,685861644000060;49,405950511000100
198349;08220513222301854730;08;2;22;000;2022;05;14;6;3;2;6;0;0;1;1;0;0;0;0;464668,554631786013488;5483738,859589169733226;8,511994585000020;49,505249456999998
198350;08220507116400688600;08;1;16;054;2022;05;15;7;3;5;3;0;0;1;1;0;0;0;0;532958,706155456951819;5381871,294343939982355;9,446944571000071;48,589057437000100
198351;08220425435100647271;08;4;35;057;2022;04;16;2;3;6;4;0;0;0;1;1;0;0;0;544267,779729912057519;5279621,621811189688742;9,589670571000060;47,668470972000101
198352;08220511335100699090;08;3;35;043;2022;05;16;4;3;0;1;0;0;1;0;0;0;0;0;508897,008679112012032;5286619,013494200073183;9,118658817000041;47,732885003000000
198353;08220503415400693080;08;4;15;061;2022;05;07;3;3;3;7;0;0;1;0;0;0;1;0;515534,834951676020864;5372185,595995330251753;9,210305180000031;48,502596948000097
198355;08220515311010170800;08;3;11;000;2022;05;11;1;2;6;4;0;0;1;0;1;0;0;0;413691,711787971027661;5315252,748336040414870;7,843315437000060;47,984751672000101
198356;08220428117300634941;08;1;17;026;2022;04;18;5;3;4;2;0;0;1;1;0;0;0;0;545713,963917115004733;5395610,435321990400553;9,621423153000020;48,711848551999999
198357;08220512336300691500;08;3;36;081;2022;05;16;5;3;6;4;0;0;0;1;1;0;0;0;412334,766421673004515;5278420,399137210100889;7,832586221000040;47,653238400000099
198358;08220514126200733690;08;1;26;011;2022;05;13;7;3;3;6;0;0;1;1;0;0;0;0;531379,396915970952250;5444565,182733220048249;9,430338307000060;49,153105670000102
198360;08220510116500701990;08;1;16;071;2022;05;16;3;3;0;7;0;0;1;0;0;0;0;0;528575,867812530021183;5390725,386893969960511;9,388121915000060;48,668924120000000
198362;08220509212302667700;08;2;12;000;2022;05;14;2;3;0;7;0;0;1;0;0;0;0;0;455807,229831833974458;5428740,630200070329010;8,395676979000029;49,009975471000097
198363;08220428311010647811;08;3;11;000;2022;04;17;5;3;5;3;0;0;1;1;0;0;0;0;413051,752957786025945;5318233,472534540109336;7,834136682000060;48,011477583000001
198364;08220508222500697580;08;2;22;000;2022;05;18;1;2;0;7;0;0;1;0;0;0;0;0;462321,038090625021141;5480020,434040689840913;8,479925981000060;49,471662840000100
198366;08220511317300671660;08;3;17;127;2022;05;20;4;3;0;1;1;0;1;0;0;0;0;0;422188,843999992008321;5349693,350999509915709;7,950877185000020;48,295651083999999
198369;08220516221011686980;08;2;21;000;2022;05;10;2;2;5;3;0;0;1;1;0;0;0;0;476149,888978874019813;5472741,793710930272937;8,671236102000019;49,406893783000001
198371;08220513222500698330;08;2;22;000;2022;05;16;6;3;5;3;0;0;1;1;0;0;0;0;462653,683806892018765;5479615,000771770253778;8,484555481000029;49,468036716000000
198373;08220507222200695960;08;2;22;000;2022;05;00;7;3;0;7;2;0;1;0;0;0;0;0;461643,776427776028868;5482315,140283459797502;8,470355736000039;49,492260117999997
198374;08220515135100682040;08;1;35;015;2022;05;12;1;3;6;4;0;0;0;1;1;0;0;0;578584,525836271001026;5384096,962733720429242;10,066006581000099;48,605013565000000
198376;08220511311010670400;08;3;11;000;2022;05;08;4;3;2;6;0;0;1;1;0;0;0;0;414001,865726681018714;5315395,708722390234470;7,847442547000070;47,986079433000000
198378;08220429216100576191;08;2;16;043;2022;04;08;6;3;3;6;0;0;1;0;0;0;0;0;442062,107825718005188;5411411,950499969534576;8,210195619000050;48,852968875999998
198381;08220504222700686660;08;2;22;000;2022;05;16;4;3;5;2;0;0;1;1;0;0;0;0;462823,362849447003100;5480538,016675259917974;8,486810522000040;49,476349210000102
198383;08220515115100720160;08;1;15;003;2022;05;15;1;3;0;7;0;0;0;1;1;0;0;0;500193,834107568021864;5391670,918736600317061;9,002633160000070;48,678084038000101
198384;08220502215402694810;08;2;15;009;2022;05;15;2;2;0;2;0;0;1;0;0;0;1;0;467974,940182961989194;5442250,375621619634330;8,560991284000069;49,132250344000099
198385;08220511119300673190;08;1;19;067;2022;05;19;4;2;5;2;0;0;1;1;0;0;0;0;540392,217043190961704;5408680,381739730015397;9,550367996000031;48,829787499000098
198386;08220509118600684110;08;1;18;073;2022;05;14;2;3;6;6;0;0;1;0;1;0;0;0;497627,128181015024893;5419792,122412559576333;8,967602937000040;48,931055700999998
198389;08220512316100702960;08;3;16;020;2022;05;15;5;3;5;3;0;0;1;1;0;0;0;0;408329,989159254997503;5337387,348306619562209;7,766724571000050;48,183105916999999
198390;08220505426010676280;08;4;21;000;2022;05;17;5;3;5;3;0;0;1;1;0;0;0;0;571940,900491154985502;5360544,850427520461380;9,971840950000059;48,393958849999997
198391;08220517215102707490;08;2;15;090;2022;05;12;3;3;5;3;0;0;1;0;0;0;0;1;465049,691991623025388;5433995,363205330446362;8,521606654000040;49,057835811000103
198393;08220430116010595791;08;1;16;019;2022;04;18;7;2;6;4;0;0;0;1;1;0;0;0;524149,847860833979212;5397615,134679879993200;9,328411098000061;48,731090721000001
198394;08220510316100671620;08;3;16;011;2022;05;13;3;3;0;7;0;0;1;0;0;0;0;0;413759,306907830003183;5330545,579773619771004;7,841138199000060;48,122323865000098
198395;08220516222014691680;08;2;26;028;2022;05;07;2;3;0;6;0;0;1;1;0;0;0;0;471454,936753551999573;5484003,172140919603407;8,605707814000031;49,507984250000000
198396;08220428226600646391;08;2;26;082;2022;04;22;5;3;1;5;2;0;1;1;0;0;0;0;475684,086077305022627;5480036,354249220341444;8,664367825000060;49,472488272000099
198397;08220513221011689280;08;2;26;036;2022;05;12;6;2;6;7;0;0;0;1;1;0;0;0;468519,518668722012080;5480007,672306340187788;8,565480349000040;49,471901078000002
198398;08220507119400663100;08;1;19;067;2022;05;11;7;3;5;3;0;0;1;1;0;0;0;0;539248,674738637055270;5410471,344401280395687;9,534958802000061;48,845971394999999
198401;08220503118100609510;08;1;18;071;2022;05;15;3;3;0;2;0;0;1;0;0;0;0;1;508809,534000000974629;5419297,683999530039728;9,120266661000070;48,926549715000100
198404;08220428128100607161;08;1;28;007;2022;04;10;5;3;5;3;0;0;0;1;1;0;0;0;555926,320833979989402;5482726,327356849797070;9,772300658000059;49,494593225000102
198406;08220504226400660540;08;2;26;063;2022;05;17;4;3;0;7;0;1;1;0;0;0;0;0;470079,130970800993964;5471165,411808080039918;8,587673998000071;49,392446403000100
198408;08220515336400704380;08;3;36;091;2022;05;12;1;3;1;5;0;0;1;1;0;0;0;0;396757,713779337995220;5272079,458773969672620;7,626702752000030;47,593902556000003
198411;08220511111500686410;08;1;11;000;2022;05;19;4;3;5;3;0;0;1;1;0;0;0;0;514714,567405324021820;5406071,279812799766660;9,200405342000071;48,807455797000003
198414;08220512311010720200;08;3;11;000;2022;05;10;5;3;0;7;0;0;1;0;1;0;0;0;413001,159208845987450;5316431,316136539913714;7,833823928000070;47,995259732000100
198415;08220504119100658690;08;1;19;008;2022;05;09;4;3;0;7;0;0;1;0;0;0;0;0;532796,206011699978262;5421980,466788549907506;9,447938974000071;48,949876243000098
198416;08220506111120672150;08;1;11;000;2022;05;08;6;3;5;2;0;0;1;0;0;0;0;0;513950,778212240024004;5403368,309240030124784;9,189911158000029;48,783157792000097
198417;08220514212010700920;08;2;15;084;2022;05;17;7;2;6;7;0;0;0;1;1;0;0;0;472949,788211792008951;5445086,800550240091980;8,628995860000030;49,158003712000003
198418;08220501211000674850;08;2;16;015;2022;05;18;1;2;0;7;0;0;1;0;0;0;0;0;449734,124739423976280;5405410,702581539750099;8,315507132000050;48,799655139999999
198419;08220510311010748150;08;3;11;000;2022;05;09;3;3;0;7;0;0;1;1;0;0;0;0;410201,538049687980674;5316801,574896699748933;7,796227366000040;47,998203216999997
198420;08220504417100682730;08;4;17;075;2022;05;17;4;3;3;6;0;0;1;1;0;0;0;0;508788,486029602005146;5335983,442007349804044;9,118220258000060;48,177030064000100
198422;08220515212000688700;08;2;12;000;2022;05;15;1;3;0;7;0;0;1;0;0;0;0;0;456407,600064984988421;5427354,061900029890239;8,404035246000030;48,997545823000102
198423;08220502222600664390;08;2;22;000;2022;05;15;2;3;5;3;0;0;1;1;0;0;0;0;462981,959253225009888;5482977,856108100153506;8,488771244000080;49,498304026000000
198426;08220503216100601160;08;2;16;043;2022;05;05;3;3;5;3;1;0;1;1;0;0;0;0;440071,557588104973547;5413378,807657919824123;8,182775442000040;48,870471533000099
198427;08220429212010648411;08;2;12;000;2022;04;15;6;3;0;7;0;0;1;0;0;0;0;0;453633,483867114991881;5430053,846446589566767;8,365803462000031;49,021628400000097
198428;08220427116200608471;08;1;16;078;2022;04;18;4;2;4;2;0;0;1;1;0;0;0;0;509440,428870345000178;5394558,342209610156715;9,128310321000070;48,703988176000102
198430;08220506135010672880;08;1;35;019;2022;05;19;6;2;8;1;0;0;1;0;0;0;0;0;586000,679243023041636;5394010,395082959905267;10,168645411000099;48,693202878000100
198432;08220501421300657290;08;4;25;066;2022;05;11;1;2;0;1;0;0;1;0;0;0;0;0;578284,524122170987539;5345567,056925790384412;10,054739730000099;48,258475752000003
198433;08220511117200671400;08;1;17;024;2022;05;11;4;3;0;1;0;0;1;0;0;0;0;0;560821,840792758041061;5386198,224455440416932;9,825392007000060;48,625893237000099
198435;08220508231102746590;08;2;36;046;2022;05;16;1;3;5;3;0;0;1;1;0;0;0;0;483977,121483679977246;5418359,546536729671061;8,781295092000050;48,917965819000102
198436;08220516335000688560;08;3;35;063;2022;05;13;2;3;5;3;0;0;1;1;0;0;0;0;497924,625999999989290;5287965,943999489769340;8,972314421000020;47,745062146000102
198437;08220509121200712290;08;1;21;000;2022;05;10;2;3;6;4;0;0;0;0;1;0;0;1;516282,726165554020554;5443080,179132630117238;9,223244353000039;49,140333559000098
198438;08220428437000571021;08;4;37;078;2022;04;19;5;2;0;1;0;0;1;0;0;0;0;0;508332,119335182011127;5315715,520472669973969;9,111685876000021;47,994685013000002
198440;08220511436400723500;08;4;36;009;2022;05;19;4;2;5;3;0;0;1;1;0;0;0;0;555285,606871156953275;5308168,499332159757614;9,740060832000040;47,924452319000103
198441;08220503222014659640;08;2;22;000;2022;05;14;3;3;0;3;0;0;1;1;0;0;0;0;465555,150008286000229;5480311,884974679909647;8,524538614000051;49,474476402999997
198442;08220517311100689880;08;3;15;059;2022;05;07;3;3;6;1;0;0;0;1;1;0;0;0;401667,988964057993144;5322781,990451560355723;7,680490429000030;48,050740083999997
198443;08220429311010744570;08;3;11;000;2022;04;22;6;3;3;2;2;0;1;1;0;0;0;0;414530,097688811016269;5316018,061856470070779;7,854396601000080;47,991748560000097
198444;08220510212010692410;08;2;12;000;2022;05;10;3;3;5;3;0;0;1;1;0;0;0;0;454349,652000000001863;5429762,752999530173838;8,375631278000069;49,019063418000002
198445;08220516121200724360;08;1;21;000;2022;05;17;2;3;0;7;0;0;1;0;0;0;0;0;515687,154633795027621;5442733,421028059907258;9,215065333000039;49,137229852000097
198447;08220513221400677980;08;2;26;018;2022;05;13;6;3;0;7;0;0;1;0;0;0;0;0;473166,870518258016091;5472145,182537140324712;8,630157589000021;49,401403164000001
198448;08220507116200663860;08;1;16;077;2022;05;18;7;2;0;1;0;0;1;0;0;0;0;0;515263,610738478018902;5388735,600414950400591;9,207241133000030;48,651491100000001
198450;08220511231000697100;08;2;37;019;2022;05;12;4;3;1;7;0;0;1;1;0;0;0;0;463168,198565051017795;5368661,111743000335991;8,501702704000021;48,470002637000100
198451;08220502335300657850;08;3;35;075;2022;05;17;2;3;5;3;0;0;1;1;0;0;0;0;488683,265555293008219;5289885,036335419863462;8,848984584000050;47,762233314000099
198452;08220429212010641091;08;2;12;000;2022;04;15;6;3;5;3;0;0;1;1;0;0;0;0;456391,271000000007916;5428378,529999529942870;8,403702009000030;49,006759889000101
198453;08220516115200684310;08;1;15;037;2022;05;05;2;3;0;7;0;0;1;0;0;0;0;0;492065,300836814974900;5385559,421673939563334;8,892327460000050;48,623053705000103
198455;08220513119100679030;08;1;19;008;2022;05;06;6;3;8;1;0;1;1;0;0;0;0;0;532829,203481181990355;5425050,646411149762571;9,448637314000051;48,977491978000003
198456;08220505116010684490;08;1;16;077;2022;05;12;5;3;6;4;0;1;0;1;1;0;0;0;516069,087283795000985;5388930,218071370385587;9,218184936000061;48,653221704000003
198457;08220506335100683930;08;3;35;043;2022;05;09;6;3;5;3;0;1;1;0;0;0;0;0;512860,952290671993978;5280350,840377430431545;9,171340545000019;47,676419575000097
198459;08220514335100712450;08;3;35;043;2022;05;13;7;3;8;1;0;0;1;0;0;0;0;0;515353,862153646012302;5280211,309516379609704;9,204547328000050;47,675109726000102
198460;08220502211100673730;08;2;11;000;2022;05;10;2;3;6;7;0;0;0;1;1;0;0;0;444295,919999999983702;5401248,798999520018697;8,242023057000040;48,761754582999998
198461;08220511111230675220;08;1;11;000;2022;05;15;4;3;0;7;0;0;0;0;1;0;0;1;511457,153624607017264;5402520,520878450013697;9,155942106000049;48,775582080000000
198464;08220512212402710360;08;2;12;000;2022;05;15;5;3;5;3;0;0;1;1;0;0;0;0;453811,911218649009243;5425691,033443139865994;8,368740016000061;48,982397994000102
198465;08220506212010667840;08;2;12;000;2022;05;14;6;2;2;6;0;0;1;1;0;0;0;0;460615,231678399024531;5425599,341898689977825;8,461726298000031;48,982044481000102
198466;08220514126100701850;08;1;26;046;2022;05;21;7;3;0;7;0;1;1;0;0;0;0;1;550322,361808544956148;5459023,395502629689872;9,691919826000060;49,281891506000100
198468;08220510231102677350;08;2;36;040;2022;05;18;3;3;0;1;0;0;1;0;0;0;0;0;488864,519097178010270;5422195,495430209673941;8,847900721000030;48,952580017999999
198469;08220508119300697340;08;1;19;067;2022;05;13;1;3;5;3;0;0;1;0;0;0;0;0;540446,077000000048429;5408215,023999529890716;9,551055931000059;48,825597882000103