OBJECTID;UIDENTSTLAE;ULAND;UREGBEZ;UKREIS;UGEMEINDE;UJAHR;UMONAT;USTUNDE;UWOCHENTAG;UKATEGORIE;UART;UTYP1;ULICHTVERH;IstStrassenzustand;IstRad;IstPKW;IstFuss;IstKrad;IstGkfz;IstSonstige;LINREFX;LINREFY;XGCSWGS84;YGCSWGS84
198470;08220517115100724890;08;1;15;003;2022;05;07;3;3;4;2;0;0;1;1;0;0;0;0;500801,756091037997976;5391354,822571519762278;9,010890927000050;48,675239912999999
198471;08220509231000673280;08;2;31;000;2022;05;08;2;3;6;2;0;0;0;1;1;0;0;0;477804,515116495022085;5415600,681981099769473;8,697192904000079;48,892957531999997
198472;08220429111500648331;08;1;11;000;2022;04;15;6;3;6;7;0;0;0;1;1;0;0;0;516328,191137319023255;5406298,110613450407982;9,222390981000050;48,809456031000103
198474;08220426317300590571;08;3;17;065;2022;04;16;3;3;5;3;0;0;1;1;0;0;0;0;416080,987132224021479;5355201,310314989648759;7,867445154000050;48,344414143000101
198475;08220511317500720060;08;3;17;096;2022;05;13;4;3;0;1;0;0;1;0;0;0;0;0;423248,280959477997385;5369256,219633449800313;7,961585396000030;48,471750633000099
198476;08220504115200679100;08;1;15;021;2022;05;11;4;3;6;3;0;0;0;1;1;0;0;0;489545,362116291013081;5382589,747311470098794;8,858207228000030;48,596300872000000
198477;08220517336100764250;08;3;36;084;2022;05;13;3;3;3;6;0;0;1;0;0;0;0;1;405566,398591679986566;5277260,011781670153141;7,742725886000070;47,641847644000102
198479;08220516128100719450;08;1;28;126;2022;05;08;2;3;0;7;0;0;1;0;0;0;0;0;563208,464709418010898;5480299,542673420161009;9,872462126000070;49,472052181000002
198480;08220428226700764840;08;2;26;098;2022;04;15;5;3;6;7;0;0;0;1;1;0;0;0;480879,193757052998990;5460806,421506900340319;8,736999796000021;49,299702465999999
198482;08220505221400700540;08;2;21;000;2022;05;07;5;3;2;6;0;0;1;1;0;0;0;0;475806,269873110984918;5470254,830047749914229;8,666650967000070;49,384510367000097
198485;08220516335100739570;08;3;35;043;2022;05;06;2;3;6;4;1;0;0;1;1;0;0;0;512780,033542022982147;5279987,301820900291204;9,170251867000051;47,673150184000100
198486;08220509221200701410;08;2;21;000;2022;05;17;2;3;0;2;0;0;1;1;0;0;0;0;475378,964592840988189;5472661,185472919605672;8,660614420000060;49,406138022999997
198489;08220427111230634701;08;1;11;000;2022;04;16;4;3;1;7;0;0;1;1;0;0;0;0;508066,228000000992324;5396562,524999519810081;9,109671981000080;48,722037190999998
198490;08220511415200749150;08;4;15;053;2022;05;14;4;2;5;3;0;0;1;1;0;0;0;0;537546,644845444941893;5362094,106036780402064;9,507379319000050;48,410882651000101
198491;08220504111240693220;08;1;11;000;2022;05;10;4;3;0;7;0;1;1;0;0;0;0;0;519465,292401005979627;5401638,210176720283926;9,264897312000070;48,767445908000099
198492;08220517311010742190;08;3;11;000;2022;05;13;3;2;1;5;0;0;1;1;0;0;0;0;413906,417356698017102;5315401,339423620142043;7,846162475000030;47,986117241999999
198493;08220430111500652781;08;1;11;000;2022;04;11;7;3;0;7;0;1;1;0;0;0;0;0;514002,142229828983545;5402821,578932530246675;9,190591747000040;48,778238301000002
198494;08220516116500690910;08;1;16;049;2022;05;11;2;3;5;3;0;0;1;1;0;0;0;0;522860,966136469971389;5384947,176899059675634;9,310183651000051;48,617178452000097
198495;08220428415400645831;08;4;15;061;2022;04;16;5;3;5;3;0;0;1;1;0;0;0;0;516526,863993156002834;5370432,042659309692681;9,223665420000030;48,486796066000103
198496;08220513311010712230;08;3;15;076;2022;05;14;6;2;6;4;0;0;0;1;1;0;0;0;392189,388471659971401;5297073,863442059606314;7,559774544000050;47,817979160999997
198500;08220502435200662770;08;4;35;059;2022;05;17;2;3;0;3;0;0;1;1;0;0;0;0;512661,528839336999226;5290864,120892659761012;9,168989392000070;47,771017628999999
198502;08220516111500721290;08;1;11;000;2022;05;09;2;3;1;5;0;0;1;0;0;1;0;0;512615,903125594020821;5401593,841826289892197;9,171685228000060;48,767223317999999
198504;08220428119100638421;08;1;19;018;2022;04;13;5;3;5;3;0;0;1;1;0;0;0;0;528487,657595981028862;5419562,211552710272372;9,388924194000030;48,928336319000003
198508;08220515336400686240;08;3;36;008;2022;05;20;1;3;8;1;0;0;1;0;0;0;0;0;396630,078310301993042;5276520,650692200288177;7,623957659000040;47,633831626000102
198509;08220515111230713690;08;1;11;000;2022;05;20;1;3;0;7;0;0;1;1;0;0;0;0;507048,469355683017056;5398915,335812180303037;9,095874344000039;48,743215470999999
198510;08220502221011597330;08;2;21;000;2022;05;13;2;3;5;3;0;0;1;1;0;0;0;0;477119,851573719992302;5474626,668142340146005;8,684497762000030;49,423885149000100
198511;08220510435200668140;08;4;35;066;2022;05;08;3;3;0;1;0;0;1;0;0;0;0;0;518123,485246317985002;5286206,094850320369005;9,241693692000069;47,728976558000099
198512;08220508416010686190;08;4;16;041;2022;05;15;1;3;4;6;0;0;1;1;0;0;0;0;502756,790542262024246;5374134,996899800375104;9,037333477000059;48,520320560000101
198513;08220427225200644361;08;2;25;014;2022;04;13;4;3;5;3;0;0;0;1;1;0;0;0;523978,687054924026597;5487465,990752309560776;9,331428637000039;49,539328844000103
198515;08220504216200659410;08;2;16;007;2022;05;18;4;3;5;3;0;0;1;1;0;0;0;0;436023,517041985993274;5394156,394031249918044;8,130572064000029;48,697163128000099
198517;08220517417200707010;08;4;17;002;2022;05;19;3;3;4;2;0;0;1;1;0;0;0;0;488785,335365678009111;5346563,323436439968646;8,848863605000080;48,272176973999997
198518;08220514111330681010;08;1;11;000;2022;05;20;7;2;0;7;0;0;1;0;0;0;0;0;511764,877503432973754;5409526,520525050349534;9,160331283000060;48,838601496000102
198519;08220501111500682280;08;1;11;000;2022;05;20;1;3;5;3;2;0;1;1;0;0;0;0;514651,413991522975266;5409290,977556950412691;9,199660241000061;48,836421179000098
198520;08220510117200715810;08;1;17;033;2022;05;18;3;3;1;1;0;0;1;1;0;0;0;0;559135,657410440966487;5387266,094706069678068;9,802664126000019;48,635660768000001
198522;08220517118400739830;08;1;18;048;2022;05;15;3;3;5;3;0;0;1;1;0;0;0;0;513966,887900463014375;5415327,674659370444715;9,190538044000050;48,890741759000001
198523;08220509216100679360;08;2;16;043;2022;05;09;2;3;5;3;0;0;1;1;0;0;0;0;440865,459722789993975;5412325,158482570201159;8,193752772000041;48,861070244000103
198524;08220428216200649181;08;2;16;063;2022;04;19;5;3;5;3;1;0;1;1;0;0;0;0;430982,232837275019847;5403297,114354440011084;8,060540255000030;48,778844924000097
198525;08220508121100665320;08;1;25;006;2022;05;12;1;3;5;3;0;0;1;1;0;0;0;0;506914,573694581980817;5454084,671554629690945;9,094991916000030;49,239499237000103
198527;08220511317100676770;08;3;17;089;2022;05;14;4;3;3;6;0;0;1;0;0;0;0;0;431938,255761058011558;5375283,781522549688816;8,078157188000031;48,526970626000001
198528;08220503415400674090;08;4;15;061;2022;05;07;3;2;0;1;0;0;1;0;0;0;0;0;514710,168407222023234;5369277,910242729820311;9,199038806000029;48,476458206000103
198529;08220429311010585911;08;3;11;000;2022;04;14;6;2;0;7;0;0;1;0;0;0;0;0;414691,855182237981353;5315901,120472970418632;7,856587525000070;47,990718225000101
198531;08220428116100651511;08;1;16;019;2022;04;10;5;3;5;3;0;0;1;1;0;0;0;0;519850,460029147972818;5398796,989061660133302;9,270001883000020;48,741874397000103
198532;08220513421200705400;08;4;21;000;2022;05;20;6;3;0;1;0;0;1;0;0;0;0;0;573485,301083000958897;5360959,688168389722705;9,992773451000060;48,397512302999999
198535;08220515221400735150;08;2;21;000;2022;05;17;1;3;0;7;0;0;1;0;0;0;0;0;477250,328601234999951;5468052,580406649969518;8,686673293000069;49,364757016000098
198536;08220425317300640411;08;3;17;065;2022;04;07;2;3;1;2;0;1;1;0;0;0;1;0;413200,536039459984750;5354237,913643440231681;7,828777993000070;48,335359346000097
198537;08220511212010674420;08;2;12;000;2022;05;14;4;2;5;3;0;0;1;1;0;0;0;0;458152,480307005986106;5430141,961239700205624;8,427601345000030;49,022744144999997
198540;08220427136100644291;08;1;36;088;2022;04;13;4;3;6;7;0;0;0;1;1;0;0;0;580096,265681982040405;5409978,574262609705329;10,091535780000100;48,837612194000002
198541;08220512326400708600;08;3;26;074;2022;05;12;5;3;5;3;0;0;1;1;0;0;0;0;460369,382999998982996;5323219,887999500147998;8,468098050000039;48,061026030999997
198549;08220511317000681820;08;3;17;065;2022;05;13;4;3;6;6;0;0;0;1;1;0;0;0;416506,505508922971785;5354900,167984169907868;7,873246420000040;48,341761787999999
198550;08220502437100657660;08;4;37;100;2022;05;12;2;3;0;7;0;0;1;0;0;0;0;0;537056,468748989049345;5318574,547741089947522;9,496952321000039;48,019387639999998
198551;08220429231000645741;08;2;37;004;2022;04;17;6;3;2;6;0;0;1;1;0;0;0;0;450145,637581064016558;5374294,264011249877512;8,324859082000049;48,519779689000103
198552;08220428118000648921;08;1;15;045;2022;04;07;5;2;1;5;0;0;1;1;0;0;0;0;497311,195999999996275;5396703,340999520383775;8,963440890000070;48,723350371000002
198553;08220512426300851400;08;4;26;013;2022;05;22;5;2;8;1;2;1;1;0;0;0;0;0;545567,590156393009238;5323236,495152119547129;9,611582350000051;48,060778955000004
198554;08220504426200659380;08;4;26;073;2022;05;19;4;3;0;1;0;0;1;0;0;0;0;0;566626,560425114003010;5337150,369647979736328;9,896368961000061;48,184094828000099
198555;08220506212302681980;08;2;12;000;2022;05;11;6;2;7;7;0;0;1;0;0;0;0;0;456612,150231479026843;5428444,022506039589643;8,406715103000071;49,007364570000000
198556;08220514221011716710;08;2;22;000;2022;05;19;7;3;1;5;0;0;1;1;0;0;0;1;461291,124295205983799;5482170,303762840107083;8,465500525000040;49,490934995000003
198557;08220502211100605990;08;2;11;000;2022;05;13;2;3;1;5;0;0;1;1;0;0;0;0;444044,480334552994464;5401055,386461240239441;8,238628278000020;48,759992247000099
198560;08220427127100634381;08;1;27;076;2022;04;15;4;3;5;2;0;0;1;1;0;0;0;0;555737,795231326017529;5439850,869156650267541;9,763714362000030;49,108974225000097
198561;08220512222300708440;08;2;22;000;2022;05;14;5;3;5;2;0;0;1;1;0;0;0;0;467164,361623578006402;5483331,184975620359182;8,546499912000060;49,501722879000098
198562;08220506211100673760;08;2;11;000;2022;05;15;6;3;3;6;0;0;1;0;0;0;0;0;441098,209179705008864;5406649,849502719938755;8,197741394000049;48,810043038000103
198563;08220517222014688020;08;2;22;000;2022;05;06;3;3;5;7;0;0;1;1;0;0;0;0;461172,696202036982868;5481530,683561489917338;8,463928146000059;49,485174391000001
198564;08220514119200681100;08;1;19;020;2022;05;17;7;2;0;7;0;0;1;0;0;0;0;0;519614,497925782983657;5408613,112674820236862;9,267260914000079;48,830186288999997
198565;08220501435100594620;08;4;35;030;2022;05;18;1;3;0;1;0;0;1;0;0;0;0;0;543060,007426535943523;5273661,124108360148966;9,572996508000070;47,614924133999999
198568;08220509317300696880;08;3;17;026;2022;05;16;2;3;4;6;0;0;1;1;0;0;0;0;411549,933999984001275;5346648,752999509684741;7,808101120000060;48,266867740000102
198569;08220428222014568861;08;2;22;000;2022;04;08;5;2;9;1;0;0;1;0;0;0;0;0;463232,646838369022589;5483915,946935829706490;8,492145840000029;49,506756908000099
198571;08220508212302664710;08;2;12;000;2022;05;20;1;3;0;7;2;0;1;0;0;0;0;0;455733,436414517986123;5428425,782446930184960;8,394702266000021;49,007138095000101
198572;08220426222014638651;08;2;22;000;2022;04;07;3;3;0;1;0;1;1;0;0;0;0;0;461608,398384287022054;5482797,869182350113988;8,469820340000069;49,496599764000102
198573;08220512119100686360;08;1;19;008;2022;05;04;5;3;7;1;2;0;1;0;0;0;0;0;532796,008721490041353;5419628,640796920284629;9,447747008000020;48,928720552000101
198575;08220430135010641321;08;1;35;019;2022;04;10;7;3;0;7;0;0;1;0;0;0;0;0;583506,529446628992446;5392517,720558149740100;10,134458328000100;48,680116030000100
198578;08220513215502709690;08;2;15;107;2022;05;15;6;3;0;5;0;0;1;1;0;0;0;0;461835,425543188001029;5457272,953822850249708;8,475405160000040;49,267026676999997
198579;08220505311010671980;08;3;11;000;2022;05;17;5;3;5;3;0;1;1;1;0;0;0;0;414478,972592542995699;5319239,192512590438128;7,853069198000070;48,020716998000097
198580;08220507121200686740;08;1;21;000;2022;05;20;7;3;6;7;1;0;0;0;1;0;0;1;515686,793206212983932;5443074,587869030423462;9,215073657000060;49,140298772000101
198581;08220515119300701330;08;1;19;067;2022;05;11;1;3;6;4;0;0;1;0;1;0;0;0;537934,527463278966025;5405840,795672830194235;9,516619426000030;48,804398898999999
198583;08220511311010706930;08;3;11;000;2022;05;17;4;3;5;3;0;0;1;0;0;0;0;1;411486,929877199989278;5318275,611155400052667;7,813150355000060;48,011641794000099
198584;08220503111500658180;08;1;11;000;2022;05;18;3;3;5;3;0;0;1;1;0;0;0;0;508683,294999998994172;5406361,741999530233443;9,118268699000049;48,810182305000097
198585;08220429222600652941;08;2;22;000;2022;04;14;6;3;1;5;0;0;1;1;0;0;0;0;461612,535758382000495;5483333,486042049713433;8,469825430000069;49,501417605000000
198587;08220512231302753160;08;2;31;000;2022;05;14;5;3;5;3;0;0;1;1;0;0;0;0;477688,921000002010260;5416156,095999529585242;8,695585572000031;48,897949692000097
198590;08220501117300657220;08;1;17;026;2022;05;16;1;3;6;4;0;0;0;1;1;0;0;0;547742,932755460962653;5396223,696160430088639;9,649073557000071;48,717213081000097
198591;08220511118400699810;08;1;18;048;2022;05;19;4;3;0;7;0;0;1;0;0;0;0;0;513438,095953451003879;5414992,324794540181756;9,183313209000060;48,887736731000103
198592;08220509116500677510;08;1;16;049;2022;05;06;2;3;0;1;0;0;1;0;0;0;0;0;522030,614737052004784;5387721,246586030349135;9,299064822000050;48,642163982000099
198593;08220509222500728680;08;2;22;000;2022;05;13;2;3;1;5;0;0;1;1;0;0;0;0;461337,326712016016245;5480244,714190860278904;8,466326735000051;49,473618282000103
198595;08220512111240762980;08;1;11;000;2022;05;09;5;3;5;3;0;0;1;1;0;0;0;0;518606,947999999974854;5400953,993999520316720;9,253185541000050;48,761317024999997
198597;08220517212302689540;08;2;12;000;2022;05;09;3;3;3;6;0;0;1;0;0;0;0;0;455768,018104383023456;5429226,485522099770606;8,395087854000050;49,014342977000098
198598;08220514111500701120;08;1;11;000;2022;05;17;7;3;6;4;0;0;0;1;1;0;0;0;511089,021467766026035;5402015,144006670452654;9,150917890000070;48,771042410000099
198599;08220430111110652621;08;1;11;000;2022;04;12;7;3;6;7;0;1;0;0;1;0;0;1;512552,182347115012817;5403302,221835450269282;9,170870227000020;48,782593073000001
198602;08220428325102597011;08;3;25;057;2022;04;07;5;3;0;1;0;0;1;0;0;0;0;0;472574,631282732007094;5356543,250040769577026;8,629751459000030;48,361466778000100
198603;08220513221011759340;08;2;21;000;2022;05;18;6;3;3;6;0;0;1;0;0;0;0;0;476315,908578786009457;5472229,335062909871340;8,673555135000070;49,402290784999998
198605;08220425311200555091;08;3;11;000;2022;04;17;2;3;0;2;0;1;1;0;0;0;0;0;410701,355932401027530;5320774,136056059971452;7,802098492000030;48,034007186000103
198606;08220511226200702630;08;2;26;032;2022;05;15;4;3;5;3;0;0;1;1;0;0;0;0;466306,608819102984853;5463253,056041309610009;8,536357752000070;49,321079559000097
198609;08220504212010667760;08;2;12;000;2022;05;13;4;3;0;7;0;1;1;0;0;0;0;0;457619,849022382986732;5430186,249313700012863;8,420311670000050;49,023106154000097
198610;08220506119400684210;08;1;19;090;2022;05;12;6;2;5;3;0;0;1;1;0;0;0;0;532209,841347864014097;5406043,687594450078905;9,438675090000061;48,806547086000101
198611;08220517212502707160;08;2;12;000;2022;05;18;3;3;0;7;0;0;1;0;0;0;0;0;452017,624598634021822;5427095,190011690370739;8,344053084000050;48,994891666000100
198613;08220501317300663260;08;3;17;075;2022;05;19;1;3;9;1;0;0;1;0;0;0;0;0;409409,698999981977977;5362403,990999509580433;7,775878969000080;48,408277394000002
198615;08220516121200720090;08;1;21;000;2022;05;16;2;3;0;7;0;0;1;0;0;0;0;0;516513,709458895027637;5442750,606569710187614;9,226397721000071;49,137362779000100
198616;08220428335200570151;08;3;35;063;2022;04;14;5;3;0;1;0;0;1;0;0;0;0;0;498691,304216441989411;5288467,633072580210865;8,982540431000070;47,749578147000101
198621;08220503436300657760;08;4;36;049;2022;05;12;3;3;5;3;0;0;1;1;0;0;0;0;578623,788363641011529;5283474,570378489792347;10,047943405000099;47,699868543999997
198623;08220515235100683780;08;2;35;079;2022;05;15;1;3;0;7;0;0;1;0;0;0;0;0;466929,587999999988824;5400152,874999520368874;8,550078798000071;48,753510003000002
198624;08220427336300644951;08;3;36;087;2022;04;20;4;3;0;1;0;0;1;0;0;0;0;0;421817,998217671003658;5298133,271630450151861;7,955306498000030;47,831792751000101
198625;08220513136200676840;08;1;36;019;2022;05;08;6;3;0;1;0;1;1;0;0;0;0;0;582258,734049294958822;5423820,396580790169537;10,123787458000001;48,961823424000002
198626;08220504317300661310;08;3;17;026;2022;05;13;4;3;5;2;0;0;1;1;0;0;0;0;411345,598991325998213;5345980,363304129801691;7,805488358000050;48,260827130000102
198630;08220511311010671180;08;3;11;000;2022;05;08;4;3;3;2;0;0;1;1;0;0;0;0;412033,511827784997877;5314746,468586989678442;7,821201136000070;47,979971624000001
198632;08220429215402652061;08;2;15;009;2022;04;07;6;3;3;6;0;0;1;0;0;0;0;0;470093,842250682995655;5440937,539418400265276;8,590134341000070;49,120547923000103
198634;08220512226700676480;08;2;26;095;2022;05;13;5;3;5;5;0;0;1;1;0;0;0;0;473604,473623180994764;5461071,181248850189149;8,636922813000069;49,301812933000100
198638;08220511115400702070;08;1;15;045;2022;05;22;4;3;5;3;2;0;1;1;0;0;0;0;498683,948996127001010;5394429,929614470340312;8,982113177000031;48,702903022000001
198639;08220508317200664260;08;3;17;057;2022;05;13;1;3;5;3;0;0;1;1;0;0;0;0;412190,722959324019030;5380575,384572709910572;7,809629755000060;48,572113219000101
198640;08220517117200689240;08;1;17;007;2022;05;13;3;2;5;3;0;0;1;1;0;0;0;0;558760,515467891003937;5383416,919203589670360;9,797027440000020;48,601071484000002
198642;08220428417100642711;08;4;17;079;2022;04;17;5;3;0;1;0;0;1;0;0;0;0;0;502530,536000000021886;5339501,953999510034919;9,034061070000060;48,208741451000002
198643;08220426311010650621;08;3;11;000;2022;04;08;3;3;5;2;0;0;1;1;0;0;0;0;409621,428776519023813;5315826,209220250137150;7,788658031000070;47,989347877000100
198644;08220511317300673900;08;3;17;026;2022;05;13;4;2;0;1;0;0;1;0;0;0;0;0;415980,727805186994374;5344365,616061519831419;7,868248768000060;48,246934162000102
198646;08220517335100706870;08;3;35;043;2022;05;23;3;3;8;1;2;0;1;0;0;0;0;0;512760,289278872020077;5280884,958437399938703;9,170015077000070;47,681227379000099
198651;08220507119500664440;08;1;19;085;2022;05;16;7;3;0;7;0;0;1;0;0;0;0;0;530044,362817018991336;5413322,171493880450726;9,409717299000020;48,872130153999997
198652;08220425335300550571;08;3;35;075;2022;04;16;2;3;5;2;0;0;1;1;0;0;0;0;489067,288300675980281;5288931,616247279569507;8,854133112000060;47,753661508000100
198653;08220511221011694860;08;2;26;085;2022;05;18;4;2;5;3;0;0;1;1;0;0;0;0;493937,202559911005665;5451878,050548720173538;8,916743072000029;49,219659164000099
198655;08220429119100647081;08;1;19;008;2022;04;12;6;3;6;7;0;0;0;1;1;0;0;0;530683,016052455990575;5419326,843322079628706;9,418877534000050;48,926114111000103
198658;08220513116100704570;08;1;16;019;2022;05;19;6;2;0;7;0;0;1;0;0;0;0;0;520197,954862559970934;5398601,242612900212407;9,274718783000029;48,740102305999997
198659;08220504317500659450;08;3;17;034;2022;05;12;4;3;1;6;0;0;1;1;0;0;0;0;426951,035308999998961;5361669,810789640061557;8,012996885000060;48,403950721000101
198662;08220514311010729510;08;3;11;000;2022;05;21;7;3;3;6;2;0;1;1;0;0;0;0;412036,659059886995237;5314753,683478900231421;7,821241824000030;47,980036957000003
198664;08220510426010691480;08;4;26;021;2022;05;06;3;3;0;7;0;0;1;0;0;0;0;0;559806,200353575986810;5325620,978572419844568;9,803001446000049;48,081054201000001
198665;08220509116400765150;08;1;16;070;2022;05;13;2;2;6;4;0;0;0;1;1;0;0;0;538139,771147793973796;5385272,369699790142477;9,517513379000039;48,619358955999999
198666;08220503215202667210;08;2;15;100;2022;05;13;3;3;6;4;0;0;1;0;1;0;0;0;475109,996391648019198;5451674,592146229930222;8,658215445000049;49,217353355999997
198667;08220429215102647991;08;2;12;000;2022;04;07;6;3;1;5;0;0;1;0;0;0;0;1;455647,134370994986966;5433174,349725670181215;8,393002876000031;49,049845579000099
198668;08220515335100680640;08;3;35;043;2022;05;00;1;3;0;1;2;0;1;0;0;0;0;0;514088,745225439022761;5279654,794194419868290;9,187675322000080;47,670131201000103
198670;08220512435100705220;08;4;35;016;2022;05;07;5;3;5;3;0;0;1;1;0;0;0;0;535795,788160744006746;5278393,219914760440588;9,476722970000029;47,657943007000000
198671;08220504317300677480;08;3;17;065;2022;05;15;4;3;6;2;0;0;0;1;1;0;0;0;416081,744380123971496;5354875,984366069547832;7,867520204000070;48,341487973000000
198676;08220511111230675700;08;1;11;000;2022;05;18;4;3;5;3;0;0;1;1;0;0;0;0;513671,537416071980260;5407184,325971550308168;9,186236937000050;48,817492428999998
198678;08220509317100699600;08;3;17;089;2022;05;07;2;3;6;3;0;0;0;1;1;0;0;0;432006,143915130989626;5374933,357137899845839;8,079133707000040;48,523825848000101
198680;08220512226200702980;08;2;26;003;2022;05;10;5;3;7;7;0;0;1;0;0;0;0;0;463564,201472449989524;5460220,580977349542081;8,498898673000040;49,293645537000003
198682;08220514127100680510;08;1;27;023;2022;05;19;7;3;7;7;0;0;1;0;0;0;0;0;551193,953923083958216;5426376,262600369751453;9,699757162000029;48,988166999000001
198683;08220501215202661980;08;2;15;084;2022;05;21;1;3;0;1;2;0;1;0;0;0;0;0;472275,739310157019645;5448107,104125410318375;8,619543095000040;49,185141721999997
198684;08220510311010670820;08;3;36;105;2022;05;06;3;3;4;1;0;0;1;1;0;0;0;0;399157,974688536021858;5267753,006477709859610;7,659614859000040;47,555362182000103
198687;08220509311010755600;08;3;11;000;2022;05;16;2;2;4;6;0;0;1;0;0;0;0;1;413994,192044963012449;5316412,702741679735482;7,847135962000040;47,995226647999999
198689;08220508121400666480;08;1;25;056;2022;05;12;1;3;1;5;0;0;1;1;0;0;0;0;511726,216084140993189;5435724,411676269955933;9,160558981000070;49,074269278000003
198691;08220511416100672800;08;4;16;036;2022;05;17;4;2;0;1;0;0;1;0;0;0;0;0;494912,983514780004043;5369694,803768379613757;8,931163866000080;48,480360274000098
198692;08220503311400679300;08;3;15;050;2022;05;16;3;3;5;3;0;0;1;1;0;0;0;0;399069,522882185003255;5303022,990287999622524;7,650270195000080;47,872607338000101
198693;08220429415400647501;08;4;15;061;2022;04;14;6;3;0;7;0;0;0;1;1;0;0;0;515222,346635401016101;5374359,924523309804499;9,206154188000029;48,522165561000101
198694;08220516121400690180;08;1;25;056;2022;05;17;2;3;1;7;0;0;1;1;0;0;0;0;510967,653267419023905;5435870,890814750455320;9,150176515000060;49,075600907000101
198695;08220428311400646651;08;3;15;074;2022;04;13;5;3;5;3;0;0;1;1;0;0;0;0;398020,106408843013924;5296424,248405889607966;7,637795672000040;47,813086602000098
198696;08220513311000676960;08;3;11;000;2022;05;07;6;3;5;3;0;1;1;0;0;0;0;1;414413,164152498007752;5319300,160296740010381;7,852174642000020;48,021256610000101
198699;08220425226700640181;08;2;26;098;2022;04;07;2;3;5;3;0;0;1;1;0;0;0;0;477780,796451680012979;5460042,408766429871321;8,694425473000020;49,292725306000101
198700;08220511135200756890;08;1;35;019;2022;05;23;4;2;0;1;2;0;1;0;0;0;0;0;584525,401030084001832;5391378,545764050446451;10,148064226000001;48,669732806000098
198701;08220503119400659330;08;1;19;091;2022;05;08;3;3;6;4;0;0;1;0;1;0;0;0;526849,335605524014682;5407199,611772390082479;9,365746157000050;48,817200171000103
198702;08220429126200649241;08;1;26;066;2022;04;15;6;3;5;2;0;0;1;1;0;0;0;0;536823,930909704999067;5449768,001016750000417;9,505478382000041;49,199602573000000
198703;08220428212010655241;08;2;15;017;2022;04;16;5;2;5;3;0;0;1;0;0;0;0;1;454789,672334126022179;5421546,743624799884856;8,382562806000070;48,945191827000002
198705;08220505212502660000;08;2;12;000;2022;05;09;5;2;0;1;0;1;1;0;0;0;0;0;450218,797460531000979;5429592,161871399730444;8,319157709000020;49,017209438000101
198707;08220514226700721070;08;2;26;098;2022;05;19;7;3;0;3;0;0;1;1;0;0;0;0;476637,220339048013557;5459605,315257550217211;8,678723992000069;49,288750983000099
198708;08220502115400662570;08;1;15;045;2022;05;20;2;3;5;3;2;0;1;1;0;0;0;0;499789,843592808989342;5394887,934351369738579;8,997143471000070;48,707024622000098
198709;08220510435100668420;08;4;35;057;2022;05;13;3;3;0;1;0;0;1;0;0;0;0;0;544070,937372945947573;5280793,404936400242150;9,587166926000069;47,679027217000097
198713;08220504212010659890;08;2;12;000;2022;05;12;4;3;5;3;0;0;1;1;0;0;0;0;458829,125000000989530;5428184,711999529972672;8,437054709000050;49,005183912000099
198715;08220517311010719740;08;3;36;091;2022;05;17;3;2;0;7;0;0;1;0;0;0;0;0;394374,675168597023003;5272713,128720720298588;7,594861397000050;47,599218667000102
198717;08220501135010672380;08;4;25;072;2022;05;19;1;3;6;4;0;0;1;0;1;0;0;0;575955,968130277004093;5370823,160568569786847;10,027935034000100;48,485941867000101
198718;08220510212702668830;08;2;15;110;2022;05;07;3;3;0;7;0;0;1;0;0;0;0;0;459795,223308972024824;5419755,274698819965124;8,451096824000050;48,929422675000097
198721;08220428335100655521;08;3;35;043;2022;04;18;5;3;5;3;0;0;1;1;0;0;0;0;512841,889509585977066;5280159,483603700064123;9,171080954000050;47,674698191000097
198725;08220503416200610770;08;4;16;041;2022;05;14;3;3;0;1;0;0;1;0;0;0;0;0;504540,519079399004113;5376097,954601399600506;9,061510761000021;48,537969647000097
198726;08220427118400602281;08;1;18;048;2022;04;16;4;3;5;3;0;0;1;1;0;0;0;0;513966,910517332027666;5415326,236892979592085;9,190538304000031;48,890728825000103
198727;08220512311100689640;08;3;15;115;2022;05;17;5;3;6;4;0;1;0;1;1;0;0;0;408064,518574174027890;5321705,779655300080776;7,766534820000060;48,042013143000098
198728;08220505436400661370;08;4;36;009;2022;05;16;5;2;6;3;0;0;0;1;1;0;0;0;556326,932118137949146;5308259,671252669766545;9,754010840000030;47,925181881000100
198731;08220510226700683970;08;2;26;041;2022;05;13;3;3;5;5;0;0;1;0;0;0;0;0;476000,760418305988424;5465593,612269599922001;8,669611705000021;49,342590886000004
198732;08220509416100682910;08;4;16;036;2022;05;16;2;3;9;1;0;0;1;0;0;0;0;0;494915,713555704976898;5369170,962651880457997;8,931207180000060;48,475647596999998
198734;08220516436200724740;08;4;36;064;2022;05;17;2;3;0;1;0;1;1;0;0;0;0;0;545571,778731442987919;5291502,027197799645364;9,608282604000070;47,775269808000097
198735;08220509311010680300;08;3;11;000;2022;05;08;2;3;1;5;0;0;1;0;0;0;1;0;414176,134999985981267;5315054,528999499976635;7,849845828000070;47,983033794999997
198736;08220429111250635981;08;1;11;000;2022;04;12;6;3;2;6;0;0;1;1;0;0;0;0;516107,123181641974952;5400950,298235259950161;9,219170453000061;48,761353485000001