OBJECTID;UIDENTSTLAE;ULAND;UREGBEZ;UKREIS;UGEMEINDE;UJAHR;UMONAT;USTUNDE;UWOCHENTAG;UKATEGORIE;UART;UTYP1;ULICHTVERH;IstStrassenzustand;IstRad;IstPKW;IstFuss;IstKrad;IstGkfz;IstSonstige;LINREFX;LINREFY;XGCSWGS84;YGCSWGS84
198738;08220426416100643191;08;4;16;018;2022;04;13;3;2;5;2;0;0;1;1;0;0;0;0;491813,101321674999781;5361954,965174759738147;8,889368495000040;48,410696320000099
198739;08220511336300685290;08;3;36;081;2022;05;13;4;3;1;6;0;0;1;1;0;0;0;0;411381,152047167997807;5277998,211753809824586;7,819975534000040;47,649310571000100
198740;08220503415400665090;08;4;15;061;2022;05;07;3;3;0;3;0;0;1;1;0;0;0;0;515256,030427773017436;5371449,143539329990745;9,206503935000059;48,495978401999999
198741;08220429421200635151;08;4;21;000;2022;04;17;6;3;0;1;0;0;1;0;0;0;0;0;573093,135724353021942;5361528,273254499770701;9,987575191000079;48,402672440000103
198744;08220428416200652251;08;4;16;041;2022;04;18;5;3;0;1;0;0;1;0;0;0;0;0;504027,604750528989825;5374442,030508750118315;9,054546272000040;48,523075878000000
198745;08220513221011707870;08;2;21;000;2022;05;12;6;3;5;3;0;0;1;0;0;1;0;0;476151,425177750992589;5472743,844113180413842;8,671257155000029;49,406912286000100
198746;08220505226400682270;08;2;26;063;2022;05;17;5;3;5;5;0;0;1;1;0;0;0;0;470004,547584331012331;5470798,517451900057495;8,586673916000050;49,389142603000003
198751;08220503111240664330;08;1;11;000;2022;05;17;3;3;0;7;0;1;1;0;0;0;0;0;514663,541235899028834;5404049,568497310392559;9,199638209000060;48,789269935000000
198753;08220428111500636611;08;1;11;000;2022;04;09;5;3;6;4;0;0;0;1;1;0;0;0;508064,965357285982464;5397515,050251290202141;9,109673446000039;48,730606152000099
198754;08220512325302676250;08;3;25;051;2022;05;18;5;2;0;1;0;1;1;0;0;0;0;0;451916,406999999016989;5348887,712999509647489;8,351748855000039;48,291361247000097
198755;08220505127100669420;08;1;27;076;2022;05;07;5;3;5;3;0;0;1;1;0;0;0;0;552477,948809416964650;5439585,257919959723949;9,719017512000050;49,106871952000098
198757;08220515116400720890;08;1;16;033;2022;05;14;1;2;6;4;0;0;0;1;1;0;0;0;533719,198646622942761;5386815,093479669652879;9,457658829000019;48,633491067000101
198759;08220511111500697120;08;1;11;000;2022;05;16;4;3;6;2;0;0;0;1;1;0;0;0;515429,696418221981730;5406561,404190789908171;9,210163414000020;48,811847541000098
198760;08220509115300699530;08;1;15;041;2022;05;14;2;3;5;3;0;0;1;1;0;0;0;0;494904,654070170014165;5401593,464724910445511;8,930659163000030;48,767326942000103
198761;08220509119500865500;08;1;19;042;2022;05;12;2;3;4;6;0;0;1;0;0;0;0;0;528848,719813614035957;5414857,569489589892328;9,393520967000031;48,885998751999999
198762;08220426311200560881;08;3;11;000;2022;04;18;3;3;5;3;0;0;1;1;0;0;0;0;414743,565336061990820;5318872,628937710076571;7,856689860000070;48,017454993000101
198763;08220512212702691850;08;2;15;017;2022;05;16;5;3;4;6;0;0;1;0;0;0;0;0;455701,972000000008848;5421678,538999529555440;8,395007011000081;48,946443369000100
198765;08220517212010868430;08;2;12;000;2022;05;07;3;3;0;7;0;0;1;0;0;0;0;0;458131,247695241996553;5428606,672401960007846;8,427469342000050;49,008932563000002
198767;08220501421300657350;08;4;21;000;2022;05;17;1;3;6;4;0;0;0;1;1;0;0;0;572311,800826544989832;5356543,188919349573553;9,976162216000031;48,357920326000098
198768;08220510118400684070;08;1;18;048;2022;05;17;3;3;5;2;0;0;1;1;0;0;0;0;513210,705625502974726;5415826,729759340174496;9,180238303000070;48,895247712000099
198769;08220516212010716630;08;2;12;000;2022;05;21;2;3;6;7;1;0;1;0;1;0;0;0;455891,609935423010029;5428734,282652139663696;8,396831474000070;49,009924411000000
198771;08220513222500726380;08;2;22;000;2022;05;15;6;3;3;2;0;0;1;0;0;0;1;0;462921,833622162987012;5479119,333821849897504;8,488302695000071;49,463594858000100
198772;08220507118400725420;08;1;18;048;2022;05;15;7;3;0;1;0;0;1;0;0;0;0;0;511473,076352654024959;5417269,658360850065947;9,156571855000040;48,908262532999998
198777;08220515231000698820;08;2;31;000;2022;05;15;1;3;0;1;0;0;1;0;0;0;0;0;477624,035183458006941;5415978,526394790038466;8,694710004000060;48,896349998000098
198778;08220427426100634721;08;4;26;044;2022;04;14;4;3;0;1;0;0;1;0;0;0;0;0;579761,048310401034541;5327574,797923360019922;10,071252233000100;48,096445293000002
198782;08220515119400686060;08;1;19;091;2022;05;17;1;3;0;7;0;0;1;0;0;0;0;0;526760,325804024003446;5403527,984309550374746;9,364294403000031;48,784174981000000
198783;08220502311010602930;08;3;36;050;2022;05;17;2;3;3;2;0;0;1;0;0;0;0;1;401243,177415188984014;5277055,601584340445697;7,685228633000070;47,639363762000102
198784;08220511212702700320;08;2;15;108;2022;05;09;4;3;6;4;0;0;0;1;1;0;0;0;449181,797862254024949;5424123,454926899634302;8,305660028000030;48,967934053000100
198785;08220503221200863760;08;2;21;000;2022;05;13;3;3;1;5;0;0;1;1;0;0;0;0;476496,570037673984189;5472649,884194419719279;8,676020316000059;49,406080560000099
198786;08220429215402641981;08;2;15;009;2022;04;18;6;3;4;6;0;0;1;0;0;0;0;0;474627,613371393003035;5438013,160670099779963;8,652452413000050;49,094446173000101
198787;08220427216100565331;08;2;16;043;2022;04;11;4;3;0;7;0;0;1;0;0;0;0;0;441547,064193397993222;5412119,021650999784470;8,203074340000059;48,859280654000003
198790;08220516221300686550;08;2;21;000;2022;05;10;2;3;4;5;0;0;1;0;0;0;0;0;476664,967541504011024;5475938,020770129747689;8,678148154000040;49,435663223000098
198791;08220509325202669200;08;3;25;049;2022;05;16;2;3;2;4;0;0;0;1;1;0;0;0;471756,891283212986309;5334650,478543009608984;8,620174079000041;48,164470760000000
198792;08220428119400635811;08;1;19;079;2022;04;19;5;2;0;1;0;0;1;0;0;0;0;0;521902,375448916980531;5408856,204041760414839;9,298447374000030;48,832296597999999
198793;08220513337101719910;08;3;37;097;2022;05;12;6;3;0;1;0;1;0;0;1;1;0;0;434456,167999995988794;5290133,563999489881098;8,125368245000059;47,761236211000003
198794;08220505311200672240;08;3;11;000;2022;05;18;5;3;0;1;0;1;1;0;0;0;0;0;413810,645304456993472;5317657,487826749682426;7,844426056000030;48,006399214000098
198795;08220507231000668320;08;2;37;024;2022;05;15;7;3;0;7;0;0;1;0;1;0;0;0;479666,146724577003624;5359679,819728890433908;8,725335404000020;48,389953183999999
198796;08220515212402702040;08;2;12;000;2022;05;12;1;3;0;1;0;0;1;0;0;0;0;0;457681,167104058025870;5427674,399242839775980;8,421412244000070;49,000515925000101
198798;08220511221200697220;08;2;21;000;2022;05;16;4;3;5;3;0;0;1;0;0;0;0;1;476941,523000002023764;5472008,537999549880624;8,682190840000031;49,400328770999998
198799;08220502336200689130;08;3;36;105;2022;05;18;2;3;1;5;0;0;1;1;0;0;0;0;399146,396226854005363;5266804,861639750190079;7,659678519000070;47,546831414000103
198803;08220504335400677100;08;3;35;079;2022;05;10;4;2;6;7;0;0;0;1;1;0;0;0;499895,550610986014362;5302357,663763269782066;8,998603173000051;47,874554785000001
198804;08220506335300764130;08;3;35;075;2022;05;14;6;3;3;3;0;0;1;1;0;0;0;0;489040,018965212977491;5288354,303973440080881;8,853783829000060;47,748466649000100
198805;08220514311300708680;08;3;15;020;2022;05;18;7;3;0;7;0;0;1;0;0;0;0;0;429655,858956230978947;5315416,472267470322549;8,057203180000039;47,988179588999998
198808;08220509111500696750;08;1;11;000;2022;05;16;2;2;6;4;0;0;0;1;1;0;0;0;515634,798429655027576;5407109,165352550335228;9,212977901000039;48,816769989000100
198809;08220509212010674320;08;2;12;000;2022;05;11;2;3;4;6;0;0;1;0;0;0;0;0;454764,727313284005504;5433744,368815709836781;8,380863637000060;49,054908761000000
198811;08220512212000723020;08;2;15;105;2022;05;13;5;2;5;3;0;0;1;1;0;0;0;0;457422,520115669001825;5442037,420272789895535;8,416365062000070;49,129694209000000
198813;08220506118200689610;08;1;18;019;2022;05;14;6;3;2;6;0;0;1;1;0;0;0;0;504816,597024441987742;5403773,339814729988575;9,065572977000040;48,786939231000098
198814;08220517127202726800;08;1;27;046;2022;05;16;3;2;0;7;0;0;1;0;0;0;0;0;571122,927000005962327;5449560,252999540418386;9,976206033000039;49,194714257999998
198815;08220514116400682440;08;1;16;033;2022;05;17;7;3;5;3;0;0;1;1;0;0;0;0;533711,116180720040575;5387411,710409649647772;9,457597670000039;48,638858609000103
198817;08220510121200702510;08;1;21;000;2022;05;13;3;3;6;3;0;0;0;0;1;0;0;1;516825,968000000983011;5443337,737999529577792;9,230703163000040;49,142635743000000
198818;08220509415100669060;08;4;15;014;2022;05;14;2;3;0;7;0;0;1;0;0;0;0;0;525707,580633386969566;5375520,445077369920909;9,348223693000021;48,532263970000002
198819;08220516119100723890;08;1;19;003;2022;05;17;2;3;5;7;0;0;1;1;0;0;0;0;534238,680673994007520;5417206,537511980161071;9,467239133000019;48,906854514000003
198820;08220428221011649661;08;2;21;000;2022;04;18;5;3;1;5;0;0;1;1;0;0;0;0;477487,235671051021200;5472838,024868730455637;8,689665124000040;49,407810310999999
198821;08220513311010740060;08;3;11;000;2022;05;23;6;2;0;1;2;0;1;0;0;0;0;0;414630,358618900005240;5316283,641513369977474;7,855687355000040;47,994150949000101
198824;08220512115100678900;08;1;15;048;2022;05;17;5;3;6;7;0;0;0;1;1;0;0;0;510719,047368746018037;5387707,068565039895475;9,145511114000040;48,642332768000102
198825;08220503416100603870;08;4;16;036;2022;05;12;3;3;6;7;0;0;0;0;1;0;0;1;495604,334884586976841;5369080,443731879815459;8,940525501000019;48,474838441000003
198826;08220429121400648201;08;1;25;086;2022;04;13;6;3;5;3;0;0;1;1;0;0;0;0;504006,114999999990687;5443296,894999540410936;9,054928208000041;49,142485751999999
198827;08220515317200726820;08;3;17;005;2022;05;12;1;2;0;7;0;0;1;0;0;0;0;0;427103,995496749994345;5373940,102597190067172;8,012925603000040;48,514341316000099
198829;08220513117300718800;08;1;17;026;2022;05;19;6;3;3;6;0;0;1;0;0;0;0;0;547846,783678042003885;5395415,800921210087836;9,650391650000071;48,709937710000098
198831;08220506235100684910;08;2;35;085;2022;05;14;6;3;6;7;0;0;0;1;1;0;0;0;480857,204249055997934;5395805,562745600007474;8,739762416000080;48,714985827000099
198832;08220515335100696980;08;3;35;002;2022;05;10;1;3;1;5;0;0;1;1;0;0;0;0;505067,329000000027008;5284636,297999490052462;9,067559612000030;47,715086734000103
198833;08220514416200746980;08;4;16;009;2022;05;14;7;3;5;3;0;0;1;1;0;0;0;0;507455,157482306007296;5383156,182142909616232;9,101122068000050;48,601439555000098
198834;08220502221400751510;08;2;21;000;2022;05;08;2;3;5;6;0;0;1;0;0;0;0;0;477662,879228928999510;5469956,922328280285001;8,692248262000019;49,381901646000102
198836;08220509115300667740;08;1;15;028;2022;05;15;2;3;4;2;0;0;1;1;0;0;0;0;500582,162997026985977;5404629,579816530458629;9,007926762000070;48,794660299000000
198837;08220427221011570831;08;2;21;000;2022;04;16;4;2;6;4;0;0;0;0;1;0;0;1;474200,788999999989755;5474903,107999550178647;8,644228596000060;49,426254841999999
198838;08220512127100693620;08;1;27;052;2022;05;15;5;3;1;1;0;0;1;1;0;0;0;0;540840,308999998960644;5433701,319999529980123;9,558981199000071;49,054828544000003
198841;08220501311400672810;08;3;15;074;2022;05;17;1;2;0;6;0;0;1;0;0;0;0;0;397554,265689875988755;5295342,818373709917068;7,631830538000030;47,803285227000103
198843;08220509416200682890;08;4;16;041;2022;05;15;2;3;4;2;0;0;1;1;0;0;0;0;503745,206603005994111;5374923,181823739781976;9,050726049000049;48,527406235999997
198844;08220507335300674000;08;3;35;075;2022;05;15;7;3;5;2;0;0;1;1;0;0;0;0;488672,096270803012885;5288828,926674540154636;8,848863058000060;47,752730732000003
198845;08220516415400687230;08;4;15;061;2022;05;18;2;3;5;3;0;0;1;0;0;0;0;1;513523,620362794026732;5372526,366494709625840;9,183089255000031;48,505709160000002
198847;08220508212302665000;08;2;12;000;2022;05;09;1;2;0;1;0;0;1;0;0;0;0;0;455988,313286412972957;5428586,920836309902370;8,398169763000061;49,008605781000000
198849;08220511421200690690;08;4;21;000;2022;05;12;4;2;3;6;0;0;1;0;0;0;0;1;572366,703000006033108;5361935,942999510094523;9,977832013000070;48,406423344000103
198850;08220503311010739780;08;3;11;000;2022;05;21;3;3;1;6;2;0;1;1;0;0;0;0;413705,515495479980018;5317256,948969350196421;7,843097419000060;48,002782043000103
198853;08220504121200677440;08;1;21;000;2022;05;08;4;2;5;3;0;0;1;1;0;0;0;0;516910,155081113975029;5443522,527971589937806;9,231865209000031;49,144295676000098
198854;08220506121100692070;08;1;25;026;2022;05;20;6;3;5;3;0;0;0;1;1;0;0;0;493440,146966279018670;5442637,720323829911649;8,910068022000081;49,136534256000097
198855;08220514335100680480;08;3;35;043;2022;05;20;7;3;3;6;1;0;1;1;0;0;0;0;513340,395000000018626;5279011,955999489873648;9,177687014000069;47,664363029000100
198856;08220430416010653051;08;4;16;041;2022;04;22;7;3;0;6;2;0;1;0;0;0;0;1;503484,435872856993228;5374631,421138109639287;9,047191665000071;48,524782954999999
198858;08220509118010695780;08;1;18;048;2022;05;08;2;2;6;4;0;0;0;1;1;0;0;0;513315,357447893009521;5415388,525088059715927;9,181651815000070;48,891303497000102
198860;08220509136300697450;08;1;36;065;2022;05;11;2;3;0;7;0;0;1;0;0;0;0;0;558403,988906248006970;5405694,779825929552317;9,795343219000070;48,801499121000099
198861;08220426226300643021;08;2;26;006;2022;04;14;3;3;3;3;0;1;1;1;0;0;0;0;483773,852819055027794;5466827,419075289741158;8,776569565000051;49,353945310000000
198863;08220504111500668900;08;1;11;000;2022;05;17;4;3;1;5;0;0;1;1;0;0;0;0;513555,234044087002985;5407369,530765219591558;9,184658753000059;48,819161053000101
198864;08220429416200639541;08;4;16;041;2022;04;20;6;2;0;1;0;0;1;0;0;0;0;0;504253,492628449981567;5375084,307767610065639;9,057612047000021;48,528852542999999
198865;08220510311010670510;08;3;36;050;2022;05;10;3;3;1;5;0;0;1;1;0;0;0;0;399404,457143364008516;5273234,388307820074260;7,661633922000020;47,604707602000097
198866;08220516121500845860;08;1;25;065;2022;05;02;2;3;0;6;2;0;1;1;0;0;0;0;516545,073622294992674;5449045,418571529909968;9,227086499000050;49,193985572000003
198869;08220507117300696930;08;1;17;026;2022;05;16;7;3;0;7;0;0;1;0;0;0;0;1;545164,933927468955517;5395415,650012769736350;9,613938921000059;48,710136360000000
198871;08220511126100689390;08;1;26;060;2022;05;12;4;2;6;7;0;0;0;1;1;0;0;0;544785,342766012996435;5460340,996622470207512;9,615939735000040;49,294173650000097
198872;08220503128100664300;08;1;28;007;2022;05;14;3;2;8;7;0;0;1;0;0;0;0;0;555787,369036089046858;5482425,516531200148165;9,770339558000050;49,491900516000001
198873;08220429222500638441;08;2;26;009;2022;04;13;6;3;4;6;0;0;1;0;0;0;0;1;466370,968558344990015;5472413,079266149550676;8,536469537000070;49,403475274000101
198874;08220515317500714120;08;3;17;096;2022;05;00;1;3;8;1;2;0;1;0;0;0;0;0;422532,738468659983482;5371437,312429370358586;7,951501820000030;48,491281650000097
198875;08220428121500572181;08;1;25;005;2022;04;07;5;3;6;4;0;0;0;1;1;0;0;0;515498,594119548972230;5452862,526670279912651;9,212870708000031;49,228348660000101
198876;08220513121200712760;08;1;21;000;2022;05;15;6;2;0;7;0;0;1;0;0;0;0;0;514707,092638387985062;5441236,936491870321333;9,201574539000029;49,123792686000101
198877;08220504311300659820;08;3;11;000;2022;05;10;4;3;0;7;0;0;1;0;0;0;0;0;411604,958129670005292;5316350,763384990394115;7,815129253000070;47,994343634000103
198880;08220514311010765650;08;3;11;000;2022;05;11;7;3;3;6;0;0;1;1;0;0;0;0;415359,298807177983690;5315531,320455280132592;7,865604574000030;47,987480403000099
198881;08220502311010657500;08;3;15;064;2022;05;07;2;3;5;3;0;0;1;1;0;0;0;0;422437,487546598014887;5313354,347447269596159;7,960846060000050;47,968794538000097
198883;08220509116500679320;08;1;16;049;2022;05;15;2;2;2;6;0;0;1;0;0;0;0;1;525074,648956659017131;5384597,791790340095758;9,340197840000030;48,613950553000102
198884;08220427128300571681;08;1;28;131;2022;04;13;4;3;0;1;0;0;1;0;0;0;0;0;536640,031791424029507;5511867,718062159605324;9,508707302000060;49,758170500000098
198886;08220506111230662270;08;1;11;000;2022;05;18;6;3;0;7;0;0;1;1;0;0;0;0;509771,976964262023102;5398725,692829879932106;9,132915317000030;48,741472669000103
198890;08220508212010686710;08;2;12;000;2022;05;00;1;2;1;7;2;0;1;1;0;0;0;0;458644,638570901006460;5428639,847022039815784;8,434485921000030;49,009265593000102
198893;08220429115300754960;08;1;15;041;2022;04;10;6;3;5;3;0;0;1;1;0;0;0;0;495335,220031514996663;5402765,318938209675252;8,936505294000030;48,777872281000000
198896;08220511336400689660;08;3;36;091;2022;05;21;4;3;6;6;2;0;1;0;1;0;0;0;395687,020395884988829;5274329,368925759568810;7,611929618000030;47,613969509000100
198897;08220510115300672300;08;1;15;041;2022;05;17;3;3;5;3;0;0;1;1;0;0;0;0;495151,212484223011415;5401974,139940760098398;8,934010003000029;48,770753456000101
198898;08220504118400765830;08;1;18;048;2022;05;18;4;3;6;4;0;0;0;1;1;0;0;0;513466,015492596023250;5415473,222702509723604;9,183709914000080;48,892062158999998
198899;08220517317010700330;08;3;17;065;2022;05;13;3;2;5;3;0;0;1;1;0;0;0;0;413995,146752386994194;5355033,088945619761944;7,839335344000060;48,342620456000098
198902;08220428231202645451;08;2;36;072;2022;04;19;5;3;9;3;0;0;1;1;0;0;0;0;462640,783734242024366;5410136,122308360412717;8,490823968000029;48,843072518000000
198906;08220425437000574191;08;4;37;104;2022;04;18;2;2;6;4;0;0;0;1;1;0;0;0;514651,762625820992980;5325040,336307030171156;9,196714694000040;48,078467504999999
198908;08220502317200674070;08;3;17;057;2022;05;17;2;3;5;2;0;0;1;1;0;0;0;0;412569,078132303024177;5379993,045011660084128;7,814880129000070;48,566928349000101
198910;08220428212010570141;08;2;12;000;2022;04;13;5;3;0;7;0;0;1;0;0;0;0;0;455097,450988332973793;5429279,356603330001235;8,385911943000050;49,014770118000101
198913;08220506311010671320;08;3;11;000;2022;05;07;6;3;5;3;0;1;1;1;0;0;0;0;414960,497855754976626;5318235,719338820315897;7,859724723000060;48,011754662000001
198914;08220516316200724250;08;3;16;056;2022;05;12;2;3;5;7;0;1;1;1;0;0;0;0;422534,555125461018179;5327176,563699269667268;7,959646415000070;48,093146212000100
198918;08220507335100691990;08;3;35;043;2022;05;15;7;3;5;3;0;0;1;1;0;0;0;0;512711,669160121004097;5279861,799451139755547;9,169337488000050;47,672022303000098
198920;08220511222500703730;08;2;22;000;2022;05;21;4;3;7;7;2;0;1;0;0;0;0;1;461065,740220492007211;5477565,110289210453629;8,462841639000031;49,449499234000001
198921;08220502337200659580;08;3;37;065;2022;05;11;2;3;6;4;0;0;0;1;1;0;0;0;447710,200227099005133;5275717,486651640385389;8,303946241000061;47,632746283000102
198922;08220429116500641681;08;1;16;049;2022;04;17;6;3;1;5;0;0;1;1;0;0;0;0;524482,807840534020215;5384476,684711519628763;9,332161089000071;48,612884504000100
198924;08220427326200566841;08;3;26;074;2022;04;15;4;3;5;3;0;0;1;1;0;0;0;0;465132,323618569993414;5322144,473458969965577;8,532109122000071;48,051628880000102
198925;08220512437100691620;08;4;37;100;2022;05;18;5;3;5;3;0;0;1;0;0;0;0;0;536959,557861485984176;5317638,192482409998775;9,495571999000051;48,010969029000101
198927;08220506317500672430;08;3;17;096;2022;05;14;6;3;0;1;0;0;1;0;0;0;0;0;424556,519184533972293;5369417,890214719809592;7,979253122000050;48,473363181000103
198928;08220516111500719590;08;1;11;000;2022;05;06;2;3;1;3;0;1;1;1;0;0;0;0;509104,175326932978351;5407847,746327839791775;9,124034159000081;48,823544201000097
198930;08220502222500607830;08;2;22;000;2022;05;12;2;3;1;5;0;0;1;1;0;0;0;0;460885,879649373993743;5482185,685115160420537;8,459903568000071;49,491047353000098
198931;08220511111500862660;08;1;11;000;2022;05;05;4;2;3;6;0;0;1;0;0;0;0;0;516107,557613080018200;5404262,459058639593422;9,219306113000069;48,791149346000097
198934;08220512119400709840;08;1;19;091;2022;05;17;5;2;6;7;0;0;0;1;1;0;0;0;525877,782285026973113;5406318,912874420173466;9,352456222000059;48,809318863999998
198935;08220504221011663820;08;2;26;095;2022;05;08;4;3;6;3;0;0;0;1;1;0;0;0;474564,607947067008354;5460939,919686890207231;8,650137800000040;49,300672976000001
198936;08220506118200683980;08;1;18;067;2022;05;07;6;3;6;2;0;0;0;1;1;0;0;0;505193,498838804021943;5413772,890721140429378;9,070830788000020;48,876890889999999
198938;08220501128200670340;08;1;28;115;2022;05;18;1;2;0;7;0;0;1;0;0;0;0;0;548600,248949788045138;5497510,815199489705265;9,672966037000039;49,628197774999997
198940;08220508216100765790;08;2;16;043;2022;05;14;1;3;4;2;0;0;1;1;0;0;0;0;442791,862160567019600;5409731,338395870290697;8,220377307000041;48,837919441000103
198941;08220516335300700150;08;3;35;075;2022;05;06;2;3;0;1;0;0;1;0;0;0;0;0;490279,665908664988820;5289519,086479409597814;8,870295766000030;47,758966718000103
198942;08220429111230635521;08;1;11;000;2022;04;16;6;3;5;3;0;0;1;1;0;0;0;0;508114,770643497002311;5399330,138287980109453;9,110386481000029;48,746934055000096
198943;08220508222014755250;08;2;22;000;2022;05;15;1;2;0;7;0;0;1;0;0;0;0;0;467115,105182059982326;5482281,313540309667587;8,545907023000041;49,492277082999998
198944;08220426435100564811;08;4;35;016;2022;04;12;3;2;0;2;0;0;1;0;0;0;0;0;537437,441861927974969;5278728,162141130305827;9,498614126000060;47,660863688000099
198945;08220511335100695000;08;3;35;043;2022;05;16;4;3;0;5;0;0;1;1;0;0;0;0;512721,597304210998118;5278542,391768409870565;9,169431322000040;47,660150508000100
198946;08220503421300658090;08;4;21;000;2022;05;19;3;3;0;1;0;1;1;0;0;0;0;0;571404,697606559959240;5361055,070203100331128;9,964685293000059;48,398609374999999
198947;08220429311010653331;08;3;11;000;2022;04;17;6;3;0;2;0;0;1;1;0;0;0;0;411217,976999984006397;5316573,713999499566853;7,809897087000020;47,996295515000000
198948;08220509415400667520;08;4;15;061;2022;05;19;2;3;3;2;0;0;1;1;0;0;0;0;515754,986702058988158;5371578,463514129631221;9,213262583000070;48,497129495000102
198949;08220516212102690840;08;2;12;000;2022;05;10;2;3;8;6;0;0;1;0;0;0;0;1;463020,448361814022064;5429420,728896790184081;8,494249218000050;49,016567558000098
198950;08220428128200646091;08;1;28;014;2022;04;17;5;3;4;2;0;0;1;1;0;0;0;0;549867,476040187990293;5484867,155440459959209;9,688909602000020;49,514376489000000
198951;08220513436400707480;08;4;36;082;2022;05;10;6;3;5;3;0;0;1;1;0;0;0;0;547809,682805516989902;5294945,670610769651830;9,638531228000030;47,806089940000000
198952;08220505215502661780;08;2;15;106;2022;05;17;5;3;5;3;0;0;1;1;0;0;0;0;464512,465941903006751;5453501,422719550319016;8,512535355000070;49,233263346000101
198953;08220507118300673600;08;1;18;081;2022;05;05;7;3;6;2;1;0;0;1;1;0;0;0;520488,989668768015690;5413370,329668899998069;9,279414347000060;48,872952748000003
198955;08220425335400638351;08;3;35;079;2022;04;18;2;3;7;7;0;1;1;0;0;0;0;1;501319,410000001022127;5300704,761999499984086;9,017639746000039;47,859681626000103
198957;08220502335300672530;08;3;35;075;2022;05;08;2;3;5;3;0;0;1;0;0;0;0;0;487448,777748355001677;5289694,379971249960363;8,832516618000060;47,760495022000001
198958;08220429212702573631;08;2;15;096;2022;04;01;6;3;6;7;2;0;0;1;1;0;0;0;463860,074538476008456;5418111,413617299869657;8,506736333000051;48,914886227000103
198959;08220427212010609321;08;2;12;000;2022;04;16;4;2;5;3;0;0;1;1;0;0;0;0;454258,585360782977659;5426978,873930579982698;8,374699456000030;48,994015486000102
198960;08220512335100862970;08;3;35;043;2022;05;12;5;3;3;6;0;0;1;1;0;0;0;0;513311,539823197002988;5278560,820100829936564;9,177288936000020;47,660304449000101
198961;08220505118010669330;08;1;15;013;2022;05;21;5;2;6;4;1;0;1;0;1;0;0;0;495932,429000000003725;5389371,436999520286918;8,944766276000051;48,657384370999999
198962;08220506421300713730;08;4;21;000;2022;05;22;6;3;6;4;2;0;0;1;1;0;0;0;569213,072230126010254;5358204,877783309668303;9,934610779000019;48,373215233000103
198963;08220515116100850510;08;1;16;019;2022;05;14;1;3;4;6;0;0;1;0;0;0;0;0;525003,110093762981705;5396149,694961889646947;9,339925451000060;48,717874133000102
198964;08220502212010603560;08;2;12;000;2022;05;09;2;2;0;6;0;0;1;0;0;0;0;0;456132,765012560004834;5428781,024335930123925;8,400123954000041;49,010362049000001
198965;08220510336200698840;08;3;36;069;2022;05;10;3;3;6;7;0;0;0;1;1;0;0;0;408172,389844461984467;5268618,583838249556720;7,779223540000030;47,564486340000002
198968;08220426135100634011;08;1;35;020;2022;04;17;3;3;5;3;0;0;1;1;0;0;0;0;587015,353106718976051;5386780,521207969635725;10,180910360000000;48,628035032000099
198970;08220504212302658990;08;2;12;000;2022;05;22;4;3;0;7;2;0;1;0;0;0;0;0;455558,124952478974592;5428760,140393029898405;8,392268607000060;49,010133076999999
198976;08220516121600688130;08;1;25;027;2022;05;15;2;3;0;1;0;0;1;0;0;0;0;0;517687,406173803028651;5447431,715856179594994;9,242694236000030;49,179438032000100
198977;08220428416200572801;08;4;16;041;2022;04;19;5;3;5;3;0;0;1;1;0;0;0;0;503958,682000001019333;5372518,646999520249665;9,053594591000040;48,505772837999999
198978;08220513311010692520;08;3;11;000;2022;05;16;6;3;6;4;0;0;1;0;1;0;0;0;412676,038999983982649;5315428,620999500155449;7,829670771000050;47,986195844000100
198979;08220514436100694830;08;4;36;010;2022;05;10;7;3;0;1;0;0;1;0;0;0;0;0;567503,848908936022781;5306670,115237249992788;9,903362089000041;47,909802200999998
198981;08220510436300683570;08;4;36;079;2022;05;15;3;2;5;3;0;0;1;1;0;0;0;0;553278,775763201992959;5289430,133779220283031;9,710892357000031;47,756038026000098
198982;08220509119200667460;08;1;19;020;2022;05;11;2;3;5;3;0;0;1;1;0;0;0;0;520071,868568736012094;5406673,564649100415409;9,273397914000039;48,812723898999998
198983;08220427119100644781;08;1;19;004;2022;04;22;4;2;0;7;2;0;1;0;0;0;0;0;540777,896341362968087;5420022,382577929645777;9,556754130000060;48,931787890000102
198984;08220512311010708100;08;3;11;000;2022;05;18;5;3;4;2;0;0;1;1;0;0;0;0;414453,655610239016823;5316051,347226800397038;7,853365581000050;47,992037752999998
198986;08220517222600724690;08;2;22;000;2022;05;21;3;3;4;6;1;0;1;0;0;0;0;1;461663,462998787988909;5483413,534748869948089;8,470520993000040;49,502140820000101
198988;08220501121300668230;08;1;21;000;2022;05;11;1;3;0;7;0;0;1;0;0;0;0;0;514623,261440899979789;5447064,754643919877708;9,200637137000060;49,176217812000097
198991;08220509136200704920;08;1;36;019;2022;05;14;2;3;8;1;0;0;1;0;0;0;0;0;582698,623495112988167;5424459,416156830266118;10,129925695000100;48,967512021000097
198992;08220428311010569281;08;3;36;069;2022;04;08;5;3;6;4;0;0;0;1;1;0;0;0;408368,251135037979111;5268755,018382320180535;7,781798296000030;47,565741364000097
198993;08220514119100707850;08;1;19;008;2022;05;00;7;3;0;7;2;0;1;0;0;0;0;0;531842,690467649954371;5421586,658308249898255;9,434885226000061;48,946383599000100