OBJECTID;UIDENTSTLAE;ULAND;UREGBEZ;UKREIS;UGEMEINDE;UJAHR;UMONAT;USTUNDE;UWOCHENTAG;UKATEGORIE;UART;UTYP1;ULICHTVERH;IstStrassenzustand;IstRad;IstPKW;IstFuss;IstKrad;IstGkfz;IstSonstige;LINREFX;LINREFY;XGCSWGS84;YGCSWGS84
198994;08220508135100664340;08;1;35;015;2022;05;16;1;3;0;7;0;0;1;0;0;0;0;0;582455,489951586001553;5382884,108944919891655;10,118265545000000;48,593606534999999
198995;08220426311010640771;08;3;11;000;2022;04;11;3;3;0;7;0;1;1;0;0;0;0;0;414995,831148419005331;5317011,227821759879589;7,860441087000030;48,000744578000102
199000;08220516215102703300;08;2;12;000;2022;05;17;2;3;5;3;0;0;1;0;0;0;0;0;454409,989000000001397;5432701,001999530009925;8,376126066000040;49,045497525000002
199002;08220513225200677010;08;2;25;014;2022;05;07;6;2;0;5;0;0;1;1;0;0;0;0;525049,391166260000318;5485516,310575719922781;9,346103581000021;49,521748876000103
199003;08220505311010659510;08;3;36;050;2022;05;07;5;2;5;3;0;1;1;1;0;0;0;0;399258,331999970017932;5274473,963999480009079;7,659405391000060;47,615835305000097
199004;08220507212010670710;08;2;12;000;2022;05;20;7;2;0;7;0;0;1;0;0;0;0;0;461407,751970961980987;5427936,272042229771614;8,472335266000069;49,003115768000001
199006;08220425325000652871;08;3;25;015;2022;04;10;2;3;6;4;0;0;0;1;1;0;0;0;470422,102303836029023;5344242,922051300294697;8,601554832000030;48,250709836000098
199007;08220511212702701670;08;2;15;017;2022;05;11;4;3;5;3;0;0;1;1;0;0;0;0;456601,259555685974192;5421807,197234200313687;8,407274480000069;48,947664438000103
199009;08220503128100681090;08;1;28;007;2022;05;13;3;3;6;4;0;0;0;1;1;0;0;0;556402,940992399002425;5482002,405734159983695;9,778778482000060;49,488038138999997
199010;08220429215202585491;08;2;15;100;2022;04;17;6;3;0;7;0;0;1;0;0;0;0;0;474969,245450045971666;5451963,963088460266590;8,656264667000070;49,219950545000103
199011;08220427316100645111;08;3;16;020;2022;04;16;4;3;0;4;0;0;0;1;1;0;0;0;408885,164511342998594;5338833,987928749993443;7,773881394000060;48,196198068999998
199012;08220512417300674230;08;4;17;013;2022;05;12;5;3;0;1;0;0;1;0;0;0;0;0;504607,758356128004380;5350592,921070230193436;9,062141326000070;48,308512705000098
199013;08220505111230659630;08;1;11;000;2022;05;08;5;3;4;6;0;0;1;1;0;0;0;0;508082,790501810028218;5397634,154210579581559;9,109918180000021;48,731677382999997
199017;08220511118600690790;08;1;18;073;2022;05;16;4;3;5;3;0;0;1;0;0;0;0;0;499210,332789860025514;5424958,466069580055773;8,989208572000051;48,977534562000102
199018;08220509118500667860;08;1;18;078;2022;05;17;2;3;3;2;0;0;1;1;0;0;0;0;514566,707180357014295;5420853,068613040260971;9,198918055000039;48,940432706000102
199019;08220509121200688990;08;1;21;000;2022;05;00;2;3;6;7;2;0;0;1;1;0;0;0;514856,795817321981303;5443544,755023360252380;9,203711396000070;49,144548719000099
199022;08220503311010660970;08;3;11;000;2022;05;13;3;3;0;3;0;0;1;1;0;0;0;0;412926,497999985993374;5316289,480999499559402;7,832852124000060;47,993973715000003
199023;08220514118600712470;08;1;18;050;2022;05;11;7;3;0;7;0;0;1;0;0;0;0;0;505634,567294612992555;5417040,999663500115275;9,076891300000060;48,906286222000098
199024;08220430111500636291;08;1;11;000;2022;04;18;7;3;6;6;0;0;0;0;1;0;0;1;517378,543840617989190;5404369,942189170047641;9,236615124000020;48,792082026999999
199025;08220510221400719120;08;2;21;000;2022;05;16;3;3;5;3;0;0;1;0;0;0;0;1;474317,060861625999678;5475168,916129769757390;8,645814743000070;49,428650648000001
199027;08220516215502720430;08;2;15;099;2022;05;15;2;3;6;4;0;0;0;1;1;0;0;0;462821,909135902998969;5445607,776898000389338;8,490044946000070;49,162160078000099
199028;08220428326200639211;08;3;26;074;2022;04;18;5;2;1;5;0;0;1;1;0;0;0;0;466139,396713461028412;5323159,216496719978750;8,545542299000029;48,060812572000003
199030;08220507115200756650;08;1;15;015;2022;05;09;7;3;3;6;0;0;1;1;0;0;0;0;493163,959143840998877;5387394,814047610387206;8,907205776000071;48,639578202999999
199033;08220503127202658960;08;1;27;101;2022;05;13;3;3;0;7;0;0;1;0;0;0;0;0;590299,891496105003171;5443213,560527799651027;10,237940124000000;49,135112460000101
199034;08220429119010651611;08;1;19;085;2022;04;16;6;2;5;3;0;0;1;1;0;0;0;0;529021,328148119035177;5412849,207229210063815;9,395732896000030;48,867924281000100
199035;08220515425000683600;08;4;25;020;2022;05;15;1;3;0;1;0;0;1;0;0;0;0;0;558982,632595096947625;5361155,277529300190508;9,796894578000041;48,400795441000099
199036;08220428119200634691;08;1;19;020;2022;04;21;5;3;6;4;2;0;0;1;1;0;0;0;519430,847488832019735;5410086,637325179763138;9,264828444000051;48,843447561000097
199037;08220513121200711580;08;1;21;000;2022;05;15;6;3;5;3;0;0;1;1;0;0;0;0;515894,136489282012917;5442019,384729529730976;9,217874809000021;49,130801532000099
199040;08220515335100711660;08;3;35;043;2022;05;00;1;3;8;1;2;0;1;0;0;0;0;0;514315,685589205008000;5279566,101227779872715;9,190695457000061;47,669328188000101
199042;08220502212010661350;08;2;12;000;2022;05;21;2;3;6;7;2;0;0;1;1;0;0;0;460068,329243056999985;5427788,663369880057871;8,454036955000049;49,001702796000103
199043;08220511111130975380;08;1;11;000;2022;05;15;4;3;0;7;0;0;1;1;0;0;0;0;512218,320999999996275;5402383,757999519817531;9,166298167000040;48,774337287999998
199045;08220425337010569901;08;3;37;126;2022;04;18;2;3;0;6;0;1;1;0;0;0;0;0;441099,951138766016811;5274666,006391000002623;8,216103640000030;47,622718610000000
199047;08220503222014603590;08;2;22;000;2022;05;10;3;1;3;2;0;0;1;0;0;0;1;0;462500,328198642004281;5486722,293705049902201;8,481764341000030;49,531953569999999
199048;08220429337200576581;08;3;37;126;2022;04;10;6;3;6;4;0;0;0;1;1;0;0;0;440717,751999998989049;5274730,106999490410089;8,211008798000019;47,623260449999997
199049;08220516111230691090;08;1;11;000;2022;05;18;2;3;1;5;0;0;1;1;0;0;0;0;515118,704163944988977;5404851,623000799678266;9,205864545000050;48,796474224000100
199050;08220428111500655051;08;1;11;000;2022;04;16;5;3;4;6;0;0;1;0;0;0;0;0;513214,354992815991864;5406810,092172689735889;9,179997069000020;48,814135767000003
199051;08220513136300761840;08;1;36;062;2022;05;18;6;2;6;6;0;0;1;0;1;0;0;0;567400,883978468948044;5413394,343993750400841;9,919113407000051;48,869844110000003
199053;08220506215402660950;08;2;15;009;2022;05;07;6;3;4;6;0;0;1;0;0;0;0;1;469348,907792705984320;5441479,542263080365956;8,579884072000031;49,125386642000102
199054;08220515215102701130;08;2;15;090;2022;05;20;1;3;0;7;0;0;1;0;0;0;0;0;465289,663643365027383;5433835,658254000358284;8,524904915000040;49,056412798000103
199055;08220502216100659090;08;2;16;043;2022;05;12;2;2;0;1;0;0;1;0;1;0;0;0;441590,706513274984900;5412054,733684119768441;8,203678457000020;48,858706497000099
199056;08220511311010671880;08;3;11;000;2022;05;06;4;3;0;7;0;0;1;0;0;0;0;0;413589,249929826008156;5317343,327842130325735;7,841521641000040;48,003543344000001
199057;08220509436200665460;08;4;36;039;2022;05;08;2;3;0;1;0;0;1;0;0;0;0;0;547859,969511209055781;5289614,052744720131159;9,638615021000019;47,758117794999997
199062;08220506116400660980;08;1;16;033;2022;05;09;6;3;5;3;0;0;1;1;0;0;0;0;533086,017347575980239;5387957,151387699879706;9,449156362000050;48,643798740000101
199063;08220514435200734450;08;4;35;018;2022;05;16;7;2;0;1;0;0;1;0;0;0;0;0;524599,981832631980069;5279853,367311120033264;9,327704195000020;47,671603420000103
199071;08220426317300648861;08;3;17;065;2022;04;15;3;3;0;3;0;0;1;1;0;0;0;0;414077,140161850024015;5354168,611245979554951;7,840617989000070;48,334855801000103
199072;08220511435200708950;08;4;35;059;2022;05;11;4;2;5;3;0;0;0;1;1;0;0;0;514915,402738349977881;5293192,059440949931741;9,199150935000031;47,791914972000001
199074;08220517221400707150;08;2;21;000;2022;05;07;3;3;5;3;0;0;1;1;0;0;0;0;475967,620544187026098;5470058,045393699780107;8,668885964000030;49,382746704000098
199077;08220509335100745580;08;3;35;043;2022;05;12;2;3;0;1;0;0;1;0;0;0;0;0;513767,363549167988822;5280247,385878089815378;9,183412921000070;47,675470060000102
199078;08220516317500712580;08;3;17;096;2022;05;16;2;3;6;4;0;0;0;1;1;0;0;0;422910,511881501006428;5370074,650325509719551;7,956865406000080;48,479071056000102
199079;08220428311010645541;08;3;11;000;2022;04;15;5;3;1;5;0;0;1;1;0;0;0;0;413630,350987108016852;5316398,770500020124018;7,842262691000030;47,995052276000102
199080;08220513212502708510;08;2;12;000;2022;05;17;6;3;5;3;0;0;1;1;0;0;0;0;455996,143818865995854;5428944,953330090269446;8,398238022000040;49,011826879000097
199081;08220507121200688930;08;1;21;000;2022;05;14;7;2;6;7;0;0;0;0;1;0;0;1;515822,480830717016943;5443239,304047590121627;9,216940454000049;49,141776968000002
199082;08220425311010657001;08;3;11;000;2022;04;11;2;3;5;3;0;1;1;1;0;0;0;0;412722,930999986012466;5317413,457999500446022;7,829895436000070;48,004056483000099
199084;08220502335200601560;08;3;35;063;2022;05;16;2;3;5;3;0;0;1;1;0;0;0;0;496893,656457933015190;5288483,355217619799078;8,958557550000020;47,749713454000101
199085;08220429212010654051;08;2;12;000;2022;04;17;6;2;3;2;0;0;1;0;0;0;0;0;457878,603775670984760;5428401,771492259576917;8,424036026000071;49,007072256000100
199087;08220427421200644411;08;4;21;000;2022;04;18;4;2;0;1;0;0;1;0;0;0;0;0;569532,768433992052451;5365349,979528159834445;9,940111033000051;48,437452694999998
199088;08220512436300689330;08;4;36;081;2022;05;15;5;3;5;3;0;0;1;1;0;0;0;0;561951,650940979016013;5282540,730339270085096;9,825621875000021;47,693281173999999
199089;08220504311010679160;08;3;11;000;2022;05;08;4;3;4;6;0;0;1;1;0;0;0;0;416425,851914494996890;5314913,030142120085657;7,880016524000040;47,982058843000097
199090;08220506221200675670;08;2;21;000;2022;05;18;6;3;4;6;0;0;1;1;0;0;0;0;476021,279587604978587;5472542,901720630005002;8,669475316000050;49,405099729000000
199091;08220515335400686110;08;3;35;098;2022;05;12;1;3;8;1;0;0;1;0;0;0;0;0;503992,890951319015585;5295828,616709530353546;9,053337641000040;47,815797752000002
199092;08220514335010727880;08;3;35;077;2022;05;20;7;3;8;1;0;0;1;0;0;0;0;0;494589,096326804021373;5294151,864320919848979;8,927741273000040;47,800700838000097
199094;08220510335300692830;08;3;35;075;2022;05;14;3;3;6;7;0;0;0;1;1;0;0;0;487375,791278673976194;5289856,838906070217490;8,831537973000019;47,761955325000002
199099;08220514116200715480;08;1;16;015;2022;05;18;7;2;6;4;0;0;0;1;1;0;0;0;523532,333011623006314;5394066,007088580168784;9,319811285000069;48,699186670000103
199101;08220510231000667900;08;2;37;019;2022;05;07;3;3;3;6;0;0;1;1;0;0;0;0;462025,863782430998981;5368996,007973910309374;8,486218284000071;48,472947445999999
199104;08220509222200762070;08;2;22;000;2022;05;15;2;3;2;2;0;0;1;1;0;0;0;0;460441,849000000976957;5481665,008999549783766;8,453824692000071;49,486335375000102
199107;08220508437000677910;08;4;37;044;2022;05;17;1;2;3;6;0;0;1;0;0;0;0;0;529619,501818623975851;5324751,395383819937706;9,397647910000050;48,075348220000102
199108;08220427311010572881;08;3;11;000;2022;04;15;4;3;3;6;0;0;1;1;0;0;0;0;412674,632212267024443;5316271,181874839589000;7,829480524000080;47,993774760000100
199109;08220512311010705950;08;3;11;000;2022;05;18;5;3;6;3;0;0;1;0;1;0;0;0;413654,261767596995924;5316918,484841659665108;7,842478555000070;47,999730520000099
199111;08220514128300760230;08;1;28;131;2022;05;17;7;3;6;4;0;0;0;1;1;0;0;0;537016,616550132050179;5512107,202149149961770;9,513958321000080;49,760301363000103
199112;08220430222600649651;08;2;22;000;2022;04;15;7;3;6;4;0;1;0;1;1;0;0;0;461635,143528091022745;5483790,211728350259364;8,470093292000060;49,505527029000099
199113;08220510216100696800;08;2;16;043;2022;05;20;3;3;0;7;1;0;1;0;0;0;0;0;442136,455848562996835;5410787,351676209829748;8,211297276000041;48,847357549000002
199115;08220517126200720650;08;1;26;066;2022;05;07;3;3;6;3;0;0;0;1;1;0;0;0;536894,470019262982532;5449739,762682359665632;9,506444032000051;49,199344328999999
199116;08220509311400696630;08;3;15;108;2022;05;13;2;3;6;3;0;0;0;1;1;0;0;0;404459,502394636976533;5304033,990539710037410;7,722106971000070;47,882526026999997
199117;08220429111310646571;08;1;11;000;2022;04;08;6;3;6;7;0;0;0;1;1;0;0;0;515296,333620164019521;5406428,024613609537482;9,208341959000050;48,810650975000001
199120;08220511417200685850;08;4;17;002;2022;05;09;4;3;0;1;0;0;1;0;0;0;0;0;491966,640776871005073;5343105,182988760061562;8,891802596000050;48,241113241999997
199122;08220517435100705230;08;4;35;016;2022;05;07;3;3;5;3;0;0;1;0;0;0;0;0;534838,918159335036762;5277660,154043849557638;9,463921530000050;47,651399534000099
199125;08220428317500575361;08;3;17;100;2022;04;18;5;3;4;6;0;0;1;1;0;0;0;0;424320,082216705020983;5365797,856177779845893;7,976709349000030;48,440772450000097
199126;08220513311010692560;08;3;11;000;2022;05;13;6;3;6;7;0;0;0;1;1;0;0;0;411015,644007185008377;5316746,656346919946373;7,807149605000060;47,997823044000000
199128;08220507311010687090;08;3;11;000;2022;05;22;7;3;0;7;2;0;1;0;0;0;0;0;414055,543629478022922;5316662,015468539670110;7,847908245000040;47,997477558000099
199129;08220425311010603121;08;3;11;000;2022;04;11;2;1;0;7;0;1;1;0;0;0;0;0;414462,904572441999335;5318286,488511839881539;7,853043861000060;48,012144935000002
199131;08220503212010670580;08;2;15;103;2022;05;07;3;3;5;3;0;0;1;1;0;0;0;0;465103,039294946007431;5441077,351763780228794;8,521725319000041;49,121542474000101
199133;08220515335100844970;08;3;35;043;2022;05;01;1;2;0;1;2;0;1;0;0;0;0;0;515569,149000002013054;5279033,391999489627779;9,207373417000040;47,664506090000003
199134;08220428212102607801;08;2;15;101;2022;04;11;5;3;6;7;0;0;1;0;1;0;0;0;466326,153548045025673;5426694,373097020201385;8,539684183000080;48,992232412000099
199135;08220512425000674570;08;4;25;033;2022;05;15;5;3;5;3;0;0;1;1;0;0;0;0;554195,333000001031905;5348314,448999510146677;9,730567986000040;48,285710231000103
199136;08220505118400660240;08;1;18;048;2022;05;07;5;3;6;4;0;0;0;1;1;0;0;0;516409,534440397983417;5418148,580511449836195;9,223974057000021;48,916057907999999
199137;08220506311010682140;08;3;11;000;2022;05;09;6;3;5;3;0;0;1;1;0;0;0;0;413260,353976752026938;5316920,393800290301442;7,837198700000040;47,999694365000003
199139;08220502212010604960;08;2;12;000;2022;05;17;2;2;3;6;0;0;1;0;0;0;0;0;463077,754302020999603;5428806,880876629613340;8,495088776000051;49,011049276999998
199140;08220510416200669780;08;4;16;009;2022;05;14;3;3;0;1;0;0;1;0;0;0;0;0;507280,293074076995254;5384191,067230530083179;9,098768357000040;48,610751667999999
199142;08220427222200750320;08;2;22;000;2022;04;10;4;3;5;3;0;0;1;0;0;0;0;0;460752,988000000012107;5482254,887999550439417;8,458061786000030;49,491661213999997
199143;08220512226500763350;08;2;26;085;2022;05;14;5;3;5;3;0;0;1;1;0;0;0;0;491072,753189794020727;5455739,395357400178909;8,877321313000040;49,254357780000099
199145;08220505416010664520;08;4;16;041;2022;05;12;5;3;4;6;0;1;1;1;0;0;0;0;503458,505106838012580;5375032,962834750302136;9,046843802000071;48,528395510999999
199146;08220517335100691770;08;3;35;043;2022;05;18;3;3;0;1;0;0;1;0;0;0;0;0;514380,340947245014831;5279328,170274450443685;9,191548876000070;47,667185931000098
199147;08220514127100715550;08;1;27;076;2022;05;13;7;3;0;7;0;0;1;0;0;0;0;0;552232,059308698051609;5441473,830033999867737;9,715893202000069;49,123880087000003
199148;08220502111230664840;08;1;11;000;2022;05;15;2;3;5;2;0;0;1;1;0;0;0;0;507923,423967904993333;5398819,350508539937437;9,107773742000060;48,742341471000003
199150;08220508118500665550;08;1;18;070;2022;05;14;1;3;5;3;0;0;1;1;0;0;0;0;519814,864999999001157;5424179,145999530330300;9,270746278000050;48,970206869000002
199151;08220517115300711020;08;1;15;028;2022;05;15;3;3;5;2;0;0;1;1;0;0;0;0;500881,932463163975626;5405241,911414859816432;9,012009753000029;48,800168440000000
199152;08220509215102666500;08;2;12;000;2022;05;08;2;3;0;7;0;0;1;0;0;0;0;0;454764,529195493028965;5433280,586702330037951;8,380912730000031;49,050737023000103
199153;08220428311010656051;08;3;36;081;2022;04;18;5;2;5;3;0;0;1;0;0;0;0;1;415194,848606294021010;5279609,485171319916844;7,870434657000030;47,664316573000100
199154;08220508127100701760;08;1;27;086;2022;05;17;1;3;6;7;0;0;0;0;1;1;0;0;553320,701908502960578;5444611,129271290265024;9,731227910000030;49,152005571000103
199155;08220426316100642141;08;3;16;037;2022;04;05;3;3;5;3;1;1;1;1;0;0;0;0;407065,057067334011663;5333790,516277439892292;7,750497286000040;48,150569390000001
199158;08220429311010763410;08;3;11;000;2022;04;11;6;3;4;2;0;0;1;1;0;0;0;0;412926,497999985993374;5316289,480999499559402;7,832852124000060;47,993973715000003
199160;08220428121400607961;08;1;25;038;2022;04;17;5;3;6;4;0;0;0;0;1;0;0;1;499847,347788880986627;5432744,507485349662602;8,997910958000030;49,047575138000099
199166;08220511222014672900;08;2;22;000;2022;05;06;4;2;3;6;0;0;1;1;0;0;0;0;464185,982844464015216;5480544,092587869614363;8,505618943000060;49,476485777999997
199167;08220503118300664880;08;1;18;046;2022;05;11;3;3;0;1;0;0;1;0;0;0;0;0;513819,261350038985256;5411240,256703659892082;9,188386016000040;48,853975606000098
199168;08220426128100643071;08;1;28;007;2022;04;16;3;3;5;3;0;0;1;1;0;0;0;0;555184,843130622990429;5483129,926594099961221;9,762118733000021;49,498291113000100
199169;08220511415400739800;08;4;15;061;2022;05;19;4;3;6;4;0;0;1;0;1;0;0;0;516051,381000000983477;5370533,215999520383775;9,217234433000041;48,487718581000102
199170;08220504111210695920;08;1;11;000;2022;05;20;4;3;0;7;1;0;1;0;0;0;0;0;510802,468142313009594;5397539,797665149904788;9,146900598000061;48,730787335999999
199171;08220517416200727230;08;4;16;041;2022;05;14;3;3;5;3;0;0;1;0;0;0;0;0;503376,954000001016539;5374389,528999519534409;9,045734019000070;48,522607393999998
199172;08220429317100586061;08;3;17;068;2022;04;18;6;2;0;1;0;0;1;0;0;0;0;0;437055,500928659981582;5387942,430445309728384;8,145540510000050;48,641372676000103
199173;08220516311010711360;08;3;36;050;2022;05;16;2;2;0;7;0;0;1;0;0;0;0;0;399609,165436666982714;5272292,342507120221853;7,664572385000040;47,596265292000098
199176;08220505222014661260;08;2;22;000;2022;05;16;5;2;5;5;0;0;1;1;0;0;0;0;461794,780306069005746;5488359,625685139559209;8,471855592000050;49,546636294000102
199177;08220507121300689050;08;1;21;000;2022;05;17;7;3;5;3;0;0;1;1;0;0;0;0;512482,341987757012248;5445155,378214149735868;9,171203767000071;49,159089669000103
199184;08220505212010660780;08;2;12;000;2022;05;09;5;3;2;6;0;1;1;0;0;0;0;1;456183,469028651015833;5429539,179066030308604;8,400735428000081;49,017185330000103
199185;08220506221011661480;08;2;26;054;2022;05;14;6;3;2;6;0;0;1;1;0;0;0;0;480109,646000001986977;5454691,896999539807439;8,726719044000051;49,244677207999999
199186;08220514335100712700;08;3;35;043;2022;05;21;7;3;4;6;1;0;1;0;0;0;0;0;513327,930109949025791;5278986,550743600353599;9,177520214000030;47,664134698000098
199187;08220502118200662790;08;1;18;080;2022;05;15;2;3;1;5;0;0;1;1;0;0;0;0;507164,892970459011849;5411324,560818900354207;9,097674455000060;48,854846521000098
199188;08220511115100706370;08;1;15;002;2022;05;15;4;3;5;3;0;0;1;1;0;0;0;0;499240,576947644993197;5386116,250873059965670;8,989693727000031;48,628112922000099
199191;08220427118010644201;08;1;18;050;2022;04;20;4;2;0;1;1;0;1;0;0;0;0;0;505529,315895691979676;5416633,395665110088885;9,075449483000060;48,902620464000101
199193;08220506119200671110;08;1;19;020;2022;05;13;6;3;0;7;0;0;1;0;0;0;0;0;519897,342298558971379;5408068,952025899663568;9,271088410000059;48,825282137999999
199194;08220517215402705350;08;2;15;021;2022;05;15;3;3;6;4;0;0;0;1;1;0;0;0;469739,813540826027747;5444888,312661220319569;8,584985878000049;49,156068449000003
199195;08220514116100688280;08;1;16;019;2022;05;01;7;3;0;1;2;0;1;0;0;0;0;0;521498,978483430983033;5400893,652308450080454;9,292533873000020;48,760681030000100
199196;08220430426100636151;08;4;26;066;2022;04;13;7;3;5;3;0;0;1;1;0;0;0;0;583945,037698011961766;5324856,131202599965036;10,126901075999999;48,071452507000103
199198;08220516117010739040;08;1;17;049;2022;05;10;2;2;0;2;0;0;1;0;0;0;0;0;555943,550208437955007;5392126,155765259638429;9,759997806000060;48,679672551000102
199201;08220507421200676420;08;4;21;000;2022;05;18;7;3;2;7;0;0;1;1;0;0;0;0;570652,652493468020111;5360585,414403139613569;9,954447523000059;48,394469405000102
199203;08220512118400725400;08;1;18;048;2022;05;18;5;3;0;1;0;1;1;0;0;0;0;0;514410,030727008997928;5415131,710503210313618;9,196576507000030;48,888968770000098
199205;08220430128200589071;08;1;28;115;2022;04;13;7;3;5;3;0;0;1;1;0;0;0;0;547735,753000000957400;5496998,702999549917877;9,660933921000041;49,623660778999998
199209;08220504436200665240;08;4;36;064;2022;05;07;4;3;0;1;0;0;1;0;0;0;0;0;545048,647102402057499;5288227,185091700404882;9,600960924000050;47,745842621000101
199210;08220506317600684510;08;3;17;040;2022;05;22;6;3;9;1;2;0;1;0;0;0;0;0;432476,858414446993265;5346873,404684890061617;8,090020979000030;48,271465601999999
199211;08220515118300699100;08;1;18;051;2022;05;20;1;3;0;7;0;0;1;0;0;0;0;0;509461,032811902987305;5415474,514507040381432;9,129072204000069;48,892147876000102
199212;08220502311300599510;08;3;11;000;2022;05;07;2;3;3;2;0;0;1;1;0;0;0;0;412611,621374887996353;5314400,482053199782968;7,829016827000030;47,976938592000103
199215;08220509317200695060;08;3;17;057;2022;05;07;2;3;6;6;0;0;0;0;1;0;0;1;412696,072592614975292;5380922,385843570344150;7,816406050000070;48,575304885000001
199216;08220429222301650851;08;2;22;000;2022;04;13;6;3;1;2;0;0;1;1;0;0;0;0;465640,299625493993517;5482109,883698159828782;8,525557708000060;49,490653422000001
199217;08220427311400651391;08;3;15;006;2022;04;18;4;3;6;4;0;0;0;1;1;0;0;0;402750,173074860998895;5307748,519681500270963;7,698412698000030;47,915681610999997
199220;08220505421200858370;08;4;21;000;2022;05;13;5;3;6;2;0;0;0;1;1;0;0;0;573581,008899871027097;5361037,568947330117226;9,994079894000039;48,398201692999997
199223;08220511118400672600;08;1;18;048;2022;05;14;4;3;6;7;0;0;1;0;1;0;0;0;513688,195932758972049;5418021,404244270175695;9,186826415000040;48,914980018000101
199226;08220509221011866150;08;2;21;000;2022;05;07;2;3;5;5;0;0;1;1;0;0;0;0;477200,631948166992515;5472113,804206429980695;8,685755975000060;49,401285385999998
199227;08220426416200654621;08;4;16;023;2022;04;13;3;3;6;7;0;1;0;1;1;0;0;0;507570,642285062000155;5371394,518902310170233;9,102474645000029;48,495626594999997
199228;08220511415100718780;08;4;15;014;2022;05;08;4;3;6;7;0;0;1;0;1;0;0;0;524896,117372923996300;5375303,969190110452473;9,337219235000020;48,530349231999999
199229;08220429119300577791;08;1;19;084;2022;04;12;6;3;0;1;0;0;1;0;0;0;0;0;547133,063000001944602;5416615,548999530263245;9,643124459000029;48,900691356000003
199230;08220427121500572941;08;1;25;065;2022;04;17;4;3;5;7;0;0;1;1;0;0;0;0;516465,808910615975037;5449006,845814250409603;9,225996993000020;49,193640733999999
199231;08220513118500725820;08;1;18;078;2022;05;11;6;3;3;6;0;0;1;0;0;0;0;1;513914,447874524979852;5420072,290860559791327;9,189984417000060;48,933424106000103
199233;08220506416010682230;08;4;15;061;2022;05;08;6;3;6;4;0;0;0;1;1;0;0;0;517063,960000002000015;5378992,322999520227313;9,231284503000040;48,563792460000101
199234;08220514335100680000;08;3;35;043;2022;05;12;7;3;0;7;0;0;1;0;0;0;0;0;512857,675276665017009;5280192,195778870023787;9,171292216000040;47,674992211000102
199235;08220502222014667530;08;2;22;000;2022;05;13;2;3;5;3;0;0;1;1;0;0;0;0;463452,489631737989839;5477945,316691500134766;8,495734075000030;49,453067267000101
199236;08220510335300669790;08;3;35;075;2022;05;14;3;3;0;7;0;0;1;0;0;0;0;0;488828,227793767990079;5291286,900346569716930;8,850882967000080;47,774849145000097
199237;08220509115100685250;08;1;15;003;2022;05;13;2;3;5;2;0;0;1;0;0;0;0;1;500382,320739281014539;5392562,497940169647336;9,005194501000060;48,686104700000001
199238;08220509211100674270;08;2;11;000;2022;05;05;2;2;9;1;1;0;1;0;0;0;0;0;440574,869999998016283;5404289,388999519869685;8,190955672000030;48,788760793000101
199239;08220426327200644121;08;3;27;049;2022;04;16;3;3;1;7;0;1;1;0;0;0;0;1;472843,332518248993438;5324675,084781439974904;8,635420272000029;48,074771323999997
199243;08220517231000727140;08;2;31;000;2022;05;16;3;3;6;4;0;0;1;0;1;0;0;0;477491,215176124009304;5415584,453996109776199;8,692919594000051;48,892800248000100
199244;08220514121200710510;08;1;21;000;2022;05;02;7;3;6;6;2;0;1;0;1;0;0;0;515542,812963299977127;5442287,750384449958801;9,213069291000069;49,133224561000098
199245;08220501221011669660;08;2;26;098;2022;05;16;1;3;6;7;0;0;0;1;1;0;0;0;481029,293794311990496;5461157,556167479604483;8,739047672000030;49,302865619999999
199246;08220510317500681200;08;3;17;096;2022;05;07;3;3;4;6;0;0;1;0;0;0;0;0;422102,667915433994494;5369431,890499300323427;7,946055773000070;48,473189906000101
199247;08220516121500751600;08;1;25;005;2022;05;16;2;3;5;3;0;0;1;1;0;0;0;0;514542,270474769989960;5453306,375344900414348;9,199751938000080;49,232364625000102
199248;08220428316100639851;08;3;16;002;2022;04;17;5;2;5;3;0;0;1;1;0;0;0;0;406640,717999978980515;5330138,137999500147998;7,745594065000030;48,117654765000097
199251;08220425327100640061;08;3;27;050;2022;04;08;2;3;5;3;0;0;1;1;0;0;0;0;487240,174016710021533;5314665,547027950175107;8,828995439000041;47,985165195999997
199252;08220512115300674510;08;1;15;041;2022;05;13;5;3;5;3;0;0;1;1;0;0;0;0;495134,237037518003490;5402085,163259649649262;8,933777661000020;48,771752085999999
199254;08220429335100648571;08;3;35;043;2022;04;12;6;3;0;7;0;0;1;0;0;0;0;0;511064,024117137014400;5282131,758673289790750;9,147446136000040;47,692476913000100
199257;08220513118400694570;08;1;18;048;2022;05;07;6;3;0;7;0;0;1;0;0;0;0;0;514614,035173274984118;5415614,412166410125792;9,199376711000070;48,893306248000002
199258;08220504416200610790;08;4;16;041;2022;05;06;4;3;0;1;0;1;1;0;0;0;0;0;503565,149577511998359;5371877,203492180444300;9,048261279000030;48,500004517999997
199260;08220515126100712800;08;1;26;046;2022;05;11;1;3;9;1;0;0;1;0;0;0;0;0;549705,185000000987202;5459120,706999540328979;9,683446535000030;49,282817278000003
199261;08220502115400661470;08;1;15;045;2022;05;07;2;3;5;3;0;0;1;0;0;0;0;0;500895,957663793989923;5395261,390620529651642;9,012179020000080;48,710383654000097
199263;08220503212010658540;08;2;12;000;2022;05;16;3;3;6;4;0;0;0;1;1;0;0;0;452483,275960761995520;5427694,667397649958730;8,350348253000050;49,000320003000098