OBJECTID;UIDENTSTLAE;ULAND;UREGBEZ;UKREIS;UGEMEINDE;UJAHR;UMONAT;USTUNDE;UWOCHENTAG;UKATEGORIE;UART;UTYP1;ULICHTVERH;IstStrassenzustand;IstRad;IstPKW;IstFuss;IstKrad;IstGkfz;IstSonstige;LINREFX;LINREFY;XGCSWGS84;YGCSWGS84
199264;08220427121200656341;08;1;21;000;2022;04;19;4;2;5;3;0;0;1;1;0;0;0;0;516667,282899287994951;5443348,261858340352774;9,228527863000069;49,142734736000101
199265;08220512222500700180;08;2;22;000;2022;05;09;5;3;5;5;0;0;1;1;0;0;0;0;463302,380973618011922;5478358,928859979845583;8,493624703000020;49,456778476000103
199269;08220510222301681590;08;2;22;000;2022;05;14;3;3;0;7;0;0;1;0;0;0;0;0;467494,581000000005588;5484383,679999549873173;8,550973862000030;49,511207382000102
199270;08220508116500666270;08;1;16;049;2022;05;19;1;3;8;1;0;0;1;1;0;0;0;0;528122,503427693038248;5386378,167488190345466;9,381669139000049;48,629837260999999
199272;08220509119200718770;08;1;19;020;2022;05;14;2;3;6;4;0;0;0;1;1;0;0;0;519886,701999999990221;5405520,594999520108104;9,270819940000020;48,802357949000097
199274;08220426128100641851;08;1;28;007;2022;04;09;3;3;6;1;0;1;0;1;1;0;0;0;556851,262327537056990;5483140,639237119816244;9,785131767000051;49,498233573999997
199275;08220511421300671690;08;4;21;000;2022;05;20;4;3;6;2;0;0;0;0;1;0;0;1;572127,711324532050639;5360394,837264150381088;9,974338410000030;48,392588100000097
199276;08220504115100683050;08;1;15;003;2022;05;17;4;2;6;4;0;0;0;1;1;0;0;0;500592,892089062021114;5391663,685064090415835;9,008054195000060;48,678018711000000
199277;08220517216100699970;08;2;16;043;2022;05;09;3;3;1;6;0;0;1;1;0;0;0;0;441889,240443576010875;5412479,853254330344498;8,207687745000040;48,862558473000000
199279;08220516221011739140;08;2;21;000;2022;05;07;2;3;5;3;0;0;1;1;0;0;0;0;476782,928795825981069;5472425,008800280280411;8,679980669000029;49,404068834000000
199280;08220428311010655421;08;3;11;000;2022;04;16;5;3;0;7;0;0;1;0;0;0;0;0;413328,437446465017274;5317046,315415849909186;7,838085770000020;48,000836307000000
199281;08220513416100678160;08;4;16;036;2022;05;08;6;3;3;2;0;1;1;1;0;0;0;0;495319,316972203028854;5369684,979602740146220;8,936662367000050;48,480275049000099
199284;08220511212502672830;08;2;12;000;2022;05;15;4;3;0;7;0;0;1;0;0;0;0;0;453866,434752932982519;5430825,416494790464640;8,368901776000030;49,028586163000099
199285;08220503212302658110;08;2;12;000;2022;05;08;3;3;0;7;0;0;1;0;0;0;0;0;456000,950178553990554;5428580,728215049952269;8,398343225000080;49,008550979000098
199287;08220608221200787640;08;2;21;000;2022;06;20;4;3;0;7;0;1;1;0;0;0;0;0;477122,022756455000490;5472468,066246139816940;8,684652115000061;49,404468970000003
199288;08220524212010736390;08;2;12;000;2022;05;07;3;3;4;6;0;0;1;0;0;0;0;0;455999,054000000003725;5429209,593999530188739;8,398249126000049;49,014207556000002
199292;08220530121200865940;08;1;21;000;2022;05;11;2;3;6;6;0;0;1;0;1;0;0;0;516046,793000000005122;5445638,468999540433288;9,220111545000069;49,163352384000099
199294;08220527221011752380;08;2;21;000;2022;05;23;6;3;6;7;2;0;0;1;1;0;0;0;477528,499000001000240;5473450,976999550126493;8,690199230000079;49,413325244000099
199295;08220603119400785430;08;1;19;079;2022;06;11;6;3;6;7;0;0;1;0;1;0;0;0;523106,835468766978011;5408594,558225270360708;9,314844655000060;48,829899244000003
199298;08220531337010736860;08;3;37;096;2022;05;12;3;2;5;3;0;0;1;0;0;0;0;0;419603,572439671028405;5267930,433903260156512;7,931288937000030;47,559812216000097
199299;08220525235100747290;08;2;35;067;2022;05;17;4;3;6;7;0;0;0;1;1;0;0;0;486092,565000000002328;5399822,591999519616365;8,810798733000070;48,751261730000103
199301;08220603211000805180;08;2;16;015;2022;06;12;6;2;5;3;0;0;1;1;0;0;0;0;450886,218735032016411;5405144,409225329756737;8,331226426000059;48,797351838000097
199302;08220520435100732240;08;4;35;057;2022;05;19;6;3;8;1;0;0;1;0;0;0;0;0;544099,423357450054027;5279673,150531480088830;9,587433298000059;47,668946091000102
199304;08220525311010732830;08;3;11;000;2022;05;16;4;3;0;1;0;0;1;0;0;0;0;0;414823,900448795000557;5320002,605252260342240;7,857542348000040;48,027630254000002
199305;08220602231000868470;08;2;31;000;2022;06;15;5;2;0;1;0;0;1;0;0;0;0;0;477717,100963731994852;5416042,436631510034204;8,695976257000041;48,896928267000099
199306;08220519118000736100;08;1;18;048;2022;05;07;5;2;0;7;0;0;1;0;0;0;0;0;516599,197079757985193;5417243,356454700231552;9,226525928000060;48,907909742000101
199307;08220606215402771420;08;2;15;021;2022;06;02;2;3;0;7;2;0;1;0;0;0;0;0;469716,011835201003123;5445481,784996059723198;8,584614809000071;49,161405637000001
199308;08220530416200756950;08;4;16;041;2022;05;13;2;3;1;7;0;0;1;1;0;0;0;0;505793,145648412988521;5375266,853518229909241;9,078468620000020;48,530482463000098
199310;08220527335100743750;08;3;35;043;2022;05;16;6;3;0;1;0;0;1;0;0;0;0;0;513380,033025986980647;5278333,428227200172842;9,178194192000030;47,658257036000101
199315;08220605311400771580;08;3;15;006;2022;06;12;1;3;1;6;0;0;1;0;0;0;0;0;402514,944028702971991;5310125,292604239657521;7,694727374000020;47,937024881000099
199317;08220530416010758050;08;4;16;015;2022;05;18;2;2;0;1;0;0;1;0;0;0;0;0;508275,526727313001174;5364665,956135920248926;9,111882668000019;48,435084605999997
199318;08220518222600729560;08;2;22;000;2022;05;12;4;3;5;3;0;0;1;1;0;0;0;0;462516,224551594990771;5484226,012461749836802;8,482221145000040;49,509501918000097
199319;08220527311010759190;08;3;11;000;2022;05;17;6;3;0;1;0;0;1;0;0;0;0;0;413868,529999985999893;5316356,256999500095844;7,845463209000060;47,994701982000002
199320;08220526436400748570;08;4;36;082;2022;05;21;5;3;0;7;2;0;1;0;0;0;0;0;548179,567333481973037;5295730,327314889989793;9,643558180000070;47,813121848000002
199321;08220520116500729020;08;1;16;049;2022;05;07;6;2;4;6;0;0;1;0;0;0;0;0;526151,015872459043749;5385079,559978290461004;9,354831428000070;48,618240499000102
199322;08220608311010775510;08;3;36;050;2022;06;16;4;3;5;2;0;1;1;1;0;0;0;0;399430,141713656019419;5272891,975088120438159;7,662054098000060;47,601631458999996
199325;08220604136100778080;08;1;36;082;2022;06;11;7;3;0;7;0;0;1;0;0;0;0;0;586776,888501337962225;5415278,337268370203674;10,183682071000000;48,884379987000003
199326;08220526336100751490;08;3;36;050;2022;05;00;5;2;8;1;2;0;1;1;0;0;0;0;399853,817849964019842;5274792,262679959647357;7,667254683000070;47,618790832999998
199330;08220603327200790020;08;3;27;049;2022;06;19;6;3;6;2;0;0;0;1;1;0;0;0;472617,943390530999750;5324549,763541639782488;8,632402507000050;48,073634183000102
199331;08220521121500703790;08;1;25;065;2022;05;21;7;3;8;7;2;0;1;0;0;0;0;0;518204,639201489975676;5451130,292511019855738;9,249958864000060;49,212692425000100
199332;08220518116010712320;08;1;16;035;2022;05;15;4;3;5;3;0;0;1;0;0;0;0;0;527109,397395418025553;5392195,625252109952271;9,368300922000060;48,682215677999999
199334;08220602436200767890;08;4;36;039;2022;06;06;5;3;0;6;0;0;1;1;0;0;0;0;549050,763074976042844;5289939,623871410265565;9,654539946000060;47,760957445000003
199335;08220519416200743150;08;4;16;041;2022;05;10;5;3;4;7;0;0;1;0;0;0;0;0;504639,255107443023007;5374932,222893089987338;9,062835367000050;48,527481600999998
199338;08220528231000728950;08;2;31;000;2022;05;17;7;3;6;4;0;0;0;1;1;0;0;0;478582,658448371978011;5415330,548457509838045;8,707822919000019;48,890554887000100
199339;08220603222014769150;08;2;26;037;2022;06;13;6;2;4;6;0;0;1;1;0;0;0;0;465829,102170191006735;5466432,379740799777210;8,529514690000040;49,349650355999998
199341;08220522415100724390;08;4;15;014;2022;05;12;1;2;0;7;0;0;1;0;0;0;0;0;524927,938739215955138;5375515,165927040390670;9,337662882000069;48,532247935999997
199342;08220525116200747090;08;1;16;047;2022;05;18;4;3;5;4;0;0;0;0;1;1;0;0;520169,977210263023153;5392714,111052569933236;9,274050466000061;48,687142798000103
199343;08220602222500799090;08;2;22;000;2022;06;13;5;3;5;3;0;0;1;1;0;0;0;0;462927,618776858027559;5478159,030798809602857;8,488472443000029;49,454957729000100
199344;08220519115100715700;08;1;15;003;2022;05;16;5;3;5;3;0;0;1;1;0;0;0;0;501019,388027716020588;5391594,149837589822710;9,013847795000061;48,677392613000102
199345;08220606435100772930;08;4;35;030;2022;06;14;2;3;3;2;0;0;1;1;0;0;0;0;539793,150439291959628;5272913,391951140016317;9,529458754000069;47,608405370000099
199347;08220601231000868450;08;2;31;000;2022;06;16;4;3;6;2;0;0;0;0;1;0;0;1;477292,648990439018235;5415697,447854179888964;8,690204378000031;48,893809457000003
199348;08220528121300752160;08;1;21;000;2022;05;11;7;3;6;6;0;0;0;1;1;0;0;0;513282,688681981991976;5444392,800840290263295;9,182155852000051;49,152213238999998
199352;08220525311010752090;08;3;15;107;2022;05;13;4;2;6;7;0;0;0;1;1;0;0;0;411135,709284114011098;5309266,287730510346591;7,810305073000050;47,930551592000000
199354;08220603212102769420;08;2;12;000;2022;06;21;6;3;0;7;1;0;1;0;0;0;0;0;457542,952118646993767;5428559,050391780212522;8,419430155000040;49,008464001000000
199355;08220520415100862670;08;4;15;078;2022;05;17;6;3;3;2;0;0;1;0;0;0;0;0;533203,339229795034043;5368554,881255909800529;9,449201066000059;48,469249026000099
199356;08220523111500752790;08;1;11;000;2022;05;16;2;3;5;3;0;0;1;1;0;0;0;0;512404,442916297004558;5401395,921219890005887;9,168801589000051;48,765447086000101
199358;08220602311010767300;08;3;11;000;2022;06;09;5;3;5;3;0;0;1;1;0;0;0;0;412372,524184764013626;5315692,635405500419438;7,825550017000070;47,988529225000001
199359;08220519226500709190;08;2;26;085;2022;05;09;5;3;5;3;0;0;1;1;0;0;0;0;491478,440074087993708;5454869,694606459699571;8,882914773000040;49,246540428000102
199363;08220528116010749530;08;1;16;049;2022;05;16;7;3;0;1;0;0;1;0;0;0;0;0;525368,584477317985147;5386494,718578870408237;9,344301754000069;48,631003545000098
199364;08220520317300724240;08;3;17;065;2022;05;11;6;2;0;1;0;0;1;0;0;0;0;0;415917,002047799993306;5351760,811134870164096;7,865918954000050;48,313445373999997
199365;08220521335100171390;08;3;35;043;2022;05;15;7;2;5;3;0;0;1;0;0;0;0;0;511051,765812076977454;5281518,585813709534705;9,147267243000041;47,686960011000103
199366;08220525211000746020;08;2;11;000;2022;05;08;4;2;6;4;0;0;0;1;1;0;0;0;444200,927303012984339;5401197,338051550090313;8,240737568000039;48,761283173000002
199367;08220604417100770130;08;4;17;044;2022;06;17;7;3;0;1;0;0;1;0;0;0;0;0;496427,098017662996426;5336532,935602449811995;8,951933656000049;48,182024546000001
199369;08220524119300746660;08;1;19;067;2022;05;07;3;3;5;3;0;0;1;0;0;0;0;1;538695,503506573033519;5406203,466347670182586;9,527016671000069;48,807614405999999
199370;08220605221011779390;08;2;21;000;2022;06;00;1;3;0;7;2;0;0;1;1;0;0;0;477099,917201603006106;5472822,220131689682603;8,684326996000040;49,407653697999997
199371;08220526111320765970;08;1;11;000;2022;05;01;5;2;0;7;2;0;1;0;0;0;0;0;515369,243707382993307;5408165,201812219806015;9,209400099000050;48,826276546000003
199372;08220530212502738910;08;2;12;000;2022;05;17;2;3;0;7;0;0;1;0;0;0;0;0;453872,036615100980271;5427598,587272220291197;8,369345169000040;48,999561096000001
199373;08220519111500723400;08;1;11;000;2022;05;17;5;3;1;5;0;0;1;1;0;0;0;0;508087,006382104009390;5406390,508704789914191;9,110147679000020;48,810449133000098
199374;08220526436500751350;08;4;36;049;2022;05;18;5;2;5;3;0;0;1;1;0;0;0;0;577430,981308648013510;5282306,153941529802978;10,031840256000100;47,689501307000100
199375;08220520115300755990;08;1;15;041;2022;05;16;6;3;0;7;0;0;1;0;0;0;0;0;495866,762441819009837;5401965,256183300167322;8,943748427000060;48,770678702000097
199376;08220608136200790140;08;1;36;075;2022;06;16;4;2;0;1;0;0;1;0;0;0;0;0;600243,215123796951957;5422538,079126359894872;10,369102054000100;48,947636645000003
199377;08220524237100057530;08;2;37;028;2022;05;13;3;3;5;3;0;0;1;1;0;0;0;0;456358,915718572970945;5368538,866089830175042;8,409597396000040;48,468467226000001
199379;08220604212102778120;08;2;12;000;2022;06;09;7;3;5;3;0;1;1;1;0;0;0;0;459178,208192483987659;5429148,237125099636614;8,441730726000060;49,013874176999998
199380;08220526327100858250;08;3;27;057;2022;05;22;5;3;0;1;2;0;1;0;0;0;0;0;493453,597000000008848;5309212,525999500416219;8,912349336000030;47,936196847000097
199383;08220530136100757540;08;1;36;088;2022;05;07;2;3;5;3;0;0;1;0;0;0;0;1;580563,798600457957946;5411091,350519269704819;10,098124817000000;48,847560242000000
199384;08220603335200769000;08;3;35;063;2022;06;18;6;3;5;3;0;0;1;0;0;0;0;0;498373,074310817988589;5287212,511033009737730;8,978299558000060;47,738284348999997
199386;08220518212010696940;08;2;12;000;2022;05;16;4;2;5;2;0;0;1;1;0;0;0;0;455430,151963981974404;5427605,006778029724956;8,390645508000031;48,999733305000099
199387;08220602212402767710;08;2;12;000;2022;06;08;5;3;0;7;0;0;1;0;0;0;0;0;455753,661670011002570;5426939,028697639703751;8,395140780000080;48,993766026000102
199389;08220519311010746100;08;3;11;000;2022;05;16;5;2;0;7;0;0;1;0;0;0;0;0;416146,450613435998093;5319596,357848970219493;7,875357509000030;48,024150910000102
199390;08220606311400775410;08;3;15;111;2022;06;11;2;3;6;7;0;0;0;1;1;0;0;0;403416,881001126021147;5299284,533178980462253;7,709226241000070;47,839648066999999
199391;08220531311010749940;08;3;11;000;2022;05;08;3;3;0;7;0;0;1;0;0;0;0;0;413273,115741876012180;5316943,998164369724691;7,837364972000050;47,999908425999998
199395;08220525119200748300;08;1;19;020;2022;05;21;4;3;5;3;1;0;1;1;0;0;0;0;520332,084663207991980;5406915,907024510204792;9,276954269000040;48,814895503000102
199396;08220602225200781770;08;2;25;109;2022;06;09;5;3;1;5;0;0;1;1;0;0;0;0;526566,217066170996986;5492149,739068229682744;9,367508260000021;49,581349115000101
199398;08220519115300697770;08;1;15;028;2022;05;08;5;3;5;2;0;0;1;1;0;0;0;0;500537,706953522982076;5404919,671777999959886;9,007321826000069;48,797269987000000
199400;08220526226700747650;08;2;26;076;2022;05;21;5;3;1;5;2;0;1;1;0;0;0;0;475576,728494670998771;5465563,660240110009909;8,663776161000040;49,342304636999998
199401;08220531222014743190;08;2;22;000;2022;05;13;3;3;6;7;0;0;1;0;1;0;0;0;462767,446368969976902;5483905,472520720213652;8,485721452000060;49,506634313000099
199402;08220601226700784000;08;2;26;041;2022;06;17;4;3;6;2;0;0;0;1;1;0;0;0;476831,273150864988565;5465841,027264580130577;8,681030480000061;49,344848483000099
199403;08220527317100744840;08;3;17;089;2022;05;15;6;3;1;5;0;0;1;1;0;0;0;0;431791,653818694991060;5375897,389591219834983;8,076071434000029;48,532474228000098
199405;08220521416200736020;08;4;16;041;2022;05;16;7;2;0;2;0;0;0;1;1;0;0;0;500347,997779977973551;5371601,060452479869127;9,004710602000049;48,497530244000103
199406;08220524336091979230;08;3;36;069;2022;05;07;3;3;5;3;0;0;1;0;0;0;0;1;407880,950130874000024;5268270,593916130252182;7,775422954000020;47,561314586999998
199407;08220604222500793280;08;2;22;000;2022;06;16;7;3;5;3;0;0;1;1;0;0;0;0;463274,844704591028858;5477986,158147189766169;8,493279325000060;49,453423906000097
199408;08220523311010740050;08;3;11;000;2022;05;08;2;3;0;7;0;0;1;0;0;0;0;0;414194,372588866972364;5316364,818799380213022;7,849828293000030;47,994822810000102
199409;08220608435100777020;08;4;35;024;2022;06;15;4;3;3;6;0;0;1;1;0;0;0;0;527832,472139928024262;5279703,469704380258918;9,370754800000039;47,670123650999997
199410;08220530335300757000;08;3;35;081;2022;05;18;2;3;0;1;0;0;1;0;0;0;0;0;490274,146245303971227;5296677,285348439589143;8,870061667000069;47,823372479000099
199411;08220518119300711220;08;1;19;055;2022;05;20;4;2;0;1;0;0;1;0;0;0;0;0;544693,817883640993387;5404407,575930479913950;9,608511278000041;48,791057176999999
199416;08220525311400718280;08;3;15;048;2022;05;10;4;3;0;7;0;0;1;0;0;0;0;0;397747,283862209005747;5310151,854926049709320;7,630903075000050;47,936520635000100
199417;08220529325069746710;08;3;25;061;2022;05;21;1;2;9;1;2;0;1;0;0;0;0;0;475455,980942261987366;5353499,906349790282547;8,668827042000030;48,334205982000100
199419;08220604226700770220;08;2;26;102;2022;06;10;7;3;6;7;0;0;0;0;1;0;0;1;483967,634508894989267;5453168,454226540401578;8,779785853000019;49,231086794000099
199420;08220523436400742010;08;4;36;082;2022;05;07;2;3;5;3;0;0;1;0;0;0;0;1;546615,630382491974160;5294165,613561259582639;9,622500967000059;47,799159389000103
199421;08220606126200774360;08;1;26;069;2022;06;17;2;2;0;7;0;0;1;0;0;0;0;0;537433,359383260016330;5447585,617951950058341;9,513640332000019;49,179935217999997
199424;08220518436200709760;08;4;36;064;2022;05;12;4;3;4;2;0;0;1;1;0;0;0;0;546261,364691904047504;5292736,968375190161169;9,617618094000020;47,786331439000001
199426;08220520212201700190;08;2;12;000;2022;05;12;6;3;3;2;0;0;1;1;0;0;0;0;457814,206000000005588;5428899,618999529629946;8,423103767000040;49,011546068000001
199428;08220601212010780800;08;2;12;000;2022;06;22;4;2;6;7;2;0;0;0;1;0;0;1;454302,398065873014275;5429373,034278729930520;8,375028908000051;49,015554379000001
199429;08220604115100792820;08;1;15;002;2022;06;19;7;3;6;4;0;0;0;1;1;0;0;0;499872,978396883001551;5386116,196176109835505;8,998276166000039;48,628112878000103
199430;08220523222014755260;08;2;22;000;2022;05;09;2;3;6;7;0;0;0;0;1;0;0;1;463837,865828658977989;5478133,446687709540129;8,501033930000061;49,454782475000101
199431;08220609221200779240;08;2;21;000;2022;06;15;5;3;1;5;0;0;1;1;0;0;0;0;477169,067782610014547;5472852,989327309653163;8,685278439000060;49,407933060000097
199432;08220529311010747440;08;3;11;000;2022;05;16;1;2;0;7;0;0;1;0;0;0;0;0;413535,170422999013681;5316403,512195560149848;7,840986163000030;47,995082065000098
199434;08220521222400732620;08;2;26;038;2022;05;11;7;3;5;3;0;0;1;1;0;0;0;0;472012,700779784005135;5479486,553487679921091;8,613731770000070;49,467384853000098
199435;08220518136100714410;08;1;36;088;2022;05;14;4;3;2;6;0;0;1;1;0;0;0;0;579302,927698048995808;5409354,044557349756360;10,080605518000000;48,832096849000003
199436;08220602116400786920;08;1;16;033;2022;06;16;5;2;2;6;0;0;1;0;0;0;0;0;533690,712760820984840;5388751,741243530064821;9,457429727000029;48,650914473999997
199437;08220602436200775660;08;4;36;064;2022;06;17;5;3;0;1;0;0;1;1;0;0;0;0;545768,121083008009009;5292066,979256680235267;9,610962734000051;47,780338778000001
199438;08220519336400721800;08;3;36;024;2022;05;18;5;3;5;3;0;0;1;1;0;0;0;0;394834,121999960974790;5278273,269999479874969;7,599636188000030;47,649307337000003
199440;08220601118400784780;08;1;18;048;2022;06;16;4;3;6;3;0;0;1;0;1;0;0;0;513416,857000001007691;5415672,076999530196190;9,183045804000070;48,893852066000100
199443;08220521117200719870;08;1;17;024;2022;05;09;7;3;6;4;0;0;0;1;1;0;0;0;560317,844000002951361;5386290,428999519906938;9,818566588000071;48,626771452000099
199447;08220606117100804390;08;1;17;019;2022;06;20;2;3;5;3;0;0;1;1;0;0;0;0;551443,695889255963266;5394479,936625749804080;9,699164956000059;48,701232873000002
199451;08220528115100751670;08;1;15;003;2022;05;22;7;3;0;7;2;0;1;0;0;0;0;0;500545,166918812028598;5391800,396777969785035;9,007406048000060;48,679248630000103
199452;08220521335100762010;08;3;35;043;2022;05;22;7;2;9;1;2;0;1;0;0;0;0;0;512108,067037458997220;5279901,109510149806738;9,161297774000049;47,672387587000102
199453;08220608221011774960;08;2;21;000;2022;06;07;4;3;0;7;0;0;1;0;0;0;0;0;477118,892999999981839;5472526,090999539941549;8,684605632000061;49,404990775999998
199454;08220524212302728820;08;2;12;000;2022;05;14;3;3;0;7;0;0;1;0;0;0;0;0;456758,936468617001083;5430251,176327469758689;8,408529581000041;49,023630425000100
199458;08220529436300751150;08;4;36;049;2022;05;18;1;3;1;5;0;0;1;1;0;0;0;0;578230,732255002018064;5283079,461985950358212;10,042634549000100;47,696361802000098
199462;08220607311010854930;08;3;11;000;2022;06;13;3;3;6;4;0;0;1;0;1;0;0;0;414501,348443759023212;5316346,765674020163715;7,853945858000030;47,994701536999997
199463;08220531316100741610;08;3;16;011;2022;05;13;3;3;4;7;0;0;1;0;0;0;0;0;414316,381999986013398;5330206,662999499589205;7,848690470000070;48,119350478000101
199464;08220525326300962750;08;3;26;052;2022;05;10;4;3;6;2;0;0;0;1;1;0;0;0;450218,963404680020176;5330402,449844660237432;8,331035288000070;48,124932048000097
199466;08220603311400787900;08;3;15;006;2022;06;20;6;3;2;6;0;0;1;0;0;0;0;0;402985,990673556982074;5308601,107944830320776;7,701376090000050;47,923386366999999
199467;08220520435100699340;08;4;35;016;2022;05;07;6;3;3;1;0;0;1;0;0;0;0;0;532869,626929639023729;5279049,616592139936984;9,437803391000051;47,664004208999998
199469;08220525311400749780;08;3;15;006;2022;05;16;4;3;0;7;0;0;1;0;0;0;0;0;403359,527695761993527;5308063,497242419980466;7,706495488000030;47,918606977000103
199471;08220519118100727540;08;1;18;079;2022;05;08;5;3;6;4;0;0;0;0;1;0;0;1;509708,880730418022722;5421556,485602189786732;9,132598206000070;48,946855741999997
199473;08220530416010759200;08;4;16;041;2022;05;19;2;3;5;3;0;0;1;1;0;0;0;0;505826,764877764973789;5375364,834063599817455;9,078925365000030;48,531363618000100
199474;08220601222400784800;08;2;26;036;2022;06;13;4;3;4;6;0;0;1;0;0;0;0;1;468300,161100001016166;5480974,826999549753964;8,562375182000039;49,480588843000099
199475;08220527426010744580;08;4;25;064;2022;05;15;6;2;5;3;0;0;1;0;0;0;0;1;569975,482611207989976;5347960,034310420043766;9,943203464000019;48,280974165000003
199476;08220520225100713660;08;2;25;058;2022;05;17;6;3;3;2;0;0;1;1;0;0;0;0;508567,583709710976109;5465300,897520530037582;9,117941234000060;49,340369893999998
199477;08220521337100736700;08;3;37;096;2022;05;10;7;3;6;7;0;0;0;1;1;0;0;0;420942,447783818002790;5267405,223401119932532;7,949178004000030;47,555251670000096
199478;08220604317300788410;08;3;17;073;2022;06;21;7;2;0;7;1;0;1;0;0;0;0;0;411268,734788426023442;5349133,411597410216928;7,803791010000050;48,289177383000002
199481;08220602116200773660;08;1;16;077;2022;06;15;5;2;0;1;0;0;1;0;0;0;0;0;518386,023494962020777;5388406,545223509892821;9,249620585000059;48,648446819000100
199483;08220526436100751480;08;4;36;055;2022;05;17;5;3;0;3;0;0;1;0;0;0;0;0;575697,067611717968248;5292883,931144869886339;10,010577848000001;47,784866566000098
199484;08220519335100745590;08;3;35;043;2022;05;15;5;3;0;1;0;0;1;0;0;0;0;0;513170,165924774017185;5278067,423888510093093;9,175391197000071;47,655867919999999
199485;08220607128100825990;08;1;28;007;2022;06;09;3;3;0;1;0;0;1;0;0;0;0;0;556072,783557191956788;5482608,165662120096385;9,774306239000049;49,493516957000097
199486;08220531116500764050;08;1;16;049;2022;05;17;3;3;5;3;0;0;1;1;0;0;0;0;525713,181101831956767;5387847,127713699825108;9,349062448000041;48,643155767000103
199489;08220522116500738440;08;1;16;035;2022;05;12;1;3;1;5;0;0;1;1;0;0;0;0;526794,875408501946367;5392205,022720670327544;9,364028612000030;48,682313798000102
199492;08220526416200759460;08;4;16;041;2022;05;04;5;2;0;1;2;0;1;0;0;0;0;0;504280,570545652997680;5374114,984697629697621;9,057968855000070;48,520131981000098
199493;08220519212402694290;08;2;12;000;2022;05;00;5;3;0;7;2;0;1;0;0;0;0;0;456413,276860000973102;5427778,450905360281467;8,404067309000030;49,001363658000102
199501;08220524415100743240;08;4;15;078;2022;05;07;3;3;2;6;0;0;1;1;0;0;0;0;528084,974999999976717;5371853,898999510332942;9,380179259000039;48,499177162000102
199503;08220523311010744980;08;3;11;000;2022;05;16;2;3;2;6;0;0;1;1;0;0;0;0;413411,419723570987117;5317236,672744450159371;7,839159569000060;48,002559880000000
199506;08220518117010765950;08;1;17;026;2022;05;17;4;2;6;4;0;0;0;0;1;0;0;1;550601,352758541004732;5392592,148309639655054;9,687486395000059;48,684320268000100
199507;08220527121200746810;08;1;21;000;2022;05;16;6;3;6;4;0;0;0;0;1;0;0;1;516001,347841872018762;5441826,647126190364361;9,219336789000071;49,129065007000101
199508;08220603117400785020;08;1;17;017;2022;06;19;6;2;5;3;0;0;1;1;0;0;0;0;546953,103305655997247;5387894,891058620065451;9,637390372000031;48,642350796000102
199509;08220519435100695820;08;4;35;057;2022;05;08;5;2;5;3;0;0;1;1;0;0;0;0;544644,968941326951608;5279190,263039819896221;9,594650572000029;47,664564008000099
199510;08220608111500776940;08;1;11;000;2022;06;18;4;3;5;3;0;1;1;1;0;0;0;0;512428,497267497004941;5399929,054796320386231;9,169084628000061;48,752250741000097
199511;08220531317010757160;08;3;17;096;2022;05;09;3;3;5;2;0;0;1;1;0;0;0;0;421636,306519703008235;5368809,490269710309803;7,939863701000040;48,467533526000103
199512;08220525311010719750;08;3;11;000;2022;05;13;4;3;0;7;0;0;1;0;0;0;0;0;412919,480898811016232;5316276,800340379588306;7,832760659000030;47,993858692000103
199514;08220603222200769900;08;2;22;000;2022;06;16;6;3;5;3;0;0;1;1;0;0;0;0;461702,447287099028472;5482141,518724709749222;8,471182684000039;49,490702190999997
199515;08220520435100712860;08;4;35;016;2022;05;15;6;3;3;7;0;0;1;1;0;0;0;0;536521,294795249006711;5277752,867441600188613;9,486331302000050;47,652140944000102
199516;08220523118000745150;08;1;18;048;2022;05;18;2;2;6;4;0;0;0;1;1;0;0;0;511476,299688142025843;5415604,103230159729719;9,156569038000040;48,893279575000101
199519;08220519115300713740;08;1;15;028;2022;05;16;5;3;3;6;0;0;1;1;0;0;0;0;500690,863349334977102;5405323,213901990093291;9,009407998000031;48,800900073000001
199522;08220601311010782710;08;3;11;000;2022;06;14;4;3;3;2;0;0;1;1;0;0;0;0;414024,708340273005888;5316132,439216310158372;7,847601075000060;47,992709676000104
199523;08220527336200741380;08;3;36;069;2022;05;07;6;3;4;2;0;0;1;1;0;0;0;0;409422,433080416987650;5269861,566852839663625;7,795581711000070;47,575843712999998
199525;08220525212010732880;08;2;12;000;2022;05;12;4;3;5;3;0;0;1;0;0;0;0;1;455694,545648328028619;5428530,311814219690859;8,394159100000021;49,008075556000101
199526;08220604311010788380;08;3;36;091;2022;06;16;7;3;5;3;0;0;1;1;0;0;0;0;395498,521384702005889;5274138,954198329709470;7,609467478000060;47,612226327000002
199527;08220518222400854500;08;2;26;038;2022;05;19;4;3;5;3;0;0;1;0;0;0;0;0;471096,313787917024456;5480083,843804580159485;8,601040895000040;49,472714351999997
199528;08220523337010742660;08;3;37;126;2022;05;11;2;2;6;3;0;1;0;1;1;0;0;0;440425,598629674990661;5274700,415235799737275;8,207124933000051;47,622966509000001
199529;08220605226500782070;08;2;26;085;2022;06;14;1;3;4;6;0;0;1;0;0;0;0;0;491249,266200544021558;5455277,908154910430312;8,879757041000060;49,250209159000100