OBJECTID;UIDENTSTLAE;ULAND;UREGBEZ;UKREIS;UGEMEINDE;UJAHR;UMONAT;USTUNDE;UWOCHENTAG;UKATEGORIE;UART;UTYP1;ULICHTVERH;IstStrassenzustand;IstRad;IstPKW;IstFuss;IstKrad;IstGkfz;IstSonstige;LINREFX;LINREFY;XGCSWGS84;YGCSWGS84
199530;08220526111500756770;08;1;11;000;2022;05;22;5;3;5;2;2;0;1;1;0;0;0;0;512080,510999999998603;5402677,754999520257115;9,164431141000019;48,776984755999997
199531;08220530416010752510;08;4;15;050;2022;05;16;2;2;5;3;0;0;1;1;0;0;0;0;520603,476999999023974;5377184,999999520368874;9,279169019000051;48,547427050000103
199533;08220527212000763170;08;2;12;000;2022;05;13;6;3;6;7;0;0;0;1;1;0;0;0;453489,817770525987726;5428930,253594240173697;8,363967323000050;49,011510826000098
199536;08220524435200743070;08;4;35;059;2022;05;17;3;3;1;1;0;0;1;1;0;0;0;0;512755,085464794014115;5290622,057025699876249;9,170230949000031;47,768837812000100
199538;08220604115300789070;08;1;15;041;2022;06;17;7;3;4;6;0;0;1;1;0;0;0;0;495101,536163626995403;5401304,903872280381620;8,933341898000039;48,764732636000097
199539;08220523226400709880;08;2;26;063;2022;05;07;2;3;9;1;0;1;1;0;0;0;0;0;470329,605296620982699;5471023,339716370217502;8,591136186000030;49,391180754000104
199540;08220609136100778200;08;1;36;088;2022;06;20;5;3;8;1;0;0;1;0;0;0;0;0;581786,179001303040422;5412206,280969309620559;10,115005883000000;48,857428202000101
199543;08220521212302703670;08;2;12;000;2022;05;20;7;3;0;1;0;0;1;0;0;0;0;0;455561,773662374005653;5428759,855974930338562;8,392318531000059;49,010130781000001
199544;08220517436400687790;08;4;36;012;2022;05;06;3;3;0;1;0;0;1;0;0;0;0;0;549258,801781974034384;5298390,286503920331597;9,658275591000059;47,836971431999999
199545;08220518221400726970;08;2;26;018;2022;05;22;4;3;0;7;2;0;1;1;0;0;0;0;473100,468824726005550;5472152,784498729743063;8,629241876000039;49,401468610999999
199546;08220524111500744520;08;1;11;000;2022;05;19;3;3;5;3;0;0;1;1;0;0;0;0;516172,304000000003725;5405407,529999519698322;9,220232721000061;48,801448574000098
199547;08220606117010773810;08;4;25;017;2022;06;15;2;1;5;3;0;0;1;1;0;0;0;0;556948,891000002971850;5366888,860999509692192;9,770198995000040;48,452560070000096
199549;08220530326100756970;08;3;26;006;2022;05;17;2;3;5;3;0;0;1;1;0;0;0;0;458749,373817750019953;5308750,428714299574494;8,447747074000061;47,930744864000097
199550;08220518415100714570;08;4;15;050;2022;05;07;4;3;5;3;0;0;1;0;0;0;0;1;521097,269000001018867;5376818,054999509826303;9,285841031000070;48,544109515999999
199551;08220527111500725630;08;1;11;000;2022;05;12;6;3;6;7;0;0;0;1;1;0;0;0;517956,932225422991905;5401994,702773580327630;9,244386258000080;48,770698230000100
199552;08220520127100721690;08;1;27;056;2022;05;17;6;3;0;1;0;0;1;0;0;0;0;0;556177,589534697006457;5435804,718113459646702;9,769177361000059;49,072540443999998
199553;08220608211100982380;08;2;16;049;2022;06;13;4;3;6;4;0;0;0;1;1;0;0;0;438366,658383024972863;5401192,097787310369313;8,161359452000060;48,760685713000001
199556;08220523212402743030;08;2;12;000;2022;05;18;2;2;0;7;0;0;1;0;0;0;0;0;456383,217557684984058;5425476,213570839725435;8,403903466000029;48,980652581000101
199557;08220609119300802950;08;1;19;067;2022;06;07;5;3;5;3;0;0;1;1;0;0;0;0;539683,613000000012107;5410598,961999519728124;9,540899093000061;48,847091714999998
199559;08220518211100693870;08;2;11;000;2022;05;21;4;3;5;3;2;0;1;1;0;0;0;0;444481,346126371005084;5400020,367365360260010;8,244711636000030;48,750721141000000
199562;08220519426100701380;08;4;26;021;2022;05;18;5;3;5;3;0;0;1;1;0;0;0;0;558103,520000000949949;5328583,447999499738216;9,780545530000040;48,107862652999998
199563;08220607226700076420;08;2;26;098;2022;06;14;3;3;8;7;0;0;1;0;0;0;0;0;476579,962757262983359;5460033,346102990210056;8,677911539000039;49,292598937000001
199564;08220531231000736650;08;2;31;000;2022;05;14;3;3;4;2;0;0;1;1;0;0;0;0;477875,406598642002791;5415204,188391069881618;8,698181513000071;48,889393345000002
199567;08220528316100730270;08;3;16;011;2022;05;14;7;3;5;3;0;0;1;1;0;0;0;0;414701,150621219014283;5329066,019219559617341;7,854087624000040;48,109141824000098
199568;08220603311100791600;08;3;15;059;2022;06;15;6;3;6;6;0;0;1;0;1;0;0;0;399762,167112678987905;5320810,685726709663868;7,655385179000060;48,032712394999997
199571;08220525216100732050;08;2;16;043;2022;05;10;4;3;1;5;0;0;1;1;0;0;0;0;441596,129726257000584;5413035,498214470222592;8,203612417000040;48,867528946000000
199572;08220602415400768300;08;4;15;061;2022;06;16;5;3;3;2;0;0;1;1;0;0;0;0;515647,462992098007817;5371448,060842989943922;9,211802245000060;48,495959035000098
199574;08220606212010779550;08;2;12;000;2022;06;16;2;2;0;2;0;0;1;1;0;0;0;0;461412,519044939021114;5427981,543125160038471;8,472396141000051;49,003523289999997
199575;08220531119400757940;08;1;19;079;2022;05;07;3;3;5;2;0;0;1;1;0;0;0;0;524230,048201276978943;5408982,008116220124066;9,330171751000019;48,833341828000101
199576;08220601226700784860;08;2;26;098;2022;06;14;4;3;5;2;0;0;1;1;0;0;0;0;476650,935965933022089;5459924,712163340300322;8,678893942000061;49,291624489000100
199578;08220520311010732920;08;3;11;000;2022;05;13;6;3;3;6;0;0;1;1;0;0;0;0;415301,299994290980976;5315901,096450690180063;7,864754448000040;47,990799021000001
199580;08220524221400763440;08;2;21;000;2022;05;17;3;3;2;6;0;0;1;1;0;0;0;0;476396,037258785974700;5469546,130240919999778;8,674818900000050;49,378158843999998
199581;08220604435100786040;08;4;35;030;2022;06;10;7;3;1;5;0;0;1;0;0;0;0;1;540244,288617581012659;5272414,404361880384386;9,535415184000041;47,603887912000097
199586;08220530336300733520;08;3;36;081;2022;05;09;2;3;6;7;0;0;0;1;1;0;0;0;411486,721723765018396;5278044,887855440378189;7,821371516000060;47,649744910000003
199587;08220518311010695150;08;3;11;000;2022;05;13;4;3;5;3;0;0;1;1;0;0;0;0;413150,420152146019973;5316714,807146430015564;7,835766894000070;47,997830120000103
199588;08220527226400740570;08;2;26;032;2022;05;18;6;3;6;7;0;0;0;1;1;0;0;0;467066,162931796978228;5463717,681438920088112;8,546770991000070;49,325300239999997
199589;08220520111500730800;08;1;11;000;2022;05;08;6;3;5;2;0;0;1;1;0;0;0;0;511309,193931820977014;5400759,939739059656858;9,153879850000070;48,759746690000000
199591;08220601212402766570;08;2;12;000;2022;06;09;4;3;2;2;0;0;1;1;0;0;0;0;456375,973919862008188;5428053,916896079666913;8,403527728000030;49,003838874000103
199592;08220604118400770750;08;1;18;048;2022;06;14;7;3;0;7;0;0;1;0;0;0;0;0;514788,094000000972301;5417125,511999529786408;9,201806067000060;48,906895545000097
199593;08220523212010736460;08;2;12;000;2022;05;07;2;3;2;2;0;0;1;1;0;0;0;0;461870,615832786017563;5426805,217067150399089;8,478769815000019;48,992970417000002
199597;08220521212502726930;08;2;12;000;2022;05;14;7;3;0;7;0;0;1;0;0;0;0;0;454268,944364431023132;5428626,658059500157833;8,374655511000070;49,008838200000099
199598;08220517436300712550;08;4;36;049;2022;05;10;3;3;6;4;0;0;0;1;1;0;0;0;577755,128675599000417;5283669,457802349701524;10,036402123000100;47,701726930000099
199600;08220602426010787050;08;4;26;128;2022;06;15;5;2;5;3;0;0;1;0;0;0;0;1;558947,427360219997354;5333431,202821929939091;9,792552000000059;48,151396093000102
199601;08220519416010727980;08;4;16;023;2022;05;07;5;2;5;3;0;0;1;1;0;0;0;0;507779,715997689985670;5369857,165606079623103;9,105275987000031;48,481793390000099
199602;08220606335100772100;08;3;35;066;2022;06;16;2;2;0;1;0;0;1;0;0;0;0;0;504730,719547727028839;5282076,978200900368392;9,063044035000081;47,692061428000002
199603;08220531335100736560;08;3;35;043;2022;05;12;3;3;0;1;0;0;1;0;0;0;0;0;511574,163381188001949;5281119,761645490303636;9,154217704000081;47,683362385000102
199605;08220529126200733740;08;1;26;058;2022;05;15;1;3;0;7;0;0;1;0;0;0;0;0;541839,539000001037493;5450301,953999539837241;9,574379338000030;49,204083578999999
199607;08220522317100711300;08;3;17;001;2022;05;15;1;3;6;4;0;0;0;1;1;0;0;0;431033,911515328974929;5382671,760804239660501;8,064685764000050;48,593327573000103
199608;08220602336200796570;08;3;36;069;2022;06;12;5;3;2;6;0;0;1;0;0;0;0;1;409268,049327549000736;5269447,392402599565685;7,793614912000070;47,572096285000001
199610;08220606121200782680;08;1;21;000;2022;06;13;2;2;6;4;0;0;0;1;1;0;0;0;515153,825178258004598;5444375,408922559581697;9,207815383000019;49,152013463999999
199611;08220531115400736690;08;1;15;029;2022;05;15;3;3;0;7;0;0;1;0;0;0;0;0;497480,792840471025556;5398685,632045079953969;8,965734747000059;48,741183839000001
199612;08220601335300782840;08;3;35;075;2022;06;13;4;3;3;3;0;0;1;1;0;0;0;0;487985,052000002004206;5291323,894999490119517;8,839627562000031;47,775166832000103
199613;08220602111500768150;08;1;11;000;2022;06;15;5;3;5;3;0;0;1;1;0;0;0;0;513387,320999999996275;5402516,770999520085752;9,182213159000071;48,775509808000002
199616;08220608111500796710;08;1;11;000;2022;06;08;4;3;4;7;0;0;1;1;0;0;0;0;513871,986134219972882;5403323,441829199902713;9,188837058000050;48,782755931000104
199621;08220522317100741230;08;3;17;089;2022;05;10;1;3;5;2;0;0;1;1;0;0;0;0;431692,326166443002876;5375666,551843569613993;8,074763990000060;48,530386996000097
199623;08220602336300767340;08;3;36;057;2022;06;08;5;3;0;7;0;0;1;0;0;0;0;0;407595,980560261989012;5277491,215654959902167;7,769692084000040;47,644220390999998
199624;08220519111500726330;08;1;11;000;2022;05;21;5;3;5;2;1;0;1;1;0;0;0;0;511877,003891156986356;5396039,089879910461605;9,161469713000031;48,717267393999997
199625;08220606415300774110;08;4;15;059;2022;06;17;2;3;1;1;0;0;1;1;0;0;0;0;516289,834000001021195;5367965,313999510370195;9,220361487000050;48,464610644000103
199626;08220531117300760750;08;1;17;026;2022;05;19;3;3;5;3;0;0;1;1;0;0;0;0;550066,199000000953674;5395871,892999519594014;9,680613805000061;48,713866215000102
199627;08220601311010797300;08;3;11;000;2022;06;16;4;2;0;7;0;0;0;0;1;0;0;1;414200,744722218019888;5316363,006350790150464;7,849914052000030;47,994807360999999
199629;08220522118000732760;08;1;18;048;2022;05;15;1;2;5;3;0;0;1;0;0;0;0;1;516350,085308209003415;5415320,108788180164993;9,223049382000060;48,890615398000101
199630;08220525111500718600;08;1;11;000;2022;05;09;4;3;6;4;0;0;0;1;1;0;0;0;514574,332299267989583;5409243,046937990002334;9,198608123000040;48,835991818000103
199631;08220604222200788920;08;2;22;000;2022;06;14;7;3;3;2;0;0;1;1;0;0;0;0;461567,058507197012659;5481772,804484649561346;8,469349152000060;49,487377242999997
199632;08220523416010735990;08;4;16;041;2022;05;16;2;3;4;6;0;0;1;1;0;0;0;0;503800,555746407015249;5372513,579742110334337;9,051453755000070;48,505728228000102
199633;08220605121500793090;08;1;25;065;2022;06;21;1;2;0;7;1;1;1;0;0;0;0;0;518310,027293846011162;5448668,755233320407569;9,251293665000050;49,190547230000000
199634;08220526311400749790;08;3;15;048;2022;05;09;5;3;0;7;0;0;1;0;0;0;0;0;398790,658999968029093;5310046,464999490417540;7,644893895000050;47,935738346999997
199635;08220530336400733140;08;3;36;091;2022;05;17;2;3;1;5;0;0;1;0;0;0;0;1;396169,337866783025675;5274389,268007179722190;7,618331588000050;47,614585781000102
199637;08220527118050739080;08;1;18;081;2022;05;15;6;3;0;6;0;0;1;0;0;0;1;0;519307,264055385021493;5415436,701916400343180;9,263396587000051;48,891579149999998
199638;08220520121200731810;08;1;21;000;2022;05;20;6;3;6;7;0;0;1;0;1;0;0;0;515557,932663586980198;5443059,906439100392163;9,213306361000040;49,140169985000099
199639;08220607416200796930;08;4;16;041;2022;06;18;3;3;0;1;0;1;1;0;0;0;0;0;504295,017922324012034;5374216,665579110383987;9,058165553000039;48,521046641000098
199640;08220601215102810160;08;2;12;000;2022;06;17;4;3;5;3;0;0;1;0;0;0;0;0;459380,300927993026562;5431359,928652520291507;8,444272878000049;49,033782024000097
199642;08220525222500732060;08;2;22;000;2022;05;19;4;3;5;5;0;0;1;1;0;0;0;0;462985,756515624991152;5478995,322836419567466;8,489196421000029;49,462483335999998
199643;08220530118400747680;08;1;18;048;2022;05;14;2;3;6;4;0;0;0;1;1;0;0;0;512056,021849275974091;5417234,985695810057223;9,164526193000031;48,907939553000098
199646;08220518119400709850;08;1;19;079;2022;05;08;4;3;0;3;0;0;1;1;0;0;0;0;522703,648734456975944;5408703,928716390393674;9,309357132000059;48,830897986000103
199647;08220601437100766250;08;4;37;100;2022;06;09;4;3;6;7;0;0;0;1;1;0;0;0;537454,520999999949709;5318290,437999499961734;9,502265432000060;48,016808343000001
199648;08220602311010811540;08;3;11;000;2022;06;11;5;3;5;3;0;0;1;1;0;0;0;0;414986,397542427992448;5320416,795428619720042;7,859639253000070;48,031377694000099
199649;08220519311010723590;08;3;15;047;2022;05;09;5;3;6;7;0;0;1;0;1;0;0;0;415321,998213128012139;5320900,288065619766712;7,864044437000080;48,035771476999997
199652;08220601325302778670;08;3;25;053;2022;06;22;4;3;2;4;2;1;0;1;1;1;0;0;457190,525528892991133;5342257,778080220334232;8,423520306000061;48,232095035000000
199653;08220528317000751060;08;3;17;005;2022;05;17;7;2;5;3;0;0;1;1;0;0;0;0;426141,962817689985968;5376139,316491739824414;7,999511330000080;48,534010797000100
199657;08220519116500754070;08;1;16;071;2022;05;12;5;3;6;4;0;0;0;1;1;0;0;0;527913,228010999038815;5391122,113913989625871;9,379148822000049;48,672523021000103
199659;08220525437200910140;08;4;37;104;2022;05;13;4;3;7;7;0;0;0;0;1;0;0;1;516441,803486866992898;5326513,298712870106101;9,220804335000031;48,091676073000002
199660;08220530225100760450;08;2;25;058;2022;05;18;2;2;9;1;0;0;1;0;0;0;0;0;508882,840630729973782;5465496,341347189620137;9,122285402000051;49,342123414000099
199661;08220528221011752520;08;2;21;000;2022;05;20;7;3;0;7;0;0;1;1;0;0;0;0;478586,545055661001243;5473024,698467680253088;8,704808644000019;49,409529091000103
199662;08220520212010723800;08;2;12;000;2022;05;08;6;2;5;2;0;0;1;1;0;0;0;0;456868,491376627003774;5428577,618386070244014;8,410205920000070;49,008584251000102
199663;08220608121200858520;08;1;21;000;2022;06;09;4;3;6;2;0;0;0;0;1;0;0;1;515187,784999999974389;5443290,115999540314078;9,208240179000031;49,142250060999999
199664;08220524317500730210;08;3;17;096;2022;05;07;3;3;6;7;0;1;1;0;1;0;0;0;422839,922472188016400;5369972,529708350077271;7,955929244000060;48,478143827000103
199665;08220604115300793460;08;1;15;028;2022;06;17;7;3;5;3;0;0;1;1;0;0;0;0;501207,285948318021838;5404105,105611950159073;9,016436927000029;48,789941259999999
199666;08220523317000738640;08;3;17;065;2022;05;14;2;3;5;7;0;0;1;0;0;0;0;1;414591,583544034976512;5354239,315904189832509;7,847543724000050;48,335561527000003
199669;08220518221011723080;08;2;21;000;2022;05;08;4;3;4;6;0;0;1;0;0;0;0;0;476541,795493123005144;5473584,650448770262301;8,676588478000040;49,414490369000099
199674;08220521416200762110;08;4;16;041;2022;05;02;7;3;4;6;2;0;1;0;0;0;0;1;504653,659898479992989;5373975,030685310252011;9,063019786000041;48,518870249000003
199675;08220608222400789860;08;2;26;038;2022;06;13;4;3;5;5;0;0;1;1;0;0;0;0;470707,966563861991744;5481257,458521650172770;8,595593742000061;49,483251985999999
199676;08220524437100742410;08;4;37;118;2022;05;18;3;3;6;2;0;0;0;0;1;0;0;1;512205,761729752004612;5310704,246311699971557;9,163466636000070;47,949535388000101
199677;08220604222700788980;08;2;22;000;2022;06;14;7;3;1;5;0;0;1;1;0;0;0;0;462587,789575239992701;5480653,478582479991019;8,483547866000039;49,477373260000000
199678;08220523212010754310;08;2;12;000;2022;05;13;2;3;6;4;0;0;1;0;1;0;0;0;456250,632442614005413;5428459,134346010163426;8,401770366000051;49,007474979999998
199680;08220530311010734730;08;3;11;000;2022;05;15;2;3;5;3;0;0;1;0;0;0;0;1;414133,676467626006342;5319688,762358159758151;7,848349279000050;48,024714707000001
199681;08220518118400694520;08;1;18;048;2022;05;07;4;3;3;5;0;0;1;1;0;0;0;0;511863,416313747002278;5414884,795966610312462;9,161829493000029;48,886801573000099
199682;08220527116100740700;08;1;16;019;2022;05;12;6;3;6;7;0;0;0;1;1;0;0;0;521695,739656253019348;5398080,663660669699311;9,295062947000080;48,735368860000101
199686;08220525435100848940;08;4;35;030;2022;05;16;4;3;5;2;0;0;1;1;0;0;0;0;539839,597406332031824;5272552,874266539700329;9,530043944000059;47,605158787000100
199687;08220530118010751840;08;1;18;079;2022;05;07;2;3;0;3;0;0;1;1;0;0;0;0;510114,488702374976128;5422688,333733200095594;9,138165858000040;48,957030969000101
199690;08220522231202741270;08;2;36;071;2022;05;20;1;3;4;6;1;0;1;1;0;0;0;0;468428,814133282983676;5421743,263302629813552;8,568810546000069;48,947806249999999
199691;08220602115100775020;08;1;15;003;2022;06;17;5;3;5;3;0;0;1;1;0;0;0;0;501508,340047103993129;5391810,490651410073042;9,020490714000060;48,679337851000099
199692;08220602226300779120;08;2;26;056;2022;06;11;5;3;4;6;0;0;1;1;0;0;0;0;485597,294986066001002;5470169,272210109978914;8,801556835000040;49,384051032000102
199699;08220525212010718140;08;2;12;000;2022;05;05;4;3;6;4;2;0;0;0;1;0;0;1;458717,506598411011510;5428874,871505039744079;8,435458403000039;49,011384556000102
199700;08220604222500771140;08;2;22;000;2022;06;17;7;3;5;3;0;0;1;1;0;0;0;0;466348,863361676980276;5474265,540945949964225;8,536007833000040;49,420136346000000
199704;08220526216100720470;08;2;16;023;2022;05;14;5;3;0;1;0;0;1;0;0;0;0;0;436156,207999998994637;5408038,392999519594014;8,130221707000031;48,822044722000001
199706;08220527115300752130;08;1;15;041;2022;05;16;6;3;0;7;0;0;1;0;0;0;0;0;493238,868509794992860;5402473,295538210310042;8,907975615000050;48,775226000000004
199708;08220608216100777810;08;2;16;043;2022;06;16;4;3;1;5;0;1;1;1;0;0;0;0;441801,245126704976428;5412725,592206490226090;8,206453143000029;48,864760636000000
199710;08220604121100786520;08;1;25;056;2022;06;18;7;3;0;7;0;0;1;0;0;0;0;0;510919,996145446028095;5435849,397610380314291;9,149523383000030;49,075408412999998
199711;08220523221011731400;08;2;21;000;2022;05;09;2;3;1;5;0;0;1;1;0;0;0;0;476914,891401313012466;5472843,789644350297749;8,681775240000039;49,407840721000099
199714;08220518212102710740;08;2;12;000;2022;05;08;4;3;3;2;0;0;1;1;0;0;0;0;460923,269702374993358;5427564,851504590362310;8,465747067000050;48,999744275000097
199715;08220602118000775520;08;1;15;003;2022;06;15;5;3;6;4;0;0;0;1;1;0;0;0;500982,605861535004806;5393165,545735520310700;9,013351867000040;48,691529124000098
199718;08220607226100781620;08;2;26;013;2022;06;10;3;2;6;4;0;0;0;1;1;0;0;0;499005,391477321973071;5480080,949604890309274;8,986271198000050;49,473375515999997
199720;08220525237100747840;08;2;37;045;2022;05;16;4;3;6;7;0;0;0;1;1;0;0;0;458646,955925394024234;5363316,828829769976437;8,441065507000079;48,421644093000097
199722;08220603135200785050;08;1;35;019;2022;06;08;6;2;6;4;0;0;0;1;1;0;0;0;585340,500092610018328;5394671,279894939623773;10,159812853000100;48,699237680000103
199724;08220523116200723290;08;1;16;078;2022;05;08;2;3;6;4;0;0;0;1;1;0;0;0;510310,410000001022127;5394283,541999519802630;9,140127839000060;48,701502283000103
199727;08220519216100700580;08;2;16;039;2022;05;17;5;2;5;3;0;0;1;1;0;0;0;0;444054,878192030009814;5415378,773962720297277;8,236815806000040;48,888833411000100
199728;08220606415400781440;08;4;15;061;2022;06;14;2;3;3;6;0;0;1;1;0;0;0;0;516261,546256085974164;5370785,774862259626389;9,220088554000030;48,489985286000000
199729;08220530416100735300;08;4;16;036;2022;05;18;2;3;5;3;0;0;1;1;0;0;0;0;495353,879940249025822;5369296,712385719642043;8,937134379000041;48,476782286000102
199730;08220601222700767420;08;2;22;000;2022;06;17;4;3;1;7;0;0;1;1;0;0;0;0;461082,734314574976452;5481534,305202639661729;8,462685782000049;49,485201203000003
199731;08220519335100697910;08;3;35;043;2022;05;19;5;3;0;1;0;0;1;0;0;0;0;0;513318,995586887991522;5278571,258727129548788;9,177388553000069;47,660398219000101
199732;08220607222014776770;08;2;22;000;2022;06;10;3;3;5;3;0;0;1;1;0;0;0;0;459973,008780920004938;5488270,009268599562347;8,446681952000059;49,545712578000099
199733;08220531337010753980;08;3;37;062;2022;05;12;3;2;0;3;0;0;1;0;0;0;0;0;454420,842751118005253;5274137,860662659630179;8,393433618000071;47,619041138999997
199734;08220525335100860500;08;3;35;066;2022;05;19;4;3;5;3;0;0;1;1;0;0;0;0;504444,705843553994782;5282595,796872120350599;9,059237756000069;47,696731614999997
199736;08220603311010769270;08;3;11;000;2022;06;10;6;3;1;3;0;0;1;1;0;0;0;0;413669,885612568003125;5316671,805600260384381;7,842737591000060;47,997513663000099
199739;08220525231000721970;08;2;31;000;2022;05;08;4;3;0;1;0;0;1;0;0;0;0;0;475654,167493643995840;5413996,094086109660566;8,667952355000070;48,878442468000102
199740;08220602336300780820;08;3;36;081;2022;06;16;5;3;0;1;0;0;1;0;0;0;0;0;411402,947468560014386;5277914,646058480255306;7,820282623000030;47,648561813000100
199741;08220519118010730180;08;1;18;079;2022;05;07;5;2;1;6;0;0;1;1;0;0;0;0;507575,383705489977729;5424056,476053619757295;9,103506732000030;48,969374640000098
199743;08220526226700757390;08;2;26;098;2022;05;18;5;3;5;3;0;0;1;1;0;0;0;0;477902,305000000982545;5460238,358999540098011;8,696085685000069;49,294492290999997
199746;08220527435100725390;08;4;35;016;2022;05;18;6;3;8;1;0;1;1;0;0;0;0;0;537420,086292671039701;5278752,434844000265002;9,498385062000070;47,661083083000101
199749;08220518311010735870;08;3;11;000;2022;05;15;4;3;5;2;0;0;1;1;0;0;0;0;419432,287345640012063;5313838,997753200121224;7,920499890000030;47,972782992000099
199750;08220523416200727910;08;4;16;041;2022;05;12;2;3;0;1;0;1;1;0;0;0;0;0;500008,994370245025493;5372095,744435779750347;9,000121761000059;48,501980715999998
199752;08220526128200748010;08;1;28;115;2022;05;03;5;3;6;6;2;0;1;0;1;0;0;0;546742,583935318980366;5493399,052404589951038;9,646755283000060;49,591362876000098
199753;08220530215402757680;08;2;15;021;2022;05;06;2;3;5;3;0;0;1;1;0;0;0;0;468660,402999999001622;5444888,063999529927969;8,570182366000040;49,156012058999998
199755;08220527316200739510;08;3;16;014;2022;05;12;6;3;0;7;0;0;1;0;0;0;0;0;425874,143779511970934;5330849,893585760146379;8,003851132000021;48,126587475000100
199756;08220520119200734790;08;1;19;020;2022;05;15;6;3;6;4;0;0;0;1;1;0;0;0;520353,073126891977154;5406611,164628420025110;9,277225045000019;48,812153412999997
199758;08220601212010767320;08;2;12;000;2022;06;18;4;3;6;7;0;0;1;0;1;0;0;0;455527,994699553993996;5428619,559796550311148;8,391872009000050;49,008866370000099
199760;08220523221200711140;08;2;21;000;2022;05;10;2;3;1;5;0;0;1;1;0;0;0;0;477553,817530901986174;5472944,640002669766545;8,690576903000020;49,408771758000100
199761;08220609118000796550;08;1;18;046;2022;06;14;5;2;1;5;0;0;1;1;0;0;0;0;513498,136600263009313;5411613,672334929928184;9,184020736000040;48,857341846000097
199763;08220521216300734670;08;2;16;033;2022;05;08;7;3;0;7;0;0;1;0;0;0;0;0;447279,077767084992956;5413427,332227840088308;8,281047137000030;48,871562693999998
199764;08220518118200694980;08;1;18;080;2022;05;16;4;3;2;3;0;0;1;1;0;0;0;0;508757,118944288988132;5408700,160429630428553;9,119324122000020;48,831217396000099
199767;08220519417200732320;08;4;17;002;2022;05;14;5;3;6;4;0;0;0;1;1;0;0;0;490210,437601013982203;5343683,102092790417373;8,868135846000030;48,246287963000000
199772;08220520335100728970;08;3;35;043;2022;05;10;6;3;5;3;0;0;1;1;0;0;0;0;512958,073383630020544;5280395,183954269625247;9,172635755000041;47,676816623999997
199773;08220522426100707350;08;4;26;021;2022;05;16;1;3;8;1;0;0;1;0;0;0;0;0;559537,000823108013719;5327878,829726099967957;9,799702227000070;48,101391406000097
199777;08220606215402772390;08;2;15;103;2022;06;20;2;3;1;5;0;0;1;1;0;0;0;0;464860,095243084011599;5441920,339928000234067;8,518322369000030;49,129111397000003
199779;08220601311010766540;08;3;11;000;2022;06;05;4;3;5;3;0;0;1;1;0;0;0;0;413881,028123492025770;5317723,691163119859993;7,845356214000050;48,007004224000099
199780;08220528212702746510;08;2;15;108;2022;05;13;7;3;0;7;0;0;1;0;0;0;0;0;449830,616495040012524;5425088,425098270177841;8,314405294000039;48,976666987999998
199781;08220520222500716970;08;2;22;000;2022;05;13;6;3;5;3;0;0;1;1;0;0;0;0;462987,999766367021948;5478763,142297419719398;8,489249084000051;49,460395117000097
199783;08220524317100718390;08;3;17;001;2022;05;14;3;3;5;3;0;0;1;1;0;0;0;0;431833,189807914022822;5386447,952389819547534;8,074903733000040;48,627382146999999
199784;08220604415300817640;08;4;15;059;2022;06;20;7;2;1;5;0;0;1;1;0;0;0;0;516645,711000000999775;5367792,883999509736896;9,225168730000060;48,463050078999999
199785;08220524111500746140;08;1;11;000;2022;05;12;3;3;5;2;0;0;1;1;0;0;0;0;512399,138740452006459;5402026,380524340085685;9,168748412000070;48,771118767000097
199786;08220606128300784810;08;1;28;131;2022;06;16;2;3;0;7;0;0;1;0;0;0;0;0;536706,269670324050821;5510723,298689329996705;9,509519059000070;49,747873456000001
199787;08220525435200714930;08;4;35;059;2022;05;01;4;3;6;4;2;1;0;1;1;0;0;0;515040,045683878997806;5290844,529465749859810;9,200733835000049;47,770790227000099
199788;08220530311010763490;08;3;11;000;2022;05;07;2;2;5;3;0;0;1;0;0;0;0;0;411486,143636297027115;5315765,507306870073080;7,813657671000040;47,989062660999998
199789;08220518437100695430;08;4;37;076;2022;05;16;4;3;5;3;0;0;1;1;0;0;0;0;519626,247000001021661;5320138,961999500170350;9,263276615000050;48,034236082000099
199791;08220520111250702410;08;1;11;000;2022;05;12;6;3;6;4;0;0;0;0;1;0;0;1;519315,294391949020792;5401936,747022889554501;9,262870075000020;48,770136184000101
199795;08220521336200181270;08;3;36;069;2022;05;20;7;3;0;1;0;0;1;0;0;0;0;0;408100,617074101988692;5268418,078179099597037;7,778311544000080;47,562672466999999
199797;08220526337010753700;08;3;37;002;2022;05;17;5;2;8;1;0;0;1;0;0;0;0;0;431515,096110521000810;5272390,520271119661629;8,088910659000019;47,601304321000001
199799;08220524111500753510;08;1;11;000;2022;05;08;3;3;5;2;0;0;1;0;0;0;0;1;517614,984597888018470;5405669,881025790236890;9,239890075000060;48,803769434000102
199802;08220530311010735660;08;3;11;000;2022;05;16;2;2;5;3;0;0;1;1;0;0;0;0;411531,635722792008892;5315834,841466539539397;7,814252974000060;47,989692636000001
199803;08220518222500693980;08;2;22;000;2022;05;09;4;3;6;2;0;0;0;1;1;0;0;0;463450,161368635017425;5477652,033988280221820;8,495729014000061;49,450429178000000
199804;08220527231000725920;08;2;31;000;2022;05;18;6;3;5;3;0;0;1;1;0;0;0;0;475797,979926791973412;5413106,180405120365322;8,669966412000059;48,870442734999997
199805;08220520121400730440;08;1;25;058;2022;05;19;6;3;5;3;0;0;1;1;0;0;0;0;508442,224719370016828;5443215,432468630373478;9,115750311000060;49,141708012000002