OBJECTID;UIDENTSTLAE;ULAND;UREGBEZ;UKREIS;UGEMEINDE;UJAHR;UMONAT;USTUNDE;UWOCHENTAG;UKATEGORIE;UART;UTYP1;ULICHTVERH;IstStrassenzustand;IstRad;IstPKW;IstFuss;IstKrad;IstGkfz;IstSonstige;LINREFX;LINREFY;XGCSWGS84;YGCSWGS84
199806;08220608225100778310;08;2;25;058;2022;06;14;4;3;6;4;0;0;0;1;1;0;0;0;509730,618304344010539;5466051,911690459586680;9,133969847000060;49,347107862000001
199807;08220601119400773170;08;1;19;090;2022;06;15;4;3;3;6;0;0;1;1;0;0;0;0;530429,889041158021428;5406689,671434910036623;9,414481983000030;48,812447851999998
199808;08220603437100783730;08;4;37;088;2022;06;13;6;3;4;6;0;0;1;1;0;0;0;0;523303,394043097971007;5304381,376805399544537;9,311748852000051;47,892339709000098
199809;08220526335100765510;08;3;35;043;2022;05;14;5;3;6;6;0;0;0;1;1;0;0;0;513041,508035330974963;5278696,343232420273125;9,173696596000070;47,661529342999998
199810;08220523212102713700;08;2;15;101;2022;05;14;2;2;0;7;0;0;1;0;0;0;0;0;465893,422000001010019;5428000,629999529570341;8,533659337000071;49,003958861000100
199811;08220608335200797020;08;3;35;063;2022;06;07;4;2;0;1;0;0;1;0;0;0;0;0;498699,802796498988755;5288432,295283529907465;8,982653918000040;47,749260210000003
199812;08220529216100730950;08;2;16;043;2022;05;17;1;3;6;7;0;0;0;0;1;0;0;1;441441,516745632980019;5412319,057390579953790;8,201606872000070;48,861070014000099
199814;08220521212010757920;08;2;12;000;2022;05;07;7;1;5;2;0;0;1;1;0;0;0;0;456571,318812097015325;5428072,196509649977088;8,406196577000060;49,004017077000100
199815;08220518212010696910;08;2;12;000;2022;05;15;4;3;5;2;0;0;1;1;0;0;0;0;456348,107812130008824;5427837,270654530264437;8,403170023000030;49,001888144000098
199816;08220602215302768520;08;2;15;007;2022;06;13;5;3;0;1;0;0;1;0;0;0;0;0;479070,674000001978129;5431209,136999529786408;8,713663847000021;49,033408420999997
199817;08220603117010785950;08;1;17;026;2022;06;13;6;3;6;7;0;0;1;0;1;0;0;0;548084,244419801980257;5394476,548399900086224;9,653509877000030;48,701470406000098
199818;08220519311010698230;08;3;11;000;2022;05;07;5;3;5;3;0;0;1;0;0;0;0;0;410993,645127822994255;5316151,557840179651976;7,806978194000070;47,992466927000102
199820;08220531335300755570;08;3;35;022;2022;05;14;3;3;6;6;0;0;0;1;1;0;0;0;482979,773528934980277;5300295,147928849793971;8,772466491000049;47,855772058000099
199821;08220528311100757640;08;3;15;013;2022;05;23;7;3;4;6;2;0;1;0;0;0;0;0;404325,816796794999391;5324729,979609440080822;7,715710403000060;48,068665929000097
199822;08220603216200079190;08;2;16;007;2022;06;16;6;3;0;6;0;0;1;1;0;0;0;0;436849,773817919020075;5394020,836266989819705;8,141820136000041;48,696027958000101
199823;08220520326400721110;08;3;26;074;2022;05;13;6;3;5;3;0;0;1;1;0;0;0;0;460167,114321807981469;5323931,704237859696150;8,465317105000050;48,067417425000002
199824;08220522311010740680;08;3;11;000;2022;05;15;1;3;5;3;0;0;1;1;0;0;0;0;415017,060472680022940;5318439,204827720299363;7,860442669000070;48,013592617000000
199826;08220602336200785690;08;3;36;105;2022;06;19;5;3;4;6;0;0;1;1;0;0;0;0;401480,071733297023457;5266705,285074350424111;7,690706403000040;47,546293875000103
199827;08220519222500728700;08;2;22;000;2022;05;15;5;3;5;3;0;0;1;1;0;0;0;0;462127,854142856027465;5479012,313351229764521;8,477356093000029;49,462583269000000
199828;08220606121500783870;08;1;25;063;2022;06;13;2;3;7;7;0;0;1;0;0;0;0;0;527270,256273581995629;5462996,435691020451486;9,375240561000060;49,319092048000101
199830;08220531116200738160;08;1;16;080;2022;05;12;3;3;6;4;0;0;0;1;1;0;0;0;518517,180623991007451;5397479,832532349973917;9,251807894000020;48,730066394000097
199831;08220601311010784430;08;3;11;000;2022;06;13;4;3;6;7;0;0;0;0;1;0;0;1;413687,962381595978513;5316387,999984219670296;7,843036943000070;47,994963171000101
199832;08220527335300758880;08;3;35;075;2022;05;12;6;3;5;3;0;0;1;0;0;0;0;1;487471,754796606022865;5290811,827488870359957;8,832791003000070;47,770549723999999
199833;08220521421200705160;08;4;21;000;2022;05;15;7;3;0;1;0;0;1;0;0;0;0;0;573185,875446015037596;5360912,448235490359366;9,988720657000041;48,397122199000101
199836;08220523135010715720;08;4;25;072;2022;05;16;2;3;5;3;0;0;1;1;0;0;0;0;582761,893660512985662;5372227,752704479731619;10,120302414999999;48,497716404000101
199839;08220518115200726920;08;1;15;021;2022;05;17;4;3;0;7;0;0;1;0;1;0;0;0;489901,290223217976745;5382281,736351880244911;8,863042037000071;48,593535779000000
199842;08220607222800774030;08;2;22;000;2022;06;20;3;3;5;3;0;0;1;1;0;0;0;0;463452,501510826987214;5485231,035919000394642;8,495060738000060;49,518598720000099
199843;08220601117300780810;08;1;17;020;2022;06;21;4;3;1;5;1;0;1;1;0;0;0;0;549296,115516267949715;5389060,378049589693546;9,669333392000061;48,652654607000002
199844;08220525435100969830;08;4;35;016;2022;05;23;4;3;0;1;2;0;1;0;0;0;0;0;535167,737915160949342;5277679,029230790212750;9,468301523000040;47,651551574000102
199846;08220603311010769260;08;3;11;000;2022;06;19;6;3;0;7;0;0;1;0;0;0;0;0;415109,403354228998069;5315872,626544220373034;7,862188547000070;47,990517476000001
199847;08220521111330716660;08;1;11;000;2022;05;21;7;3;0;7;1;0;1;0;0;0;0;0;512871,550058152992278;5409284,525066790170968;9,175405301000071;48,836402586000098
199848;08220522425000739860;08;4;25;033;2022;05;17;1;3;0;7;0;0;1;0;0;0;0;1;553695,051659303018823;5347767,658852039836347;9,723755120000019;48,280833934999997
199849;08220602115400767110;08;1;15;045;2022;06;12;5;3;5;3;0;0;1;1;0;0;0;0;497703,447000000975095;5396134,993999529629946;8,968777409000040;48,718239060000002
199850;08220602325302767250;08;3;25;051;2022;06;15;5;3;0;1;0;1;1;0;0;0;0;0;451863,706398969981819;5348868,777058079838753;8,351040564000071;48,291186889000102
199851;08220519415400863260;08;4;15;061;2022;05;07;5;3;5;3;0;0;1;1;0;0;0;0;515550,235636867990252;5370514,802596840076149;9,210451449000059;48,487565528000097
199852;08220606335300794560;08;3;35;075;2022;06;13;2;3;0;3;0;0;1;1;0;0;0;0;492075,360213221982121;5285399,255734610371292;8,894331779000030;47,721922785000103
199853;08220531216100739760;08;3;17;151;2022;05;17;3;3;0;1;0;0;1;0;0;0;0;0;411963,963106408016756;5365477,952615410089493;7,809740711000070;48,436288371000003
199854;08220601231102793790;08;2;36;040;2022;06;08;4;3;5;3;0;0;1;1;0;0;0;0;491039,565429911017418;5422220,787370810285211;8,877608993000020;48,952842881999999
199855;08220528311010752060;08;3;36;069;2022;05;15;7;2;4;6;0;0;1;1;0;0;0;0;409636,974244602024555;5269534,346857850439847;7,798501183000040;47,572929999000102
199856;08220603336200177010;08;3;36;105;2022;06;13;6;2;6;6;0;0;1;0;1;0;0;0;400692,631999970006291;5267289,580999479629099;7,680112494000070;47,551429986000102
199858;08220609221300792710;08;2;21;000;2022;06;16;5;3;5;3;0;0;1;0;0;0;0;0;477447,980416679987684;5474700,463865259662271;8,689018178000030;49,424561183999998
199863;08220521211100703860;08;2;11;000;2022;05;23;7;3;8;1;2;0;1;0;0;0;0;0;442532,586487442022189;5406180,329917930066586;8,217341813000081;48,805953977999998
199864;08220518212010696780;08;2;12;000;2022;05;15;4;2;0;7;0;0;1;0;0;0;0;0;455805,199464037024882;5428740,782935800030828;8,395649199000051;49,009976700000003
199865;08220602118010772530;08;1;18;048;2022;06;07;5;3;1;5;0;0;1;1;0;0;0;0;515978,764000000024680;5414226,269999519921839;9,217941057000081;48,880785205999999
199866;08220603116200774650;08;1;16;078;2022;06;08;6;3;0;3;0;0;1;1;0;0;0;0;510296,850457408989314;5394278,283898159861565;9,139943422000041;48,701455205000102
199870;08220602135100794940;08;1;35;016;2022;06;22;5;3;4;7;2;0;1;1;0;0;0;0;590771,666244936990552;5385946,800883419811726;10,231693829999999;48,620002538999998
199873;08220523128010712210;08;1;28;007;2022;05;13;2;3;5;3;0;0;1;0;0;0;0;0;556075,610680068028159;5482726,346913989633322;9,774362044000039;49,494579620000103
199874;08220525117300734260;08;1;17;026;2022;05;10;4;3;0;1;0;0;1;1;0;0;0;0;548753,996272351942025;5394219,463315550237894;9,662581446000051;48,699105813000102
199875;08220602317300770580;08;3;17;031;2022;06;13;5;2;5;3;0;0;1;0;0;0;1;0;414982,199999985983595;5359662,931999510154128;7,851717368000040;48,384398626000099
199876;08220519211100727750;08;2;11;000;2022;05;07;5;3;5;3;0;0;1;1;0;0;0;0;444328,437983138021082;5400530,987556040287018;8,242562585000030;48,755300628999997
199877;08220606118000788780;08;1;18;048;2022;06;17;2;2;3;6;0;0;1;1;0;0;0;0;513473,798599646019284;5414646,499673740006983;9,183788837000071;48,884625000000000
199878;08220526216100749070;08;2;16;043;2022;05;18;5;3;1;5;0;0;1;1;0;0;0;0;437669,573936599015724;5412327,435573100112379;8,150184228000059;48,860777828000003
199879;08220531221200737550;08;2;21;000;2022;05;22;3;3;0;7;2;1;1;0;0;0;0;0;477289,295585557003506;5472011,611428690142930;8,686983851000040;49,400369492000003
199881;08220527335200757150;08;3;35;063;2022;05;08;6;3;7;7;0;0;1;0;1;0;0;0;500742,062652128981426;5287900,208388309925795;9,009899036000039;47,744473595999999
199882;08220520226200748310;08;2;26;068;2022;05;23;6;3;0;7;2;1;1;0;0;0;0;0;468647,008236690016929;5460456,620759580284357;8,568781716000050;49,296050670000099
199883;08220521336400739880;08;3;36;091;2022;05;09;7;3;5;3;0;0;1;1;0;0;0;0;397017,316647816973273;5272505,647141239605844;7,630054813000070;47,597777511000103
199884;08220608211100830160;08;2;11;000;2022;06;18;4;2;5;3;0;0;1;1;0;0;0;0;440649,685977603017818;5403962,801332360133529;8,192021316000019;48,785830263999998
199885;08220524317500743040;08;3;17;047;2022;05;07;3;3;1;5;0;1;1;1;0;0;0;0;419944,823898144997656;5364143,959249040111899;7,917876844000030;48,425354611000003
199887;08220526335100724470;08;3;35;043;2022;05;14;5;3;0;1;0;0;1;0;0;0;0;0;515620,017733152024448;5280268,970399850048125;9,208095147000050;47,675622163000099
199888;08220523317500711680;08;3;17;096;2022;05;12;2;3;8;1;0;1;1;0;0;0;0;0;421425,286687105020974;5369277,920000649988651;7,936921433000070;48,471720675000000
199891;08220518221200761680;08;2;21;000;2022;05;09;4;3;3;2;0;0;1;0;0;0;0;0;475847,815289543999825;5472184,790625549852848;8,667106089000070;49,401871720000003
199895;08220601116200779530;08;1;16;078;2022;06;08;4;3;5;2;0;0;1;1;0;0;0;0;510198,494251220021397;5393798,976277589797974;9,138594839000060;48,697144940000001
199896;08220525226700747040;08;2;26;065;2022;05;07;4;3;6;2;0;0;0;1;1;0;0;0;478672,430472170002759;5457664,967273879796267;8,706814503000031;49,271371859000098
199897;08220609231000861840;08;2;31;000;2022;06;09;5;3;6;6;0;0;0;1;1;0;0;0;478353,599153423972894;5416005,669444289989769;8,704662346000021;48,896620089000102
199900;08220520415300762660;08;4;15;059;2022;05;15;6;3;1;7;0;0;1;1;0;0;0;0;516972,271000000997446;5368389,664999510161579;9,229610330000069;48,468410222000003
199901;08220523121100746690;08;1;25;026;2022;05;19;2;3;9;1;0;1;1;0;0;0;0;0;492883,661758502013981;5443076,033411700278521;8,902431188000040;49,140470856999997
199902;08220525311050719710;08;3;11;000;2022;05;18;4;3;0;7;0;0;1;0;0;0;0;0;412474,207663626992144;5314451,442998089827597;7,827165532000040;47,977378219000101
199904;08220519121200699320;08;1;21;000;2022;05;18;5;2;0;7;0;0;1;0;0;0;0;0;516120,965074321022257;5443232,573953240178525;9,221032641000020;49,141708667000003
199905;08220607212010791340;08;2;12;000;2022;06;17;3;3;0;1;0;1;1;0;0;0;0;0;455738,474486434017308;5428480,125441050156951;8,394765228000040;49,007627276999997
199907;08220601226700771560;08;2;26;098;2022;06;09;4;3;5;3;0;0;1;1;0;0;0;0;478204,776000001002103;5459923,092999540269375;8,700262768000069;49,291667326999999
199908;08220527337010739710;08;3;37;060;2022;05;13;6;3;6;7;0;0;0;0;1;1;0;0;467986,560814992000815;5277967,750137940049171;8,573679428000050;47,654313088999999
199909;08220521415400703400;08;4;15;061;2022;05;10;7;3;5;2;0;0;1;1;0;0;0;0;513525,841946211003233;5369263,312635890208185;9,183013662000061;48,476353475000103
199910;08220604311010789220;08;3;11;000;2022;06;14;7;2;0;7;0;0;1;0;0;0;0;0;413396,801516100997105;5315538,471564910374582;7,839306323000070;47,987281993000103
199911;08220526416010746620;08;4;15;059;2022;05;18;5;2;4;6;0;0;1;1;0;0;0;0;516206,271742727025412;5367936,627188860438764;9,219229992000070;48,464354725000099
199912;08220518226200693210;08;2;26;032;2022;05;17;4;3;5;3;0;0;1;1;0;0;0;0;466786,789497291028965;5463710,418428529985249;8,542927041000040;49,325219771000000
199913;08220524115100728940;08;1;15;003;2022;05;15;3;3;0;1;0;0;1;0;0;0;0;0;500802,158611033984926;5392158,612035360187292;9,010897955000081;48,682470899000101
199914;08220605116400780100;08;1;16;033;2022;06;21;1;2;0;1;0;1;1;0;0;0;0;0;532545,370839694049209;5388183,211023399606347;9,441834855000019;48,645860736000003
199915;08220530222400748040;08;2;26;038;2022;05;20;2;3;0;5;0;0;1;1;0;0;0;0;471807,223781321023125;5480047,014581849798560;8,610856006000059;49,472416512999999
199916;08220518237200725780;08;2;37;040;2022;05;14;4;3;8;6;0;0;1;0;0;0;0;1;475872,337862941029016;5364428,680107939988375;8,673817251000060;48,432542060999999
199918;08220520121300719200;08;1;21;000;2022;05;17;6;3;3;6;0;1;1;1;0;0;0;0;514383,658920681977179;5442230,062702209688723;9,197177025000030;49,132733870000003
199922;08220520216100734870;08;2;16;043;2022;05;16;6;3;5;3;0;1;1;1;0;0;0;0;441921,080860165995546;5411535,911771000362933;8,208255760000039;48,854070720999999
199924;08220604311010792840;08;3;15;064;2022;06;15;7;3;5;2;0;0;1;1;0;0;0;0;424352,876953080005478;5312573,534452679567039;7,986640945000030;47,961999756000097
199926;08220523335300742740;08;3;35;075;2022;05;09;2;3;5;2;0;0;1;1;0;0;0;0;489071,497613304993138;5288357,218359059654176;8,854203709000050;47,748493406000101
199927;08220605118300771040;08;1;18;081;2022;06;13;1;3;0;1;0;1;1;0;0;0;0;0;519643,079000000027008;5414020,969999530352652;9,267909803000070;48,878833098000001
199928;08220526222500722230;08;2;22;000;2022;05;13;5;3;5;3;0;0;1;1;0;0;0;0;463412,034126149024814;5477874,085144230164587;8,495182491000040;49,452424135999998
199931;08220520119300731560;08;1;19;061;2022;05;11;6;3;5;3;0;0;1;1;0;0;0;0;538841,555000000051223;5414807,952999530360103;9,529821674000059;48,885006722000099
199932;08220608215102801090;08;2;12;000;2022;06;17;4;3;5;3;0;1;1;1;0;0;0;0;454552,237890432996210;5432188,014196990057826;8,378130082000039;49,040893696000097
199933;08220603316100783420;08;3;16;020;2022;06;08;6;3;6;6;0;0;0;0;1;0;0;1;408235,581374355999287;5338916,142772479914129;7,765124391000030;48,196843481000002
199934;08220523311300752290;08;3;15;131;2022;05;16;2;3;4;1;0;0;1;0;0;0;0;0;406185,701804908982012;5308004,380923289805651;7,744326331000020;47,918495018999998
199936;08220530118300761870;08;1;18;046;2022;05;15;2;3;3;6;0;0;1;0;0;0;0;1;513488,640974353009369;5412473,755556800402701;9,183919629000060;48,865079179000098
199937;08220518216200693700;08;2;16;007;2022;05;19;4;3;1;5;0;0;1;1;0;0;0;0;436448,216122524987441;5395159,189351510256529;8,136188604000040;48,706226739999998
199938;08220527216100740640;08;2;16;005;2022;05;18;6;3;6;6;0;0;0;1;1;0;0;0;445217,326259837020189;5417444,947209600359201;8,252394972000049;48,907522512000099
199941;08220607311010774560;08;3;11;000;2022;06;18;3;3;1;5;0;1;1;1;0;0;0;0;414763,417862310016062;5316005,618494980037212;7,857525755000040;47,991667769999999
199943;08220525326400718840;08;3;26;074;2022;05;15;4;3;5;3;0;0;1;1;0;0;0;0;460170,581384503981099;5323933,942316279746592;8,465363433000050;48,067437777000102
199944;08220528436400730080;08;4;36;008;2022;05;18;7;3;5;3;0;0;1;1;0;0;0;0;548201,809388127992861;5309754,259263609535992;9,645420320000030;47,939290861000103
199945;08220603212010776750;08;2;12;000;2022;06;14;6;3;5;3;0;0;1;1;0;0;0;0;460788,914443110988941;5427642,872861829586327;8,463902727000059;49,000437574999999
199949;08220602222500766870;08;2;22;000;2022;06;08;5;3;5;3;0;0;1;1;0;0;0;0;462623,630672581028193;5478282,948737580329180;8,484266475000030;49,456053687000100
199951;08220607121200775050;08;1;21;000;2022;06;18;3;3;0;7;0;0;1;0;0;0;0;0;515435,764637633983511;5440861,398243630304933;9,211547235000070;49,120396714000002
199952;08220531222700763670;08;2;22;000;2022;05;12;3;3;6;3;0;0;0;0;1;0;0;1;461403,038641605991870;5481516,835117279551923;8,467109591000050;49,485064524999999
199953;08220601316200859630;08;3;16;056;2022;06;09;4;3;0;7;0;0;1;1;0;0;0;0;422915,440614574996289;5327577,066371870227158;7,964688472000030;48,096795153000102
199955;08220521426300704960;08;4;26;014;2022;05;16;7;3;0;1;0;0;1;0;0;0;0;0;549154,822753518004902;5317560,440193870104849;9,659073401000059;48,009447782999999
199956;08220525212010735860;08;2;12;000;2022;05;12;4;3;0;7;0;0;1;0;0;0;0;0;455553,524698505993001;5428760,498984290286899;8,392205665000059;49,010135971000103
199957;08220604316100797130;08;3;16;017;2022;06;20;7;3;1;6;0;0;1;1;0;0;0;0;410593,071999982988928;5340013,287999499589205;7,796610673000030;48,207048538000002
199961;08220526119300734770;08;1;36;042;2022;05;21;5;3;9;1;2;0;1;0;0;0;0;0;551420,157888939953409;5404891,334514990448952;9,700145015000031;48,794888881000098
199962;08220530221011733130;08;2;21;000;2022;05;17;2;3;0;7;0;0;1;0;0;0;0;0;477043,909933750983328;5472598,270905390381813;8,683567906000061;49,405637200000101
199965;08220526436300760110;08;4;36;081;2022;05;10;5;3;3;3;0;0;1;1;0;0;0;0;561665,726323317969218;5282881,009014540351927;9,821859906000039;47,696369925000099
199968;08220524226200741440;08;2;26;059;2022;05;19;3;3;2;6;0;0;1;0;0;0;0;0;465013,875201779010240;5460157,107455500401556;8,518840831000031;49,293159336000002
199971;08220523311010740020;08;3;11;000;2022;05;19;2;3;0;7;0;0;1;0;0;0;0;0;415132,887994558026548;5319002,865584379993379;7,861883918000050;48,018678357000098
199975;08220521216300706310;08;2;16;015;2022;05;15;7;3;6;7;0;0;0;1;1;0;0;0;451215,214931146998424;5404275,829015759751201;8,335809140000039;48,789564572000103
199976;08220518119400730340;08;1;19;079;2022;05;17;4;3;6;7;0;0;0;0;1;0;0;1;522510,436050040996633;5408465,968334300443530;9,306711414000061;48,828764387000000
199978;08220602435100766930;08;4;35;016;2022;06;08;5;3;5;3;0;0;1;1;0;0;0;0;535410,484124165028334;5278202,609566030092537;9,471576285000030;47,656249211000002
199981;08220531416000755550;08;4;16;041;2022;05;13;3;3;2;2;0;0;1;1;0;0;0;0;504131,350356197974179;5372951,860605579800904;9,055936549000020;48,509669083000098
199982;08220528311010758340;08;3;11;000;2022;05;04;7;3;0;7;2;0;1;0;0;0;0;0;412790,624922004994005;5315057,401397960260510;7,831281531000060;47,982872233000101
199983;08220603311010802550;08;3;15;047;2022;06;16;6;3;4;3;0;0;1;1;0;0;0;0;415550,915542748000007;5321637,461335349828005;7,866969332000050;48,042432939000001
199984;08220520421300979080;08;4;21;000;2022;05;03;6;3;0;1;2;0;1;0;0;0;0;0;572080,946895565954037;5361933,943891430273652;9,973971062000031;48,406438108000003
199986;08220525136010722150;08;1;36;066;2022;05;13;4;2;6;4;0;0;0;1;1;0;0;0;555512,169222978991456;5416188,162526659667492;9,757388515000059;48,896152794000002
199989;08220526311010724670;08;3;11;000;2022;05;15;5;3;4;3;0;0;1;0;0;1;0;0;412310,152999986021314;5317001,106999499723315;7,824446904000070;48,000290769999999
199991;08220518115100714820;08;1;15;045;2022;05;14;4;3;2;6;0;0;1;1;0;0;0;0;498448,771276223007590;5392984,882681550458074;8,978922238000051;48,689902707000002
199992;08220602116500773540;08;1;16;049;2022;06;17;5;3;5;3;0;0;1;1;0;0;0;0;524312,337818623986095;5387582,688443870283663;9,330030490000070;48,640832923000097
199994;08220519226700731350;08;2;26;060;2022;05;10;5;3;6;7;0;0;0;1;1;0;0;0;477510,680073858005926;5463739,708303290419281;8,690502431000031;49,325972634999999
199995;08220607335100774540;08;3;35;043;2022;06;14;3;3;6;4;0;1;0;1;1;0;0;0;512969,155305984022561;5278416,745183340273798;9,172724654000040;47,659015064000101
199997;08220525222014716640;08;2;22;000;2022;05;10;4;3;6;4;0;0;0;1;1;0;0;0;461529,578741720004473;5482501,037769109942019;8,468760806000031;49,493924934000098
200003;08220602221400784570;08;2;26;018;2022;06;19;5;3;0;7;0;0;1;0;0;0;0;0;473143,870852837979328;5472151,517084339633584;8,629840162000050;49,401459128000099
200004;08220519222700729940;08;2;22;000;2022;05;21;5;3;6;3;2;0;0;0;1;0;0;1;462737,543937638984062;5481956,245984990149736;8,485492276000061;49,489100209000100
200005;08220606221200796730;08;2;21;000;2022;06;19;2;3;8;7;0;0;1;0;0;0;0;0;477786,861822760023642;5471699,194751179777086;8,693859050000070;49,397577708000000
200008;08220528221200739610;08;2;21;000;2022;05;07;7;3;5;3;0;0;1;1;0;0;0;0;477300,581070377025753;5472568,683664199896157;8,687107556000059;49,405380695000098
200015;08220605212502770970;08;2;12;000;2022;06;14;1;3;0;7;0;1;1;0;0;0;0;0;453613,540989538014401;5430692,090078939683735;8,365457711000030;49,027367918000003
200016;08220530336400745850;08;3;36;014;2022;05;21;2;3;0;1;1;0;1;0;0;0;0;0;392411,095292363024782;5277402,158195789903402;7,567596301000040;47,641073454000001
200017;08220518421200752670;08;4;21;000;2022;05;17;4;3;5;3;0;0;1;1;0;0;0;0;572730,771083942032419;5360570,018389070406556;9,982513953000019;48,394094625999998
200018;08220527128200750880;08;1;28;115;2022;05;14;6;3;4;1;0;0;1;0;0;0;0;0;546122,290673863026313;5500982,616304989904165;9,639064738000060;49,659617681000000
200019;08220520116200731010;08;1;16;078;2022;05;08;6;3;4;6;0;0;1;1;0;0;0;0;512382,351670478004962;5392660,021521519869566;9,168238622000050;48,686859310000003
200020;08220607436000791210;08;4;35;036;2022;06;10;3;1;6;3;0;0;0;1;1;0;0;0;521209,077052314009052;5282287,100965060293674;9,282651746000059;47,693621246000099
200023;08220526317500745840;08;3;17;047;2022;05;00;5;3;0;1;2;0;1;0;0;0;0;0;419636,725568510009907;5363867,189976659603417;7,913766044000060;48,422825863000099
200025;08220608416200800100;08;4;16;041;2022;06;21;4;3;0;7;1;1;1;0;0;0;0;1;504301,970976347976830;5374362,354302749969065;9,058261219000030;48,522357262000099
200026;08220530135010754120;08;1;35;019;2022;05;20;2;2;4;2;0;0;1;1;0;0;0;0;585736,572546554962173;5395559,029293879866600;10,165378835000100;48,707167986000101
200027;08220603136100778880;08;1;36;038;2022;06;15;6;3;0;7;0;0;1;0;0;0;0;0;591183,644676962983795;5413947,079281239770353;10,243481220000000;48,871774453999997
200028;08220521212702724190;08;2;15;017;2022;05;15;7;3;6;7;0;0;1;0;1;0;0;0;456866,504111202026252;5421222,076303630135953;8,410958852000020;48,942419698999998
200030;08220602212010784390;08;2;12;000;2022;06;20;5;3;4;6;1;0;1;0;0;0;0;0;459916,788660775986500;5428221,808402949944139;8,451922370000030;49,005589200000003
200031;08220603116400776180;08;1;16;033;2022;06;12;6;3;5;2;0;0;1;1;0;0;0;0;535998,348042297991924;5387383,712729140184820;9,488641185000059;48,638479220000100
200032;08220519337010721940;08;3;37;126;2022;05;12;5;3;6;4;0;0;0;1;1;0;0;0;441275,884999997972045;5274765,536999490112066;8,218431558000081;47,623630056000103
200033;08220606311010772610;08;3;11;000;2022;06;14;2;2;0;7;0;0;1;0;0;0;0;0;403228,703226966026705;5313649,997081889770925;7,703488727000040;47,968837651000101
200034;08220531326400757300;08;3;26;074;2022;05;09;3;3;5;3;0;0;1;1;0;0;0;0;462825,550028231984470;5323385,051806050352752;8,501047775000069;48,062659838999998
200036;08220529136300753540;08;1;36;044;2022;05;05;1;2;0;1;1;0;1;0;0;0;0;0;559146,322000002022833;5407362,290999519638717;9,805691530000050;48,816428236999997
200037;08220521118300735020;08;1;18;046;2022;05;21;7;3;4;3;2;0;1;1;0;0;0;0;513184,023529645986855;5413550,351870399899781;9,179800845000051;48,874770548000100
200039;08220602416010767800;08;4;16;041;2022;06;19;5;3;5;3;0;0;1;1;0;0;0;0;504285,705082023981959;5374050,931289879605174;9,058037730000020;48,519555697999998
200040;08220519212502763780;08;2;12;000;2022;05;17;5;3;5;3;0;0;1;1;0;0;0;0;452906,237923645996489;5429099,675760740414262;8,355967661000021;49,012990518999999
200041;08220606119300794710;08;1;19;055;2022;06;16;2;3;0;7;0;0;1;0;0;0;0;0;544007,231202565948479;5404611,790780840441585;9,599185737000029;48,792943152000099
200042;08220525437200748160;08;4;37;104;2022;05;07;4;3;5;1;0;1;1;1;0;0;0;0;516677,054690231976565;5326738,723951580002904;9,223972411000030;48,093698104000097
200043;08220531212302739210;08;2;12;000;2022;05;15;3;3;0;2;0;0;1;0;0;0;0;1;456150,634259994025342;5428588,291935560293496;8,400389117000030;49,008629670000097
200045;08220528116010739290;08;1;16;019;2022;05;11;7;3;6;4;0;0;0;1;1;0;0;0;522335,773995648021810;5398362,069978539831936;9,303782567000040;48,737877746999999
200046;08220520231202752650;08;2;36;071;2022;05;23;6;3;0;7;2;0;1;0;0;0;0;0;468982,918000000005122;5421792,818999529816210;8,576374332000061;48,948280066000102
200047;08220521311300720350;08;3;11;000;2022;05;15;7;3;5;3;0;0;1;1;0;0;0;0;408968,355271725973580;5315243,096902119927108;7,780030579000030;47,984010056000002
200049;08220524311010760240;08;3;11;000;2022;05;18;3;3;3;6;0;0;1;0;0;0;0;0;414854,883944254019298;5318643,187531420029700;7,858227938000030;48,015405928000099
200050;08220604317100810670;08;3;17;102;2022;06;23;7;3;8;1;2;0;1;0;0;0;0;0;437294,738705111027230;5379056,112065129913390;8,150129898000049;48,561462071000101
200052;08220608417200815200;08;4;17;022;2022;06;13;4;2;6;4;0;0;0;1;1;0;0;0;486687,265687610022724;5348304,364551889710128;8,820533878000051;48,287799967000097
200053;08220530311100762510;08;3;15;015;2022;05;09;2;3;5;2;0;0;1;1;0;0;0;0;393678,572366764012258;5321179,288419369608164;7,573712289000070;48,035043791000099
200054;08220602221300767410;08;2;21;000;2022;06;07;5;3;4;2;0;0;1;1;0;0;0;0;476715,134032119007315;5473389,914938090369105;8,678989631000039;49,412745416000099
200055;08220519118400700570;08;1;18;048;2022;05;17;5;3;0;7;0;0;1;0;0;0;0;0;513437,864553658990189;5414992,511300980113447;9,183310059000060;48,887738414000097
200056;08220606421300773820;08;4;21;000;2022;06;19;2;3;0;1;0;0;1;0;0;0;0;0;572036,733881272957660;5359818,641765940003097;9,973010799000059;48,387415463000103
200057;08220531127202741800;08;1;27;014;2022;05;13;3;3;5;5;0;0;1;1;0;0;0;0;575613,214275641948916;5443399,795265279710293;10,036670242000101;49,138770513000097
200058;08220601216100766750;08;2;16;005;2022;06;18;4;2;5;3;0;0;1;1;0;0;0;0;445109,762899511028081;5417139,344070820137858;8,250968301000061;48,904764088999997
200059;08220527436300761020;08;4;36;081;2022;05;11;6;3;5;3;0;0;1;1;0;0;0;0;559626,938312869984657;5280434,194540889933705;9,794356064000061;47,674547773000000