OBJECTID;UIDENTSTLAE;ULAND;UREGBEZ;UKREIS;UGEMEINDE;UJAHR;UMONAT;USTUNDE;UWOCHENTAG;UKATEGORIE;UART;UTYP1;ULICHTVERH;IstStrassenzustand;IstRad;IstPKW;IstFuss;IstKrad;IstGkfz;IstSonstige;LINREFX;LINREFY;XGCSWGS84;YGCSWGS84
200060;08220522121600710620;08;1;25;110;2022;05;12;1;3;0;1;0;0;1;0;0;0;0;0;525074,224636649945751;5443673,296208159998059;9,343815242000060;49,145372825999999
200062;08220604415100790370;08;4;15;050;2022;06;23;7;3;0;1;2;0;1;0;0;0;0;0;522892,278672966000158;5375181,900383180007339;9,310070861000041;48,529327375999998
200063;08220523426300714000;08;4;26;097;2022;05;18;2;3;0;5;0;1;1;1;0;0;0;0;535701,667207660037093;5333114,039244470186532;9,479999713000041;48,150272796000102
200065;08220525436200737560;08;4;36;064;2022;05;12;4;3;5;3;0;0;1;0;1;0;0;0;546040,129373906995170;5292196,868615849874914;9,614607356000020;47,781488009999997
200066;08220530226400737000;08;2;26;084;2022;05;17;2;3;1;5;0;0;1;1;0;0;0;0;468567,345801887975540;5471003,365921559743583;8,566854196000071;49,390912671000102
200067;08220518435200723100;08;4;35;059;2022;05;07;4;3;4;2;0;0;1;1;0;0;0;0;513019,725938883027993;5290865,187378870323300;9,173770144000059;47,771020086000100
200068;08220527118000860990;08;1;15;003;2022;05;10;6;2;9;1;0;0;1;1;0;0;0;0;501744,975338004995137;5392516,419839340262115;9,023708371000049;48,685687854000001
200069;08220520128100746990;08;1;28;007;2022;05;09;6;3;6;7;0;0;0;0;1;0;0;1;556001,784935813047923;5482592,717911359854043;9,773323727000051;49,493384577000000
200070;08220607421200774490;08;4;21;000;2022;06;18;3;3;0;1;0;1;1;0;0;0;0;0;573759,673666125978343;5361130,960572539828718;9,996509686000021;48,399020891000099
200071;08220601127202782520;08;1;27;014;2022;06;22;4;2;0;7;2;0;1;0;0;0;0;0;576844,871607647044584;5442503,698646510019898;10,053382704000100;49,130558292000003
200073;08220526317100724580;08;3;17;089;2022;05;17;5;2;0;1;0;0;1;0;0;0;0;0;433616,360424360027537;5371663,356041120365262;8,101458866000030;48,494583644999999
200074;08220523212102726100;08;2;12;000;2022;05;14;2;3;0;7;0;0;1;0;0;0;0;0;457560,742023604980204;5428410,409197869710624;8,419688944000031;49,007128176000002
200080;08220602118010768090;08;1;15;054;2022;06;12;5;2;6;4;0;0;0;1;1;0;0;0;493456,412844066973776;5395471,131932569667697;8,911047796000050;48,712236808999997
200081;08220602421300768190;08;4;21;000;2022;06;16;5;3;0;7;0;0;1;1;0;0;0;0;571909,361205001012422;5359908,311412209644914;9,971305965000060;48,388236603000102
200083;08220519335300698930;08;3;35;022;2022;05;09;5;3;0;1;0;0;1;0;0;0;0;0;483482,752000001026317;5300163,365999500267208;8,779195499000020;47,854599497999999
200086;08220602119500785060;08;1;19;085;2022;06;12;5;3;6;7;0;0;0;1;1;0;0;0;529057,164173359982669;5413870,267192349769175;9,396294079000031;48,877107651000102
200087;08220528415400752260;08;4;15;061;2022;05;21;7;3;5;2;1;0;1;1;0;0;0;0;514308,157742393028457;5371174,456729490309954;9,193664303000050;48,493529523000099
200090;08220604335200770670;08;3;35;063;2022;06;19;7;3;0;1;0;0;1;0;0;0;0;0;497344,554763421998359;5288601,609438990242779;8,964572366000031;47,750779470000097
200091;08220519121400712690;08;1;25;038;2022;05;08;5;2;0;1;0;0;1;0;0;0;0;0;500391,816876793978736;5435141,730774699710310;9,005364325000070;49,069139313999997
200092;08220605436400852180;08;4;36;012;2022;06;18;1;3;0;1;0;0;1;0;0;0;0;0;549471,204802377033047;5298766,288727750070393;9,661156846000040;47,840337955000102
200094;08220530212402737420;08;2;12;000;2022;05;16;2;3;5;3;0;0;1;1;0;0;0;0;457746,157000000996049;5424176,779999529942870;8,422664313000039;48,969058652000101
200095;08220527335100724450;08;3;35;043;2022;05;09;6;3;0;1;0;0;1;0;0;0;0;0;512577,574750042986125;5278771,694343510083854;9,167519781000070;47,662216516000100
200096;08220520212302728770;08;2;12;000;2022;05;20;6;3;0;7;1;1;1;0;0;0;0;0;455861,944760510988999;5428649,928039669990540;8,396435008000029;49,009163512000001
200097;08220608221000803980;08;2;22;000;2022;06;13;4;3;5;3;0;0;1;1;0;0;0;0;462449,180586707021575;5487519,994150959886611;8,480981550000021;49,539125247000101
200099;08220526317100732310;08;3;17;001;2022;05;19;5;3;4;6;0;0;1;1;0;0;0;0;432366,449999995995313;5386377,855999520048499;8,082151105000040;48,626809523000098
200100;08220523317300744620;08;3;17;065;2022;05;22;2;3;6;4;2;1;0;1;1;0;0;0;413252,233584748988505;5355422,626952869817615;7,829231394000030;48,346022671000100
200101;08220609212010789110;08;2;12;000;2022;06;17;5;3;0;1;0;1;1;0;0;0;0;0;462756,336805156024639;5428433,480557570233941;8,490727836000080;49,007671133000002
200102;08220530115400757950;08;1;15;045;2022;05;17;2;3;0;6;0;0;1;0;1;0;0;0;500518,073690349992830;5394109,793740689754486;9,007040885000039;48,700024225999996
200103;08220518111500760730;08;1;11;000;2022;05;18;4;3;5;3;0;0;1;1;0;0;0;0;518183,453292089980096;5402897,348663589917123;9,247508997000070;48,778811750999999
200104;08220527126200743870;08;1;26;066;2022;05;18;6;3;5;3;0;0;1;1;0;0;0;0;536465,456125285010785;5449803,789832569658756;9,500561082000051;49,199945921999998
200105;08220519311400748020;08;3;15;108;2022;05;19;5;3;4;6;0;0;1;0;1;0;0;0;403647,832211740023922;5302623,089663679711521;7,711568103000050;47,869713505000000
200108;08220525336200724000;08;3;36;069;2022;05;15;4;2;6;4;0;0;1;0;1;0;0;0;408740,188461643992923;5268069,008497799746692;7,786884386000050;47,559622523000002
200110;08220603311400785330;08;3;15;006;2022;06;09;6;3;1;5;0;0;1;0;0;0;0;1;402704,095919634972233;5307394,007258719764650;7,697876187000080;47,912485781999997
200111;08220521116100704870;08;1;16;019;2022;05;17;7;3;5;2;0;0;1;1;0;0;0;0;522049,322519987996202;5398116,986782800406218;9,299873563000061;48,735683205999997
200112;08220522435200706210;08;4;35;067;2022;05;08;1;2;0;7;0;0;1;0;0;0;0;0;528563,189004634972662;5291606,037550699897110;9,381269074000040;47,777184229000099
200116;08220527212010733280;08;2;12;000;2022;05;09;6;3;6;2;0;0;0;1;1;0;0;0;456869,914654174994212;5428483,723488369956613;8,410235357000030;49,007739754000099
200120;08220525222400734160;08;2;26;038;2022;05;18;4;3;5;5;0;0;1;1;0;0;0;0;472602,643427649978548;5479964,610524339601398;8,621840609000060;49,471711728999999
200121;08220530135200745600;08;1;35;019;2022;05;07;2;3;5;3;0;0;1;1;0;0;0;0;584125,028367316001095;5392401,225630289874971;10,142835356000001;48,678985195000102
200122;08220603216200771100;08;2;16;007;2022;06;17;6;3;8;1;0;0;1;0;0;0;0;0;436259,798999996972270;5394222,747999520041049;8,133772465000050;48,697784171000102
200123;08220520326100702500;08;3;26;012;2022;05;14;6;3;6;7;0;0;1;0;1;0;0;0;462675,906460252997931;5311159,757309620268643;8,500103374000050;47,952662183000001
200125;08220602135200769480;08;1;35;019;2022;06;14;5;3;5;3;0;0;1;1;0;0;0;0;584514,256738219992258;5392593,021822920069098;10,148161114000100;48,680657698000097
200126;08220602311400768600;08;3;15;006;2022;06;13;5;2;5;3;0;1;1;1;0;0;0;0;403343,521598122024443;5307782,725954120047390;7,706344276000040;47,916079021000002
200127;08220526435100722200;08;4;35;016;2022;05;18;5;3;8;1;0;0;1;0;0;0;0;0;536078,307265653042123;5277423,644182019867003;9,480405362000059;47,649203636000003
200129;08220606337010789520;08;3;37;096;2022;06;18;2;3;6;4;0;0;0;1;1;0;0;0;420897,677513792994432;5267378,202926400117576;7,948587891000050;47,555003130000003
200130;08220531212010740870;08;2;12;000;2022;05;15;3;3;1;7;0;0;1;1;0;0;0;0;454111,345377028977964;5429870,304204620420933;8,372359952000069;49,020013165000101
200131;08220601221400770940;08;2;21;000;2022;06;10;4;3;0;7;0;0;1;0;0;0;0;0;477771,317683802975807;5468419,621666260063648;8,693828163000029;49,368077745999997
200134;08220525211100749650;08;2;11;000;2022;05;17;4;3;5;2;0;0;1;0;0;1;0;0;444012,568734032975044;5400453,320702619850636;8,238275995000039;48,754573675000103
200136;08220526416200755750;08;4;16;023;2022;05;21;5;3;1;5;2;0;1;1;0;0;0;0;508421,329000001016539;5370576,449999510310590;9,113972846000021;48,488256096999997
200137;08220519128100714870;08;1;28;058;2022;05;09;5;3;0;3;0;0;1;1;0;0;0;0;559417,305182570009492;5482154,442187059670687;9,820417516000020;49,489117880000002
200138;08220523416200711010;08;4;16;023;2022;05;06;2;3;0;1;0;1;1;0;0;0;0;0;510967,308465284004342;5371321,299619389697909;9,148449155000041;48,494917774999998
200139;08220605317500771800;08;3;17;096;2022;06;15;1;3;0;1;0;0;1;0;0;0;0;0;423396,914660417009145;5369027,162362059578300;7,963637958000050;48,469708393000097
200140;08220526135100721410;08;1;35;016;2022;05;21;5;3;0;7;1;0;1;0;0;0;0;0;591520,278359921998344;5386235,545052600093186;10,241913096000101;48,622490460999998
200142;08220528121500753370;08;1;25;005;2022;05;14;7;3;1;7;0;0;1;1;0;0;0;0;515315,385436823009513;5452577,451676670461893;9,210343498000039;49,225788963000099
200143;08220520121600716340;08;1;25;102;2022;05;07;6;3;9;1;0;0;1;0;0;0;0;0;522192,933885476028081;5445614,137877989560366;9,304414857000040;49,162942055000002
200146;08220603435100785870;08;4;35;016;2022;06;13;6;2;5;3;0;0;1;1;0;0;0;0;536122,389644086943008;5283368,329254879616201;9,481484131000061;47,702687766000103
200147;08220526335400747990;08;3;35;098;2022;05;17;5;3;0;7;0;0;1;0;0;0;0;1;503636,429858251009136;5293308,709955220110714;9,048554848000039;47,793127024000100
200150;08220530116500760330;08;1;16;049;2022;05;20;2;3;0;7;1;0;1;1;0;0;0;0;524245,072458486014511;5385448,722267610020936;9,328992578000051;48,621638277000002
200151;08220518221011716150;08;2;26;018;2022;05;12;4;3;5;3;0;0;1;1;0;0;0;0;473469,126000002026558;5472081,501999549567699;8,634327755000070;49,400843620000003
200153;08220603118300828040;08;1;18;046;2022;06;07;6;3;5;3;0;0;1;1;0;0;0;0;513144,532999999995809;5411443,285999529995024;9,179194596000061;48,855816678000103
200156;08220531317300739670;08;3;17;065;2022;05;15;3;3;5;3;0;0;1;1;0;0;0;0;416120,547853049007244;5354632,080357650294900;7,868092329000040;48,339299236000002
200157;08220525231102719390;08;2;36;046;2022;05;15;4;2;5;3;0;0;1;1;0;0;0;0;485812,845340460014995;5416515,037514479830861;8,806415828000070;48,901417948000102
200158;08220528327200753420;08;3;27;049;2022;05;18;7;3;5;3;0;0;1;1;0;0;0;0;473317,093876258993987;5324252,430395090021193;8,641806806000030;48,070988749999998
200159;08220603222014774630;08;2;22;000;2022;06;16;6;1;5;3;0;0;1;0;0;0;0;1;462169,805835433013272;5486205,707653280347586;8,477246358000061;49,527286635000102
200160;08220520421300701490;08;4;25;141;2022;05;19;6;3;5;3;0;0;1;1;0;0;0;0;568341,452069833991118;5362764,454057809896767;9,923584622000019;48,414325446000099
200162;08220525222200748590;08;2;22;000;2022;05;13;4;3;1;5;0;0;1;1;0;0;0;0;461982,995979927014560;5481978,083456739783287;8,475072082000050;49,489249820000097
200163;08220602335100767050;08;3;35;043;2022;06;11;5;3;0;1;0;0;1;0;0;0;0;0;513152,758887385018170;5278855,145685140043497;9,175183091000060;47,662955943999997
200166;08220531226300758240;08;2;26;056;2022;05;07;3;3;5;3;0;0;1;1;0;0;0;0;485610,426620865007862;5471714,060286129824817;8,801681834000020;49,397946634000000
200167;08220601222700766610;08;2;22;000;2022;06;08;4;3;4;6;0;0;1;0;0;0;0;0;462065,322000000975095;5481475,083999549970031;8,476257032000030;49,484730755000001
200173;08220524136200745980;08;1;36;019;2022;05;13;3;3;5;3;0;0;1;1;0;0;0;0;581658,418951997999102;5425445,272681569680572;10,115913935000000;48,976517085000097
200174;08220605128100794380;08;1;28;020;2022;06;15;1;3;6;4;0;0;0;1;1;0;0;0;574707,009256739984266;5480061,615974959917367;10,031105862000100;49,468606520999998
200175;08220526117200865960;08;1;17;033;2022;05;15;5;2;1;5;0;0;1;0;0;0;0;1;558470,844010123051703;5387812,999218850396574;9,793718524000040;48,640642877000097
200176;08220530311010747790;08;3;11;000;2022;05;18;2;3;3;2;0;0;1;1;0;0;0;0;414101,393609478021972;5316097,955629680305719;7,848635638000080;47,992409790000103
200177;08220518317010723460;08;3;17;034;2022;05;19;4;1;9;7;0;0;1;0;0;0;0;0;427965,987968979985453;5361210,024822399951518;8,026787281000050;48,399931639000002
200178;08220519118000732730;08;1;18;079;2022;05;16;5;2;1;5;0;0;1;1;0;0;0;0;509450,613334578985814;5422950,949904739856720;9,129103314000080;48,959403880000103
200179;08220606326400772500;08;3;26;074;2022;06;19;2;3;6;4;0;0;0;1;1;0;0;0;460118,993000001006294;5322857,974999500438571;8,464771346000020;48,057754402000100
200180;08220531111210755880;08;1;11;000;2022;05;15;3;3;1;5;0;0;1;1;0;0;0;0;508420,586000000999775;5397804,728999519720674;9,114515350000030;48,733207403000101
200182;08220527317300753730;08;3;17;026;2022;05;19;6;3;6;4;0;0;0;0;1;1;0;0;411724,468905618996359;5346068,824576199986041;7,810573569000040;48,261675733000096
200183;08220521317200727630;08;3;17;057;2022;05;22;7;3;0;7;2;0;1;0;0;0;0;0;413334,209720485028811;5380132,771490859799087;7,825220038000050;48,568291375000101
200184;08220604226400786130;08;2;26;063;2022;06;08;7;3;6;4;0;0;0;0;1;0;0;1;470642,713967906020116;5471006,937275350093842;8,595451982000039;49,391048394999999
200185;08220518421200711540;08;4;21;000;2022;05;17;4;2;6;7;0;0;0;1;1;0;0;0;574469,950000007986091;5362125,853999510407448;10,006280676000101;48,407886617000003
200188;08220526215302721630;08;2;15;094;2022;05;19;5;3;3;6;0;0;1;1;0;0;0;0;486280,797090172010940;5439508,552497410215437;8,812024099000039;49,108268049000102
200192;08220520121500701110;08;1;25;065;2022;05;08;6;2;0;7;0;0;1;0;0;0;0;0;520385,240031126013491;5450770,211020749993622;9,279880971000070;49,209384757000102
200196;08220603435200788640;08;4;35;066;2022;06;16;6;3;0;6;0;1;1;1;0;0;0;0;518837,812168431002647;5286900,396561889909208;9,251249865000030;47,735203096000099
200197;08220523231302743110;08;2;31;000;2022;05;16;2;3;0;7;0;0;1;0;0;1;0;0;478079,037945884978399;5415573,698724459856749;8,700939540000039;48,892724573000102
200201;08220518121200979440;08;1;21;000;2022;05;18;4;3;6;4;0;0;1;0;1;0;0;0;515526,645072626008186;5442959,582082309760153;9,212873532000060;49,139268325000003
200202;08220601416100781360;08;4;16;036;2022;06;17;4;3;5;7;0;0;1;1;0;0;0;0;494647,048665929003619;5368346,761530320160091;8,927582571000070;48,468230492000004
200203;08220603117010855540;08;1;17;007;2022;06;15;6;3;5;3;0;0;1;0;0;0;0;1;558746,270000001997687;5383403,445999519899487;9,796832328000050;48,600951625000100
200205;08220608121100777130;08;1;25;026;2022;06;15;4;3;0;7;0;0;1;0;0;0;0;0;493341,228963947971351;5442567,764480849727988;8,908713068000051;49,135903911000099
200206;08220601115200767690;08;1;15;053;2022;06;14;4;2;5;3;0;0;1;1;0;0;0;0;484796,567307788995095;5380081,785345819778740;8,793893033000071;48,573641410999997
200207;08220525316200759960;08;3;16;056;2022;05;15;4;2;5;3;0;0;1;1;0;0;0;0;422569,091967944987118;5327322,476085499860346;7,960083694000050;48,094462973000098
200209;08220603231000783160;08;2;37;028;2022;06;14;6;3;0;1;0;0;1;1;0;0;0;0;456323,493492796027567;5369358,957352389581501;8,409032542000030;48,475842280000101
200210;08220520336100720360;08;3;36;050;2022;05;17;6;3;0;1;0;0;1;0;0;0;0;0;399553,282904598978348;5273931,124303120188415;7,663453724000020;47,610998070000100
200211;08220522426100708260;08;4;26;043;2022;05;13;1;3;5;3;0;0;1;1;0;0;0;0;572662,333084132056683;5323984,444766799919307;9,975315307000070;48,064996528000101
200213;08220602231000868460;08;2;31;000;2022;06;12;5;2;0;1;0;0;1;0;0;0;0;0;477502,828520276991185;5416039,751974919810891;8,693052955000040;48,896896372000100
200214;08220519117300700660;08;1;17;026;2022;05;14;5;3;6;4;0;0;0;1;1;0;0;0;548112,304000001982786;5394162,301999519579113;9,653854592000069;48,698641438999999
200215;08220606226700781410;08;2;26;095;2022;06;11;2;3;5;3;0;0;1;1;0;0;0;0;473934,377865110989660;5461807,864361899904907;8,641412552000080;49,308453538000002
200216;08220531128300749250;08;1;28;131;2022;05;13;3;3;6;4;0;0;0;1;1;0;0;0;536993,451925889006816;5511879,373421340249479;9,513615059000070;49,758253682000003
200217;08220601317500779470;08;3;17;096;2022;06;07;4;3;5;2;0;0;1;1;0;0;0;0;422846,948860117001459;5368540,270745269954205;7,956288578000060;48,465261591000100
200218;08220528215402726760;08;2;15;009;2022;05;09;7;3;5;3;0;0;1;1;0;0;0;0;467962,902132285991684;5438176,312088030390441;8,561149660000069;49,095602808000102
200219;08220520222400864120;08;2;26;028;2022;05;12;6;2;0;5;0;0;1;1;0;0;0;0;471708,670182357018348;5484354,810613489709795;8,609187344000080;49,511158991999999
200220;08220521325069731150;08;3;26;074;2022;05;13;7;2;5;3;0;0;1;1;0;0;0;0;464731,246909259993117;5322865,851132299751043;8,526667766000060;48,058096923000100
200221;08220524221011743440;08;2;26;098;2022;05;08;3;3;2;6;0;1;1;1;0;0;0;0;476650,950578254007269;5459924,672860720194876;8,678894146000060;49,291624136000102
200222;08220604417200789490;08;4;17;002;2022;06;13;7;3;0;1;0;0;1;0;0;0;0;0;488619,510167111002374;5346147,913618899881840;8,846640024000070;48,268436684999998
200225;08220605127202794990;08;1;27;008;2022;06;18;1;3;8;1;0;0;1;0;0;0;0;0;567977,944170810980722;5462465,459156249649823;9,935235714000040;49,311140748000099
200226;08220526212702859780;08;2;15;108;2022;05;14;5;3;3;6;0;0;1;0;0;0;0;0;448443,999385243980214;5423215,127062080428004;8,295695191000050;48,959702540000102
200227;08220530335300749550;08;3;35;022;2022;05;18;2;2;0;1;0;0;1;0;0;0;0;0;482564,217000000993721;5300566,990999500267208;8,766900242000080;47,858206778000103
200229;08220527118000754200;08;1;15;003;2022;05;10;6;2;9;1;0;0;1;1;0;0;0;0;501744,987752888991963;5392518,623546440154314;9,023708549000050;48,685707678000000
200232;08220601212010768630;08;2;15;105;2022;06;17;4;3;0;7;0;0;1;0;0;0;0;0;456827,545942318974994;5441035,549810210242867;8,408317083000041;49,120640930999997
200234;08220523136300711620;08;1;36;065;2022;05;16;2;3;6;4;0;0;0;1;1;0;0;0;558712,153329996042885;5405656,084791259840131;9,799533832000071;48,801122027000098
200235;08220609221400779100;08;2;21;000;2022;06;18;5;3;3;2;0;0;1;1;0;0;0;0;476938,664099039975554;5469564,364043939858675;8,682293244000050;49,378343639999997
200236;08220529421200753580;08;4;21;000;2022;05;00;1;3;5;3;2;0;1;1;0;0;0;0;574205,281723408028483;5361217,319776480086148;10,002544260000001;48,399745414000101
200237;08220603212010776840;08;2;12;000;2022;06;18;6;3;5;7;0;0;1;1;0;0;0;0;453762,438071187003516;5425383,693973449990153;8,368098853000051;48,979629744000100
200238;08220521136100732970;08;1;36;045;2022;05;11;7;3;5;3;0;0;1;1;0;0;0;0;592588,190730547998101;5405266,715137049555779;10,260669822000100;48,793497778000102
200240;08220602212010779610;08;2;15;105;2022;06;09;5;3;5;3;0;0;1;1;0;0;0;0;457702,122850304003805;5442735,986509609967470;8,420124250000070;49,135997086000003
200241;08220602435100783340;08;4;35;016;2022;06;13;5;3;2;6;0;0;1;0;0;0;0;1;534788,841910226037726;5278660,308709809556603;9,463334330000070;47,660401055000101
200242;08220519311200729100;08;3;11;000;2022;05;18;5;3;0;2;0;0;1;0;0;0;0;0;413855,447137122973800;5316239,643864139914513;7,845311285000040;47,993651241000101
200243;08220607118400783050;08;1;18;048;2022;06;10;3;3;5;7;0;0;1;1;0;0;0;0;515186,107317672984209;5415573,855603310279548;9,207179830000030;48,892927655000101
200245;08220602221011767290;08;2;21;000;2022;06;18;5;3;5;3;0;0;1;1;0;0;0;0;477450,861608022009023;5470827,484562830068171;8,689277838000070;49,389724436999998
200246;08220527222500725520;08;2;22;000;2022;05;17;6;3;5;3;0;0;1;1;0;0;0;0;461394,015374217007775;5480361,331492619588971;8,467097812000080;49,474670801999999
200250;08220601121200766740;08;1;21;000;2022;06;13;4;3;6;7;0;0;0;0;1;0;0;1;516140,389506236999296;5443467,710456729866564;9,221308383000061;49,143823286000000
200251;08220603421200773380;08;4;21;000;2022;06;11;6;3;0;7;0;0;1;1;0;0;0;0;573175,054939266992733;5361172,805407890118659;9,988619878000071;48,399465425000102
200252;08220523212502758290;08;2;12;000;2022;05;19;2;3;5;3;0;0;1;1;0;0;0;0;451573,319230469001923;5426863,632080930285156;8,338007194000060;48,992774107000102
200253;08220609221200830260;08;2;21;000;2022;06;10;5;3;0;7;0;1;1;0;0;0;0;1;477148,757043902995065;5471828,181517289951444;8,685057424000041;49,398714306000002
200254;08220529225200759740;08;2;25;109;2022;05;09;1;3;2;6;0;0;1;0;0;0;0;0;526130,049592472962104;5493149,504285709932446;9,361541037000050;49,590360524000097
200257;08220518212010736090;08;2;12;000;2022;05;21;4;3;5;3;1;0;1;1;0;0;0;0;453776,227006239991169;5428539,684830930083990;8,367928229000031;49,008019161000000
200258;08220602216100768220;08;2;16;023;2022;06;19;5;3;7;7;0;0;1;0;0;0;0;0;437642,350763945025392;5407690,066930220462382;8,150518827000040;48,819062531999997
200260;08220519316200697590;08;3;16;045;2022;05;07;5;3;0;1;0;0;1;0;0;0;0;0;414510,275598166976124;5324524,331970869563520;7,852433266000050;48,068262666000102
200261;08220608111500775470;08;1;11;000;2022;06;13;4;3;6;4;0;0;1;1;1;0;0;0;512372,666277363023255;5408832,057231030426919;9,168593203000061;48,832342402000101
200262;08220531337010736810;08;3;37;118;2022;05;14;3;2;6;6;0;0;0;1;1;0;0;0;443282,263892231974751;5279970,027078200131655;8,244457337000030;47,670633453999997
200266;08220522121600720560;08;1;25;098;2022;05;11;1;3;0;1;0;0;1;0;0;0;0;0;519408,016181183978915;5438813,411722119897604;9,265887944000040;49,101861783000103
200267;08220525116010755820;08;1;16;015;2022;05;15;4;2;5;2;0;0;1;1;0;0;0;0;524096,408225858001970;5393543,135688159614801;9,327446596000071;48,694461413000099
200269;08220519215502697240;08;2;15;102;2022;05;07;5;3;5;3;0;0;1;1;0;0;0;0;456648,934031879005488;5438066,971154159866273;8,406188064000050;49,093926101000100
200270;08220606335200780830;08;3;35;098;2022;06;21;2;3;0;1;2;1;1;0;0;0;0;0;502206,031738061981741;5294564,691858509555459;9,029462078000050;47,804434215000100
200271;08220526117200739560;08;1;17;006;2022;05;10;5;3;5;3;0;0;1;1;0;0;0;0;551379,542659939965233;5381703,467390820384026;9,696708259000051;48,586307331000100
200274;08220528119200742600;08;1;19;093;2022;05;16;7;3;0;7;0;0;1;0;0;0;0;0;525110,929653260041960;5404094,924192179925740;9,341875872000060;48,789343832000000
200275;08220521336400743280;08;3;36;091;2022;05;19;7;2;5;3;0;0;1;1;0;0;0;0;396647,608348075998947;5271626,333531679585576;7,625345360000040;47,589809045999999
200277;08220604336200770000;08;3;36;069;2022;06;14;7;3;1;5;0;0;1;1;0;0;0;0;408575,551247653027531;5268218,535611979663372;7,784665260000050;47,560944481000000
200278;08220523212010713020;08;2;12;000;2022;05;09;2;2;6;4;0;0;0;1;1;0;0;0;455694,479528489988297;5428530,348222229629755;8,394158192000020;49,008075879000003
200279;08220609216100805570;08;2;16;043;2022;06;18;5;3;0;3;0;0;1;0;0;0;0;1;441445,548437491001096;5412058,918086689896882;8,201699050000061;48,858730451000000
200282;08220527111230792270;08;1;11;000;2022;05;12;6;3;0;7;0;0;1;0;0;0;0;0;510991,408501747995615;5396866,529093150049448;9,149452002000031;48,724727299000101
200283;08220520136200733010;08;1;36;019;2022;05;13;6;3;4;6;0;0;1;1;0;0;0;0;581259,247642896021716;5422711,386048080399632;10,109914210000101;48,951981189000001
200286;08220525221011745490;08;2;21;000;2022;05;12;4;3;1;5;0;0;1;1;0;0;0;0;477301,355521759018302;5472880,855675850063562;8,687100387000040;49,408188662999997
200287;08220530116010736370;08;1;16;015;2022;05;18;2;3;5;3;0;0;1;1;0;0;0;0;524008,800999999977648;5394444,234999519772828;9,326308509000061;48,702571029000097
200288;08220603221011784850;08;2;21;000;2022;06;11;6;3;5;3;0;0;1;1;0;0;0;0;477003,382030136010144;5472946,263109819963574;8,682989116000041;49,408765803999998
200295;08220526226700749260;08;2;26;041;2022;05;17;5;3;0;1;0;0;1;0;0;0;0;0;477034,315375517995562;5465442,939180140383542;8,683848708000030;49,341275383000003
200298;08220529119200729860;08;1;19;020;2022;05;20;1;3;5;2;0;0;1;1;0;0;0;0;520808,218657717981841;5407071,157195369713008;9,283447738000060;48,816276338000101
200301;08220525116010752760;08;1;16;049;2022;05;17;4;2;5;2;0;0;1;1;0;0;0;0;525291,782856603967957;5385449,236813089810312;9,343195645000041;48,621601458999997
200302;08220604335100770660;08;3;35;066;2022;06;18;7;2;9;1;0;0;1;0;0;0;0;0;504437,552649693971034;5281912,823948070406914;9,059135472000040;47,690586502000002
200303;08220519116200981510;08;1;16;077;2022;05;07;5;3;5;3;0;0;0;1;1;0;0;0;515880,392257330007851;5389031,400967690162361;9,215626748000030;48,654136780000002
200307;08220530222700757620;08;2;22;000;2022;05;15;2;3;6;4;0;0;0;1;1;0;0;0;461754,215271421009675;5482229,405534010380507;8,471888966000050;49,491495950999997
200308;08220528121200750930;08;1;21;000;2022;05;06;7;3;6;4;0;0;0;0;1;0;0;1;515451,116138026001863;5442863,218311520293355;9,211834328000069;49,138403405000098
200311;08220523128200743420;08;1;28;115;2022;05;19;2;3;5;3;0;0;1;1;0;0;0;0;547838,819164257030934;5496937,532601900398731;9,662353383000040;49,623102455000001
200312;08220602311010854220;08;3;11;000;2022;06;08;5;3;5;2;0;0;1;0;0;0;0;1;414439,591463437012862;5319433,082485180348158;7,852502452000070;48,022455831999999
200314;08220606121100784110;08;1;25;026;2022;06;13;2;3;6;7;0;0;0;1;1;0;0;0;492978,085987071972340;5442187,278176270425320;8,903741275000071;49,132477244000000
200316;08220530435100981910;08;4;35;029;2022;05;17;2;2;3;6;0;0;1;1;0;0;0;0;544888,747779930010438;5275799,687292570248246;9,597549340000061;47,634041279000002
200317;08220601327200792320;08;3;27;046;2022;06;07;4;2;2;2;0;0;1;0;0;0;1;0;480863,418487878981978;5324435,767171050421894;8,743099721000020;48,072909357000100
200319;08220520226400701390;08;2;26;062;2022;05;08;6;2;4;6;0;0;1;0;0;0;0;0;469752,869089037994854;5467794,522509960457683;8,583434395000040;49,362109848000003
200322;08220524421300746740;08;4;21;000;2022;05;08;3;3;0;3;0;1;1;1;0;0;0;0;571675,604712732951157;5359732,183227510191500;9,968118948000040;48,386678889000102
200326;08220530311010733030;08;3;11;000;2022;05;15;2;3;5;3;0;0;1;1;0;0;0;0;414758,602892655006144;5317475,360848920419812;7,857169252000060;48,004888046000097
200327;08220517435200696950;08;4;35;018;2022;05;11;3;3;0;6;0;0;1;1;0;0;0;0;523774,455894707003608;5280281,477179490029812;9,316730585000069;47,675486247000002
200329;08220520216100721180;08;2;16;043;2022;05;15;6;3;0;1;0;0;1;0;0;0;0;0;442020,318241904024035;5413298,072626399807632;8,209358806000070;48,869930597000099