OBJECTID;UIDENTSTLAE;ULAND;UREGBEZ;UKREIS;UGEMEINDE;UJAHR;UMONAT;USTUNDE;UWOCHENTAG;UKATEGORIE;UART;UTYP1;ULICHTVERH;IstStrassenzustand;IstRad;IstPKW;IstFuss;IstKrad;IstGkfz;IstSonstige;LINREFX;LINREFY;XGCSWGS84;YGCSWGS84
200330;08220607311010796300;08;3;11;000;2022;06;16;3;3;0;3;0;0;1;1;0;0;0;0;414952,041605124017224;5317752,107175559736788;7,859707273000030;48,007403257000099
200331;08220601117300807950;08;1;17;026;2022;06;17;4;3;6;6;0;0;0;1;1;0;0;0;550677,231599517050199;5392680,688481549732387;9,688528089000039;48,685110571000102
200334;08220603221300770530;08;2;21;000;2022;06;06;6;3;6;4;0;0;1;0;1;0;0;0;476426,692577691981569;5474140,691207000054419;8,674968587000020;49,419487406000002
200336;08220522335300724270;08;3;35;075;2022;05;20;1;3;0;7;0;0;1;0;0;0;0;0;487865,643146675021853;5290385,126242879778147;8,838059954000069;47,766718009999998
200338;08220602222014784930;08;2;22;000;2022;06;12;5;2;5;5;0;0;1;1;0;0;0;0;464198,731195095984731;5480654,187551979906857;8,505784952000059;49,477476783000000
200340;08220607212010796500;08;2;12;000;2022;06;12;3;3;5;3;0;0;1;1;0;0;0;0;455468,794963649008423;5428146,334952759556472;8,391114441000070;49,004605398000102
200341;08220531116100762580;08;1;16;019;2022;05;08;3;3;4;6;0;0;1;0;0;0;0;0;520335,404671869007871;5399499,677291059866548;9,276632613000061;48,748180075000100
200342;08220601216100771850;08;2;16;009;2022;06;16;4;3;5;7;0;0;1;1;0;0;0;0;447044,162785088992678;5420911,030657160095870;8,276873219000040;48,938858908999997
200343;08220527415200735950;08;4;15;053;2022;05;11;6;3;5;3;0;0;1;1;0;0;0;0;536350,644771374994889;5361959,147848620079458;9,491206338000040;48,409738668000003
200344;08220521436200751320;08;4;36;064;2022;05;17;7;3;1;5;0;0;1;1;0;0;0;0;545961,580988622969016;5292077,316836359910667;9,613546189000029;47,780418011000101
200345;08220525215402718730;08;2;15;009;2022;05;07;4;3;0;7;0;0;1;0;0;0;0;0;469744,974051247001626;5440915,316185469739139;8,585354879000020;49,120330948000102
200346;08220604221200782760;08;2;21;000;2022;06;22;7;3;1;5;1;0;1;1;0;0;0;0;477458,845765569014475;5472919,470820269547403;8,689269156000019;49,408541854000099
200349;08220605115100782260;08;1;15;003;2022;06;16;1;3;0;7;0;0;1;0;0;0;0;0;501285,144063226995058;5391298,339893830008805;9,017457017000030;48,674730979000103
200350;08220525435200740950;08;4;35;059;2022;05;21;4;3;1;1;1;0;1;1;0;0;0;0;512798,422296877019107;5289845,841109279543161;9,170786462000020;47,761852937000100
200351;08220530311010764780;08;3;11;000;2022;05;08;2;3;5;3;0;0;1;0;0;0;0;1;410044,487999983015470;5318706,581999500282109;7,793722992000030;48,015317021000001
200352;08220527111230765940;08;1;11;000;2022;05;16;6;3;0;7;0;0;1;0;0;0;0;0;508760,318513015983626;5397836,144726430065930;9,119136183000020;48,733485336000101
200354;08220608226700775300;08;2;26;098;2022;06;11;4;3;5;3;0;0;1;1;0;0;0;0;476651,916000000026543;5459585,695999540388584;8,678927224000059;49,288575068999997
200355;08220524311010765680;08;3;11;000;2022;05;14;3;3;5;3;0;0;1;0;0;0;0;0;412067,276268983026966;5316666,892677869647741;7,821260151000050;47,997251056000003
200356;08220603416100769810;08;4;16;006;2022;06;18;6;2;4;7;0;0;1;0;1;0;0;0;498792,292534586973488;5358894,966011970303953;8,983688749000070;48,383218872000000
200357;08220523311010743960;08;3;11;000;2022;05;11;2;3;0;7;0;0;1;0;0;0;0;0;415119,737650560971815;5315375,247951259836555;7,862425369000050;47,986044714000101
200359;08220530118400746870;08;1;18;048;2022;05;09;2;2;0;7;0;0;1;0;0;0;0;0;513341,673073945974465;5415785,746606430038810;9,182023790000070;48,894876232000101
200360;08220518116500856010;08;1;16;008;2022;05;13;4;3;4;6;0;0;1;0;0;0;0;0;519007,362531131017022;5380441,373639790341258;9,257691301000021;48,576772486000003
200361;08220602117300766890;08;1;17;026;2022;06;07;5;3;5;3;0;0;1;1;0;0;0;0;546451,346000000950880;5395134,562999520450830;9,631392732000050;48,707513335000002
200362;08220603111500786690;08;1;11;000;2022;06;13;6;3;6;4;0;0;0;0;1;0;0;1;511448,377435114991385;5402465,476508859544992;9,155821122000081;48,775087065999998
200363;08220607212702293110;08;2;15;017;2022;06;06;3;3;4;6;0;0;1;0;0;0;0;0;456556,722999999998137;5422038,394999530166388;8,406641589000060;48,949740984000101
200364;08220531235100762820;08;2;35;085;2022;05;18;3;3;5;3;0;0;1;1;0;0;0;0;479857,277209130988922;5398408,048710149712861;8,726041882000059;48,738366137000099
200366;08220620117100807670;08;1;17;049;2022;06;19;2;3;1;4;0;0;0;1;1;0;0;0;554494,667794125969522;5391559,762357519939542;9,740241700000070;48,674705795000101
200367;08220630226500841280;08;2;26;085;2022;06;12;5;3;5;5;0;0;1;0;0;0;0;1;490814,159751549013890;5455589,707956640049815;8,873771151000030;49,253007484000101
200368;08220623226300842230;08;2;26;056;2022;06;16;5;3;5;3;0;0;1;1;0;0;0;0;485600,200785236025695;5469826,373281650245190;8,801609289000060;49,380966737000101
200369;08220612426010797190;08;4;26;070;2022;06;19;1;3;4;6;0;0;1;0;0;0;0;1;565952,046000004047528;5342765,059999509714544;9,888168435000070;48,234673725000100
200371;08220625221200849550;08;2;21;000;2022;06;16;7;3;0;1;0;0;1;0;0;0;0;0;479463,385533438995481;5470097,295318730175495;8,717047322000040;49,383227659000099
200372;08220610311010833850;08;3;11;000;2022;06;22;6;2;0;7;2;0;1;0;0;0;0;0;413788,464227914984804;5317563,797220549546182;7,844147561000060;48,005553443000103
200373;08220627436500831530;08;4;36;055;2022;06;14;2;2;4;6;0;0;1;0;0;0;0;1;578139,057274044025689;5291838,659754769876599;10,042985514000099;47,775171628000102
200375;08220614435100963380;08;4;35;016;2022;06;07;3;3;5;3;0;0;1;1;0;0;0;0;537541,532612125040032;5278556,098621989600360;9,499985633000049;47,659309534000002
200376;08220622415100842480;08;4;15;014;2022;06;18;4;3;5;3;0;0;1;0;0;0;0;1;525451,354480416048318;5375510,527162159793079;9,344752426000070;48,532185192000000
200377;08220611337200844270;08;3;37;065;2022;06;22;7;3;0;7;1;0;1;0;0;0;0;0;447629,072083447012119;5275607,825633619911969;8,302879511000070;47,631753093999997
200378;08220629212402847850;08;2;12;000;2022;06;20;4;3;1;5;0;0;1;1;0;0;0;0;455213,356490433972795;5428106,748353529721498;8,387626345000060;49,004230829000100
200380;08220621416200807630;08;4;16;011;2022;06;06;3;2;5;3;0;0;1;1;0;0;0;0;504111,708630215027370;5365968,902622920460999;9,055601915000070;48,446847511999998
200381;08220618435200828190;08;4;35;059;2022;06;09;7;2;5;3;0;0;1;1;0;0;0;0;513518,219808634021319;5290242,842767770402133;9,180403985000050;47,765410271000100
200382;08220614115400070620;08;1;15;045;2022;06;13;3;3;6;7;0;0;1;0;1;0;0;0;499997,537136150989681;5395060,323148819617927;8,999966523000070;48,708575480000000
200383;08220615311010823560;08;3;11;000;2022;06;17;4;3;4;2;0;0;1;1;0;0;0;0;413099,037599702016450;5316614,659542979672551;7,835098531000030;47,996922277000102
200384;08220625421300821520;08;4;21;000;2022;06;10;7;3;0;7;0;0;0;0;1;0;0;1;567670,459365874994546;5360126,986350280232728;9,914092620000080;48,390672772000102
200388;08220624117010819040;08;1;17;017;2022;06;18;6;3;5;3;0;1;1;1;0;0;0;0;546714,954000002006069;5388903,133999519981444;9,634271425000071;48,651438409000001
200389;08220621118100837390;08;1;18;079;2022;06;11;3;3;5;3;0;0;1;1;0;0;0;0;507837,495346842973959;5421463,369824830442667;9,107038181000060;48,946044649999997
200390;08220701115200888720;08;1;15;015;2022;07;08;6;3;6;7;0;1;0;1;1;0;0;0;492633,549926952982787;5387089,664531519636512;8,900011298000040;48,636827001000000
200391;08220617335100065760;08;3;35;043;2022;06;09;6;3;6;7;0;0;0;1;1;0;0;0;513898,442992439027876;5280480,530179830268025;9,185166613000041;47,677565006000101
200392;08220616311010796980;08;3;36;050;2022;06;16;5;2;0;5;0;0;1;1;0;0;0;0;399313,249034687003586;5272929,399087280035019;7,660490842000060;47,601949955000102
200393;08220613415400790100;08;4;15;087;2022;06;15;2;3;0;7;0;0;1;0;0;0;0;0;513427,700300001015421;5381559,419999520294368;9,182081932000070;48,586975123000101
200394;08220625127100823610;08;1;27;076;2022;06;15;7;3;4;3;0;0;1;1;0;0;0;0;553554,249742032028735;5440398,654860660433769;9,733870915000070;49,114095433000003
200395;08220610216100781150;08;2;16;043;2022;06;15;6;3;5;3;0;0;1;1;0;0;0;0;441546,392025145993102;5412126,787781910039485;8,203064068000060;48,859350447000097
200396;08220617222600970600;08;2;22;000;2022;06;15;6;3;1;3;0;0;1;1;0;0;0;0;461907,140622577979229;5483142,449684089981019;8,473912499000051;49,499717912000101
200397;08220628136300845440;08;1;36;028;2022;06;16;3;3;5;3;0;0;1;1;0;0;0;0;566801,336862558964640;5405110,614653640426695;9,909588845000030;48,795398975000097
200398;08220620126200806590;08;1;26;085;2022;06;15;2;3;1;5;0;0;1;1;0;0;0;0;546298,826147589017637;5447907,422797709703445;9,635317434000060;49,182224707000003
200399;08220615121200820580;08;1;21;000;2022;06;20;4;3;6;7;0;0;0;1;1;0;0;0;516172,043153211008757;5443384,456088470295072;9,221739056000050;49,143073554000097
200400;08220630317100848140;08;3;17;001;2022;06;07;5;3;1;6;0;0;1;1;0;0;0;0;431323,797545409004670;5387045,226761859841645;8,067892733000059;48,632698904000101
200401;08220617119200798870;08;1;19;093;2022;06;15;6;3;4;6;0;0;1;1;0;0;0;0;523409,448822777019814;5405771,615321240387857;9,318806803000030;48,804493383000100
200402;08220623417200817070;08;4;17;002;2022;06;16;5;3;6;4;0;0;1;0;1;0;0;0;488970,073307912971359;5346968,581777280196548;8,851342674000019;48,275826217000002
200403;08220612212102785700;08;2;15;090;2022;06;12;1;3;5;3;0;0;1;1;0;0;0;0;465021,910516719974112;5434042,952708910219371;8,521222289000040;49,058262311000099
200405;08220624317300818190;08;3;17;150;2022;06;13;6;3;2;6;0;0;1;1;0;0;0;0;409473,877980945981108;5356916,921729830093682;7,777928205000020;48,358932990000000
200406;08220610115100848880;08;1;15;003;2022;06;10;6;2;6;4;0;0;1;0;1;0;0;0;501144,862000001012348;5392525,599999519996345;9,015554866000061;48,685771828999997
200407;08220627311010853970;08;3;11;000;2022;06;17;2;3;0;7;0;0;1;0;0;0;0;1;414253,065654441015795;5315591,513331689871848;7,850769351000050;47,987874499999997
200408;08220620111500844060;08;1;11;000;2022;06;02;2;3;1;7;2;0;1;1;0;0;0;0;512875,312120640999638;5403313,932076989673078;9,175269270000060;48,782691812000103
200409;08220615116100866490;08;1;16;058;2022;06;17;4;3;5;3;0;0;1;1;0;0;0;0;533427,715091358055361;5395575,188346720300615;9,454410874000081;48,712311188999998
200411;08220623111250910080;08;1;11;000;2022;06;17;5;2;5;3;0;0;1;0;0;0;0;1;515965,315626131021418;5403468,102278940379620;9,217338626000069;48,784007072000101
200412;08220612135200787300;08;1;35;032;2022;06;12;1;3;0;1;0;0;1;0;0;0;0;0;572813,593989645014517;5391973,376702159643173;9,989120343000019;48,676558614000001
200413;08220629117300867590;08;1;17;026;2022;06;16;4;3;0;1;0;0;1;0;0;0;0;0;547088,133000002009794;5394904,873999520204961;9,640021536000059;48,705399409000101
200414;08220624212000840290;08;2;12;000;2022;06;15;6;3;0;1;0;0;1;0;0;0;0;0;456878,705408948007971;5427925,400589349679649;8,410414850000050;49,002718180000002
200415;08220621415100841300;08;4;15;062;2022;06;19;3;2;5;3;0;0;1;0;0;0;0;0;519813,799907112028450;5378756,782703979872167;9,268544152000061;48,561592595000000
200416;08220618119200860700;08;1;19;020;2022;06;11;7;3;6;4;0;0;0;1;1;0;0;0;520276,333935290982481;5406595,337795579805970;9,276179027000071;48,812013546999999
200419;08220626311010835940;08;3;11;000;2022;06;01;1;3;0;7;2;0;1;1;0;0;0;0;412359,150131282978691;5317611,399930560030043;7,824978921000020;48,005787251000100
200422;08220628128100832270;08;1;28;007;2022;06;17;3;3;0;7;0;0;1;0;0;0;0;0;555634,854236716986634;5482991,271520400419831;9,768313407000051;49,497002940000101
200424;08220623118600816830;08;1;18;073;2022;06;13;5;3;6;7;0;0;0;1;1;0;0;0;497073,440000000991859;5419923,792999530211091;8,960042432000019;48,932237800999999
200425;08220611222200783900;08;2;22;000;2022;06;17;7;3;6;4;0;0;0;1;1;0;0;0;461415,488213015021756;5482081,143106419593096;8,467226391000050;49,490140965000101
200427;08220624311010829850;08;3;11;000;2022;06;10;6;3;0;7;0;0;1;0;0;0;0;0;414602,625999987008981;5317818,954999499954283;7,855010089000070;48,007957985000097
200428;08220621325000830640;08;3;26;060;2022;06;08;3;1;8;1;0;0;1;0;0;0;0;0;446764,582719983998686;5331152,450042130425572;8,284524742000031;48,131399704000003
200429;08220618121200835470;08;1;21;000;2022;06;16;7;3;8;1;0;0;1;0;0;0;0;0;519218,310491518990602;5442227,206240230239928;9,263451609000070;49,132575974000098
200430;08220614215402789930;08;2;15;021;2022;06;07;3;2;5;3;0;0;1;0;0;0;0;1;469211,894181390001904;5445117,838654880411923;8,577728193000040;49,158106816000000
200431;08220616111320817460;08;1;11;000;2022;06;01;5;3;0;7;2;0;1;0;0;0;0;0;515604,193263288994785;5405870,226367030292749;9,212513891000070;48,805625448000100
200432;08220625317000832360;08;3;17;065;2022;06;08;7;2;0;7;0;0;1;0;0;0;0;0;414719,289467759022955;5354627,060598890297115;7,849188057000050;48,339066479000103
200433;08220622212010839470;08;2;12;000;2022;06;19;4;3;4;6;0;0;1;1;0;0;0;0;455521,151100445014890;5428750,934730379842222;8,391764038000080;49,010047606999997
200438;08220616127100809420;08;1;27;079;2022;06;17;5;3;2;6;0;0;1;0;0;0;0;0;562656,348242477048188;5421742,289993789978325;9,855703538000061;48,945429402000102
200441;08220610136100795120;08;1;36;088;2022;06;18;6;3;0;7;0;0;1;0;0;0;0;0;582332,577800302999094;5408001,191351509653032;10,121608713000100;48,819534755000099
200442;08220627416010829370;08;4;15;061;2022;06;16;2;3;0;7;0;0;1;1;0;0;0;0;516268,520939830981661;5372614,568031259812415;9,220254211000050;48,506437546000001
200444;08220615231000855010;08;2;31;000;2022;06;10;4;2;5;3;0;0;1;1;0;0;0;0;477799,844329187006224;5414259,044315979816020;8,697202061000040;48,880888438000099
200445;08220630212102850560;08;2;12;000;2022;06;11;5;3;0;7;0;0;1;0;0;0;0;0;458460,576386720989831;5428617,932513250038028;8,431971334000020;49,009056106000102
200446;08220617121200984740;08;1;21;000;2022;06;18;6;3;1;6;0;0;1;1;0;0;0;0;516073,338094206992537;5443138,649500809609890;9,220375892000050;49,140865034000100
200447;08220621436200807270;08;4;36;064;2022;06;07;3;3;1;5;0;0;1;0;1;0;0;0;546288,287707807030529;5292217,825902529992163;9,617922153000050;47,781658778000100
200448;08220623222400819440;08;2;26;036;2022;06;12;5;3;5;3;0;0;1;1;0;0;0;0;468078,411854849022347;5480678,561675270088017;8,559337881000030;49,477912433000000
200449;08220612335400827350;08;3;35;079;2022;06;10;1;2;0;7;0;0;1;0;0;0;0;0;497526,881339384010062;5295600,099572530016303;8,966965007000059;47,813749311000002
200450;08220629136100836740;08;1;36;088;2022;06;18;4;3;0;1;0;0;1;0;0;0;0;0;579932,223429308040068;5410031,257864099927247;10,089310942999999;48,838107186000101
200451;08220624317500851190;08;3;17;047;2022;06;12;6;3;5;5;0;0;1;1;0;0;0;0;419673,953481624019332;5364057,422391519881785;7,914232694000020;48,424541734000101
200452;08220609337010799660;08;3;37;126;2022;06;17;5;2;6;4;0;0;0;1;1;0;0;0;441949,024523172993213;5273539,244453960098326;8,227552160000069;47,612657822000102
200453;08220627111230081140;08;1;11;000;2022;06;13;2;3;5;7;0;0;1;1;0;0;0;0;515777,481820282991976;5398631,210286339744925;9,214596178000020;48,740499542000101
200456;08220627111500854720;08;1;11;000;2022;06;17;2;3;5;2;0;0;1;1;0;0;0;0;516942,331150285026524;5404259,046893030405045;9,230671409000021;48,791096466000099
200457;08220623111130985030;08;1;11;000;2022;06;19;5;3;5;3;0;0;1;0;0;0;0;0;511237,961521746998187;5401458,176815490238369;9,152929691000050;48,766029291000102
200458;08220611416100804430;08;4;16;036;2022;06;09;7;2;0;4;0;0;1;0;1;0;0;0;494675,353320014022756;5368570,443282489664853;8,927962642000070;48,470243073000098
200461;08220621237200814050;08;2;37;074;2022;06;15;3;3;6;7;0;0;0;0;1;0;0;1;467872,337580259016249;5371108,459138509817421;8,565154788000029;48,492277328000100
200463;08220618216200801800;08;2;16;008;2022;06;15;7;2;0;7;0;0;1;0;0;0;0;0;438942,678768236015458;5393005,683511549606919;8,170408535000041;48,687104832000003
200464;08220616117100794470;08;1;17;042;2022;06;10;5;3;0;1;0;0;1;0;0;0;0;0;554657,346516342950054;5393572,452299379743636;9,742717468000020;48,692796438000101
200465;08220614212502792690;08;2;12;000;2022;06;18;3;3;0;7;0;0;1;0;0;0;0;0;450811,605999998981133;5428103,538999529555440;8,327445170000029;49,003866856999998
200466;08220615317500792480;08;3;17;096;2022;06;12;4;3;5;3;0;0;1;1;0;0;0;0;422046,717117142979987;5369730,527983590029180;7,945243213000030;48,475869189999997
200467;08220625417200849050;08;4;17;002;2022;06;12;7;3;3;6;0;0;1;1;0;0;0;0;489046,522999999986496;5344875,789999510161579;8,852427245000060;48,256999243999999
200468;08220622211100812840;08;2;11;000;2022;06;19;4;3;0;1;0;1;1;0;0;0;0;0;443988,664134651015047;5401156,089104870334268;8,237855166000029;48,760893066999998
200470;08220628221300846570;08;2;21;000;2022;06;16;3;3;1;5;0;0;1;1;0;0;0;0;476421,630026941013057;5474424,476306810043752;8,674881922000051;49,422039804000100
200471;08220620336200841030;08;3;36;105;2022;06;18;2;3;0;7;0;0;1;1;0;0;0;0;402392,435859458986670;5266381,537030540406704;7,702900027000060;47,543519328999999
200473;08220617325302853210;08;3;25;051;2022;06;19;6;2;0;7;0;0;1;0;0;0;0;0;450073,468101961014327;5350575,617282220162451;8,326704906000030;48,306403069000098
200475;08220629416100833260;08;4;16;036;2022;06;08;4;3;1;5;0;0;1;1;0;0;0;0;494662,221685761993285;5367897,357553609646857;8,927793575000070;48,464187582000100
200476;08220625136100846500;08;1;36;033;2022;06;10;7;3;5;3;0;0;1;1;0;0;0;0;580514,415000010980293;5415777,742999530397356;10,098374098000001;48,889716856000099
200477;08220610222800858120;08;2;22;000;2022;06;14;6;3;4;2;0;0;1;1;0;0;0;0;462827,727138907997869;5486096,076148520223796;8,486347736000029;49,526341278000103
200479;08220618437200808560;08;4;37;104;2022;06;12;7;2;3;6;0;0;1;1;0;0;0;0;515125,634054874011781;5326296,703591180033982;9,203121353000030;48,089759972000103
200480;08220614311010817510;08;3;11;000;2022;06;22;3;3;0;7;2;0;1;0;0;0;0;1;410853,524571753980126;5315370,115981630049646;7,805262741000040;47,985418146000001
200482;08220622111500826990;08;1;11;000;2022;06;08;4;3;5;3;0;0;1;1;0;0;0;0;514986,162492275994737;5402404,506977289915085;9,203970564000031;48,774463432000097
200483;08220623212010818690;08;2;12;000;2022;06;16;5;3;4;6;0;0;1;1;0;0;0;0;454973,662890386010986;5426533,183918000198901;8,384523599000030;48,990059018000103
200484;08220612436400784890;08;4;36;009;2022;06;13;1;3;0;1;0;0;1;0;0;0;0;0;554556,900227559031919;5303471,039998290129006;9,729712868000041;47,882253562000102
200486;08220617335100979200;08;3;35;043;2022;06;21;6;3;0;1;1;0;1;0;0;0;0;0;512942,665382615989074;5279398,721891989931464;9,172400949000060;47,667851102999997
200487;08220616336400832050;08;3;36;045;2022;06;19;5;3;5;3;0;0;1;1;0;0;0;0;399551,380092661012895;5285415,322549750097096;7,660788497000060;47,714301151000001
200488;08220613317300814030;08;3;17;059;2022;06;11;2;3;5;3;0;0;1;1;0;0;0;0;415441,130999987013638;5347972,922999509610236;7,860260594000070;48,279310097000099
200493;08220620326400839820;08;3;26;074;2022;06;17;2;3;0;1;0;0;1;0;0;0;0;0;456546,358831598015968;5320283,878160649910569;8,417088146000030;48,034362814000097
200494;08220615119300793320;08;1;19;076;2022;06;20;4;3;1;1;0;0;1;1;0;0;0;0;541879,665037296013907;5407064,608760080300272;9,570469344000060;48,815154362999998
200496;08220622119400812480;08;1;19;090;2022;06;10;4;2;0;1;0;1;1;0;0;0;0;0;530722,425408886978403;5406737,585891829803586;9,418470064000079;48,812864478999998
200497;08220623415400864350;08;4;15;061;2022;06;12;5;3;0;1;0;0;1;0;0;0;0;0;514876,367154598992784;5369266,805334259755909;9,201287181000049;48,476354391000001
200499;08220629335200856910;08;3;35;063;2022;06;18;4;3;5;3;0;0;1;0;0;0;0;1;497863,416715839994140;5287358,916026869788766;8,971500868000019;47,739600156000101
200500;08220624212010826710;08;2;12;000;2022;06;08;6;3;5;2;0;0;1;0;0;0;0;1;454349,652000000001863;5429762,752999530173838;8,375631278000069;49,019063418000002
200501;08220621225200822650;08;2;25;109;2022;06;19;3;2;0;7;0;0;1;0;0;0;0;0;526435,117444069008343;5491654,170392200350761;9,365661402000059;49,576897453000100
200502;08220610111320792620;08;1;11;000;2022;06;08;6;2;0;7;0;0;1;0;0;0;0;0;517947,849000000976957;5405556,352999519556761;9,244418192000071;48,802738631000103
200504;08220614336100824900;08;3;36;050;2022;06;17;3;3;5;7;0;0;1;1;0;0;0;0;398958,031977283011656;5272311,135990410111845;7,655908941000060;47,596333195000099
200507;08220622417100813540;08;4;17;079;2022;06;12;4;3;1;5;0;1;1;1;0;0;0;0;494277,492822004016489;5340898,582585809752345;8,922956108000051;48,221285940000001
200510;08220624121500982560;08;1;25;007;2022;06;14;6;3;0;7;0;0;1;0;0;0;0;0;512135,152265535027254;5452947,135720320045948;9,166677167000049;49,229185627000000
200511;08220621121500807310;08;1;25;027;2022;06;07;3;3;5;3;0;0;1;1;0;0;0;0;519002,013793034013361;5446622,906397360377014;9,260693964000041;49,172123276000001
200513;08220616316100823070;08;3;16;002;2022;06;16;5;3;7;7;0;0;1;0;0;0;0;1;406343,703359864011873;5330977,910593859851360;7,741419748000060;48,125164746999999
200516;08220625317200838340;08;3;17;057;2022;06;12;7;3;5;2;0;0;1;1;0;0;0;0;412757,332695475022774;5380487,329763079993427;7,817327657000020;48,571400364000098
200517;08220622311000840750;08;3;15;047;2022;06;11;4;3;5;2;0;0;1;1;0;0;0;0;415184,974217406008393;5320922,184754160232842;7,862202298000060;48,035950258000099
200520;08220620335100821290;08;3;35;043;2022;06;20;2;3;0;1;0;0;1;0;0;0;0;0;512207,431172313983552;5280705,413880269974470;9,162643936000050;47,679622577000004
200523;08220612337010796670;08;3;37;126;2022;06;11;1;3;3;6;0;0;1;1;0;0;0;0;445696,119770895980764;5275939,086226480081677;8,277110545000030;47,634574235999999
200525;08220625111500849340;08;1;11;000;2022;06;13;7;3;5;3;0;0;1;1;0;0;0;0;514858,853713028016500;5406125,793896510265768;9,202372412000051;48,807942765000099
200526;08220610212402824320;08;2;12;000;2022;06;17;6;3;0;1;0;0;1;0;0;0;0;0;456793,455798107024748;5427187,147487440146506;8,409327854000029;48,996071530000101
200527;08220628117010847360;08;1;17;026;2022;06;17;3;2;5;3;0;0;1;0;0;0;0;1;547011,556546641979367;5394678,449096679687500;9,638954992000039;48,703368376000100
200529;08220614415400793420;08;4;15;061;2022;06;17;3;3;5;3;0;0;1;1;0;0;0;0;516475,890459331974853;5373568,700936850160360;9,223099375000061;48,515015821000098
200531;08220623111500819030;08;1;11;000;2022;06;17;5;3;6;4;0;0;0;0;1;0;0;1;514753,352634792972822;5404407,370685930363834;9,200873795000060;48,792486560000000
200533;08220629317600857710;08;3;17;011;2022;06;18;4;3;0;1;0;0;1;0;0;0;0;0;429029,467966787982732;5355363,414593390189111;8,042140329000061;48,347460021000103
200534;08220624426200850430;08;4;26;070;2022;06;07;6;3;6;6;0;0;0;1;1;0;0;0;565645,627463735989295;5341956,402818979695439;9,883917145000050;48,227431045000102
200535;08220621226300850140;08;2;26;029;2022;06;06;3;3;3;5;0;0;1;1;0;0;0;0;483548,056077795976307;5484086,800982730463147;8,772744367000030;49,509185162000101
200538;08220615416200021860;08;4;16;041;2022;06;02;4;3;1;5;2;0;1;1;0;0;0;0;503464,260433921008371;5374171,965546160005033;9,046914600000040;48,520649638000101
200539;08220626436400966580;08;4;36;082;2022;06;12;1;3;0;6;0;0;1;0;0;0;0;0;547472,636340335011482;5295989,572752079926431;9,634144356000039;47,815506808000102
200540;08220622212010832500;08;2;12;000;2022;06;15;4;3;0;1;0;1;1;0;0;0;0;0;455754,097573074977845;5428744,699450219981372;8,394950010000059;49,010008267000003
200541;08220611135200800660;08;1;35;026;2022;06;18;7;2;6;7;0;0;0;1;1;0;0;0;590875,096204056055285;5394945,830471480265260;10,235073050000000;48,700925333000001
200545;08220630335300845950;08;3;35;022;2022;06;11;5;3;1;5;0;0;1;1;0;0;0;0;482913,509199211024679;5300014,921995299868286;8,771591722000039;47,853249009000102
200547;08220624436100857030;08;4;36;055;2022;06;16;6;3;2;6;0;1;1;1;0;0;0;0;576653,459652738994919;5297458,641174510121346;10,024152612000000;47,825907798000102
200549;08220609415400803110;08;4;15;061;2022;06;06;5;2;8;1;0;1;1;0;0;0;0;0;510365,597351549018640;5369388,146954660303891;9,140256694000071;48,477536584000099
200550;08220617221000808480;08;2;22;000;2022;06;18;6;3;4;6;0;0;1;0;0;0;0;1;461446,143295886984561;5481850,011118059977889;8,467672199000051;49,488064005000098
200553;08220615336200794190;08;3;36;069;2022;06;16;4;3;0;7;0;0;1;0;0;0;0;0;408496,183861334982794;5269185,385685290209949;7,783409047000020;47,569630926999999
200555;08220623121200069200;08;1;21;000;2022;06;16;5;3;6;7;0;0;0;1;1;0;0;0;516116,347880611021537;5444837,925865190103650;9,221033564000040;49,156149436000099
200556;08220611435100782010;08;4;35;024;2022;06;11;7;3;0;1;0;0;1;0;0;0;0;0;526922,770000000018626;5278838,879999490454793;9,358583674000039;47,662382989999998
200557;08220629115100855500;08;1;15;022;2022;06;09;4;3;5;3;0;0;1;1;0;0;0;0;497414,761895613977686;5385769,694610729813576;8,964917412000030;48,624990350000097
200560;08220630336400854270;08;3;36;091;2022;06;17;5;3;3;2;0;0;1;1;0;0;0;0;396292,264085024013184;5271960,968808930367231;7,620541345000050;47,592762434000100
200561;08220617215502828580;08;2;15;066;2022;06;13;6;3;0;7;0;0;1;0;0;0;0;0;460775,516563414013945;5454173,324600090272725;8,461140316000071;49,239079000000103
200564;08220613212702787120;08;2;15;017;2022;06;19;2;3;5;3;0;0;1;1;0;0;0;0;454995,639000000024680;5419424,215999529697001;8,385609878000031;48,926114290000001
200566;08220622221300843640;08;2;21;000;2022;06;15;4;3;6;7;0;0;0;1;1;0;0;0;482889,558943692012690;5473939,268699389882386;8,764087055000060;49,417891767000100
200567;08220611212402781800;08;2;12;000;2022;06;14;7;2;2;6;0;0;1;0;0;0;0;0;456880,977198894019239;5427823,056472459807992;8,410456777000039;49,001797740000001
200568;08220628119010840340;08;1;19;044;2022;06;11;3;3;4;7;0;0;1;1;0;0;0;0;541728,793196915998124;5425701,689486360177398;9,570318504000060;48,982811208999998
200569;08220620222500833180;08;2;22;000;2022;06;09;2;3;5;3;0;0;1;1;0;0;0;0;462392,573928066994995;5478369,320171279832721;8,481070200000030;49,456816298000000
200571;08220623226600861630;08;2;26;031;2022;06;18;5;3;4;6;0;0;1;1;0;0;0;0;476565,104378125979565;5493430,304973349906504;8,675732290000040;49,592996667000101