OBJECTID;UIDENTSTLAE;ULAND;UREGBEZ;UKREIS;UGEMEINDE;UJAHR;UMONAT;USTUNDE;UWOCHENTAG;UKATEGORIE;UART;UTYP1;ULICHTVERH;IstStrassenzustand;IstRad;IstPKW;IstFuss;IstKrad;IstGkfz;IstSonstige;LINREFX;LINREFY;XGCSWGS84;YGCSWGS84
200573;08220630118000846480;08;1;15;045;2022;06;15;5;3;5;2;0;0;1;1;0;0;0;0;501030,147708048985805;5396437,624901239760220;9,014006042000061;48,720964924000000
200575;08220610226700863270;08;2;26;098;2022;06;16;6;3;5;3;0;0;1;1;0;0;0;0;478199,592888379993383;5459932,441812469623983;8,700190979000070;49,291751236000003
200576;08220627416010865020;08;4;15;061;2022;06;17;2;3;7;1;0;0;1;0;0;0;0;1;513158,767147291975562;5371953,673493959940970;9,178131668000050;48,500564763000099
200578;08220614421200788510;08;4;21;000;2022;06;08;3;3;0;1;0;0;1;0;0;0;0;0;573835,842181426007301;5362010,659048270434141;9,997693334000081;48,406925028000003
200579;08220623121100821200;08;1;25;026;2022;06;14;5;2;6;4;0;0;0;1;1;0;0;0;493375,592452327022329;5442801,622933099977672;8,909180323000040;49,138007931000097
200581;08220629325302855730;08;3;25;053;2022;06;20;4;3;2;3;0;0;1;1;0;0;0;0;454305,962308119982481;5341671,187122129835188;8,384741799000039;48,226616573000101
200582;08220624426100821250;08;4;26;044;2022;06;16;6;2;0;1;0;0;1;0;0;0;0;0;579909,225806034984998;5326781,931444190442562;10,073093588000100;48,089294526000103
200583;08220621326400841240;08;3;26;074;2022;06;07;3;3;6;4;0;0;0;1;1;0;0;0;456510,971470649994444;5320113,485215580090880;8,416630769000051;48,032827435999998
200584;08220618416200800880;08;4;16;041;2022;06;15;7;3;0;1;0;0;1;0;0;0;0;0;505896,466000000014901;5373223,598999509587884;9,079839208000070;48,512099650000003
200588;08220622226600865430;08;2;26;031;2022;06;16;4;3;5;5;0;0;1;1;0;0;0;0;474392,536295794998296;5493185,918341970071197;8,645687056000041;49,590710410000000
200589;08220610335100803290;08;3;35;043;2022;06;08;6;3;5;3;0;0;1;0;0;0;0;0;513012,524204106011894;5279307,745402240194380;9,173328779000030;47,667031125000101
200590;08220628336400847330;08;3;36;091;2022;06;22;3;3;0;7;2;0;1;0;0;0;0;0;394158,609378971974365;5273947,395262730307877;7,591689938000060;47,610285763000000
200592;08220620435200806050;08;4;35;059;2022;06;12;2;3;0;1;0;0;1;0;0;0;0;0;511839,463349725992884;5290463,581539410166442;9,158006674000029;47,767429399000001
200593;08220630415100860390;08;4;15;050;2022;06;10;5;3;5;3;0;0;1;1;0;0;0;0;521877,760609715012833;5375608,071023349650204;9,296352006000060;48,533197495000103
200594;08220618111500802170;08;1;11;000;2022;06;17;7;2;6;4;0;0;0;0;1;0;0;1;510753,366481718025170;5400453,859286550432444;9,146308950000050;48,757003050999998
200595;08220616119100809880;08;1;19;008;2022;06;21;5;2;9;1;0;0;1;0;0;0;0;0;532378,904544632998295;5417900,991621330380440;9,441915546000081;48,913201496000099
200596;08220613316200829970;08;3;16;056;2022;06;16;2;3;5;4;0;0;0;1;1;0;0;0;421334,633640063984785;5326483,355320449918509;7,943662126000050;48,086763437000101
200597;08220625118400853700;08;1;18;048;2022;06;14;7;3;0;7;0;0;1;0;0;0;0;0;515930,322314782009926;5416764,801236749626696;9,217379325000021;48,903622370999997
200598;08220610221011779420;08;2;21;000;2022;06;09;6;3;1;5;0;0;1;1;0;0;0;0;477234,769171935971826;5472074,540561139583588;8,686228732000069;49,400933493000103
200599;08220628128300856250;08;1;28;131;2022;06;07;3;3;0;1;0;0;1;1;0;0;0;0;542154,714370977948420;5511727,589291820302606;9,585253608000070;49,756548735000102
200603;08220623221200830570;08;2;21;000;2022;06;16;5;3;4;6;0;0;1;0;0;0;0;0;478337,181376387015916;5473011,659425839781761;8,701371846000031;49,409402980000003
200605;08220629135100863610;08;1;35;021;2022;06;17;4;3;0;1;0;0;1;0;0;0;0;0;592832,821965351002291;5383187,171302000060678;10,259037741000000;48,594879808000002
200606;08220624311010829620;08;3;11;000;2022;06;16;6;3;0;3;0;0;1;1;0;0;0;0;414101,774185327987652;5318061,064356019720435;7,848247679000050;48,010068722000000
200608;08220616216300798070;08;2;16;015;2022;06;14;5;3;0;1;0;0;1;0;0;0;0;0;451031,087462080002297;5405313,003358050249517;8,333178835000069;48,798879825000000
200610;08220625436100849360;08;4;36;055;2022;06;22;7;3;0;1;2;0;1;0;0;0;0;0;576824,850014652009122;5297011,886729219928384;10,026362911000000;47,821868336000101
200611;08220610215102804560;08;2;15;102;2022;06;15;6;2;5;3;0;0;1;1;0;0;0;0;456342,210961032018531;5435938,836088580079377;8,402216712000040;49,074761851000098
200612;08220628119200834720;08;1;19;091;2022;06;13;3;3;5;3;0;0;1;1;0;0;0;0;528448,132143625989556;5405703,229668259620667;9,387421003000039;48,803668000000101
200613;08220620311100867810;08;3;15;015;2022;06;12;2;3;5;3;0;0;1;1;0;0;0;0;394712,113546044973191;5320236,030459759756923;7,587804579000020;48,026731015999999
200615;08220623222600844660;08;2;22;000;2022;06;20;5;3;6;7;0;0;0;0;1;0;0;1;461787,374256742012221;5482561,180336870253086;8,472314736000040;49,494482177000101
200618;08220624416200864050;08;4;16;041;2022;06;14;6;3;5;2;0;0;1;1;0;0;0;0;502874,910764523025136;5375473,344600670039654;9,038942334000071;48,532360285000003
200621;08220619136300835360;08;1;36;027;2022;06;08;1;3;7;7;0;0;1;0;0;0;0;0;554491,296248628990725;5420395,298438600264490;9,744023129000031;48,934086573999998
200622;08220614426100801450;08;4;26;021;2022;06;14;3;3;0;1;0;0;1;0;0;0;0;0;558347,430696511990391;5327802,570358130149543;9,783715034000069;48,100815436000097
200623;08220627221011840960;08;2;26;022;2022;06;18;2;2;4;1;0;0;1;1;0;0;0;1;481730,560530815972015;5468656,738801879808307;8,748350200000059;49,370342168000001
200624;08220623116500844420;08;1;16;049;2022;06;18;5;3;3;6;0;0;1;1;0;0;0;0;524457,609787062043324;5384456,510693360120058;9,331818041000080;48,612704002000001
200625;08220617111500828140;08;1;11;000;2022;06;13;6;3;6;4;0;0;0;1;1;0;0;0;515632,301715102978051;5405893,803983399644494;9,212897596000060;48,805836843000101
200626;08220611317010975950;08;3;17;096;2022;06;20;7;3;0;1;0;0;1;1;0;0;0;0;422222,480089235003106;5370287,250841010361910;7,947517385000030;48,480898633000002
200627;08220629119400862220;08;1;19;041;2022;06;15;4;3;5;3;0;0;1;1;0;0;0;0;526298,790750500047579;5409668,565591109916568;9,358405060000051;48,839433713000098
200628;08220624118010848550;08;1;15;041;2022;06;14;6;3;5;3;0;0;1;1;0;0;0;0;492999,892351065995172;5402594,949622970074415;8,904720893000050;48,776317752000097
200630;08220618136100799990;08;1;36;045;2022;06;17;7;2;0;7;0;0;1;0;0;0;0;0;603682,170000039041042;5404687,072999509982765;10,411532535999999;48,786534103000101
200631;08220614116500815300;08;1;16;071;2022;06;11;3;3;0;7;0;0;1;1;0;0;0;0;527876,957234258996323;5390946,850308669731021;9,378644348000019;48,670947982000001
200635;08220611136300806730;08;1;36;065;2022;06;11;7;3;4;2;0;0;1;1;0;0;0;0;565517,244173843995668;5404361,131099630147219;9,891986934000039;48,788794123000102
200636;08220628221400856170;08;2;21;000;2022;06;08;3;3;0;7;0;0;1;1;0;0;0;0;476065,600656252005138;5469447,748435409739614;8,670272623000070;49,377261019000102
200640;08220616435200795860;08;4;35;059;2022;06;21;5;3;8;1;0;0;1;0;0;0;0;0;512171,838684558984824;5290640,565702470019460;9,162447417000070;47,769015624000097
200641;08220613136300800310;08;1;36;042;2022;06;12;2;3;6;3;0;0;0;1;1;0;0;0;551738,147936790017411;5404907,851516620256007;9,704476558000071;48,795011076000002
200642;08220625311010867220;08;3;11;000;2022;06;01;7;3;0;1;2;0;1;0;0;0;0;0;414389,103641722002067;5317324,467701409943402;7,852246521000040;48,003481321000002
200644;08220627426010829080;08;4;26;021;2022;06;09;2;3;5;3;0;0;1;1;0;0;0;0;559592,867914058035240;5326063,305295759811997;9,800199098000061;48,085053430000102
200648;08220621421300841800;08;4;21;000;2022;06;22;3;3;0;3;2;1;1;0;0;0;0;0;572647,650000007008202;5356448,486999509856105;9,980678921000051;48,357029896000000
200649;08220623316100847570;08;3;16;017;2022;06;17;5;2;5;3;0;0;1;1;0;0;0;0;410584,259856791992206;5340520,907347460277379;7,796385088000020;48,211613267000097
200650;08220612317600797510;08;3;17;011;2022;06;12;1;3;5;3;0;0;1;1;0;0;0;0;428698,561579959990922;5354746,338317230343819;8,037779373000030;48,341871916000102
200652;08220624416100850000;08;4;16;036;2022;06;16;6;3;5;3;0;1;1;1;0;0;0;0;494236,313891154015437;5362950,327441009692848;8,922100225000070;48,419677946000000
200653;08220610119100809740;08;1;19;008;2022;06;17;6;3;4;2;0;0;1;1;0;0;0;0;531682,752727266051807;5421230,149613150395453;9,432673248000070;48,943184858999999
200654;08220618436500092670;08;4;36;055;2022;06;10;7;2;5;3;0;0;1;0;0;0;0;0;576363,510000008041970;5296545,200999500229955;10,020118267999999;47,817724946000098
200655;08220614435200788940;08;4;35;036;2022;06;10;3;2;6;7;0;0;0;1;1;0;0;0;520511,599289646022953;5282645,354948320426047;9,273373472000060;47,696867179000002
200656;08220609335300793600;08;3;35;075;2022;06;21;5;3;0;1;0;0;1;0;0;0;0;0;488340,672869283007458;5290245,113623890094459;8,844403234000030;47,765467012999999
200658;08220622336200982140;08;3;36;105;2022;06;12;4;3;0;1;0;1;1;0;0;0;0;0;400648,319999969971832;5267112,881999479606748;7,679563640000030;47,549833711000097
200659;08220611421200784120;08;4;25;072;2022;06;16;7;3;5;3;0;0;1;1;0;0;0;0;584532,494056778959930;5372985,729429409839213;10,144418616999999;48,504298362999997
200660;08220629118500856980;08;1;18;049;2022;06;13;4;3;6;7;0;0;0;1;1;0;0;0;519224,775891694007441;5420603,867781049571931;9,262514705000060;48,938063759000002
200664;08220614115400799710;08;1;15;045;2022;06;07;3;3;5;3;0;0;1;1;0;0;0;0;501591,807191190018784;5395284,177762310020626;9,021637998000070;48,710587261000100
200666;08220609317500778130;08;3;17;096;2022;06;19;5;3;4;6;0;0;1;0;0;0;0;0;421264,043999989982694;5367825,874999510124326;7,935013613000020;48,458639507999997
200667;08220627222500983270;08;2;22;000;2022;06;19;2;3;5;3;0;0;1;1;0;0;0;0;464453,934968808025587;5477175,090555699542165;8,509620133000061;49,446198821000102
200669;08220615115400801880;08;1;15;054;2022;06;09;4;3;5;2;0;0;1;1;0;0;0;0;493996,655631715024356;5395073,301945799961686;8,918397526000041;48,708663342000101
200671;08220622317010814130;08;3;17;122;2022;06;10;4;2;6;7;0;1;0;1;1;0;0;0;417291,013859400991350;5368382,800312509760261;7,881174526000050;48,463139126999998
200672;08220612119400784770;08;1;19;079;2022;06;11;1;3;0;5;0;0;1;1;0;0;0;0;523291,619158437999431;5408268,086066439747810;9,317343858000070;48,826955480000002
200676;08220618335100825970;08;3;35;043;2022;06;12;7;3;0;1;0;0;1;0;0;0;0;0;512856,087333064991981;5280189,166154899634421;9,171270972000061;47,674964983000102
200677;08220614118500790460;08;1;18;049;2022;06;11;3;3;0;7;0;0;1;0;0;0;0;0;517019,654414271004498;5419448,697923449799418;9,232355773000050;48,927736856000102
200678;08220615421200820240;08;4;21;000;2022;06;19;4;3;6;4;0;0;0;1;1;0;0;0;575168,404159207013436;5362717,373617810197175;10,015823035000000;48,413124491000097
200679;08220625416010825850;08;4;15;061;2022;06;10;7;2;6;7;0;0;0;1;1;0;0;0;515222,958671597007196;5369712,936722200363874;9,205993013000070;48,480359659999998
200681;08220611119400782240;08;1;19;091;2022;06;22;7;3;0;1;2;0;1;0;0;0;0;0;528798,903905197046697;5407250,560209260322154;9,392306451000019;48,817571171000097
200682;08220628327100860400;08;3;27;050;2022;06;11;3;3;5;3;0;0;1;1;0;0;0;0;487733,657883600972127;5313408,489228430204093;8,835644881000061;47,973864872999997
200686;08220617111500829100;08;1;11;000;2022;06;10;6;3;3;6;0;0;1;1;0;0;0;0;512542,918644111021422;5402345,301539310254157;9,170714929000040;48,773984876999997
200687;08220613212702797530;08;2;15;017;2022;06;09;2;3;4;6;0;0;1;0;0;0;0;0;456633,131999999983236;5421481,229999530129135;8,407744461000050;48,944734527000001
200690;08220610311010789280;08;3;11;000;2022;06;11;6;3;5;3;0;0;1;1;0;0;0;0;413745,125625621993095;5315261,872632510028780;7,844029294000050;47,984840953999999
200691;08220627311010827250;08;3;11;000;2022;06;06;2;3;5;3;0;1;1;0;0;0;0;1;414102,191999987990130;5316105,385999499820173;7,848644850000030;47,992476736000100
200692;08220620116100858740;08;1;16;056;2022;06;12;2;3;6;7;0;0;0;1;1;0;0;0;531360,342046926962212;5395367,440482770092785;9,426292395000081;48,710549733000100
200694;08220630231000846050;08;2;36;062;2022;06;15;5;1;5;3;0;0;1;1;0;0;0;0;484177,012312508013565;5409988,183419309556484;8,784347481000051;48,842664352000000
200695;08220622111330869060;08;1;11;000;2022;06;20;4;3;1;7;0;0;1;1;0;0;0;0;511880,394040287006646;5410626,552607970312238;9,161937432000061;48,848494993000003
200697;08220612216100816500;08;2;16;043;2022;06;14;1;2;0;7;0;0;1;0;0;0;0;0;441732,386717981018592;5412185,582360389642417;8,205591229000049;48,859896800000101
200698;08220629212010833420;08;2;12;000;2022;06;10;4;3;0;2;0;0;1;1;0;0;0;0;456094,466899899009150;5427026,466015599668026;8,399789960000019;48,994576865000099
200699;08220624311100858450;08;3;15;015;2022;06;15;6;2;4;7;0;0;1;0;0;1;0;0;394349,828999961027876;5319847,628999490290880;7,583042669000060;48,023177755000098
200700;08220621222014839460;08;2;26;096;2022;06;16;3;3;2;6;0;0;1;1;0;0;0;0;476089,917886212002486;5488270,631593350321054;8,669470773000061;49,546568992000097
200701;08220609335200776390;08;3;35;063;2022;06;03;5;3;0;1;2;0;1;0;0;0;0;0;498334,883678256999701;5288837,469798290170729;8,977783939000060;47,752904960000102
200703;08220614221200819800;08;2;21;000;2022;06;09;3;3;5;3;0;0;1;1;0;0;0;0;476483,320000000006985;5472649,438999540172517;8,675837702000020;49,406076044000002
200704;08220615235100962000;08;2;35;079;2022;06;16;4;2;3;6;0;0;1;0;0;0;0;0;468779,829549475980457;5403806,413796150125563;8,574973187000070;48,786471774000098
200705;08220627116200855040;08;1;16;078;2022;06;16;2;3;2;6;0;0;1;0;0;0;0;1;510215,250872121017892;5393802,830514489673078;9,138822652000041;48,697179338000097
200711;08220701111340985040;08;1;11;000;2022;07;07;6;3;6;4;0;1;0;1;1;0;0;0;508931,156265833997168;5406511,240997670218349;9,121647879000021;48,811523669000103
200713;08220616311010795140;08;3;11;000;2022;06;19;5;3;0;7;0;0;1;0;0;0;0;0;413210,724628260009922;5316557,531286709941924;7,836606922000040;47,996423559999997
200714;08220613121500819380;08;1;25;005;2022;06;15;2;3;6;7;0;0;0;1;1;0;0;0;515435,594937181973364;5453046,013035539537668;9,212012493000030;49,230000747000098
200718;08220628215302855990;08;2;15;059;2022;06;08;3;3;0;3;0;0;1;1;0;0;0;0;485602,574000000022352;5434992,302999529987574;8,802892246000059;49,067626959000101
200719;08220620317300813300;08;3;17;065;2022;06;16;2;3;6;4;0;0;0;1;1;0;0;0;414265,644883322995156;5355044,471723889932036;7,842982716000050;48,342759613000098
200721;08220623222700865970;08;2;22;000;2022;06;15;5;3;5;7;0;0;1;1;0;0;0;0;462147,271459967014380;5481613,503274099901319;8,477375160000070;49,485980881000003
200722;08220613111500829860;08;1;11;000;2022;06;15;2;3;2;6;0;0;1;1;0;0;0;0;515241,524212007003371;5403784,333661950193346;9,207497324000030;48,786870014000002
200723;08220630119300857970;08;1;19;067;2022;06;15;5;3;5;3;0;0;1;1;0;0;0;0;538177,955818674992770;5405926,173080969601870;9,519942404000060;48,805152010000000
200725;08220610311010866370;08;3;11;000;2022;06;22;6;3;1;7;2;0;1;1;0;0;0;0;413800,655766003997996;5318200,450696189887822;7,844183011000040;48,011282003000098
200726;08220626127100862760;08;1;27;076;2022;06;21;1;2;2;7;2;0;1;0;0;0;0;1;553551,893516603042372;5440288,859221659600735;9,733824062000050;49,113108060000101
200728;08220611119300863100;08;1;19;067;2022;06;10;7;3;0;7;0;0;1;0;0;0;0;0;538938,578575163031928;5405566,890351369976997;9,530266729000060;48,801872880000097
200729;08220628222800851910;08;2;22;000;2022;06;00;3;3;5;3;2;0;1;0;0;0;0;1;460499,544224806013517;5487030,638963189907372;8,454084430000020;49,534599804999999
200731;08220630421200964340;08;4;25;031;2022;06;09;5;3;0;7;0;0;1;0;0;0;0;1;566630,750783549970947;5367632,332532799802721;9,901242973000020;48,458297130000098
200732;08220617421300803650;08;4;25;141;2022;06;09;6;3;0;1;0;0;1;0;0;0;0;0;566430,736850572051480;5363158,664172289893031;9,897828493000080;48,418075884000103
200734;08220630135100837270;08;1;35;016;2022;06;12;5;3;0;7;0;0;1;0;0;0;0;0;591507,749984020018019;5386345,418124759569764;10,241767375000100;48,623480502000099
200736;08220610226400795390;08;2;26;084;2022;06;15;6;2;0;7;0;0;1;0;0;0;0;0;469194,618073984980583;5469876,220537870191038;8,575585170000069;49,380806321000101
200737;08220628118000860420;08;1;18;080;2022;06;07;3;3;6;4;0;0;0;1;1;0;0;0;508812,894000001018867;5408229,780999519862235;9,120073997000080;48,826985137000101
200739;08220614231402791040;08;2;31;000;2022;06;14;3;3;5;7;0;0;1;1;0;0;0;0;476784,715039279020857;5414892,628514270298183;8,683320487000060;48,886550759000002
200740;08220630221300866390;08;2;21;000;2022;06;07;5;3;5;3;0;0;1;0;0;0;0;1;476809,853551346983295;5473723,391155620105565;8,680275951000061;49,415748595000103
200742;08220623415200819740;08;4;15;053;2022;06;13;5;2;3;6;0;0;1;0;0;0;0;0;540133,475022988975979;5354326,113932150416076;9,541592663000070;48,340840847000003
200743;08220613116400786630;08;1;16;079;2022;06;14;2;2;5;3;0;0;1;1;0;0;0;0;534475,267922444036230;5377788,210600400343537;9,467171086000061;48,552244400000099
200744;08220629335300858400;08;3;35;097;2022;06;18;4;3;0;1;0;0;1;0;0;0;0;0;485462,347000000008848;5295142,270200000144541;8,805827388000070;47,809470534000098
200747;08220609336400793190;08;3;36;006;2022;06;11;5;3;0;1;0;0;1;0;0;0;0;0;390634,074895734025631;5284843,114481549710035;7,542081981000020;47,707705490000102
200748;08220618212010977770;08;2;12;000;2022;06;14;7;3;6;4;0;0;0;0;1;0;0;1;454317,266453092976008;5428850,740469809621572;8,375291027000060;49,010857414999997
200749;08220614118500833520;08;1;18;049;2022;06;18;3;3;4;3;0;0;1;0;0;0;0;0;518483,575147999974433;5422040,795112949796021;9,252458892000050;48,951012396000102
200750;08220615335100822250;08;3;35;043;2022;06;15;4;3;0;1;0;0;1;0;0;0;0;0;513363,613381240982562;5278240,703349240124226;9,177972682000069;47,657423067000103
200752;08220623111500819360;08;1;11;000;2022;06;13;5;3;6;4;0;0;0;1;1;0;0;0;511993,651875676994678;5402642,620283390395343;9,163247858000030;48,776670367000101
200753;08220612135100783570;08;1;35;016;2022;06;12;1;3;0;1;0;0;1;0;0;0;0;0;591567,980635090963915;5386361,896540610119700;10,242588147999999;48,623619896000001
200756;08220621116100823570;08;1;16;019;2022;06;07;3;3;5;3;0;0;1;1;0;0;0;0;523221,490999999979977;5398237,708999520167708;9,315821758000030;48,736726623999999
200760;08220613215502802730;08;2;15;099;2022;06;13;2;3;1;5;0;0;1;1;0;0;0;0;463343,362989088986069;5446196,869073740206659;8,497143547000061;49,167490333000003
200761;08220626117200860640;08;1;17;024;2022;06;13;1;3;5;2;0;0;1;1;0;0;0;0;560173,322653010021895;5386396,114861110225320;9,816620853000069;48,627736049000099
200762;08220622212010814510;08;2;12;000;2022;06;11;4;2;5;3;0;1;1;1;0;0;0;0;460078,896000000007916;5431168,145999530330300;8,453848938000020;49,032102538000103
200764;08220628317010859320;08;3;17;057;2022;06;14;3;2;0;3;0;0;1;1;0;0;0;0;413970,395745816989802;5378400,083882629871368;7,834200083000040;48,552794472000102
200766;08220630212502850400;08;2;12;000;2022;06;15;5;3;1;5;0;0;1;1;0;0;0;0;455255,693999999028165;5428105,341999529860914;8,388205352000060;49,004221250000100
200767;08220623311010848360;08;3;11;000;2022;06;14;5;3;5;3;0;0;1;1;0;0;0;0;415450,170999987982213;5315536,145999499596655;7,866821289000030;47,987535831000102
200768;08220612337100784200;08;3;37;096;2022;06;10;1;3;0;7;0;0;1;0;0;0;0;0;420763,352062642981764;5267857,487199369817972;7,946716357000070;47,559298566000102
200770;08220625111370868750;08;1;11;000;2022;06;11;7;3;0;7;0;0;1;0;0;0;0;0;508423,976370173972100;5406773,491250449791551;9,114745173000070;48,813889926999998
200775;08220627221200868310;08;2;21;000;2022;06;15;2;3;3;6;0;0;1;1;0;0;0;0;476880,026369953004178;5472501,939108690246940;8,681314542000051;49,404764505999999
200776;08220623115400853730;08;1;15;045;2022;06;05;5;3;5;3;1;0;1;1;0;0;0;0;498611,232253564987332;5396648,070763690397143;8,981117398000039;48,722857410000103
200777;08220612212010813200;08;2;15;099;2022;06;16;1;2;5;3;0;0;1;1;0;0;0;0;463411,168020670011174;5447086,951534260064363;8,497992711000050;49,175500673000002
200778;08220629311010861800;08;3;11;000;2022;06;20;4;3;0;6;0;0;1;0;1;0;0;0;413115,775141233985778;5320307,199959130026400;7,834574533000020;48,030140074000002
200779;08220624335100965260;08;3;35;043;2022;06;16;6;3;4;6;0;1;1;0;0;0;0;1;512920,895282161014620;5279040,185793939977884;9,172100360000060;47,664625548000103
200780;08220621416100810900;08;4;16;036;2022;06;15;3;3;0;1;0;0;1;0;0;0;0;0;495155,596491835021880;5374918,095024500042200;8,934386212000049;48,527352951000097
200781;08220618211100823030;08;2;11;000;2022;06;23;7;3;0;1;2;0;1;0;0;0;0;0;443999,131037871993612;5400489,816311869770288;8,238088224000020;48,754900751999998
200782;08220614212010804270;08;2;12;000;2022;06;19;3;2;0;7;0;0;1;0;0;0;0;0;452549,632457078027073;5431616,568083000369370;8,350796778000070;49,035602646000001
200783;08220616111500795060;08;1;11;000;2022;06;09;5;2;0;7;0;0;1;0;0;0;0;0;514529,117281874991022;5404057,848528330214322;9,197808385000030;48,789347577000100
200785;08220628116100860170;08;1;16;019;2022;06;12;3;3;5;2;0;0;1;1;0;0;0;0;524791,463566508959047;5397757,311823439784348;9,337144755000050;48,732344533000102
200786;08220619136200819560;08;1;36;019;2022;06;21;1;3;0;1;0;0;1;0;0;0;0;0;583439,993157390970737;5423651,490102710202336;10,139887426000000;48,960145973000103
200787;08220614435200818090;08;4;35;059;2022;06;19;3;3;2;6;0;0;1;1;0;0;0;0;512278,967000000004191;5290727,039999489672482;9,163879608000061;47,769791646000002
200788;08220621311010808710;08;3;36;050;2022;06;12;3;3;5;3;0;0;1;1;0;0;0;0;400588,458984439028427;5275436,553237030282617;7,676882336000060;47,624699622999998
200789;08220622417200817850;08;4;17;002;2022;06;22;4;3;7;7;2;0;1;0;0;0;0;1;490785,543544379004743;5343940,524401909671724;8,875876826000020;48,248612557000101
200791;08220629121600847910;08;1;25;059;2022;06;12;4;3;0;7;0;0;1;0;0;0;0;0;526562,439806538051926;5440370,553842919878662;9,364003514000050;49,115601334000097
200792;08220624226300823490;08;2;21;000;2022;06;07;6;3;6;4;0;0;1;0;1;0;0;0;476449,686407833010890;5473575,806152240373194;8,675319143000021;49,414407257999997
200793;08220621226500821930;08;2;26;085;2022;06;20;3;3;5;3;0;0;1;1;0;0;0;0;491061,413275474973489;5455312,515863950364292;8,877175007000060;49,250517747000103
200796;08220614118400855930;08;1;18;048;2022;06;15;3;3;3;2;0;0;1;0;0;0;0;1;513490,315651906013954;5415700,439537280239165;9,184048930000070;48,894105613000100
200797;08220615415400817620;08;4;15;061;2022;06;21;4;3;0;1;0;0;1;0;0;0;0;0;516097,771895274985582;5372439,933815459720790;9,217935777000040;48,504870880000098
200798;08220625421200861710;08;4;21;000;2022;06;10;7;3;4;6;0;0;1;0;0;0;0;0;572821,212000009021722;5360799,059999509714544;9,983775247000040;48,396144471000099
200800;08220611121500782500;08;1;25;039;2022;06;10;7;2;0;7;0;0;1;0;0;0;0;0;511671,517724713019561;5459391,851220009848475;9,160497008000050;49,287165996000098
200802;08220624121200821490;08;1;21;000;2022;06;16;6;3;5;3;0;0;1;1;0;0;0;0;516798,851000000024214;5444151,373999539762735;9,230365288000030;49,149955396999999
200803;08220621118100808720;08;1;18;074;2022;06;17;3;3;0;7;0;0;1;0;0;0;0;0;510484,948341512994375;5428647,471686920151114;9,143380093000079;49,010630900000102
200804;08220630335300855260;08;3;35;075;2022;06;12;5;3;5;2;0;0;1;1;0;0;0;0;492932,621614167001098;5287173,887458249926567;8,905733793000021;47,737900168000102
200805;08220617231000830460;08;2;37;040;2022;06;12;6;3;2;2;0;0;1;1;0;0;0;0;477323,495067966985516;5366397,555485679768026;8,693328592000061;48,450308715000098
200807;08220613416200811620;08;4;16;041;2022;06;11;2;3;5;2;0;0;1;1;0;0;0;0;504433,686119353980757;5373209,932926660403609;9,060032774000041;48,511988737000102
200808;08220625212010977100;08;2;12;000;2022;06;20;7;3;1;5;0;0;1;1;0;0;0;0;457190,997021700022742;5428628,353142330422997;8,414610374000061;49,009063073999997
200812;08220615215102818720;08;2;12;000;2022;06;09;4;2;1;5;0;0;1;1;0;0;0;0;454809,624700008018408;5432921,519348080269992;8,381569924000081;49,047510515000099
200813;08220630327200839900;08;3;27;049;2022;06;12;5;2;6;2;0;0;0;1;1;0;0;0;472785,204211323987693;5324513,854107930324972;8,634650182000030;48,073318271000097
200814;08220623212502821570;08;2;12;000;2022;06;19;5;3;2;2;0;0;1;0;0;0;0;0;450038,997546077007428;5431852,042065939866006;8,316420416000030;49,037522373999998
200815;08220612311010835350;08;3;15;064;2022;06;12;1;3;5;3;0;0;1;0;0;0;0;0;423107,774083163007163;5312638,798070199787617;7,969952804000060;47,962438497999997
200816;08220629311010840900;08;3;36;050;2022;06;19;4;2;0;7;0;0;0;1;1;0;0;0;399257,545624513004441;5273961,316869200207293;7,659512804000030;47,611223752999997
200817;08220624335300846270;08;3;35;075;2022;06;19;6;3;5;2;0;0;1;1;0;0;0;0;488506,733570587006398;5288787,082106820307672;8,846657902000061;47,752351306999998
200820;08220620111500859470;08;1;11;000;2022;06;13;2;3;0;7;0;0;1;0;0;0;0;0;512122,098333426984027;5396331,729575240053236;9,164810396000060;48,719895269000098
200821;08220615118400793690;08;1;18;048;2022;06;18;4;3;0;7;0;0;1;0;0;0;0;0;519391,503668169025332;5417110,964789450168610;9,264625295000030;48,906637650000100
200822;08220627136300843750;08;1;36;024;2022;06;17;2;3;0;1;0;0;1;0;0;0;0;0;564493,493869986035861;5412155,434265280142426;9,879276462000060;48,859009595000003
200824;08220611317500788630;08;3;17;096;2022;06;17;7;3;5;3;0;0;1;1;0;0;0;0;420525,326779076014645;5370049,580303129740059;7,924600928000070;48,478548547999999
200826;08220624111500848890;08;1;11;000;2022;06;11;6;3;5;7;0;0;1;1;0;0;0;0;512787,681999999971595;5402964,363999529741704;9,174065509000060;48,779548933999997
200830;08220615435100794490;08;4;35;016;2022;06;14;4;3;0;7;0;0;0;1;1;0;0;0;535946,902015545056202;5277483,622808240354061;9,478660613000050;47,649750601999997
200831;08220626311400864520;08;3;15;006;2022;06;08;1;3;0;7;0;0;1;0;0;0;0;1;403115,102581250015646;5306739,104968310333788;7,703522443000050;47,906657152999998