OBJECTID;UIDENTSTLAE;ULAND;UREGBEZ;UKREIS;UGEMEINDE;UJAHR;UMONAT;USTUNDE;UWOCHENTAG;UKATEGORIE;UART;UTYP1;ULICHTVERH;IstStrassenzustand;IstRad;IstPKW;IstFuss;IstKrad;IstGkfz;IstSonstige;LINREFX;LINREFY;XGCSWGS84;YGCSWGS84
200833;08220611126200802700;08;1;26;011;2022;06;17;7;3;0;1;0;0;1;0;0;0;0;0;533882,398866500006989;5443255,129935969598591;9,464553255000061;49,141188602000099
200834;08220628128100855400;08;1;28;058;2022;06;14;3;3;5;3;0;0;1;1;0;0;0;0;559212,277054182020947;5482601,948666480369866;9,817653890000029;49,493162763999997
200836;08220630426100836670;08;4;26;021;2022;06;08;5;3;1;6;0;0;1;0;0;0;0;0;558692,175492275971919;5327775,083575169555843;9,788341367000040;48,100536490000103
200837;08220617336100832200;08;3;36;050;2022;06;12;6;3;1;7;0;0;1;1;0;0;0;0;399205,815445036976598;5272979,456008809618652;7,659050470000070;47,602383537999998
200839;08220613121500798580;08;1;25;005;2022;06;19;2;3;0;7;0;0;0;1;1;0;0;0;517361,799364661972504;5451193,583330860361457;9,238389094000070;49,213286202000099
200844;08220615212502818130;08;2;12;000;2022;06;23;4;3;0;3;2;0;1;0;0;0;0;1;453111,778124256990850;5431178,938633100129664;8,358538012000050;49,031709178000000
200848;08220623421300983570;08;4;21;000;2022;06;14;5;3;2;6;0;0;1;1;0;0;0;0;572211,366310812998563;5360398,561531170271337;9,975468935000039;48,392612026000101
200850;08220630435200846870;08;4;35;059;2022;06;10;5;3;3;2;0;0;1;1;0;0;0;0;512332,775388792972080;5290758,043951770290732;9,164598631000050;47,770069575999997
200851;08220617136300843560;08;1;36;065;2022;06;23;6;3;0;1;2;0;1;0;0;0;0;0;562770,533926188945770;5406793,794490800239146;9,854968025000060;48,810959066000102
200853;08220616222200840260;08;2;22;000;2022;06;11;5;3;6;7;0;0;0;1;1;0;0;0;461288,714851017983165;5482056,485851099714637;8,465478403000080;49,489911110999998
200856;08220610311010862400;08;3;36;008;2022;06;18;6;3;0;7;0;0;1;1;0;0;0;0;396717,173999962978996;5276203,370999479666352;7,625191587000070;47,630991539000000
200857;08220627426010842980;08;4;26;021;2022;06;10;2;2;6;1;0;0;0;1;1;0;0;0;558862,731341251987033;5327660,185593980364501;9,790616162000051;48,099487109999998
200858;08220620335100862940;08;3;35;043;2022;06;18;2;3;6;6;0;0;1;0;1;0;0;0;513028,078000001027249;5279342,773999489843845;9,173537002000050;47,667345986999997
200860;08220630215102849800;08;2;15;109;2022;06;11;5;3;8;7;0;0;1;0;0;0;0;0;461173,913855041028000;5434032,123866830021143;8,468554467000050;49,057934398000000
200861;08220617127202815820;08;1;27;075;2022;06;13;6;3;5;3;0;0;1;1;0;0;0;0;574640,052399881999008;5466440,976384050212801;10,027621715000100;49,346117167999999
200862;08220623416010842100;08;4;15;061;2022;06;11;5;3;4;2;0;0;1;0;0;0;1;0;515654,448833331989590;5372225,006195380352437;9,211925937000050;48,502948525000100
200863;08220612336400814760;08;3;36;014;2022;06;11;1;3;0;7;0;0;1;0;0;0;0;0;393293,562999957008287;5280012,650999479927123;7,578704322000020;47,664700809000102
200867;08220627215502838690;08;2;15;106;2022;06;17;2;3;5;3;0;0;1;1;0;0;0;0;465179,387884812022094;5452243,051596130244434;8,521805256000050;49,221982658000101
200869;08220614311010788840;08;3;36;091;2022;06;09;3;3;0;1;0;0;1;1;0;0;0;0;395698,536698830022942;5271622,793846789747477;7,612726724000030;47,589625253000101
200870;08220627119200844730;08;1;19;093;2022;06;13;2;3;6;6;0;0;1;0;1;0;0;0;523577,125973458983935;5406453,012540250085294;9,321129452000040;48,810616742000001
200871;08220623111500819520;08;1;11;000;2022;06;15;5;3;2;2;0;0;1;1;0;0;0;0;512397,870588256977499;5402028,798117030411959;9,168731226000030;48,771140539999998
200872;08220612128200799000;08;1;28;047;2022;06;17;1;2;5;3;0;0;1;1;0;0;0;0;552245,143740982050076;5494666,917997710406780;9,723054159000069;49,602315584000102
200873;08220629121400856800;08;1;25;081;2022;06;15;4;3;8;1;0;0;1;0;0;0;0;0;496753,529999190999661;5434260,109702800400555;8,955559992000079;49,061200249000102
200874;08220624116100865580;08;1;16;019;2022;06;17;6;3;6;7;1;1;0;0;1;0;0;1;522946,800680341024417;5398756,760156040079892;9,312114823000060;48,741406130000001
200875;08220621336400825120;08;3;36;091;2022;06;08;3;3;5;1;0;0;1;1;0;0;0;0;395698,640363306971267;5272609,433838450349867;7,612493474000080;47,598500280000103
200876;08220618327100805680;08;3;27;050;2022;06;19;7;3;2;6;0;0;1;0;0;1;0;0;486608,990178875974379;5315482,680914260447025;8,820510996000049;47,992504177000100
200877;08220616317100796720;08;3;17;089;2022;06;18;5;3;8;7;0;0;1;0;0;0;0;0;432278,562816375982948;5375676,157387129962444;8,082702014000059;48,530536939999998
200879;08220615316100823090;08;3;16;011;2022;06;20;4;3;1;5;0;0;1;1;0;0;0;0;414878,393746427027509;5330336,106264660134912;7,856214668000060;48,120590241999999
200880;08220626231000823010;08;2;36;044;2022;06;14;1;2;4;1;0;0;1;1;0;0;0;0;483548,785600978008006;5404338,796116460114717;8,776011944000061;48,791827067000000
200883;08220628317500829510;08;3;17;047;2022;06;08;3;3;0;1;0;0;1;0;0;0;0;0;420990,424385441001505;5360973,031226339749992;7,932605066000060;48,396964220000001
200884;08220620436300838270;08;4;36;081;2022;06;10;2;3;6;7;0;0;0;0;1;0;0;1;564459,763509124983102;5281150,000892950221896;9,858837944000070;47,680523890000103
200886;08220617225100572750;08;2;25;058;2022;06;14;6;3;0;1;0;0;1;0;0;0;0;0;510236,091888610972092;5466592,564611569978297;9,140943010000059;49,351962782999998
200889;08220625221400833610;08;2;26;018;2022;06;08;7;3;1;5;0;0;1;1;0;0;0;0;472457,155338546028361;5472112,700174139812589;8,620378023000059;49,401079289999998
200890;08220610311010172160;08;3;15;064;2022;06;15;6;3;0;7;0;0;1;0;0;0;0;1;421869,126049572019838;5314309,413879149593413;7,953059004000070;47,977316917000103
200892;08220619335100830940;08;3;35;043;2022;06;03;1;2;0;1;2;0;1;0;0;0;0;0;512813,706710937025491;5278692,665663530118763;9,170662473000050;47,661500807000003
200894;08220630136300840130;08;1;36;042;2022;06;11;5;2;6;7;0;0;0;1;1;0;0;0;550587,021531115984544;5405219,029877459630370;9,688842122000040;48,797904940000102
200895;08220621436000860850;08;4;35;035;2022;06;11;3;1;5;3;0;0;0;0;1;0;0;1;542263,619469802943058;5284237,894386810250580;9,563422600000020;47,710138780000101
200897;08220612215102783910;08;2;12;000;2022;06;08;1;3;8;7;0;0;1;0;0;0;0;0;454236,241908256022725;5433287,535261030308902;8,373682318000020;49,050760515999997
200898;08220629415400866880;08;4;15;061;2022;06;03;4;3;1;5;2;0;1;1;0;0;0;0;514260,461432259005960;5372741,455291509628296;9,193072255000059;48,507627874000001
200899;08220624327100857120;08;3;27;050;2022;06;18;6;3;6;4;0;1;0;1;1;0;0;0;486450,996057914977428;5314520,009375819936395;8,818423685000029;47,983839537999998
200902;08220618311010800470;08;3;11;000;2022;06;20;7;3;4;6;0;0;1;0;0;1;0;0;410463,855318281974178;5315054,837456800043583;7,800107331000050;47,982527710000099
200904;08220615415300792540;08;4;15;059;2022;06;09;4;2;0;1;0;0;1;0;0;0;0;0;517805,228131641983055;5365339,703653840348125;9,240749178000041;48,440948540000100
200906;08220623111500844170;08;1;11;000;2022;06;16;5;2;1;7;0;0;1;0;0;0;0;1;512735,529398086015135;5400619,205299099907279;9,173283006000080;48,758453103000100
200907;08220612118100797820;08;1;18;040;2022;06;11;1;2;0;1;0;0;1;0;0;0;0;0;510911,556619804992806;5432490,948702639900148;9,149317295000060;49,045197664000099
200911;08220617116010832530;08;1;16;019;2022;06;10;6;3;6;4;0;0;0;0;1;0;0;1;522370,815396333986428;5398421,763412529602647;9,304262389000030;48,738413486000098
200914;08220624415100847040;08;4;15;014;2022;06;14;6;3;6;4;0;0;1;0;1;0;0;0;526338,442638786043972;5374500,214523590169847;9,356704441000030;48,523059625000002
200915;08220610118100803460;08;1;18;007;2022;06;07;6;3;4;6;0;0;1;1;0;0;0;0;510215,352040180994663;5426956,035150310024619;9,139650866000069;48,995419961000003
200916;08220619435200831350;08;4;35;052;2022;06;03;1;3;5;3;2;0;1;1;0;0;0;0;521602,453982206003275;5289798,970146370120347;9,288266876000019;47,761196277000103
200918;08220609235100780070;08;2;35;033;2022;06;16;5;3;5;3;0;0;1;1;0;0;0;0;458957,835000002000015;5406512,180999520234764;8,440993450000059;48,810240898000103
200919;08220626335400862010;08;3;35;098;2022;06;13;1;3;0;1;0;0;1;0;0;0;0;0;504003,836666336981580;5295826,296190540306270;9,053483834000080;47,815776804999999
200921;08220611336100784490;08;3;36;084;2022;06;14;7;3;0;1;0;0;1;0;0;0;0;0;405776,767282094981056;5277082,456613520160317;7,745564250000030;47,640281087000098
200922;08220629117300867550;08;1;17;026;2022;06;12;4;3;5;2;0;0;1;1;0;0;0;0;548224,465252395020798;5394894,027852689847350;9,655464245000079;48,705215013999997
200923;08220624121500819190;08;1;25;005;2022;06;06;6;3;3;6;0;1;1;1;0;0;0;0;515793,777802393015008;5452438,001128129661083;9,216908262000061;49,224522427000103
200924;08220621127100839160;08;1;27;076;2022;06;08;3;2;0;7;0;0;1;0;0;0;0;0;554688,050707753980532;5439044,423549469560385;9,749222937000070;49,101814756000103
200926;08220616316100823080;08;3;16;002;2022;06;13;5;2;7;7;0;0;1;0;0;0;0;1;406343,947873800003435;5330978,871373980306089;7,741422822000060;48,125173425000099
200929;08220625316100821130;08;3;16;038;2022;06;10;7;3;1;1;0;0;1;1;0;0;0;0;397337,250940233003348;5332899,456010160036385;7,619960135000040;48,141058896000096
200930;08220622222014812150;08;2;22;000;2022;06;16;4;3;5;3;0;0;1;0;0;0;0;0;462881,446138889994472;5483626,344175050035119;8,487322254000050;49,504130691000100
200931;08220610436200795480;08;4;36;064;2022;06;15;6;3;5;2;0;0;1;1;0;0;0;0;545192,857331454055384;5290677,237459139898419;9,603139319000039;47,767875827000097
200934;08220630436500857720;08;4;36;052;2022;06;19;5;2;6;2;0;0;0;1;1;0;0;0;568586,849069408955984;5289742,891604100354016;9,915171589000069;47,757404956000101
200935;08220617116400863200;08;1;16;033;2022;06;12;6;3;5;3;0;0;1;0;0;0;0;0;534110,819373609032482;5387342,956419220194221;9,463017432000070;48,638218424000101
200937;08220613311300790570;08;3;11;000;2022;06;15;2;3;5;3;0;0;1;1;0;0;0;0;411120,402872546983417;5315113,546319309622049;7,808891736000020;47,983147375000001
200940;08220610135010788480;08;1;17;010;2022;06;16;6;2;5;3;0;0;1;1;0;0;0;0;567370,607354653999209;5392935,062499360181391;9,915348265000031;48,685820024000101
200942;08220619226100833900;08;2;26;013;2022;06;18;1;3;6;5;0;0;0;1;1;0;0;0;499095,679000000003725;5478807,795999550260603;8,987520366000069;49,461923788000000
200943;08220614416200800810;08;4;16;041;2022;06;10;3;3;8;1;0;0;1;0;0;0;0;0;506782,037245267012622;5374341,140894530341029;9,091848158000060;48,522144521000001
200944;08220621417300817370;08;4;17;008;2022;06;08;3;3;5;2;0;0;1;1;0;0;0;0;494255,306332872016355;5350653,545352349989116;8,922524881000070;48,309048817000097
200945;08220623416100047170;08;4;16;048;2022;06;10;5;3;3;2;0;0;1;1;0;0;0;0;497324,527999999991152;5378131,518999519757926;8,963742102000030;48,556274980000097
200950;08220618119300800760;08;1;19;067;2022;06;16;7;3;0;1;0;0;1;0;0;0;0;0;538250,313999337959103;5405870,708318729884923;9,520922634000041;48,804648624999999
200951;08220614111500797640;08;1;11;000;2022;06;07;3;3;0;5;0;0;1;1;0;0;0;0;512050,922393211978488;5406241,494243450462818;9,164132946000050;48,809044385999997
200953;08220627221400828170;08;2;26;018;2022;06;14;2;3;0;7;0;0;1;0;0;0;0;0;473176,357382718008012;5471355,559809359721839;8,630341656000040;49,394301079000101
200954;08220622121500845240;08;1;25;065;2022;06;14;4;3;0;7;0;0;1;0;0;0;0;0;518798,862392133974936;5450090,143155150115490;9,258069061000070;49,203318130000099
200955;08220611136300807510;08;1;36;065;2022;06;19;7;2;6;6;0;0;0;0;1;1;0;0;558244,929773972951807;5405609,130533940158784;9,793165227000030;48,800743625000102
200960;08220617212702810600;08;2;15;017;2022;06;21;6;3;0;2;1;0;1;1;0;0;0;0;456276,403348329011351;5420969,168465780094266;8,402927891000051;48,940103305999997
200961;08220618116100863300;08;1;16;004;2022;06;21;7;2;0;1;1;0;1;0;0;0;0;0;528110,567000000039116;5396288,541999519802630;9,382180879000030;48,718990804999997
200962;08220613436300806940;08;4;36;049;2022;06;10;2;3;4;6;0;0;1;1;0;0;0;0;578127,731485337018967;5282816,947382969781756;10,041215002000101;47,694012637000100
200963;08220625437100866210;08;4;37;086;2022;06;09;7;2;5;3;0;0;1;1;0;0;0;0;528372,280934458016418;5311586,788850639946759;9,380032725000040;47,956963463000100
200965;08220628226500856610;08;2;26;085;2022;06;16;3;3;5;3;0;0;1;1;0;0;0;0;488423,595332744996995;5457747,998961010016501;8,840858488000039;49,272381118000098
200966;08220620119300807300;08;1;19;084;2022;06;10;2;3;6;2;0;0;0;1;1;0;0;0;546544,662886044941843;5413781,101561349816620;9,634773513000029;48,875239315000002
200968;08220629118400847650;08;1;18;048;2022;06;09;4;3;0;1;0;0;1;0;0;0;0;0;511070,280771990015637;5415414,915580330416560;9,151024691000030;48,891585077000101
200970;08220621118200808950;08;1;18;011;2022;06;11;3;3;1;7;0;0;1;1;0;0;0;0;498755,506993556977250;5411037,318655869923532;8,983035474000079;48,852302657999999
200971;08220630435100852510;08;4;35;016;2022;06;18;5;3;0;7;0;0;1;0;0;0;0;0;536057,253381210961379;5279735,465531189925969;9,480315771000051;47,670005207000003
200973;08220616212010826140;08;2;12;000;2022;06;10;5;3;6;2;0;0;0;1;1;0;0;0;451824,954421319998801;5431091,690228239633143;8,340944980000071;49,030825186000101
200975;08220626136100968030;08;1;36;088;2022;06;18;1;3;6;4;0;0;0;1;1;0;0;0;577886,426269897026941;5409824,246596739627421;10,061396683000099;48,836505291999998
200977;08220611221011796790;08;2;26;041;2022;06;15;7;2;0;7;0;0;1;0;0;0;0;0;477033,863907151971944;5465441,733187519945204;8,683842563000040;49,341264518000102
200980;08220630231102846440;08;2;36;040;2022;06;13;5;3;5;3;0;0;1;1;0;0;0;0;489442,928961828001775;5422972,278215809725225;8,855781039000020;48,959577836000101
200981;08220623415400842820;08;4;15;061;2022;06;23;5;2;0;1;2;0;1;0;0;0;0;0;514524,288174530025572;5373521,829726509749889;9,196671348000050;48,514642334000001
200982;08220612335100787700;08;3;35;043;2022;06;12;1;3;0;1;0;0;1;0;0;0;0;0;513355,178278231003787;5278193,740421080030501;9,177858912000030;47,657000683000000
200983;08220630115200839120;08;1;15;037;2022;06;16;5;3;4;2;0;0;1;1;0;0;0;0;492220,092897965980228;5385379,630198519676924;8,894431332000069;48,621438210000100
200986;08220627421200843920;08;4;21;000;2022;06;16;2;3;6;4;0;0;0;0;1;0;0;1;573401,037145353038795;5360939,664518649689853;9,991631737000031;48,397342002000102
200988;08220614426010832300;08;4;21;000;2022;06;11;3;3;6;4;0;0;0;1;1;0;0;0;573778,276576100033708;5361241,208984870463610;9,996780352000030;48,400010420999998
200990;08220612111500811690;08;1;11;000;2022;06;15;1;3;1;7;0;0;1;1;0;0;0;0;514242,874897688976489;5403934,765362449921668;9,193907062000051;48,788246954999998
200991;08220629136200985060;08;1;36;010;2022;06;17;4;3;5;3;0;0;1;1;0;0;0;0;598673,189000030979514;5413291,212999519892037;10,345430437000100;48,864729510000103
200993;08220621212010853660;08;2;12;000;2022;06;16;3;3;6;3;0;0;0;0;1;1;0;0;453161,302753849013243;5428824,385985960252583;8,359487347000030;49,010533693000099
200994;08220618435200826000;08;4;35;059;2022;06;11;7;3;2;1;0;0;0;1;1;0;0;0;512867,314445880998392;5289898,370804130099714;9,171707333000031;47,762324202000102
200995;08220614118400803830;08;1;18;048;2022;06;17;3;2;0;7;0;0;1;0;0;0;0;0;515513,387885779025964;5417727,973161860369146;9,211726635000050;48,912297359000000
200998;08220622127202822790;08;1;27;014;2022;06;21;4;3;0;1;1;1;1;0;0;0;0;0;576908,525691955001093;5442505,004762490279973;10,054255362999999;49,130562075000100
200999;08220610435100781260;08;4;35;016;2022;06;18;6;3;5;3;0;0;0;1;1;0;0;0;534373,575768404989503;5279308,003832699730992;9,457854756000071;47,666250847000100
201000;08220629111250837970;08;1;11;000;2022;06;15;4;3;6;7;0;0;0;1;1;0;0;0;520664,464822772017214;5402531,112914550118148;9,281261151000020;48,775439678000097
201002;08220621136300843520;08;1;36;009;2022;06;15;3;3;4;1;0;0;1;1;0;0;0;0;567932,279024795978330;5407528,841022919863462;9,925386203000070;48,817027768000102
201004;08220617325202981770;08;3;25;049;2022;06;18;6;3;0;1;0;0;1;0;0;0;0;0;473452,097011861973442;5333666,825933840125799;8,643032889000040;48,155694142000101
201010;08220628212302853620;08;2;12;000;2022;06;18;3;3;0;7;0;0;1;0;0;0;0;0;455753,433563851984218;5428744,755099290050566;8,394940924000030;49,010008720000002
201013;08220630311010857700;08;3;11;000;2022;06;07;5;3;3;1;0;0;1;0;0;0;0;0;410757,141999981016852;5315342,903999499976635;7,803976973000030;47,985159926000101
201014;08220623417100814540;08;4;17;079;2022;06;12;5;2;0;1;0;0;1;0;0;0;0;0;492840,527628330979496;5341457,582485440187156;8,903600381000050;48,226300571000102
201016;08220629212010836220;08;2;15;009;2022;06;06;4;3;6;3;0;0;0;1;1;0;0;0;468777,245200468983967;5440214,928155870176852;8,572146729000050;49,113982437000097
201017;08220624316100845470;08;3;16;011;2022;06;09;6;3;5;2;0;0;1;0;0;0;0;0;415095,870999987004325;5328644,776999499648809;7,859473090000050;48,105405400000102
201019;08220627226400827660;08;2;26;063;2022;06;10;2;3;2;6;0;0;1;0;0;0;0;0;469859,121177147026174;5471408,025017240084708;8,584623825000049;49,394617799999999
201020;08220619436000864640;08;4;35;057;2022;06;08;1;3;0;7;0;0;1;0;0;0;0;0;544101,828635276993737;5279670,091377129778266;9,587465027000061;47,668918403000099
201022;08220627121200078030;08;1;21;000;2022;06;17;2;3;5;3;0;0;0;1;1;0;0;0;515076,742504145018756;5440862,034249819815159;9,206626893000021;49,120411345999997
201023;08220622417200846350;08;4;17;079;2022;06;20;4;3;0;1;0;0;1;0;0;0;0;0;499741,232338341011200;5339780,999625800177455;8,996516811000051;48,211256977000097
201024;08220611317300826010;08;3;17;114;2022;06;13;7;3;5;3;0;0;1;0;0;0;0;0;405458,271507775993086;5346439,897786419838667;7,726080701000060;48,264109169999998
201027;08220621221011830180;08;2;26;018;2022;06;11;3;3;0;7;0;0;1;0;0;0;0;0;473168,136669056024402;5472144,833815019577742;8,630175063000021;49,401400083000098
201028;08220623211100819390;08;2;16;049;2022;06;16;5;3;5;3;0;0;1;1;0;0;0;0;438257,744999997026753;5403024,998999520204961;8,159602539000050;48,777161885000098
201030;08220612231000792210;08;2;37;028;2022;06;13;1;3;8;1;0;0;1;0;0;0;0;0;455535,265285538975149;5368549,725083559751511;8,398454041000040;48,468507215999999
201034;08220627436300859390;08;4;36;081;2022;06;12;2;3;0;6;0;0;1;1;0;0;0;0;560496,063149117049761;5282935,536131169646978;9,806280203000030;47,696971079999997
201035;08220619316100804190;08;3;16;020;2022;06;09;1;3;6;4;0;0;0;0;1;1;0;0;408484,506553998973686;5338347,047754939645529;7,768596057000020;48,191760514000102
201036;08220614311010790980;08;3;11;000;2022;06;18;3;3;0;7;0;0;1;0;0;0;0;0;414529,213780181016773;5316690,530576610006392;7,854250830000070;47,997797563000098
201037;08220627115100831460;08;1;15;048;2022;06;12;2;2;5;3;0;0;1;1;0;0;0;0;510231,948663922026753;5386922,873466339893639;9,138879401000050;48,635286190000002
201038;08220623118400826660;08;1;18;048;2022;06;08;5;2;8;7;0;0;1;0;0;0;0;0;513526,526000001002103;5417795,618999529629946;9,184612355000070;48,912952474000100
201039;08220612212010808400;08;2;12;000;2022;06;11;1;3;3;6;0;0;1;0;0;1;0;0;460426,550304663018323;5427284,378344600088894;8,458983612000051;48,997189714000100
201041;08220623426100845810;08;4;26;021;2022;06;12;5;3;3;2;0;0;1;1;0;0;0;0;559237,376183544984087;5326773,325147219933569;9,795524623000061;48,091474036000101
201042;08220621222400813050;08;2;26;105;2022;06;12;3;3;3;3;0;0;1;1;0;0;0;0;471431,116098904982209;5477517,250826749950647;8,605847283000060;49,449644512000098
201044;08220614111210801310;08;1;11;000;2022;06;18;3;3;0;7;0;0;1;0;0;0;0;0;508380,976803465979174;5397670,340101459994912;9,113973955000059;48,731998972000000
201046;08220625317300823250;08;3;17;127;2022;06;18;7;3;5;2;0;0;0;0;1;1;0;0;421123,432460231997538;5352312,541762890294194;7,936025208000050;48,319079178000003
201047;08220622126200960060;08;1;26;066;2022;06;06;4;3;5;3;0;0;1;0;0;0;0;1;536092,704932113992982;5448991,916697920300066;9,495371596000041;49,192665207000097
201051;08220701121100984520;08;1;25;026;2022;07;14;6;3;6;7;0;0;0;0;1;0;0;1;493468,989999999990687;5442584,629999539814889;8,910464304000071;49,136056994999997
201052;08220617436400823120;08;4;36;011;2022;06;12;6;3;8;1;0;0;1;0;0;0;0;0;548848,223170105949976;5297108,508522439748049;9,652644536000031;47,825470772000102
201053;08220613311010813530;08;3;11;000;2022;06;23;2;3;0;7;2;0;1;0;0;0;0;0;412270,340125960996374;5317653,523290329612792;7,823779869000020;48,006153978000000
201054;08220624436300848620;08;4;36;081;2022;06;15;6;2;8;1;0;0;1;0;0;0;0;0;561874,763902225997299;5282998,488794189877808;9,824662257000060;47,697406872000002
201055;08220610231000868480;08;2;31;000;2022;06;15;6;2;0;7;0;0;1;0;0;0;0;0;478136,007844565028790;5415488,727696949616075;8,701721297000059;48,891962215000000
201056;08220627327100825860;08;3;27;050;2022;06;11;2;2;0;1;0;0;1;0;0;0;0;0;490078,939201519999187;5316657,981720260344446;8,866993804000060;48,003141810000002
201057;08220620415400808800;08;4;15;061;2022;06;14;2;3;0;7;0;0;1;0;0;0;0;0;515877,235449973028153;5370568,827189410105348;9,214878971000079;48,488043376000100
201059;08220630326200985080;08;3;26;074;2022;06;12;5;3;5;3;0;0;1;1;0;0;0;0;467511,958251603005920;5323841,941190740093589;8,563911592000069;48,067026310000102
201061;08220621435200810520;08;4;35;059;2022;06;17;3;3;8;1;0;0;1;0;0;0;0;0;512623,493000001995824;5290006,619999499991536;9,168456827000060;47,763302998000000
201063;08220612212502805640;08;2;12;000;2022;06;12;1;3;8;6;0;0;1;1;0;0;0;0;453789,007735455990769;5431305,895675789564848;8,367787897000030;49,032902286000102
201064;08220629222700838880;08;2;22;000;2022;06;15;4;3;0;7;0;0;1;0;0;0;0;0;463755,543436584004667;5480321,096567819826305;8,499697774000030;49,474454487000102
201066;08220610119200801690;08;1;19;093;2022;06;08;6;3;5;3;0;0;1;1;0;0;0;0;525579,887000001035631;5404665,934999530203640;9,348295981000041;48,794461404000103
201067;08220619335300857230;08;3;35;077;2022;06;10;1;3;5;3;0;0;1;1;0;0;0;0;494565,851000001013745;5293471,194999500177801;8,927439376000050;47,794576321000100
201070;08220626337010826410;08;3;37;126;2022;06;10;1;3;0;1;0;0;1;0;0;0;0;0;441067,806044551020022;5274651,126673799939454;8,215677868000061;47,622581814000100
201071;08220622416200811900;08;4;16;041;2022;06;15;4;3;0;1;0;0;1;0;0;0;0;0;504380,684172264009248;5374498,856846899725497;9,059328658000030;48,523584743000100
201072;08220612116500784210;08;1;16;071;2022;06;20;1;3;0;7;0;0;1;0;0;0;0;0;528312,834353256039321;5391316,897898869588971;9,384589934000079;48,674257292000000
201074;08220624116400848100;08;1;16;072;2022;06;13;6;3;0;6;0;0;1;1;0;0;0;0;530173,226000000024214;5393072,933999519795179;9,409988270000040;48,689967255000099
201077;08220616135010802440;08;1;35;019;2022;06;16;5;3;0;1;0;0;1;0;0;0;0;0;583485,941000011982396;5392409,222999519668519;10,134156775000100;48,679142918000103
201079;08220615417200809130;08;4;17;002;2022;06;19;4;3;0;7;0;0;1;0;0;0;0;0;489243,489096448000055;5346511,496362670324743;8,855039292000070;48,271718647999997
201080;08220625336100861680;08;3;36;050;2022;06;13;7;3;0;7;0;0;1;0;0;0;0;0;399539,261665606987663;5273655,224780879914761;7,663330458000080;47,608514083999999
201081;08220622127100811840;08;1;27;076;2022;06;15;4;2;0;1;0;1;1;0;0;0;0;0;553734,203818149049766;5440264,337607310153544;9,736318788000061;49,112871590000097
201082;08220610317600792780;08;3;17;041;2022;06;21;6;2;9;7;0;0;1;0;0;0;0;0;439669,624219073972199;5348468,020478350110352;8,186716232000039;48,286536663000000
201083;08220628226300851210;08;2;26;049;2022;06;14;3;3;3;6;0;0;1;0;0;0;0;1;486625,229000000981614;5462772,437999540008605;8,815968184000040;49,317539796000098
201084;08220620336400834380;08;3;36;091;2022;06;05;2;2;7;7;2;0;1;0;0;0;0;1;395622,775003644987009;5274286,452250390313566;7,611085201000040;47,613573121000101
201085;08220630611041864680;08;3;11;000;2022;06;18;5;3;3;2;0;0;1;1;0;0;0;0;413642,057777449022979;5316396,581902240402997;7,842420021000070;47,995034170000103
201088;08220618119300829260;08;1;19;067;2022;06;15;7;3;5;3;0;0;1;1;0;0;0;0;538219,915035629994236;5405749,363901129923761;9,520497358000060;48,803558935000098
201091;08220626121200867980;08;1;21;000;2022;06;16;1;3;0;7;0;0;1;0;0;0;0;0;516923,165880008018576;5443323,537156229838729;9,232035249000029;49,142505331999999
201092;08220622316100816710;08;3;16;037;2022;06;16;4;3;3;6;0;1;1;0;0;0;0;1;407212,200247721979395;5333765,399957089684904;7,752480604000030;48,150364959999997
201093;08220610335100814730;08;3;35;066;2022;06;12;6;3;1;1;0;0;1;1;0;0;0;0;504171,084822121018078;5281918,333341360092163;9,055584538000060;47,690637848999998
201094;08220628119101846220;08;1;19;075;2022;06;15;3;3;0;1;0;0;1;0;0;0;0;0;536368,803954394999892;5427839,139058600179851;9,497256527000051;49,002377049000103
201095;08220621212010839220;08;2;12;000;2022;06;13;3;3;0;7;0;0;0;0;1;0;0;1;461796,493413339019753;5427625,563129849731922;8,477679453000061;49,000345051000103
201096;08220630415100859810;08;4;15;050;2022;06;17;5;3;5;3;0;0;1;1;0;0;0;0;521871,198630589991808;5375609,767677370458841;9,296263209000070;48,533212988000102
201101;08220625235200823400;08;2;35;046;2022;06;15;7;3;0;1;0;0;1;0;0;0;0;0;479588,650332731020171;5377472,892937329597771;8,723420085000040;48,550023281000101
201102;08220610235200780950;08;2;35;046;2022;06;13;6;3;4;6;0;0;1;1;0;0;0;0;479702,333478127024136;5377588,711593040265143;8,724954861000070;48,551068901000100
201105;08220615226400795960;08;2;26;037;2022;06;13;4;3;5;3;0;0;1;0;0;0;0;0;465657,973298393015284;5468251,748529239557683;8,527001655000049;49,366005508999997
201107;08220617118200843630;08;1;18;019;2022;06;16;6;3;5;3;0;0;1;1;0;0;0;0;504891,593304199981503;5405445,185915890149772;9,066613881000020;48,801978460999997
201108;08220622119300853000;08;1;19;055;2022;06;11;4;3;0;7;0;0;1;0;0;0;0;0;544241,568538533989340;5405027,793179770000279;9,602421007000030;48,796668646999997
201113;08220621222800812740;08;2;22;000;2022;06;16;3;3;0;3;0;0;1;1;0;0;0;0;463973,441084432997741;5485323,809918059967458;8,502249268000069;49,519464357000103
201117;08220615111500803750;08;1;11;000;2022;06;16;4;3;6;4;0;0;1;0;1;0;0;0;513098,077466243994422;5402996,257894420064986;9,178291597000049;48,779829391000099