OBJECTID;UIDENTSTLAE;ULAND;UREGBEZ;UKREIS;UGEMEINDE;UJAHR;UMONAT;USTUNDE;UWOCHENTAG;UKATEGORIE;UART;UTYP1;ULICHTVERH;IstStrassenzustand;IstRad;IstPKW;IstFuss;IstKrad;IstGkfz;IstSonstige;LINREFX;LINREFY;XGCSWGS84;YGCSWGS84
201363;08220621311010837440;08;3;11;000;2022;06;08;3;3;4;7;0;0;1;0;0;0;0;0;415995,121992192987818;5315591,016923280432820;7,874112791000070;47,988101233000101
201365;08220618215402802110;08;2;15;009;2022;06;12;7;3;0;7;0;0;1;0;0;0;0;0;468554,190000000991859;5442750,899999540299177;8,568892527000060;49,136782555000103
201366;08220614115300807870;08;1;15;028;2022;06;09;3;3;5;7;0;0;1;1;0;0;0;0;500956,483000000996981;5404671,713999520055950;9,013023620000070;48,795038872000099
201370;08220611212402781790;08;2;12;000;2022;06;14;7;3;0;7;0;0;1;0;0;0;0;0;456881,204331571003422;5427811,963912479579449;8,410461060000049;49,001697976999999
201371;08220629116500857750;08;1;16;049;2022;06;07;4;3;3;6;0;0;1;1;0;0;0;0;525239,439000000944361;5385825,900999519973993;9,342508308000051;48,624992061999997
201372;08220624111000863420;08;1;11;000;2022;06;12;6;3;6;7;0;0;0;0;1;0;0;1;514442,956066071987152;5408550,932110889814794;9,196793450000030;48,829768743999999
201373;08220621116500840870;08;1;16;049;2022;06;12;3;3;5;3;0;0;1;0;0;0;0;1;524297,065243997960351;5384434,411912919953465;9,329638666000051;48,612511455000103
201377;08220613221200804130;08;2;21;000;2022;06;18;2;3;0;7;0;0;1;0;0;0;0;0;476902,416364645003341;5472359,229533189907670;8,681631460000061;49,403481706000001
201380;08220628231000851340;08;2;31;000;2022;06;16;3;3;0;6;0;0;1;1;0;0;0;0;476489,585677282011602;5415182,503108220174909;8,679278019000041;48,889147244000100
201381;08220620337010813650;08;3;37;002;2022;06;10;2;3;0;7;0;0;1;0;0;0;0;0;434057,911025883979164;5270890,000073689967394;8,122960465000061;47,588068162000098
201382;08220630335100842010;08;3;35;043;2022;06;15;5;3;8;1;0;0;1;0;0;0;0;0;512465,933711853984278;5278789,829114279709756;9,166033366000020;47,662381848999999
201383;08220623337010842490;08;3;37;065;2022;06;15;5;3;3;5;0;0;1;1;0;0;0;0;447281,391833181027323;5275639,142707119695842;8,298248050000041;47,632006643000103
201386;08220625116501857020;08;1;16;081;2022;06;20;7;3;0;7;0;0;1;0;0;0;0;0;518722,188896831008606;5386713,593752129934728;9,254108027000029;48,633206891999997
201390;08220626435100858190;08;4;35;029;2022;06;10;1;3;6;4;0;0;1;0;1;0;0;0;544302,906314144958742;5270759,317043130286038;9,589241532000070;47,588731795000101
201391;08220701416010869940;08;4;16;041;2022;07;16;6;3;0;7;0;0;1;0;0;0;0;0;504989,739000000001397;5373045,655999519862235;9,067559843000030;48,510506667000101
201392;08220715222500913800;08;2;22;000;2022;07;11;6;3;5;3;0;0;1;1;0;0;0;0;463824,670466104988009;5477610,259822810068727;8,500899650000060;49,450075850000097
201393;08220707128010879800;08;1;28;007;2022;07;12;5;2;4;6;0;0;1;0;0;0;0;1;557095,392199657973833;5476635,902684530243278;9,787564455000050;49,439706845000003
201394;08220713311100925770;08;3;15;059;2022;07;11;4;3;5;3;0;0;1;1;0;0;0;0;399460,663639398990199;5321730,076826769858599;7,651126025000050;48,040934581000002
201397;08220705335300876060;08;3;35;028;2022;07;17;3;3;0;1;0;0;1;0;0;0;0;0;483596,732875343994237;5286548,116094290278852;8,781233963000030;47,732099930000103
201398;08220718311010944620;08;3;11;000;2022;07;10;2;3;6;7;0;0;1;0;1;0;0;0;414469,746409694023896;5316854,221679950132966;7,853421196000060;47,999262074999997
201399;08220708337101879760;08;3;37;116;2022;07;16;6;2;0;7;0;0;1;0;0;0;0;0;417958,008824278018437;5274124,893496659584343;7,908260149000060;47,615332944000002
201400;08220701212010885040;08;2;12;000;2022;07;19;6;3;5;3;0;0;1;1;0;0;0;0;455377,806864300975576;5426941,952285010367632;8,390002727000020;48,993765275000001
201402;08220712215202889100;08;2;15;039;2022;07;06;3;3;5;2;0;0;1;1;0;0;0;0;473045,443000000028405;5452250,388999540358782;8,629827326000051;49,222445335000003
201403;08220718222200920940;08;2;22;000;2022;07;08;2;3;3;6;0;0;1;0;0;0;0;0;461706,322622565028723;5482367,498877420090139;8,471214297000071;49,492735005999997
201404;08220719415400945130;08;4;15;061;2022;07;07;3;3;5;2;0;0;1;1;0;0;0;0;511215,700594963971525;5371371,278140650130808;9,151812623000071;48,495363016000098
201406;08220703231000871540;08;2;31;000;2022;07;17;1;3;5;3;0;0;1;1;0;0;0;0;478387,232262393983547;5415777,155628959648311;8,705133311000051;48,894565630000002
201407;08220705119500909830;08;1;19;085;2022;07;18;3;3;0;7;0;0;1;0;0;0;0;0;528598,412655716994777;5413411,704023299738765;9,390005514000050;48,873003931000000
201408;08220716435100928170;08;4;35;016;2022;07;01;7;2;0;7;2;0;1;0;0;0;0;0;536962,407782827038318;5280399,510119039565325;9,492429011000070;47,675928755000001
201410;08220714226700923140;08;2;26;060;2022;07;14;5;3;5;3;0;0;1;1;0;0;0;0;476824,582136341021396;5463860,555247659794986;8,681053495000070;49,327033980000103
201412;08220717311010068970;08;3;11;000;2022;07;22;1;3;6;4;2;0;0;0;1;0;0;1;413667,905472079000901;5320489,320755969733000;7,841942278000030;48,031853185999999
201418;08220707415400903030;08;4;15;060;2022;07;18;5;3;6;3;0;0;0;1;1;0;0;0;514397,555539185996167;5378990,779165830463171;9,195144307000019;48,563845493000002
201419;08220714126200965520;08;1;26;066;2022;07;12;5;3;5;3;0;0;1;1;0;0;0;0;537069,977489955024794;5449234,614176150411367;9,508806483000059;49,194789954000001
201420;08220712221400907320;08;2;21;000;2022;07;17;3;3;6;7;0;0;1;0;1;0;0;0;476841,000691009976435;5471300,998715669848025;8,680846631000071;49,393960741999997
201421;08220711415400917210;08;4;15;087;2022;07;16;2;3;5;2;0;0;1;1;0;0;0;0;513495,192000001028646;5381544,085999519564211;9,182996629000060;48,586835724000103
201423;08220718435200906510;08;4;35;066;2022;07;11;2;3;0;1;0;0;1;0;0;0;0;0;517421,292806458019186;5285512,114596339873970;9,232301613000059;47,722751779000099
201424;08220708436300891610;08;4;36;049;2022;07;11;6;2;0;7;0;0;1;0;0;0;0;0;577821,479441198054701;5281994,940059480257332;10,036987629000100;47,686654654999998
201425;08220713117400927500;08;1;17;012;2022;07;18;4;3;3;6;0;0;1;0;0;0;0;0;545425,714000000967644;5387532,033999520353973;9,616617482000040;48,639199525999999
201426;08220702117300870910;08;1;17;026;2022;07;14;7;2;0;1;0;0;1;0;0;0;0;0;551219,395518269040622;5390337,438997100107372;9,695603402000071;48,663987700000099
201427;08220715311300902340;08;3;15;064;2022;07;16;6;3;0;1;0;0;1;0;0;0;0;0;423941,559024768997915;5313571,067801630124450;7,980955366000050;47,970924640000099
201429;08220712437100897420;08;4;37;088;2022;07;19;3;3;5;2;0;0;1;0;0;0;0;0;516888,345773836015724;5310295,359082750044763;9,226162030000070;47,945750173000100
201430;08220713222500927470;08;2;22;000;2022;07;15;4;2;5;3;0;0;1;1;0;0;0;0;461716,096702076029032;5480082,049166959710419;8,471570524000070;49,472179195000102
201431;08220720111000915170;08;1;11;000;2022;07;08;4;3;5;3;0;0;1;1;0;0;0;0;512927,661807187017985;5408522,659063399769366;9,176145925000069;48,829547799000103
201432;08220711226700909850;08;2;26;095;2022;07;10;2;3;5;3;0;0;1;1;0;0;0;0;473637,231500310997944;5461374,991035070270300;8,637353343000029;49,304547104999997
201433;08220703118400906380;08;1;18;048;2022;07;15;1;2;5;3;0;0;1;1;0;0;0;0;514762,541084537981078;5415613,637321099638939;9,201402710000020;48,893295756999997
201434;08220705119400929070;08;1;19;091;2022;07;19;3;3;6;2;0;0;0;0;1;0;0;1;526849,202845487045124;5406355,010498940013349;9,365689086000030;48,809602376000001
201435;08220708316100880050;08;3;16;011;2022;07;21;6;3;1;5;1;0;1;0;0;0;0;1;414557,601999986974988;5329888,398999500088394;7,851994797000030;48,116520053000002
201436;08220701311010903930;08;3;11;000;2022;07;06;6;3;0;1;0;1;1;0;0;0;0;0;412882,565081755979918;5315334,939991359598935;7,832457077000070;47,985381316000002
201438;08220712119500892980;08;1;19;085;2022;07;14;3;3;5;3;0;0;1;1;0;0;0;0;528124,773346562986262;5413122,675296160392463;9,383526626000050;48,870425605000001
201440;08220718136300942000;08;1;36;044;2022;07;10;2;3;5;2;0;0;1;1;0;0;0;0;558283,461231588968076;5408799,203152859583497;9,794143018000060;48,829434849999998
201442;08220710222800930380;08;2;22;000;2022;07;17;1;3;1;5;0;0;1;1;0;0;0;0;459939,993775375012774;5487897,642848930321634;8,446263440000051;49,542361202999999
201443;08220702336200885370;08;3;36;069;2022;07;11;7;3;4;3;0;0;1;1;0;0;0;0;408173,502847165975254;5268626,061217579990625;7,779236770000070;47,564553762000102
201444;08220704231000891810;08;2;31;000;2022;07;11;2;3;0;1;0;0;1;0;0;0;0;0;478745,822135382972192;5415906,396389409899712;8,710018824000031;48,895740642000099
201447;08220714215102908430;08;2;15;109;2022;07;20;5;3;0;7;0;0;1;0;0;0;0;0;464142,905448836972937;5439917,811858650296926;8,508669890000020;49,111057032000097
201448;08220706119300885010;08;1;19;067;2022;07;18;4;3;2;2;0;0;1;0;0;0;0;0;537941,963637046981603;5405093,757337329909205;9,516651667000080;48,797678415000100
201451;08220709417200908170;08;4;17;057;2022;07;21;7;2;8;1;0;0;1;0;0;0;0;0;482642,440342798014171;5339806,139153379946947;8,766355403000031;48,211245798999997
201455;08220719415100976980;08;4;15;050;2022;07;08;3;3;5;3;0;0;1;1;0;0;0;0;520513,851035427011084;5376421,088051009923220;9,277917010000071;48,540557664000097
201464;08220709311010892250;08;3;11;000;2022;07;01;7;2;0;1;2;0;1;0;0;0;0;0;410625,726064126996789;5315221,501735949888825;7,802241417000060;47,984049533000103
201466;08220715437100928920;08;4;37;088;2022;07;22;6;2;0;1;2;0;1;0;0;0;0;0;519221,651001385005657;5308278,969430699944496;9,257318391000069;47,927542539999997
201468;08220712317200890890;08;3;17;005;2022;07;14;3;2;5;3;0;0;1;0;0;0;0;1;425493,247999994026031;5378324,369999510236084;7,990334295000030;48,553588514000097
201469;08220711416200886060;08;4;16;041;2022;07;21;2;3;0;1;2;0;1;0;0;0;0;0;504450,871449552010745;5374617,137883409857750;9,060280483000041;48,524648347999999
201470;08220705335200875560;08;3;35;025;2022;07;19;3;3;0;1;0;0;1;0;0;0;0;0;499363,626321966003161;5282041,418255919590592;8,991519402000050;47,691758476000103
201471;08220718435100908360;08;4;36;064;2022;07;13;2;3;1;1;0;0;1;1;0;0;0;0;536594,141253664973192;5289530,877291800454259;9,488290002000040;47,758107412000101
201475;08220707212702904580;08;2;15;110;2022;07;08;5;2;0;7;0;0;1;0;0;0;0;0;462136,640106884005945;5419431,409877439960837;8,483092120000039;48,926657088000098
201476;08220712436100907400;08;4;36;010;2022;07;16;3;2;0;7;0;0;1;1;0;0;0;0;566634,563071480020881;5306277,618366929702461;9,891669787000071;47,906362122000097
201477;08220717221200936100;08;2;21;000;2022;07;02;1;3;1;6;2;0;1;1;0;0;0;0;478707,035142255015671;5473042,112658159807324;8,706468682000040;49,409689957000097
201479;08220711118400887080;08;1;18;048;2022;07;13;2;3;0;1;0;0;1;0;0;0;0;0;513445,439260707993526;5414986,406145690008998;9,183413186000051;48,887683328999998
201480;08220703118400904910;08;1;18;048;2022;07;01;1;3;1;5;2;0;1;1;0;0;0;0;515107,701528744015377;5417211,115301719866693;9,206170737000040;48,907657892000003
201481;08220705135200984090;08;1;35;019;2022;07;16;3;3;0;1;0;0;1;0;0;0;0;0;583495,094347476027906;5392405,505745460279286;10,134280347000100;48,679108260000099
201482;08220708317300920710;08;3;17;114;2022;07;11;6;3;7;7;0;0;1;0;0;0;0;1;406990,800539372023195;5347371,151097989641130;7,746521009000050;48,272712319999997
201483;08220706426010879040;08;4;26;097;2022;07;17;4;2;5;3;0;0;1;1;0;0;0;0;535522,800553087028675;5333239,414512219838798;9,477605451000040;48,151410769000101
201484;08220714415300950840;08;4;15;019;2022;07;07;5;2;5;3;0;0;1;0;0;0;0;0;518553,729664175014477;5370142,127579200081527;9,251082763000060;48,484131322000103
201485;08220712135010894810;08;1;35;016;2022;07;15;3;2;6;4;0;0;0;1;1;0;0;0;591532,568692949949764;5386041,679651229642332;10,242037045000099;48,620745018999997
201486;08220706415300917690;08;4;15;061;2022;07;16;4;3;6;4;0;0;0;0;1;1;0;0;516294,723796032019891;5370310,256916549988091;9,220519037000029;48,485706499000102
201488;08220719335100287030;08;3;35;043;2022;07;20;3;3;3;6;1;0;1;1;0;0;0;0;513292,470049621013459;5279195,772193039767444;9,177054274000060;47,666017932999999
201489;08220709335100979910;08;3;35;043;2022;07;04;7;3;8;1;2;0;1;0;0;0;0;0;513047,327087206009310;5279343,686507419683039;9,173793430000050;47,667353810000101
201490;08220702212010876590;08;2;12;000;2022;07;19;7;3;1;5;0;0;1;1;0;0;0;0;461207,607222472026478;5427227,698540950194001;8,469666523000059;48,996729438999999
201491;08220704311010872770;08;3;11;000;2022;07;17;2;3;3;7;0;0;1;0;0;0;0;0;412918,961813554982655;5316275,777704760432243;7,832753910000060;47,993849423000000
201495;08220712235101919510;08;2;35;079;2022;07;11;3;3;8;6;0;0;1;0;0;0;0;1;466839,784759528993163;5400000,952322780154645;8,548869306000030;48,752138572000000
201496;08220706121200889700;08;1;21;000;2022;07;15;4;3;5;3;0;0;1;0;0;0;0;1;516384,726007887977175;5444483,007449639961123;9,224699864000060;49,152949733000099
201497;08220717426200904350;08;4;26;070;2022;07;19;1;3;2;6;0;0;1;0;0;0;0;0;565569,112745595979504;5341740,839944549836218;9,882853649000030;48,225499808000102
201499;08220708415400896400;08;4;15;061;2022;07;18;6;3;4;6;0;0;1;1;0;0;0;0;515780,901495856989641;5369798,091202050447464;9,213546108000060;48,481111982000101
201500;08220702128100886400;08;1;28;058;2022;07;00;7;3;0;1;2;0;1;0;0;0;0;0;559341,199833799037151;5481995,991034080274403;9,819343002000039;49,487700228000101
201501;08220715225200918760;08;2;25;039;2022;07;00;6;3;6;1;2;0;0;0;1;0;0;1;531005,258418648969382;5494056,784790920093656;9,429065230000051;49,598290657000099
201502;08220707415300919490;08;4;15;059;2022;07;09;5;3;3;5;0;0;1;1;0;0;0;0;516748,730714672012255;5367897,830908589996397;9,226566482000070;48,463991487000001
201504;08220711311010885770;08;3;11;000;2022;07;19;2;3;0;1;0;0;1;0;0;0;0;0;412872,067090993979946;5316179,875483740121126;7,832144930000030;47,992980363000100
201506;08220705335300891390;08;3;35;100;2022;07;14;3;3;6;2;0;0;0;1;1;0;0;0;489299,491395039018244;5286032,252755080349743;8,857302517000051;47,727578184000002
201509;08220701212010874570;08;2;12;000;2022;07;13;6;3;6;4;0;0;1;0;1;0;0;0;453216,694000000017695;5428874,498999530449510;8,360238990000029;49,010988664000102
201511;08220707115100885420;08;1;15;003;2022;07;07;5;3;5;3;0;0;1;1;0;0;0;0;501017,370591948973015;5391741,764322440139949;9,013820753000060;48,678720574000103
201512;08220717121100903090;08;1;25;006;2022;07;11;1;3;0;1;0;0;1;0;0;0;0;0;507497,697056838020217;5454014,964184660464525;9,103001505000069;49,238865339000000
201514;08220720111000914910;08;1;11;000;2022;07;20;4;3;0;7;1;1;1;0;0;0;0;0;516414,603800154000055;5403258,697816349565983;9,223446453000070;48,782111598000000
201515;08220710425000900000;08;4;25;139;2022;07;15;1;2;8;1;0;0;1;0;0;0;0;0;552295,659256828017533;5364957,477494499646127;9,707030890000061;48,435589669000102
201518;08220712221200898470;08;2;21;000;2022;07;13;3;3;5;3;0;0;1;1;0;0;0;0;476833,623241684981622;5472488,211640099994838;8,680675733000040;49,404639265000100
201519;08220711316200889600;08;3;16;056;2022;07;13;2;3;6;4;0;0;0;1;1;0;0;0;423501,101314969011582;5328484,899267150089145;7,972390318000070;48,105032227000002
201523;08220709118400983600;08;1;18;048;2022;07;13;7;3;0;3;0;0;1;0;0;0;0;0;515637,731964031001553;5415394,685470069758594;9,213334318000021;48,891304656000003
201524;08220701216300869010;08;2;16;017;2022;07;07;6;3;9;1;0;1;1;0;0;0;0;0;451253,374779665027745;5401452,749059519730508;8,336663324000030;48,764172937000097
201528;08220713317300905290;08;3;17;065;2022;07;17;4;3;3;3;0;0;1;1;0;0;0;0;415320,045692787971348;5354929,575978869572282;7,857232393000060;48,341868374000100
201530;08220703426100870210;08;4;26;021;2022;07;00;1;3;0;7;2;0;1;0;0;0;0;0;558915,241919061052613;5327774,018395840190351;9,791337107000061;48,100506315000104
201532;08220716336400938630;08;3;36;091;2022;07;19;7;3;6;4;0;0;0;1;1;0;0;0;394465,217335256980732;5271500,795574110001326;7,596357214000020;47,588328327000099
201534;08220714426100895770;08;4;26;021;2022;07;11;5;3;5;3;0;0;1;0;0;1;0;0;559763,789456141996197;5325979,757914310321212;9,802482267000070;48,084285819000101
201535;08220711617114919260;08;3;11;000;2022;07;13;2;3;3;6;0;0;1;0;0;0;0;0;409764,533606138022151;5316979,540435919538140;7,790333126000060;47,999742517000101
201536;08220706235100901640;08;2;35;008;2022;07;11;4;3;3;6;0;0;1;1;0;0;0;0;480363,999000000010710;5403149,109999519772828;8,732707448000040;48,781032407000097
201538;08220719231000917080;08;2;31;000;2022;07;13;3;3;6;4;0;0;0;1;1;0;0;0;475441,019826992007438;5416649,152132079936564;8,664885873000060;48,902300001000100
201539;08220710127100909440;08;1;27;076;2022;07;09;1;2;0;1;0;0;1;0;0;0;0;0;553643,802354334970005;5439736,199218120425940;9,735009944000071;49,108129036000001
201541;08220704435200959720;08;4;35;034;2022;07;05;2;3;0;1;1;1;1;0;0;0;0;0;529084,062008408014663;5284438,944385539740324;9,387742471000021;47,712675846000103
201544;08220712335100970460;08;3;35;043;2022;07;18;3;2;0;1;0;0;1;0;0;0;0;0;513307,317622690985445;5284950,826381569728255;9,177427594000051;47,717799473000099
201548;08220708421300879780;08;4;21;000;2022;07;12;6;3;6;4;0;0;0;1;1;0;0;0;571234,773566090967506;5360813,878753440454602;9,962349014000040;48,396459010999997
201549;08220702111320878600;08;1;11;000;2022;07;12;7;3;0;7;0;0;1;0;0;0;0;0;518498,322801714995876;5406501,867994049564004;9,251957212000040;48,811228186000100
201551;08220706617114917580;08;3;11;000;2022;07;18;4;3;0;4;0;0;0;0;1;0;0;1;415631,077999986999203;5315649,444999500177801;7,869223140000030;47,988578898000100
201553;08220711311400912990;08;3;15;076;2022;07;16;2;3;0;1;0;0;1;0;0;0;0;0;392154,781348894000985;5296679,705377239733934;7,559410473000070;47,814428056000096
201555;08220705316100874400;08;3;16;017;2022;07;18;3;2;5;3;0;0;1;1;0;0;0;0;411698,430312693002634;5340979,969671189785004;7,811283850000050;48,215898510000002
201558;08220701212000898020;08;2;12;000;2022;07;15;6;2;3;6;0;0;1;0;0;0;0;0;453457,362771895015612;5427889,480457499623299;8,363642836000050;49,002146572000100
201559;08220715118600897320;08;1;18;073;2022;07;07;6;3;0;7;0;0;1;0;0;0;0;0;499343,530672389024403;5424655,357914179563522;8,991029316000040;48,974808062000101
201560;08220712116010902670;08;1;16;078;2022;07;16;3;3;6;4;0;0;0;1;1;0;0;0;510503,397428215015680;5393498,387541229836643;9,142730735000040;48,694435765000001
201561;08220716222700901580;08;2;22;000;2022;07;09;7;3;5;5;0;0;1;1;0;0;0;0;464419,817929799028207;5479299,665848400443792;8,508958605000030;49,465306471000098
201562;08220718119500908060;08;1;19;042;2022;07;06;2;3;4;6;0;0;1;1;0;0;0;0;528818,880664205993526;5414914,619958669878542;9,393117969000061;48,886513342999997
201563;08220719316200958420;08;3;16;009;2022;07;00;3;3;1;5;2;0;1;1;0;0;0;0;418301,640606107015628;5325015,024518460035324;7,903222764000080;48,073173622000098
201564;08220710335000884560;08;3;35;043;2022;07;15;1;2;4;6;0;0;1;1;0;0;0;0;512035,133888055977877;5280360,607837419956923;9,160338862000060;47,676523361000100
201565;08220703116100922730;08;1;16;007;2022;07;12;1;3;1;5;0;0;1;1;0;0;0;0;532287,538723450968973;5399819,954026919789612;9,439244476000059;48,750556221000103
201566;08220705119300874140;08;1;19;090;2022;07;11;3;2;3;6;0;0;1;1;0;0;0;0;530609,836232363944873;5406525,688023010268807;9,416920724000020;48,810963872000102
201570;08220706311300882850;08;3;11;000;2022;07;20;4;3;0;7;1;0;1;0;0;0;0;0;412685,878571238019504;5315360,406613459810615;7,829816486000030;47,985583577000099
201571;08220718116500948090;08;1;16;071;2022;07;16;2;3;0;2;0;0;1;0;0;0;0;1;527519,954236804042011;5391194,053008809685707;9,373811842000070;48,673187638000101
201573;08220710116500909970;08;1;16;071;2022;07;20;1;3;5;3;0;0;1;1;0;0;0;0;528135,346549513982609;5391036,283116609789431;9,382159976000031;48,671740924000098
201576;08220715421300900320;08;4;21;000;2022;07;12;6;2;3;2;0;0;1;1;0;0;0;0;571577,154790775035508;5362187,062044270336628;9,967207921000069;48,408772388999999
201577;08220707416200885610;08;4;16;041;2022;07;07;5;3;0;1;0;0;1;0;0;0;0;0;506498,695051460992545;5375630,521362810395658;9,088031003000030;48,533747232000103
201578;08220702435200870550;08;4;37;088;2022;07;18;7;3;0;7;0;0;1;0;0;0;0;0;524964,734267379040830;5301159,615121269598603;9,333787368000060;47,863290300000102
201579;08220705135200884110;08;1;35;019;2022;07;17;3;2;0;1;0;0;1;0;0;0;0;0;584453,102940732031129;5391347,943718920461833;10,147076196000100;48,669467342000097
201581;08220708135100906170;08;1;35;020;2022;07;14;6;2;6;7;0;0;1;0;1;0;0;0;586858,850000016042031;5386748,256999510340393;10,178780121000001;48,627766594000001
201585;08220706311010877530;08;3;36;091;2022;07;18;4;3;5;3;0;0;1;1;0;0;0;0;394776,264999960025307;5271705,752999479882419;7,600443804000070;47,590222492000102
201587;08220719317600923870;08;3;17;046;2022;07;08;3;2;9;1;0;0;1;0;0;0;0;0;428399,351158593024593;5343706,090617810375988;8,035614143000030;48,242526085000101
201588;08220710119200948900;08;1;19;020;2022;07;20;1;2;4;1;0;0;1;1;0;0;0;0;521131,863744844973553;5404995,603968850336969;9,287749497000050;48,797594140000101
201589;08220702415100887730;08;4;15;062;2022;07;18;7;2;9;1;0;0;1;0;0;0;0;0;519582,554000000003725;5377971,764999520033598;9,265373081000060;48,554537675000098
201591;08220715415400930040;08;4;15;061;2022;07;19;6;3;0;1;0;0;1;0;0;0;0;0;516319,998865481000394;5373025,790191729553044;9,220967231000030;48,510135697000102
201592;08220707327200879280;08;3;27;049;2022;07;11;5;3;5;3;0;0;1;0;0;0;0;1;473154,960133342014160;5324404,861046900041401;8,639620780000030;48,072353347000004
201593;08220713111500923750;08;1;11;000;2022;07;12;4;3;6;4;0;0;0;1;1;0;0;0;516301,583743327995762;5407473,135735860094428;9,222075272000041;48,820027067000098
201597;08220705426100874250;08;4;26;021;2022;07;11;3;3;5;3;0;0;1;1;0;0;0;0;559026,882131151971407;5327532,492005290463567;9,792803076000039;48,098323168000000
201601;08220702121500877190;08;1;25;005;2022;07;14;7;2;0;7;0;0;1;0;0;0;0;0;514102,380686219024938;5453344,008812700398266;9,193710994000069;49,232713435999997
201602;08220715311010927710;08;3;11;000;2022;07;02;6;3;0;7;2;0;1;0;0;0;0;0;414107,701177807990462;5316164,493959880433977;7,848706850000040;47,993009175000097
201603;08220707221050916640;08;2;26;076;2022;07;09;5;3;6;7;0;0;0;1;1;0;0;1;474484,577747451025061;5465300,045852970331907;8,648758196000070;49,339888738000099
201605;08220711212010885350;08;2;12;000;2022;07;13;2;3;4;6;0;0;1;0;0;0;0;0;455482,973919773008674;5428276,287240800447762;8,391294054000070;49,005775354000001
201606;08220704115100891080;08;1;15;003;2022;07;04;2;3;0;7;2;0;1;0;0;0;0;0;500584,391153224976733;5390292,468919370323420;9,007936776000070;48,665683079000097
201607;08220705317100878840;08;3;17;089;2022;07;19;3;3;5;2;0;0;1;1;0;0;0;0;431886,326260928995907;5375810,394685929641128;8,077367882000029;48,531701977000097
201609;08220708311010906870;08;3;36;091;2022;07;18;6;3;5;3;0;0;1;1;0;0;0;0;396549,093071351002436;5272031,013185460120440;7,623939994000070;47,593433525000101
201610;08220701136010877020;08;1;36;082;2022;07;22;6;2;0;6;2;0;0;1;1;0;0;0;588197,991850325954147;5414534,278137450106442;10,202901719000099;48,877487467999998
201612;08220712211000933290;08;2;16;043;2022;07;16;3;2;5;3;0;0;1;0;0;0;0;0;441426,777282328985166;5412046,532727690413594;8,201444932000070;48,858617273000000
201613;08220718215402916680;08;2;15;009;2022;07;15;2;3;5;2;0;0;1;1;0;0;0;0;469720,432864563015755;5441043,299612560309470;8,585008946000070;49,121480975000097
201614;08220719222600911320;08;2;22;000;2022;07;06;3;3;1;5;0;0;1;1;0;0;0;0;461663,266597551992163;5483450,818780129775405;8,470514662000030;49,502476156999997
201615;08220710212302883720;08;2;12;000;2022;07;21;1;3;0;7;1;0;1;0;0;0;0;0;456349,842501669016201;5428697,667649249546230;8,403101241000060;49,009627640000097
201617;08220705119300882200;08;1;19;067;2022;07;12;3;3;0;1;0;0;1;0;0;0;0;0;538003,146407846012153;5406481,626424079760909;9,517613216000029;48,810159333000101
201618;08220716231000949450;08;2;37;028;2022;07;16;7;3;0;7;0;0;1;0;0;0;0;0;456724,303912703006063;5368247,454949939623475;8,414570469000070;48,465870946999999
201619;08220708116200881290;08;1;16;078;2022;07;17;6;3;5;3;0;0;1;1;0;0;0;0;510312,598999999987427;5394285,080999519675970;9,140157628000050;48,701516092000098
201620;08220714311010906190;08;3;36;084;2022;07;09;5;3;6;4;0;0;0;0;1;0;1;0;405916,247951751982328;5277144,002218100242317;7,747407524000040;47,640855013000099
201623;08220719118400951110;08;1;18;048;2022;07;18;3;2;6;7;0;0;0;0;1;0;0;1;513667,098999999987427;5415442,564999519847333;9,186452152000070;48,891781967000000
201624;08220709237100912760;08;2;37;045;2022;07;15;7;3;8;1;0;0;1;0;0;0;0;0;458654,182425261009485;5363414,184527760371566;8,441153576000030;48,422520389000098
201625;08220702212010079010;08;2;12;000;2022;07;13;7;3;6;4;0;0;0;1;1;0;0;0;455553,803412823006511;5430860,901292489841580;8,391979375000060;49,029029276000102
201626;08220704311010906890;08;3;36;091;2022;07;20;2;3;4;2;0;0;1;0;0;0;0;0;396210,420721238013357;5274201,495191889815032;7,618922593000040;47,612903313000103
201627;08220716126100915760;08;1;26;028;2022;07;11;7;3;8;7;0;0;1;0;0;0;0;0;535322,628501686034724;5459281,108932410366833;9,485709468000040;49,285260508000100
201628;08220707222500906970;08;2;22;000;2022;07;15;5;3;0;3;0;0;1;1;0;0;0;0;462593,545000000973232;5479815,905999549664557;8,483706505000040;49,469840060000102
201631;08220711335100885220;08;3;35;043;2022;07;13;2;3;0;1;0;0;1;0;0;0;0;0;512777,351641830988228;5280998,914738790132105;9,170245746000029;47,682252381000097
201632;08220705421300883610;08;4;21;000;2022;07;18;3;3;6;7;0;0;0;1;1;0;0;0;576273,803997262031771;5365236,842408720403910;10,031217266000100;48,435654431000003
201633;08220718421200939400;08;4;21;000;2022;07;01;2;3;0;7;2;0;1;0;0;0;0;0;574157,101713511045091;5361091,871708489954472;10,001871271000001;48,398622655000104
201635;08220702128200876610;08;1;28;115;2022;07;15;7;3;0;1;0;0;1;0;0;0;0;0;547924,831812912947498;5496583,562876829877496;9,663500956000060;49,619912018000001