OBJECTID;UIDENTSTLAE;ULAND;UREGBEZ;UKREIS;UGEMEINDE;UJAHR;UMONAT;USTUNDE;UWOCHENTAG;UKATEGORIE;UART;UTYP1;ULICHTVERH;IstStrassenzustand;IstRad;IstPKW;IstFuss;IstKrad;IstGkfz;IstSonstige;LINREFX;LINREFY;XGCSWGS84;YGCSWGS84
201637;08220707111120922980;08;1;11;000;2022;07;19;5;2;0;7;0;0;1;0;0;0;0;0;513565,716000000014901;5403233,498999520204961;9,184664908000061;48,781953569000102
201638;08220713212702907470;08;2;15;017;2022;07;19;4;2;5;3;0;0;1;1;0;0;0;0;455113,438796319009271;5420272,414128360338509;8,387124581000020;48,933752566000102
201640;08220703335000888030;08;3;35;043;2022;07;16;1;3;1;5;0;0;1;1;0;0;0;0;512990,753392443992198;5280150,030135230161250;9,173063843000021;47,674610158000100
201642;08220714136300932090;08;1;36;065;2022;07;18;5;3;4;2;0;0;1;1;0;0;0;0;563139,003919912967831;5406709,898086880333722;9,859973287000059;48,810167096000001
201647;08220709215502912310;08;2;15;066;2022;07;16;7;3;6;4;0;0;1;0;1;0;0;0;460383,847692605981138;5454105,365741459652781;8,455766602000040;49,238442499000001
201649;08220715317500899450;08;3;17;096;2022;07;08;6;3;0;1;0;0;1;0;0;0;0;0;422135,550217173993587;5369060,124347779899836;7,946569818000060;48,469849969999999
201651;08220713221200958400;08;2;21;000;2022;07;18;4;3;0;7;0;0;1;0;0;0;0;0;475804,316653470974416;5472566,342458919622004;8,666483305000041;49,405301987000001
201652;08220720111000915130;08;1;11;000;2022;07;11;4;3;6;2;0;0;0;1;1;0;0;0;518848,477693512977567;5400498,717128009535372;9,256451162000079;48,757214131000097
201654;08220703127202890720;08;1;27;101;2022;07;21;1;3;6;3;1;0;0;1;1;0;0;0;587984,127549845958129;5442217,920791240409017;10,205983066000000;49,126494246000000
201655;08220705212010897950;08;2;12;000;2022;07;07;3;3;0;3;0;0;1;0;0;0;0;1;457796,974284155003261;5427750,560302720405161;8,422987574000050;49,001208933999997
201659;08220712127100892210;08;1;27;076;2022;07;16;3;3;5;3;0;0;1;1;0;0;0;0;553884,248730842024088;5440257,359216810204089;9,738373740000039;49,112795689999999
201660;08220706421300876040;08;4;25;140;2022;07;20;4;3;0;1;0;0;1;0;0;0;0;0;580041,671089677955024;5334891,318654499948025;10,076395138000100;48,162225102000001
201662;08220712336400923840;08;3;36;091;2022;07;11;3;3;6;4;0;0;0;1;1;0;0;0;395676,602753882994875;5271926,956381100229919;7,612362742000070;47,592357725000099
201664;08220710436400883270;08;4;36;082;2022;07;20;1;3;0;1;0;0;1;0;0;0;0;0;547179,986788423033431;5295709,145221440121531;9,630204829000039;47,813005347000100
201668;08220708121600895560;08;1;25;110;2022;07;12;6;3;0;1;0;0;1;0;0;0;0;0;527947,682899913052097;5442387,241682619787753;9,383125756000030;49,133680474000101
201671;08220717415400952180;08;4;15;061;2022;07;19;1;3;6;4;0;0;0;1;1;0;0;0;516843,476742440019734;5373876,096186529844999;9,228089219000029;48,517771488999998
201673;08220709421200881580;08;4;21;000;2022;07;20;7;3;5;3;0;0;1;1;0;0;0;0;572928,264000007999130;5360891,173999509774148;9,985237239000069;48,396960684000099
201674;08220702116400890390;08;1;16;033;2022;07;13;7;3;3;6;0;0;1;1;0;0;0;0;533299,255148699972779;5388599,020622139796615;9,452102671000031;48,649561601000102
201675;08220716117100934460;08;1;17;019;2022;07;13;7;3;0;7;0;0;0;1;1;0;0;0;550876,457907965988852;5394357,206592629663646;9,691441161000061;48,700175386000097
201676;08220707416010879110;08;4;16;022;2022;07;09;5;3;8;1;0;0;1;0;0;0;0;0;510664,364095162018202;5375705,470628799870610;9,144460718000060;48,534364525000100
201677;08220713415300174980;08;4;15;059;2022;07;08;4;3;6;7;0;0;0;1;1;0;0;0;516786,168893115012906;5368449,431381289847195;9,227095057000041;48,468952898000097
201678;08220712222500890000;08;2;22;000;2022;07;08;3;3;5;3;0;0;1;1;0;0;0;0;462209,144222325005103;5478755,222088409587741;8,478502406000080;49,460275920000100
201680;08220705415100876240;08;4;15;050;2022;07;12;3;3;5;3;0;0;1;1;0;0;0;0;521017,255354674998671;5377254,362599929794669;9,284778983000020;48,548037321000002
201681;08220718426200908550;08;4;26;014;2022;07;12;2;2;5;3;0;0;1;1;0;0;0;0;549315,379408922977746;5317274,121794300153852;9,661193089000051;48,006859528000099
201684;08220715311010897120;08;3;11;000;2022;07;07;6;3;0;7;0;0;1;0;0;1;0;0;412358,433052544016391;5317611,776621559634805;7,824969232000060;48,005790541000103
201685;08220707215502903990;08;2;15;106;2022;07;08;5;3;6;4;0;0;0;1;1;0;0;0;467125,742279872996733;5454439,388538029976189;8,548353758000079;49,241846207999998
201686;08220717127202933890;08;1;27;014;2022;07;19;1;3;6;4;0;0;0;1;1;0;0;0;578242,877890211995691;5442905,050946289673448;10,072620842999999;49,133991569999999
201687;08220713325102955960;08;3;25;015;2022;07;20;4;2;0;1;1;0;1;0;0;0;0;0;469495,676430497027468;5344142,551755820401013;8,589082471000040;48,249762928000102
201689;08220703435200945810;08;4;35;059;2022;07;12;1;3;4;6;0;0;1;0;0;0;0;0;514901,214000001025852;5292839,010999499820173;9,198949364000040;47,788738760000101
201691;08220708327100880770;08;3;27;050;2022;07;15;6;3;0;1;0;0;1;0;0;0;0;0;487369,243885267991573;5315357,401377350091934;8,830704843000030;47,991392486999999
201692;08220714436100912300;08;4;36;055;2022;07;14;5;3;0;1;0;0;1;0;0;0;0;0;575385,587457812973298;5297142,354555490426719;10,007160488000100;47,823212322000103
201693;08220712121400889550;08;1;25;056;2022;07;11;3;3;0;7;0;0;1;0;0;0;0;0;512013,947905280976556;5435807,852164260111749;9,164501156000030;49,075014316000100
201695;08220718216200945920;08;2;11;000;2022;07;13;2;3;4;6;0;0;1;0;0;0;0;1;439979,990167805983219;5398290,009125440381467;8,183732521000019;48,734738790000101
201697;08220710118600915320;08;1;18;076;2022;07;16;1;3;0;7;0;0;1;0;0;0;0;0;505080,591890837007668;5422954,405503580346704;9,069405260000050;48,959486329000100
201698;08220702136200880430;08;1;36;019;2022;07;18;7;3;0;7;0;0;1;0;0;0;0;0;582742,348979230038822;5423793,391638049855828;10,130387590000099;48,961515996999999
201700;08220715436400938290;08;4;36;009;2022;07;17;6;3;6;3;0;0;0;1;1;0;0;0;556968,682692846981809;5308199,069573179818690;9,762592727000030;47,924579956000102
201702;08220708136100937420;08;1;36;088;2022;07;18;6;3;1;5;0;0;1;1;0;0;0;0;580243,628000010969117;5409311,661999530158937;10,093413061000000;48,831594799000101
201703;08220701212010883540;08;2;12;000;2022;07;00;6;3;6;2;2;1;0;1;1;0;0;0;456861,444182841980364;5428661,664632219821215;8,410100629000061;49,009339765000000
201704;08220715115300935540;08;1;15;028;2022;07;17;6;3;3;7;0;0;1;0;0;0;0;0;501627,799154651002027;5403286,423154289834201;9,022158877000040;48,782575474000097
201705;08220712118400892060;08;1;18;048;2022;07;17;3;3;3;2;0;0;1;1;0;0;0;0;513388,981734047993086;5414515,148145129904151;9,182627599000060;48,883445232000000
201709;08220710215402884030;08;2;15;103;2022;07;15;1;3;5;3;0;0;1;1;0;0;0;0;465274,149154871003702;5441931,680630019865930;8,523996799000029;49,129236945999999
201712;08220716326300935410;08;3;26;060;2022;07;09;7;3;6;4;0;0;0;1;1;0;0;0;442823,053884268971160;5331075,441414089873433;8,231566351000030;48,130364962000002
201713;08220714212010920460;08;2;12;000;2022;07;11;5;3;5;3;0;0;1;1;0;0;0;0;460792,627385789004620;5427641,653549659997225;8,463953606000080;49,000426843000099
201714;08220706212010875520;08;2;12;000;2022;07;14;4;2;6;2;0;0;0;1;1;0;0;0;457883,103325336007401;5428456,092831440269947;8,424091914000030;49,007561191000001
201715;08220718116200920730;08;1;16;078;2022;07;19;2;3;6;4;0;0;0;1;1;0;0;0;512892,474069442017935;5390524,829284490086138;9,175103022000030;48,667640619000103
201717;08220709335300883490;08;3;35;075;2022;07;12;7;3;5;2;0;0;1;1;0;0;0;0;488988,765830266987905;5291598,345117240212858;8,853017870000031;47,777654136000102
201718;08220701337200885030;08;3;37;060;2022;07;18;6;3;0;7;0;0;1;0;0;0;0;0;468824,646621681982651;5277910,353077320381999;8,584843941000029;47,653837587000098
201719;08220716111500051540;08;1;11;000;2022;07;13;7;2;0;7;0;0;1;0;0;0;0;0;515294,942390866985079;5399050,614152399823070;9,208048574000030;48,744284518000001
201720;08220707425000892700;08;4;25;071;2022;07;16;5;2;0;3;0;0;1;0;0;0;0;0;551293,041496598976664;5371274,080350340344012;9,694251223000039;48,492495027000103
201722;08220712416100000620;08;4;16;036;2022;07;20;3;3;9;2;0;0;1;1;0;0;0;0;497568,973767712013796;5372017,112117939628661;8,967090483000050;48,501268604000103
201723;08220711222700885500;08;2;22;000;2022;07;17;2;3;3;2;0;0;1;1;0;0;0;0;463314,438000000023749;5480919,606999550014734;8,493553692000029;49,479811305000098
201724;08220704212010873280;08;2;12;000;2022;07;16;2;3;5;3;0;0;1;1;0;0;0;0;456337,934000000008382;5424556,542999530211091;8,403383363000049;48,972376793000102
201727;08220709215502900090;08;2;15;066;2022;07;14;7;3;1;7;0;0;1;1;0;0;0;0;460851,951929553993978;5454047,216684480197728;8,462202641000030;49,237949571999998
201728;08220701136100885960;08;1;36;088;2022;07;21;6;2;0;1;0;0;1;0;0;0;0;0;576895,868250800995156;5414995,319095440208912;10,048871694000100;48,883139092000100
201729;08220715135200902080;08;1;35;019;2022;07;17;6;3;0;1;0;0;1;0;0;0;0;0;583715,645070287049748;5392571,242944110184908;10,137309475000100;48,680569421000001
201730;08220706437100875660;08;4;37;118;2022;07;12;4;3;0;7;0;0;1;0;0;0;0;0;513303,322305942012463;5309497,803629799745977;9,178128436000071;47,938658881999999
201732;08220713226700906000;08;2;26;041;2022;07;14;4;3;5;3;0;0;1;1;0;0;0;0;476332,345947854977567;5465743,877352540381253;8,674167513000040;49,343955467999997
201736;08220705111130875840;08;1;11;000;2022;07;13;3;2;0;7;0;0;1;0;0;0;0;0;512868,374368425982539;5400451,712947320193052;9,175085285000019;48,756943616999997
201738;08220715127100932420;08;1;27;043;2022;07;13;6;2;5;3;0;0;1;0;0;0;0;1;566247,755144602037035;5446208,576371730305254;9,908748306000060;49,165114768000102
201739;08220712118100900820;08;1;18;079;2022;07;07;3;3;3;6;0;0;1;0;0;0;1;0;511698,908751756011043;5422408,003513550385833;9,159801202000040;48,954481262999998
201742;08220719311010910220;08;3;11;000;2022;07;17;3;3;5;3;0;0;1;0;0;0;0;1;413178,330249438004103;5316768,680378960445523;7,836130052000040;47,998318518000097
201744;08220702222500871240;08;2;22;000;2022;07;15;7;3;6;4;0;0;0;0;1;1;0;0;465399,976579401001800;5476548,641037889756262;8,522725571000020;49,440618751999999
201746;08220716116400932350;08;1;16;033;2022;07;11;7;3;0;1;0;0;1;0;0;0;0;0;531570,610380765981972;5389566,658629580400884;9,428707430000030;48,658356105999999
201747;08220708111130888110;08;1;11;000;2022;07;10;6;3;0;7;0;0;0;0;1;0;0;1;512553,841750105028041;5402057,101353890262544;9,170854800000029;48,771392026999997
201749;08220712311100890330;08;3;15;015;2022;07;16;3;3;6;7;0;0;0;1;1;0;0;0;394298,038999959011562;5320407,643999489955604;7,582210135000030;48,028206179999998
201750;08220706111500875960;08;1;11;000;2022;07;09;4;3;5;2;0;0;1;1;0;0;0;0;518744,172479079978075;5402747,143483979627490;9,255134452000050;48,777443881000103
201751;08220717436200915500;08;4;35;016;2022;07;13;1;3;5;3;0;0;1;0;0;0;0;0;536481,512236534035765;5278753,168345980346203;9,485885053000059;47,661143299000102
201754;08220701336300968250;08;3;36;081;2022;07;13;6;3;0;5;0;0;1;1;0;0;0;0;411626,999957434018143;5278029,471085930243134;7,823242147000030;47,649625395000001
201755;08220715311010897360;08;3;11;000;2022;07;09;6;3;0;1;0;0;1;0;0;0;0;0;414054,036199303984176;5319845,877859920263290;7,847249840000070;48,026117301000099
201756;08220707221300892310;08;2;21;000;2022;07;16;5;3;5;3;0;0;1;1;0;0;0;0;477305,822559777006973;5474886,207535020075738;8,687047292000051;49,426226627000098
201758;08220711311010904260;08;3;11;000;2022;07;14;2;3;5;2;0;0;1;1;0;0;0;0;413686,918120115995407;5315787,603715759702027;7,843143682000060;47,989562247999999
201759;08220704212010929410;08;2;12;000;2022;07;19;2;3;5;3;0;0;1;0;0;0;0;0;455528,364692757022567;5428387,133395610377192;8,391902529000051;49,006775699000102
201760;08220705231000873480;08;2;36;076;2022;07;17;3;2;4;6;0;0;1;0;0;0;0;0;470598,451747743005399;5424024,654228320345283;8,598277222000039;48,968435371000098
201761;08220718311200942220;08;3;11;000;2022;07;16;2;3;3;6;0;0;1;0;0;0;0;0;413825,411912370007485;5317548,809110430069268;7,844645831000040;48,005423602000100
201762;08220708221200905690;08;2;21;000;2022;07;21;6;3;0;7;0;0;1;0;0;0;0;0;477632,326038143015467;5471953,691659440286458;8,691714945000060;49,399861214000097
201764;08220718115400952970;08;1;15;045;2022;07;08;2;3;0;7;0;0;1;0;1;0;0;0;500545,549576529010665;5394449,209483739919960;9,007414745000061;48,703077616000002
201769;08220707226200901010;08;2;26;003;2022;07;08;5;3;5;5;0;0;1;0;0;0;0;0;464369,822564905975014;5459898,076534040272236;8,510006698000041;49,290792178000103
201770;08220714135010912380;08;1;35;019;2022;07;10;5;2;0;1;0;0;1;0;0;0;0;0;584901,870380362030119;5393135,693669339641929;10,153537366000000;48,685486048000001
201772;08220704216100872110;08;2;16;043;2022;07;16;2;3;3;2;0;0;1;1;0;0;0;0;442055,441202802001499;5411404,517253579571843;8,210105801000051;48,852901391000003
201775;08220708212010893360;08;2;12;000;2022;07;18;6;3;5;3;0;0;1;1;0;0;0;0;451822,974584146984853;5427226,080258930101991;8,341376767000041;48,996053869000001
201776;08220701121600873170;08;1;25;030;2022;07;19;6;3;5;3;0;0;1;1;0;0;0;0;514999,688389751012437;5439203,463905899785459;9,205509235000020;49,105493758000101
201777;08220715121600932880;08;1;25;008;2022;07;18;6;3;5;3;0;0;1;1;0;0;0;0;522894,317381970002316;5431933,679141210392118;9,313259914000071;49,039856151999999
201779;08220717221200904030;08;2;21;000;2022;07;09;1;3;0;7;0;0;1;0;0;0;0;0;476529,327492622018326;5472035,088464110158384;8,676508180000040;49,400551834000098
201780;08220713215102892420;08;2;15;090;2022;07;19;4;3;5;3;0;0;1;1;0;0;0;0;465019,082043703994714;5434046,822002709843218;8,521183240000029;49,058296956000000
201781;08220720111000915350;08;1;11;000;2022;07;19;4;3;0;3;0;0;1;0;0;0;0;1;513375,978952882986050;5404506,560659419745207;9,182123542000060;48,793410018000003
201784;08220705119400874020;08;1;19;079;2022;07;11;3;3;5;3;0;0;1;1;0;0;0;0;522429,536825765972026;5408190,159417830407619;9,305594067000071;48,826286203999999
201785;08220717111340938350;08;1;11;000;2022;07;16;1;3;0;7;0;0;1;0;0;0;0;0;509004,376929939026013;5406538,726412120275199;9,122645790000041;48,811769868000098
201786;08220708128300881620;08;1;28;131;2022;07;15;6;3;0;7;0;0;1;0;0;0;0;0;536577,180093289003707;5514484,501633210107684;9,508080672000061;49,781709831999997
201787;08220714221200965270;08;2;21;000;2022;07;16;5;3;0;7;0;0;1;0;0;0;0;0;475865,749317426991183;5471517,569182479754090;8,667393806000060;49,395870881000100
201788;08220712111000917560;08;1;11;000;2022;07;08;3;2;0;7;0;0;1;0;0;0;0;0;514034,854182770010084;5403460,674074679613113;9,191058827000059;48,783986806000001
201789;08220706216200909680;08;2;16;007;2022;07;18;4;3;5;3;0;0;1;1;0;0;0;0;436107,667626378010027;5394356,364724550396204;8,131684578000030;48,698970498999998
201791;08220719225100948020;08;2;25;058;2022;07;20;3;3;1;5;0;0;1;1;0;0;0;0;508203,094799831975251;5465880,655662390403450;9,112935630000040;49,345589866000097
201792;08220710118100885800;08;1;18;079;2022;07;18;1;3;0;7;0;0;1;0;0;0;0;0;509538,812583705002908;5422992,869088370352983;9,130309169000039;48,959779615999999
201793;08220702311010871770;08;3;36;084;2022;07;15;7;3;6;4;0;0;0;1;1;0;0;0;405428,991563513001893;5276126,545438510365784;7,741141892000030;47,631631392000003
201794;08220704415100942770;08;4;15;028;2022;07;18;2;3;5;3;0;0;1;1;0;0;0;0;533999,219072244944982;5374726,925251550041139;9,460470573000070;48,524730919000000
201796;08220707417300884270;08;4;17;013;2022;07;08;5;3;0;1;0;0;1;0;0;0;0;0;513543,803064592008013;5352591,331741149537265;9,182718715000020;48,326363444000002
201799;08220711416100887890;08;4;16;048;2022;07;11;2;3;7;7;0;0;1;0;0;0;0;0;497316,027006250980776;5374521,118343880400062;8,963650159000050;48,523794565000102
201800;08220706212010897940;08;2;15;017;2022;07;19;4;2;5;2;0;0;1;1;0;0;0;0;456487,973736197978724;5421474,416008080355823;8,405762893000031;48,944663038000002
201801;08220718115100943710;08;1;15;003;2022;07;20;2;3;5;3;0;0;1;1;0;0;0;0;501309,051477919972967;5391468,837734700180590;9,017782308000051;48,676264750000001
201802;08220718226300943650;08;2;26;006;2022;07;19;2;3;1;7;1;0;1;1;0;0;0;0;484309,382148485979997;5467418,804051470011473;8,783920326000040;49,359278832000001
201804;08220702119100885170;08;1;19;008;2022;07;11;7;3;6;7;0;0;0;1;1;0;0;0;531427,790000000968575;5421614,687999529764056;9,429221135000031;48,946656962000098
201805;08220715128100918220;08;1;28;007;2022;07;17;6;3;5;3;0;0;1;1;0;0;0;0;556923,950560834957287;5481023,534965840168297;9,785830647000070;49,479185513000097
201806;08220707215402969450;08;2;15;009;2022;07;15;5;3;0;7;0;0;1;0;1;0;0;0;470368,295770224009175;5441730,325582589954138;8,593837406000031;49,127692481000103
201809;08220711216200886290;08;2;16;007;2022;07;22;2;3;7;7;2;0;1;0;0;0;0;0;436099,048999996972270;5392361,895999520085752;8,131875940000040;48,681029234000100
201810;08220704121200873850;08;1;21;000;2022;07;18;2;3;5;3;0;0;1;1;0;0;0;0;515068,776254834025167;5441033,938218180090189;9,206524137000031;49,121957881000100
201812;08220708136100985090;08;1;36;088;2022;07;19;6;3;5;3;0;0;1;1;0;0;0;0;580925,319209084031172;5412922,594692219980061;10,103413539000000;48,863983734000001
201813;08220701335100875140;08;3;35;043;2022;07;16;6;3;5;2;0;0;1;1;0;0;0;0;511423,442740662023425;5280726,089738629758358;9,152199161000061;47,679822942000001
201815;08220712136200891250;08;1;36;019;2022;07;15;3;2;0;1;0;0;1;0;0;0;0;0;587661,918197180028073;5422057,623885920271277;10,197207874000100;48,945226904000002
201817;08220718136100905980;08;1;36;088;2022;07;09;2;3;0;7;0;0;1;0;0;0;0;0;581071,653183983056806;5413149,131921280175447;10,105453291000099;48,866002135000002
201819;08220710311010906860;08;3;36;069;2022;07;17;1;3;5;3;0;0;1;1;0;0;0;0;409501,680999981996138;5269070,779999489895999;7,796798216000070;47,568740953000002
201820;08220703326100877460;08;3;26;027;2022;07;23;1;2;0;7;2;0;1;0;0;0;0;0;461503,732556876027957;5308517,763114009983838;8,484640929000021;47,928822982000000
201822;08220716222600903810;08;2;22;000;2022;07;12;7;3;0;7;0;0;1;0;0;0;0;0;462727,623391302011441;5482822,887878679670393;8,485273567000039;49,496894593999997
201823;08220714221011930210;08;2;21;000;2022;07;13;5;2;6;4;0;0;0;1;1;0;0;0;477291,326733794994652;5472657,010562569834292;8,686974944000040;49,406174835999998
201824;08220706111500904150;08;1;11;000;2022;07;08;4;3;1;5;0;0;1;1;0;0;0;0;519757,972848123987205;5400310,107029070146382;9,268816502000050;48,755489212999997
201826;08220715115200930150;08;1;15;034;2022;07;12;6;3;3;2;0;0;1;1;0;0;0;0;482595,081999999994878;5375547,789999510161579;8,764238189000030;48,532795208000003
201827;08220712116200905060;08;1;16;047;2022;07;17;3;3;0;3;0;0;1;1;0;0;0;0;520172,214411908003967;5392143,773055220022798;9,274053023000020;48,682011960000096
201828;08220716212010933260;08;2;12;000;2022;07;21;7;3;6;7;0;0;1;0;1;0;0;0;457901,561924687994178;5428205,222461519762874;8,424370317000070;49,005305834000097
201830;08220719416200947010;08;4;16;041;2022;07;07;3;3;5;3;0;0;1;1;0;0;0;0;504669,840214168012608;5373756,218968340195715;9,063236449000041;48,516901618000098
201832;08220703111110903540;08;1;11;000;2022;07;12;1;3;0;7;0;0;1;0;0;0;0;0;512349,670538817998022;5402933,890226749703288;9,168102423000050;48,779283644000003
201834;08220716311010902760;08;3;11;000;2022;07;16;7;3;5;3;0;0;1;1;0;0;0;0;414913,259963364980649;5317469,464210649952292;7,859243482000070;48,004855611000004
201835;08220708116400893010;08;1;16;033;2022;07;08;6;3;5;3;0;0;1;0;0;0;0;0;534016,007192832999863;5387912,386439399793744;9,461777260000080;48,643346118000103
201836;08220714317200907330;08;3;17;057;2022;07;15;5;3;4;6;0;0;1;0;0;0;0;0;414389,403309824003372;5379587,512994529679418;7,839632631000030;48,563532105999997
201839;08220718111500072640;08;1;11;000;2022;07;07;2;3;5;3;0;0;1;1;0;0;0;0;510650,611229490023106;5406393,020264069549739;9,145064780000039;48,810433074999999
201841;08220710116100967450;08;1;16;056;2022;07;17;1;3;5;3;0;0;1;1;0;0;0;0;531360,024637560010888;5395988,819396690465510;9,426335308000031;48,716139559000098
201842;08220702335100975790;08;3;35;043;2022;07;11;7;3;4;4;0;0;1;0;1;0;0;0;513413,723255116026849;5279235,162477429956198;9,178670556000039;47,666369850000102
201844;08220716127202901700;08;1;27;014;2022;07;23;7;3;0;7;2;0;1;0;0;0;0;0;578080,965263625956140;5443168,801380090415478;10,070452695000000;49,136384294999999
201845;08220707317500957890;08;3;17;096;2022;07;17;5;3;1;6;0;0;1;1;0;0;0;0;422164,258592513971962;5370044,925323450006545;7,946774801000060;48,478711730000001
201847;08220712326200902690;08;3;26;003;2022;07;20;3;3;0;7;0;0;1;1;0;0;0;0;465263,067182392987888;5318330,847963039763272;8,534172876000071;48,017325450999998
201849;08220705421300899580;08;4;21;000;2022;07;12;3;3;6;4;0;0;0;1;1;0;0;0;571377,499000004958361;5360623,780999509617686;9,964244570000060;48,394732884000099
201850;08220718436200916730;08;4;36;006;2022;07;10;2;3;6;6;0;0;0;1;1;0;0;0;556262,219536392018199;5283817,846987619996071;9,749971350000070;47,705291728000098
201851;08220709212010948850;08;2;12;000;2022;07;14;7;3;5;3;0;0;1;1;0;0;0;0;454282,448830839013681;5430670,652703199535608;8,374609859000030;49,027225039000001
201853;08220715311010930690;08;3;36;081;2022;07;09;6;1;5;3;0;0;1;1;0;0;0;0;412200,702958701993339;5278689,182041320018470;7,830747336000060;47,655638155000098
201854;08220707115400884880;08;1;15;045;2022;07;07;5;3;5;3;0;0;1;1;0;0;0;0;500536,064700412971433;5394424,297881609760225;9,007285800000030;48,702853517000101
201855;08220713212702893670;08;2;15;017;2022;07;16;4;3;0;7;0;0;1;0;0;0;0;0;456964,480686081980821;5421008,280348829925060;8,412319350000081;48,940503379000099
201857;08220703212010901720;08;2;12;000;2022;07;18;1;3;5;3;0;0;1;1;0;0;0;0;460839,634914923983160;5427001,161102790385485;8,464658014000070;48,994668451000102
201859;08220708337010900730;08;3;37;123;2022;07;14;6;2;0;1;0;0;1;0;0;0;0;0;451049,736485195986461;5277475,999980160035193;8,348200518000059;47,648829014999997
201860;08220701326200885110;08;3;26;074;2022;07;17;6;3;6;3;0;0;0;1;1;0;0;0;465346,152958519989625;5323383,665452860295773;8,534878003000070;48,062789291000101
201861;08220714415400037570;08;4;15;061;2022;07;13;5;3;3;2;0;0;1;1;0;0;0;0;514772,605000002018642;5374451,198999510146677;9,200066670000069;48,522997439999997
201864;08220718212702079650;08;2;15;017;2022;07;16;2;3;5;3;0;0;1;1;0;0;0;0;453918,172688040998764;5419546,441590519621968;8,370887638000060;48,927134443000099
201865;08220719327100910530;08;3;27;050;2022;07;09;3;3;0;1;0;0;1;0;0;0;0;0;486695,773495529021602;5314879,172156089916825;8,821692912000060;47,987076124000097
201866;08220710311010882910;08;3;11;000;2022;07;16;1;2;0;1;0;0;1;0;0;0;0;0;413606,344749507028610;5315443,150635359808803;7,842133299000070;47,986452886000102
201867;08220702222014874900;08;2;22;000;2022;07;16;7;2;5;3;0;0;1;0;0;0;0;1;460864,343999999982771;5481598,906999549828470;8,459664305000050;49,485768217000000
201868;08220704415300887770;08;4;15;091;2022;07;10;2;3;8;2;0;0;0;0;1;0;1;0;513572,267250194970984;5360386,548270460218191;9,183354236000071;48,396493066000097
201869;08220717111120086340;08;1;11;000;2022;07;17;1;3;4;1;0;0;1;0;0;0;0;0;513450,966000001004431;5403239,052999519743025;9,183103050000060;48,782006024000097
201870;08220708121600902550;08;1;25;102;2022;07;17;6;3;8;7;0;0;1;0;0;0;0;0;520006,620188708009664;5444189,580587520264089;9,274355342000041;49,150202941000003
201873;08220717335200903460;08;3;35;055;2022;07;14;1;3;0;1;0;0;1;0;0;0;0;0;495180,434657866018824;5285874,591347410343587;8,935729966000050;47,726230326000099
201875;08220709222014897860;08;2;21;000;2022;07;14;7;3;6;7;0;0;0;1;1;0;0;0;477572,830346053000540;5473639,873581719584763;8,690799716000070;49,415025974000102
201876;08220702111500889750;08;1;11;000;2022;07;11;7;2;6;2;0;0;0;1;1;0;0;0;515846,361842737998813;5405997,336550190113485;9,215816874000041;48,806762786000000
201877;08220715421300932630;08;4;21;000;2022;07;07;6;3;3;2;0;0;1;1;0;0;0;0;570740,181881497963332;5359322,854284759610891;9,955417154000029;48,383102455000000
201878;08220708111320893860;08;1;11;000;2022;07;14;6;3;6;4;0;0;0;1;1;0;0;0;516153,193871492985636;5405381,956469000317156;9,219971478000049;48,801219015000100
201880;08220712311010891980;08;3;16;011;2022;07;17;3;2;0;1;0;0;1;0;0;0;0;0;414620,374922790972050;5330627,376836310140789;7,852690021000060;48,123175721999999
201881;08220711317500884570;08;3;17;096;2022;07;08;2;2;0;7;0;0;1;0;0;0;0;0;422257,107212278002407;5365822,906895020045340;7,948815422000050;48,440746386000100
201882;08220705226400887110;08;2;26;084;2022;07;08;3;3;3;6;0;0;1;1;0;0;0;0;469046,964800501998980;5470026,338046000339091;8,573539281000020;49,382149108000100
201883;08220718226400920860;08;2;26;037;2022;07;08;2;3;0;1;0;0;1;0;0;0;0;0;465718,294526660989504;5467228,855200430378318;8,527920524000020;49,356808240000099
201884;08220708437100959320;08;4;37;100;2022;07;18;6;3;5;3;0;0;1;0;0;0;0;0;537352,214936563977972;5318360,524253340438008;9,500899669000029;48,017444886000099
201886;08220715311010905910;08;3;36;103;2022;07;17;6;3;4;6;0;0;1;1;0;0;0;0;414909,934648372989614;5285385,835151229985058;7,865513987000040;47,716242682000001
201887;08220717336300935230;08;3;36;081;2022;07;00;1;3;0;7;2;0;1;1;0;0;0;0;410113,377874075027648;5277821,643199839629233;7,803134265000040;47,647547348000003
201888;08220719221050914920;08;2;26;103;2022;07;16;3;3;2;6;0;0;1;0;0;0;0;1;473598,567870085011236;5456766,678013970144093;8,637125799000049;49,263093699000102
201889;08220709311010895240;08;3;11;000;2022;07;06;7;3;2;6;0;0;1;0;0;0;0;0;411601,493248177983332;5314977,647545889951289;7,815365548000050;47,981991594000100
201890;08220702222400892820;08;2;26;036;2022;07;18;7;3;2;6;0;0;1;0;0;0;0;0;467651,419795704015996;5481183,504163829609752;8,553402347000031;49,482431580000103
201891;08220704436100931970;08;4;36;055;2022;07;16;2;2;0;7;0;0;1;0;0;0;0;0;576242,622233110014349;5297791,602470920421183;10,018723006000100;47,828951963000101
201892;08220716119300946300;08;1;19;084;2022;07;11;7;3;5;3;0;0;1;1;0;0;0;0;546582,146059234044515;5413949,088047560304403;9,635303809000050;48,876747582000100