OBJECTID;UIDENTSTLAE;ULAND;UREGBEZ;UKREIS;UGEMEINDE;UJAHR;UMONAT;USTUNDE;UWOCHENTAG;UKATEGORIE;UART;UTYP1;ULICHTVERH;IstStrassenzustand;IstRad;IstPKW;IstFuss;IstKrad;IstGkfz;IstSonstige;LINREFX;LINREFY;XGCSWGS84;YGCSWGS84
201896;08220712226700906760;08;2;26;076;2022;07;12;3;3;0;7;0;0;1;0;1;0;0;0;475232,456455225998070;5465591,080107309855521;8,659035111000041;49,342537393999997
201897;08220711417100892090;08;4;17;079;2022;07;07;2;3;5;2;0;0;1;1;0;0;0;0;502286,550881206989288;5339351,154724829830229;9,030776213000021;48,207385657000003
201899;08220718415100938270;08;4;15;028;2022;07;15;2;2;0;4;0;0;0;0;1;1;0;0;534029,914020659984089;5374608,217128650285304;9,460876589000071;48,523661349000101
201900;08220708416200890270;08;4;16;041;2022;07;12;6;3;0;1;0;0;1;0;0;0;0;0;504368,389286543999333;5374792,878796749748290;9,059165226000060;48,526229956000101
201902;08220715335100902010;08;3;35;043;2022;07;18;6;3;0;1;0;0;1;0;0;0;0;0;513813,958001901977696;5280276,107530309818685;9,184034572000030;47,675727494000100
201903;08220707216200882570;08;2;16;007;2022;07;11;5;3;6;7;0;0;0;0;1;0;0;1;436540,082563179021236;5393968,422548560425639;8,137620137000059;48,695525068999999
201904;08220712436200922780;08;4;36;064;2022;07;17;3;3;6;7;0;0;0;0;1;0;0;1;545642,001918309950270;5292180,217128469608724;9,609291161000041;47,781366530000099
201905;08220713212010897740;08;2;12;000;2022;07;12;4;3;5;2;0;0;1;1;0;0;0;0;452345,606000000028871;5430858,850999530404806;8,348094593000040;49,028771257000102
201906;08220711212302904830;08;2;12;000;2022;07;19;2;3;3;6;0;0;1;0;0;0;0;0;455746,286657164979260;5428523,625676710158587;8,394867304000060;49,008019126000100
201907;08220703119300877890;08;1;19;037;2022;07;00;1;3;0;1;2;0;1;0;0;0;0;0;546850,727850468945689;5419833,904154329560697;9,639641796000030;48,929662485999998
201909;08220708316200888700;08;3;16;009;2022;07;11;6;3;0;7;0;0;1;0;0;0;0;0;417222,561684277025051;5324595,724876119755208;7,888820454000040;48,069262690000102
201913;08220706311400954130;08;3;15;006;2022;07;13;4;3;5;3;0;0;1;1;0;0;0;0;403156,411775194981601;5307118,802924060262740;7,703989802000020;47,910078785000103
201915;08220719335100909180;08;3;35;043;2022;07;09;3;3;0;1;0;0;1;0;0;0;0;0;511722,189350245986134;5281695,872705490328372;9,156205515000069;47,688543362000097
201916;08220710325202950700;08;3;25;049;2022;07;21;1;2;8;1;2;0;1;0;0;0;0;0;472125,418080819013994;5334149,710129300132394;8,625162906000069;48,159981746000000
201918;08220704311200891460;08;3;11;000;2022;07;19;2;3;0;1;0;0;1;0;0;0;0;0;414202,837183410010766;5319550,850643009878695;7,849304293000050;48,023483439000103
201920;08220714212010906060;08;2;12;000;2022;07;07;5;3;5;3;0;0;1;1;0;0;0;0;452935,443982078984845;5430371,358054730109870;8,356219530000031;49,024431554000003
201921;08220712311400958060;08;3;15;006;2022;07;18;3;3;5;3;0;0;1;0;0;0;0;0;403204,726465099025518;5308302,106150330044329;7,704370469000030;47,920729913000102
201922;08220706116010903830;08;1;16;019;2022;07;15;4;2;8;1;0;0;1;1;0;0;0;0;523403,122053445025813;5400193,670170200057328;9,318403113000040;48,754315411999997
201923;08220717415400904130;08;4;15;061;2022;07;09;1;3;5;3;0;0;1;1;0;0;0;0;510864,917323631001636;5370072,772974049672484;9,147030759000071;48,483687324000101
201926;08220701336200874840;08;3;36;069;2022;07;17;6;3;5;3;0;0;1;0;0;0;0;0;409536,013238860992715;5269108,293658610433340;7,797246843000040;47,569083208000102
201927;08220715337100931660;08;3;37;076;2022;07;00;6;2;0;7;2;0;1;0;0;0;0;0;427299,320400699973106;5272144,548024870455265;8,032874847000070;47,598632300000098
201928;08220707415400877290;08;4;15;061;2022;07;06;5;3;8;6;0;0;1;0;0;0;1;0;516305,640406925987918;5372000,061262579634786;9,220732749000041;48,500908279000001
201933;08220718335100922530;08;3;35;043;2022;07;07;2;3;5;2;0;0;1;0;0;0;0;1;510992,844973064027727;5280824,825146360322833;9,146464638000049;47,680718796000100
201934;08220708226400881280;08;2;26;062;2022;07;17;6;3;6;4;0;0;0;1;1;0;0;0;469908,359991123026703;5468527,909188079647720;8,585520320000059;49,368714218000001
201935;08220701212102974860;08;2;15;101;2022;07;21;6;3;0;7;1;0;1;0;0;0;0;0;465530,981721900985576;5427850,592790939845145;8,528716586000030;49,002589095000097
201936;08220715127100910000;08;1;27;076;2022;07;19;6;2;0;7;0;0;1;0;0;0;0;0;556932,566919628996402;5440011,699937529861927;9,780106126000019;49,110311382000098
201938;08220717117400904930;08;1;17;053;2022;07;17;1;3;6;7;0;0;0;1;1;0;0;0;550996,705155725008808;5400727,659808539785445;9,693863279000031;48,757470228000003
201939;08220713311400920540;08;3;15;006;2022;07;09;4;3;5;3;0;0;1;1;0;0;0;0;403338,180255751998629;5307789,475336420349777;7,706271292000050;47,916138926000002
201940;08220710311010906910;08;3;36;069;2022;07;03;1;2;5;3;1;0;1;1;0;0;0;0;409650,756103387975600;5269467,515370139852166;7,798698141000050;47,572330710000102
201941;08220703222200891500;08;2;22;000;2022;07;15;1;3;6;4;0;0;0;1;1;0;0;0;461867,777954571996816;5482279,570361989550292;8,473452169000041;49,491954305000000
201942;08220705211100884410;08;2;11;000;2022;07;16;3;3;5;3;0;0;1;1;0;0;0;0;440645,745780660014134;5403958,775470560416579;8,191968262000049;48,785793675000001
201943;08220716215102913770;08;2;15;105;2022;07;21;7;3;0;7;1;0;1;0;0;0;0;0;456859,202690911013633;5441491,163450759835541;8,408702194000060;49,124741373000099
201944;08220708135200879960;08;1;35;019;2022;07;10;6;2;8;1;0;0;1;0;0;0;0;0;585084,780282431980595;5393587,926489950157702;10,156115101000101;48,689528645000102
201947;08220706216100899950;08;2;16;009;2022;07;18;4;3;4;6;0;0;1;1;0;0;0;0;446488,788437230978161;5420716,237227560020983;8,269315645000059;48,937058954000101
201949;08220719311010947440;08;3;11;000;2022;07;20;3;3;3;6;0;0;1;1;0;0;0;0;411852,402999983984046;5315947,230999499559402;7,818528211000060;47,990747907000099
201950;08220710119300894850;08;1;19;067;2022;07;11;1;3;0;7;0;0;1;0;0;0;0;0;539430,798674662946723;5406288,957664280198514;9,537038843000060;48,808337225999999
201951;08220707212010916980;08;2;12;000;2022;07;22;5;2;5;3;2;0;1;0;0;1;0;0;456728,787014711997472;5428853,872818959876895;8,408266217000060;49,011059413000098
201952;08220717118400937780;08;1;18;048;2022;07;12;1;3;0;1;0;0;1;0;0;0;0;0;515512,604873584001325;5418162,015781139954925;9,211732448000021;48,916201891000100
201953;08220713118400911650;08;1;18;048;2022;07;13;4;3;6;2;0;0;0;1;1;0;0;0;515025,790979628975037;5416711,092577739618719;9,205034531000020;48,903161827000098
201955;08220711115400901030;08;1;15;045;2022;07;12;2;3;5;2;0;0;1;1;0;0;0;0;499531,584000001021195;5394936,973999519832432;8,993633050000030;48,707465646000102
201958;08220708222600922760;08;2;22;000;2022;07;07;6;3;5;3;0;0;1;1;0;0;0;0;461925,835000000020955;5484989,834999550133944;8,473992541000030;49,516335286000100
201959;08220715100200915510;08;1;15;045;2022;07;18;6;3;5;3;0;0;1;1;0;0;0;0;499891,408809888991527;5395507,122488710097969;8,998523823000030;48,712594909000103
201961;08220706316100875550;08;3;16;017;2022;07;08;4;2;4;3;0;0;1;1;0;0;0;0;409407,919974757998716;5340968,469983730465174;7,780458606000020;48,215472161999998
201963;08220719311010945070;08;3;11;000;2022;07;08;3;2;3;6;0;0;1;0;0;0;0;0;413078,674312115996145;5316842,104744819924235;7,834779547000040;47,998965452999997
201964;08220710127100927080;08;1;27;076;2022;07;22;1;3;6;7;2;0;0;1;1;0;0;0;557426,002156549016945;5440517,447793530300260;9,786938602000021;49,114814494000001
201966;08220704226300929250;08;2;26;049;2022;07;16;2;3;5;3;0;0;1;1;0;0;0;0;486357,741579330002423;5462423,702832479961216;8,812299598000040;49,314396979000001
201967;08220716121500901610;08;1;25;069;2022;07;12;7;2;0;1;0;0;1;0;0;0;0;0;524284,100565114989877;5453288,598622639663517;9,333562275000080;49,231895843000103
201968;08220714222500896830;08;2;22;000;2022;07;12;5;3;5;3;0;0;1;1;0;0;0;0;462080,407513833022676;5479025,360701059922576;8,476700098000039;49,462697663000000
201969;08220712335300934120;08;3;35;081;2022;07;11;3;3;6;7;0;0;0;1;1;0;0;0;489895,710164828982670;5296051,788088110275567;8,865020328000069;47,817738767999998
201970;08220706115100902300;08;1;15;003;2022;07;14;4;3;0;7;0;0;1;0;0;0;0;0;500047,826616533973720;5392412,415797409601510;9,000649792000051;48,684754660000102
201972;08220719115100950330;08;1;15;046;2022;07;14;3;3;5;3;0;0;1;1;0;0;0;0;509026,135223820980173;5390267,914325679652393;9,122585722000050;48,665397231999997
201973;08220709121200559090;08;1;21;000;2022;07;03;7;3;0;7;2;0;1;0;0;0;0;1;515235,006890884018503;5446061,585338760167360;9,208992489000019;49,167179128999997
201974;08220701435100869140;08;4;35;013;2022;07;13;6;3;1;5;0;1;1;1;0;0;0;0;540446,639108870993368;5275004,712138540111482;9,538346325000020;47,627181339000103
201975;08220715335300898610;08;3;35;075;2022;07;08;6;3;5;2;0;0;1;0;0;0;0;1;488614,607095508021303;5288811,788367659784853;8,848096489000060;47,752575516000000
201976;08220708111500903150;08;1;11;000;2022;07;11;6;3;6;4;0;0;1;0;1;0;0;0;513128,527010580990463;5403202,903481899760664;9,178712675000041;48,781687714999997
201978;08220713435100908780;08;4;35;016;2022;07;19;4;3;5;2;0;0;1;0;0;0;0;0;534839,491000000038184;5277657,801999489776790;9,463928970000040;47,651378341000097
201982;08220718311010980550;08;3;11;000;2022;07;16;2;3;4;2;0;0;1;0;0;0;0;0;412333,611998071020935;5316985,885598029941320;7,824764432000050;48,000157067000004
201985;08220715121200913900;08;1;21;000;2022;07;15;6;3;5;3;0;0;1;1;0;0;0;0;515419,395067755016498;5441911,838936669752002;9,211363048000070;49,129846215999997
201988;08220713226700944590;08;2;26;076;2022;07;07;4;3;5;3;0;0;1;1;0;0;0;0;475737,179492184019182;5465520,507033290341496;8,665987603000080;49,341922881000102
201990;08220710336300883170;08;3;36;036;2022;07;11;1;3;5;3;0;0;1;1;0;0;0;0;412383,300999984028749;5281771,894999490119517;7,832560184000040;47,683394496000098
201994;08220714221050914270;08;2;21;000;2022;07;22;5;3;5;3;2;0;1;0;0;0;0;0;477375,472712831979152;5473547,045900669880211;8,688084107000069;49,414183697000098
201996;08220718117300907870;08;1;17;026;2022;07;10;2;3;1;5;0;0;1;1;0;0;0;0;547407,064287886023521;5394562,370866909623146;9,644316831000030;48,702294257000098
201998;08220709426100883360;08;4;26;021;2022;07;13;7;3;5;3;0;0;1;1;0;0;0;0;559003,293813352007419;5326517,998144100420177;9,792346053000070;48,089198786000097
202000;08220704335100872090;08;3;35;043;2022;07;17;2;3;0;3;0;1;1;1;0;0;0;0;512907,026284018997103;5278345,379975100047886;9,171895109000049;47,658374185000099
202002;08220707421200878100;08;4;21;000;2022;07;08;5;3;1;5;0;0;1;1;0;0;0;0;573548,327780949999578;5361497,105489219538867;9,993718957000061;48,402339131000097
202004;08220713327200937440;08;3;27;046;2022;07;19;4;3;5;3;0;0;1;1;0;0;0;0;480640,720684378000442;5324289,046597939915955;8,740116778000070;48,071582591999999
202007;08220718311010941340;08;3;11;000;2022;07;10;2;3;6;7;0;0;0;1;1;0;1;0;413924,230842420016415;5318264,403269710019231;7,845826799000060;48,011873934999997
202009;08220702111130891320;08;1;11;000;2022;07;14;7;3;0;7;0;0;1;0;0;0;0;0;507997,958733023027889;5398094,515924720093608;9,108773485000031;48,735819900000102
202010;08220715237100912440;08;2;37;002;2022;07;13;6;3;2;2;0;0;1;0;0;0;0;1;460217,029999203979969;5352792,112026959657669;8,463281971000070;48,327062728999998
202011;08220707121300924870;08;1;21;000;2022;07;13;5;2;6;4;0;0;0;1;1;0;0;0;514840,237562727008481;5446519,243825869634748;9,203593994000070;49,171305575000098
202013;08220704222014873190;08;2;26;032;2022;07;17;2;3;5;3;0;0;1;1;0;0;0;0;466766,347170946013648;5462380,975482660345733;8,542756450000070;49,313260544999999
202014;08220715426100898280;08;4;26;021;2022;07;14;6;3;8;1;0;0;1;0;0;0;0;0;558893,692081016022712;5325936,347038770094514;9,790794153000039;48,083976279000098
202015;08220707435200887140;08;4;35;059;2022;07;08;5;3;7;7;0;0;0;0;1;1;0;0;513729,159858093014918;5290939,537963699549437;9,183241034000050;47,771674330000103
202017;08220712311010904090;08;3;11;000;2022;07;09;3;3;5;3;0;0;1;1;0;0;0;0;414114,980988574970979;5317943,852079699747264;7,848448199000070;48,009016131000102
202018;08220706111230975540;08;1;11;000;2022;07;21;4;3;4;6;0;0;1;0;0;0;0;1;509346,062466308998410;5397813,595295820385218;9,127101492000071;48,733273969999999
202020;08220719116100946100;08;1;16;019;2022;07;16;3;3;5;3;0;0;1;1;0;0;0;0;521402,777158939978108;5401005,089792819693685;9,291230687000050;48,761686822000101
202021;08220709111500883770;08;1;11;000;2022;07;18;7;3;2;6;0;0;1;0;0;1;0;0;511311,587565679976251;5400775,652596769854426;9,153912851000030;48,759887999000100
202022;08220702127202885460;08;1;27;014;2022;07;07;7;3;5;3;0;0;1;1;0;0;0;0;577335,976174884010106;5443061,511556119658053;10,060220511000100;49,135513575000097
202023;08220715231000946280;08;2;31;000;2022;07;16;6;3;5;3;0;0;1;0;0;0;0;0;477899,272268526023254;5415251,512495709583163;8,698504518000050;48,889819909000003
202024;08220707221200879200;08;2;21;000;2022;07;16;5;3;6;4;0;0;0;0;1;0;0;1;477737,956552220974118;5473013,767503839917481;8,693111365000050;49,409400314000003
202025;08220713311010892480;08;3;11;000;2022;07;19;4;3;1;5;0;0;1;1;0;0;0;0;410710,554684376984369;5314973,547279749996960;7,803429554000050;47,981830968000097
202026;08220711221050919150;08;2;26;076;2022;07;15;2;3;1;5;0;0;1;1;0;0;0;0;475516,114864928007592;5465654,229092749767005;8,662936172000061;49,343116866999999
202028;08220705337010894660;08;3;37;118;2022;07;20;3;2;6;4;0;0;0;0;1;0;0;1;440928,297361387987621;5282491,596768580377102;8,212761657000041;47,693108850000002
202030;08220708225200926540;08;2;25;082;2022;07;18;6;2;0;1;0;0;1;0;0;0;0;0;531822,478419692954049;5479444,240866010077298;9,439194723000069;49,466815398999998
202031;08220701136300955010;08;1;36;065;2022;07;17;6;2;0;7;0;0;1;0;0;0;0;0;560313,482000002986751;5409217,442999520339072;9,821861733000050;48,833003052999999
202032;08220715111120898830;08;1;11;000;2022;07;12;6;3;0;1;0;0;1;0;0;0;0;0;514036,742613796028309;5403462,251823220402002;9,191084588000020;48,784000957000003
202034;08220718221400911630;08;2;21;000;2022;07;13;2;3;5;3;0;0;1;1;0;0;0;0;476928,340000000025611;5469700,185999539680779;8,682143137000031;49,379564952000102
202035;08220719317000921380;08;3;17;040;2022;07;15;3;3;6;4;0;0;0;1;1;0;0;0;431326,780303241976071;5349167,037893369793892;8,074151169000061;48,291974455999998
202039;08220716317200902230;08;3;17;057;2022;07;01;7;2;4;6;2;0;1;0;0;0;0;0;415233,550245673977770;5379982,841734009794891;7,850991248000070;48,567202610999999
202041;08220714335100926820;08;3;35;043;2022;07;20;5;3;7;1;0;0;1;0;0;0;0;0;512216,960258005012292;5280997,829797370359302;9,162779079000069;47,682253453999998
202044;08220719118400925350;08;1;18;048;2022;07;07;3;3;3;6;0;0;1;0;0;0;0;0;514534,379732281027827;5415610,264210400171578;9,198289845000030;48,893270808000104
202046;08220702212702903300;08;2;15;108;2022;07;12;7;3;5;3;0;0;1;1;0;0;0;0;450185,747487474989612;5425436,417529730126262;8,319215382000040;48,979825922000003
202047;08220704415400899300;08;4;15;061;2022;07;17;2;3;5;3;0;0;1;1;0;0;0;0;515559,537295086018275;5372867,341969380155206;9,210665006000060;48,508729549000101
202048;08220715426100929340;08;4;26;021;2022;07;21;6;3;0;1;1;0;1;0;0;0;0;0;557271,588870755047537;5327786,187186550348997;9,769263632000049;48,100765686000003
202051;08220712311010974720;08;3;11;000;2022;07;16;3;3;5;3;0;0;1;0;0;0;0;0;412072,247466575994622;5314184,857424999587238;7,821835056000050;47,974925078000098
202055;08220709212010895520;08;2;12;000;2022;07;20;7;3;1;5;0;0;1;1;0;0;0;0;451877,245429912989493;5431128,486648670397699;8,341655927000030;49,031160251000102
202056;08220713116400908280;08;1;16;070;2022;07;17;4;3;5;2;0;0;1;0;0;1;0;0;540186,235690366011113;5385690,839933579787612;9,545320851000040;48,622995314000001
202059;08220706437200900170;08;4;37;104;2022;07;07;4;3;4;1;0;0;1;1;0;0;0;0;515218,892000000982080;5326413,028999499976635;9,204377848000041;48,090804329999997
202060;08220713221400899840;08;2;21;000;2022;07;19;4;3;0;7;0;0;1;0;0;0;0;0;476737,637211029010359;5469566,223640070296824;8,679523714000030;49,378352722999999
202061;08220719426300929650;08;4;26;097;2022;07;16;3;3;0;7;0;0;1;1;0;0;0;0;536787,317984167020768;5333313,393618440255523;9,494612687000030;48,152004431000101
202062;08220711118000920970;08;1;15;003;2022;07;18;2;3;0;7;0;0;1;0;0;0;0;0;500218,164731017022859;5392569,548665530048311;9,002964156000081;48,686168207999998
202063;08220702436100870600;08;4;36;010;2022;07;13;7;3;4;1;0;0;1;0;0;0;0;1;565059,152000003959984;5304019,822999499738216;9,870250533000050;47,886212043000100
202065;08220708336200887380;08;3;36;105;2022;07;16;6;3;3;2;0;0;1;0;0;0;0;1;398291,470382230007090;5267632,162090440280735;7,648128598000030;47,554139978000102
202066;08220701311200875150;08;3;11;000;2022;07;13;6;3;4;3;0;0;1;1;0;0;0;0;412398,735078791971318;5317590,947855549864471;7,825513708000070;48,005608705000000
202067;08220715118300915000;08;1;18;046;2022;07;11;6;3;5;2;0;0;1;1;0;0;0;0;514315,920598133001477;5412003,046427849680185;9,195183177000050;48,860826239000097
202068;08220712111500954920;08;1;11;000;2022;07;16;3;3;0;7;0;0;1;0;0;0;0;0;510961,775788838975132;5402339,261795310303569;9,149194763000031;48,773960410000001
202070;08220718121500942890;08;1;25;079;2022;07;15;2;3;0;7;0;0;1;0;0;0;0;0;511927,324139682983514;5454157,818504249677062;9,163858664000029;49,240080059000000
202076;08220713226700896080;08;2;26;065;2022;07;15;4;3;5;3;0;0;1;1;0;0;0;0;478405,517202328017447;5457737,412084209732711;8,703141445000030;49,272014136999999
202077;08220712421200892740;08;4;21;000;2022;07;18;3;3;0;5;0;0;1;1;0;0;0;0;572470,593659689999186;5361010,147869589738548;9,979075740000040;48,398083658000097
202078;08220719421200911020;08;4;25;031;2022;07;22;3;3;0;1;2;0;1;0;0;0;0;0;570084,626839024014771;5368260,688787749968469;9,948058629000061;48,463574049999998
202079;08220711121200915610;08;1;21;000;2022;07;11;2;3;6;7;0;0;0;1;1;0;0;1;516004,920000002020970;5444631,496999540366232;9,219497153000081;49,154295460000100
202080;08220704118400899260;08;1;18;048;2022;07;17;2;3;5;3;0;0;1;1;0;0;0;0;514971,290049810020719;5415768,604358970187604;9,204256295000050;48,894684789000102
202081;08220705311010296010;08;3;11;000;2022;07;15;3;3;0;7;0;0;1;1;0;0;0;0;412679,499359160021413;5316351,510827690362930;7,829529406000060;47,994498008999997
202084;08220714435100894450;08;4;35;029;2022;07;10;5;3;0;1;0;0;1;0;0;0;0;0;544395,283904007053934;5270784,356966610066593;9,590472648000061;47,588950770000103
202085;08220712135100892900;08;1;35;020;2022;07;12;3;2;0;7;0;0;1;0;0;0;0;0;586303,521265977993608;5385806,647881959564984;10,171049311999999;48,619374334000000
202087;08220718118300908230;08;1;18;081;2022;07;18;2;3;0;7;0;0;1;0;0;0;0;0;520366,738648878003005;5413651,799622409977019;9,277761212000030;48,875488797999999
202088;08220719337100911920;08;3;37;116;2022;07;23;3;3;0;1;2;0;1;0;0;0;0;0;417706,197373632981908;5274995,472103640437126;7,904746330000020;47,623132857000002
202089;08220710212010896660;08;2;15;108;2022;07;20;1;3;5;3;0;0;1;1;0;0;0;0;449218,068313907017000;5424567,291786549612880;8,306100160000030;48,971929349000000
202091;08220704416200873960;08;4;16;041;2022;07;17;2;3;6;7;0;0;1;0;1;0;0;0;504202,208548563008662;5374325,125129760242999;9,056909770000059;48,522023011000002
202092;08220716216100943600;08;2;16;043;2022;07;15;7;3;1;5;0;0;1;0;0;0;0;1;441293,497677750012372;5412292,075845150277019;8,199592839000051;48,860813325000002
202093;08220708135100923290;08;1;35;019;2022;07;19;6;3;5;3;0;0;1;1;0;0;0;0;586013,771813392988406;5390990,375341160222888;10,168194927000100;48,666038272999998
202096;08220717317500942320;08;3;17;034;2022;07;18;1;2;8;7;0;0;1;0;0;0;0;0;427193,669507333019283;5363243,329017600044608;8,016001665000029;48,418132925000101
202098;08220709221050914510;08;2;26;032;2022;07;12;7;3;6;7;0;0;0;1;1;0;0;0;466556,569135227007791;5462431,617994950152934;8,539866084000041;49,313704610999999
202099;08220702118400905350;08;1;18;048;2022;07;16;7;3;0;7;0;0;1;0;0;0;0;0;512869,264187559019774;5415089,205672170035541;9,175556690000059;48,888620321000097
202100;08220715416200965720;08;4;16;041;2022;07;21;6;3;0;1;1;0;1;0;0;0;0;0;503626,617278261983301;5374134,896395949646831;9,049112988000051;48,520315233000098
202103;08220711335300919310;08;3;35;100;2022;07;18;2;3;5;2;0;0;1;1;0;0;0;0;487576,574139242002275;5286022,663789429701865;8,834326782000060;47,727461038000101
202104;08220705417300912730;08;4;17;031;2022;07;14;3;2;2;6;0;0;1;1;0;0;0;0;497731,280061686993577;5356070,268781489692628;8,969374000000069;48,357803268000097
202105;08220718426300941350;08;4;26;097;2022;07;07;2;3;4;1;0;0;1;1;0;0;0;0;535122,158053291030228;5330772,087006639689207;9,472015449000031;48,129235317000102
202107;08220701311010878500;08;3;11;000;2022;07;16;6;3;1;5;0;0;1;1;0;0;0;0;414006,638875402975827;5316139,110166500322521;7,847357589000070;47,992767254000100
202108;08220715317500928620;08;3;17;096;2022;07;20;6;3;6;4;0;0;0;1;1;0;0;0;423046,885105222987477;5370327,433806420303881;7,958663876000060;48,481361538000002
202109;08220707115300878850;08;1;15;028;2022;07;18;5;3;5;3;0;0;1;1;0;0;0;0;498780,121836661011912;5406612,363131109625101;8,983384184000039;48,812496343000099
202112;08220713222700893940;08;2;22;000;2022;07;08;4;3;6;4;0;0;0;1;1;0;0;0;462314,660040156973992;5482020,824928180314600;8,479647330000031;49,489654946000002
202113;08220720111140948580;08;1;11;000;2022;07;10;4;3;5;3;0;0;1;1;0;0;0;0;512051,994075887021609;5402734,059252490289509;9,164044642000020;48,777491818000001
202114;08220711116200916840;08;1;16;077;2022;07;07;2;3;5;3;0;0;1;1;0;0;0;0;517256,008544143987820;5390823,952953450381756;9,234379707000070;48,670226227000100
202115;08220704111130945540;08;1;11;000;2022;07;11;2;3;6;7;0;0;0;1;1;0;0;0;511557,252406452025753;5402059,428740539588034;9,157291577000020;48,771432273000102
202116;08220705115100899400;08;1;15;003;2022;07;10;3;3;6;2;0;0;0;1;1;0;0;0;500322,167187782004476;5392662,504809189587831;9,004377287000070;48,687004406000000
202117;08220708326100069350;08;3;26;012;2022;07;17;6;3;0;1;0;0;1;0;0;0;0;0;462368,468604832014535;5312137,018050679937005;8,495900379000030;47,961436511999999
202118;08220714421300898980;08;4;21;000;2022;07;13;5;3;5;3;0;0;1;1;0;0;0;0;570737,200200392981060;5360372,130609080195427;9,955553586000059;48,392541370000103
202122;08220719317500910600;08;3;17;096;2022;07;07;3;3;5;3;0;0;1;1;0;0;0;0;421538,152181026001927;5368872,875733329914510;7,938524174000070;48,468091435000098
202128;08220714415100895620;08;4;15;078;2022;07;07;5;2;5;3;0;0;1;1;0;0;0;0;527881,684718842967413;5372076,924977930262685;9,377442328000029;48,501192605000000
202129;08220712226700937270;08;2;26;098;2022;07;08;3;3;6;4;0;0;0;1;1;0;0;0;478103,378372396982741;5459569,130530109629035;8,698887717000050;49,288479795999997
202133;08220709211000906820;08;2;16;043;2022;07;17;7;2;9;1;0;0;1;0;0;0;0;0;440752,480999998981133;5412812,505999520421028;8,192142010000049;48,865443122999999
202134;08220702128100885490;08;1;28;126;2022;07;23;7;2;0;7;2;0;1;0;0;0;0;0;565267,492655050009489;5482482,230228589847684;9,901239343000039;49,491464882000102
202135;08220715336200901690;08;3;36;069;2022;07;14;6;3;0;7;0;0;1;0;0;0;0;0;408522,776831075025257;5267983,786839179694653;7,784012747000080;47,558825281000097
202136;08220707231202979530;08;2;36;004;2022;07;15;5;3;0;7;0;0;1;0;0;0;0;0;474112,049586526991334;5413841,856100159697235;8,646929907000070;48,876992518000101
202137;08220714211000912900;08;2;16;043;2022;07;19;5;3;6;3;0;0;0;1;1;0;0;0;441878,470060565974563;5411435,346408920362592;8,207689214000030;48,853162146999999
202139;08220714212010911800;08;2;15;101;2022;07;21;5;2;0;7;1;0;1;0;0;0;0;0;466101,253877628012560;5425824,082914560101926;8,536682538000040;48,984391549000101
202140;08220705436300898120;08;4;36;049;2022;07;18;3;3;0;7;0;0;1;0;0;0;0;0;578254,498408230021596;5283131,220315439626575;10,042960529000000;47,696824550000002
202141;08220718111500942800;08;1;11;000;2022;07;18;2;2;6;2;0;0;0;1;1;0;0;0;515855,144039847014938;5405998,017772080376744;9,215936507000039;48,806768690000098
202142;08220719127100944830;08;1;27;076;2022;07;22;3;3;3;6;2;0;1;0;0;0;0;0;552983,994077190989628;5438982,472252939827740;9,725871334000029;49,101406668000003
202143;08220709415100893430;08;4;15;050;2022;07;12;7;3;0;1;0;0;1;0;0;0;0;0;521340,761027802014723;5376588,586619869805872;9,289128235000019;48,542036930999998
202145;08220716116100974660;08;1;16;019;2022;07;20;7;3;0;1;1;0;1;0;0;0;0;0;522493,642497921013273;5399085,192857909947634;9,305969141000050;48,744377204000003
202149;08220711311400888870;08;3;15;074;2022;07;16;2;2;0;1;0;0;1;0;0;0;0;0;400922,806383272982202;5297950,078607509844005;7,676208937000070;47,827265043000097
202152;08220718335300908270;08;3;35;075;2022;07;18;2;2;5;3;0;0;1;1;0;0;0;0;488879,322648697998375;5288079,162593039683998;8,851647036000029;47,745988298000000
202153;08220708435200977380;08;4;35;059;2022;07;18;6;3;0;1;0;0;1;0;0;0;0;0;514595,170900997996796;5288683,244332750327885;9,194723714000080;47,751354270000000
202154;08220701121500878650;08;1;25;065;2022;07;13;6;3;5;3;0;1;1;1;0;0;0;0;516373,042000000015832;5447955,118999539874494;9,224680913000039;49,184182672000098
202155;08220715212010905470;08;2;12;000;2022;07;16;6;3;5;3;0;0;1;0;0;0;0;0;461308,927623009018134;5427360,967549470253289;8,471038926000061;48,997934584000099
202156;08220707121200886580;08;1;21;000;2022;07;05;5;3;5;7;1;0;1;1;0;0;0;0;515186,227484562026802;5443162,069436999969184;9,208213999000071;49,141098276999998
202157;08220712421300889480;08;4;21;000;2022;07;07;3;3;5;3;0;0;1;1;0;0;0;0;567869,689136683009565;5355903,749515710398555;9,916101700000070;48,352661443000002
202158;08220717115200939940;08;1;15;021;2022;07;20;1;3;6;7;0;0;0;1;1;0;0;0;489927,205554054991808;5382534,704676230438054;8,863387362000029;48,595811957000102
202159;08220713311300909240;08;3;15;131;2022;07;01;4;3;0;7;2;0;1;0;0;0;0;0;406179,694742658000905;5308970,129620539955795;7,744035650000060;47,927181189000102