OBJECTID;UIDENTSTLAE;ULAND;UREGBEZ;UKREIS;UGEMEINDE;UJAHR;UMONAT;USTUNDE;UWOCHENTAG;UKATEGORIE;UART;UTYP1;ULICHTVERH;IstStrassenzustand;IstRad;IstPKW;IstFuss;IstKrad;IstGkfz;IstSonstige;LINREFX;LINREFY;XGCSWGS84;YGCSWGS84
202160;08220711115300936360;08;1;15;028;2022;07;11;2;3;0;7;0;0;1;0;0;0;0;0;500924,874887074984144;5403914,660381760448217;9,012591535000070;48,788228508000003
202161;08220703421300896450;08;4;25;137;2022;07;19;1;3;0;7;0;0;1;0;0;0;0;1;573870,901505874004215;5354675,696839219890535;9,996878056000069;48,340941219000101
202162;08220705126200070680;08;1;26;011;2022;07;07;3;3;0;7;0;0;1;1;0;0;0;0;531776,307999999960884;5447542,026999539695680;9,436016453000040;49,179862254000099
202164;08220708311010905500;08;3;11;000;2022;07;17;6;3;5;3;0;0;1;0;0;0;0;0;411334,104969937005080;5316975,943967220373452;7,811370293000040;47,999929790000103
202165;08220713115300927410;08;1;15;052;2022;07;17;4;3;6;2;0;0;0;1;1;0;0;0;493386,872189994028304;5407733,305976719595492;8,909905358000060;48,822546228000100
202166;08220714416100925890;08;4;16;036;2022;07;12;5;3;5;3;0;0;1;1;0;0;0;0;494941,911811702011619;5369751,360571679659188;8,931554631000040;48,480869316000103
202167;08220712111320887620;08;1;11;000;2022;07;07;3;3;6;2;0;0;0;1;1;0;0;0;517478,603476435004268;5406158,601407670415938;9,238053591000041;48,808169736000103
202168;08220706335100877050;08;3;35;043;2022;07;13;4;3;1;5;0;0;1;1;0;0;0;0;513939,635630066972226;5280945,893680219538510;9,185730273000051;47,681751294999998
202174;08220716115400936690;08;1;15;045;2022;07;13;7;3;6;7;0;0;0;0;1;0;0;1;497664,921698867983650;5396636,802473359741271;8,968250801000069;48,722753212999997
202175;08220714317300906370;08;3;17;065;2022;07;16;5;3;5;3;0;0;1;1;0;0;0;0;414393,043045157974120;5354619,248609540052712;7,844788074000060;48,338952086000099
202177;08220706115100901980;08;1;15;003;2022;07;07;4;3;5;3;0;0;1;1;0;0;0;0;500454,860324322013184;5391945,522661199793220;9,006179400000059;48,680554272000101
202182;08220715316100935650;08;3;16;011;2022;07;18;6;3;6;6;0;0;0;1;1;0;0;0;414570,399355212983210;5330232,372445560060441;7,852097775000060;48,119615877999998
202183;08220707222400905080;08;2;26;036;2022;07;17;5;3;6;4;0;0;0;1;1;0;0;0;468582,870882767019793;5479901,594027450308204;8,566363185000061;49,470950226000099
202184;08220712426010896910;08;4;26;070;2022;07;21;3;3;0;1;1;0;1;0;0;0;0;0;565132,876306146034040;5341466,313718940131366;9,876938483000060;48,223075180000102
202186;08220711311010936540;08;3;11;000;2022;07;17;2;3;5;3;0;0;1;1;0;0;0;0;413874,489999984973110;5317733,813999500125647;7,845266539000020;48,007094401000103
202188;08220705222600288290;08;2;22;000;2022;07;11;3;3;1;5;0;0;1;1;0;0;0;0;462002,892857854021713;5482800,783029600046575;8,475267701000060;49,496650811000102
202189;08220718317200912040;08;3;17;057;2022;07;18;2;3;4;6;0;0;1;0;0;0;0;0;411992,227316258009523;5380944,726880899630487;7,806861320000050;48,575407359000103
202190;08220708226600977660;08;2;26;096;2022;07;14;6;3;1;5;0;0;1;1;0;0;0;0;475281,655388612009119;5488405,474389960058033;8,658289225000029;49,547749397000103
202191;08220701226700937280;08;2;26;095;2022;07;18;6;3;5;3;0;0;1;1;0;0;0;0;474320,088949106982909;5460846,740916780196130;8,646780514000060;49,299824604000001
202192;08220715118500944640;08;1;18;049;2022;07;16;6;3;6;7;0;0;0;1;1;0;0;0;518946,443000001017936;5420552,788999529555440;9,258711729000030;48,937612860999998
202193;08220712215402902940;08;2;15;021;2022;07;20;3;2;0;1;0;0;1;0;0;0;0;0;469480,610250693978742;5443874,471121369861066;8,581507865000050;49,146935972000101
202195;08220718222400977720;08;2;26;105;2022;07;11;2;3;5;2;0;0;1;0;0;0;0;0;469541,893979969026987;5477279,712556409649551;8,579801467000040;49,447416171000000
202196;08220719231202913160;08;2;36;071;2022;07;16;3;3;5;3;0;0;1;1;0;0;0;0;468520,704141407972202;5421785,812564309686422;8,570062226000060;48,948193684000003
202197;08220710326300946520;08;3;26;031;2022;07;09;1;2;0;1;0;0;1;0;0;0;0;0;458908,959427185996901;5333297,183726100251079;8,447527131000070;48,151595043000000
202199;08220705135200876460;08;1;35;025;2022;07;17;3;3;5;3;0;0;1;1;0;0;0;0;581788,118000013055280;5399475,582999520003796;10,112496873000101;48,742925145000100
202201;08220708121300885070;08;1;21;000;2022;07;19;6;3;0;1;0;0;1;0;0;0;0;0;514197,993568201025482;5442207,997288850136101;9,194631087000060;49,132539702000003
202204;08220718337010907110;08;3;37;065;2022;07;19;2;3;0;1;0;0;1;0;0;0;0;0;447637,553120287018828;5275309,035219269804657;8,303028139000050;47,629065531999998
202205;08220708221400892260;08;2;21;000;2022;07;22;6;3;0;7;2;0;1;0;0;0;0;0;476820,543536819983274;5469902,714676979929209;8,680646251000040;49,381382580999997
202206;08220701126100877910;08;1;26;060;2022;07;17;6;3;6;7;0;0;0;1;1;0;0;0;544801,096124888048507;5461175,079768889583647;9,616249914000040;49,301674763000101
202207;08220715118100939500;08;1;18;077;2022;07;18;6;3;0;6;0;0;1;1;0;0;0;0;513373,462801566987764;5423030,337244889698923;9,182695097000019;48,960045598000100
202209;08220717119400920510;08;1;19;079;2022;07;15;1;3;8;1;0;0;1;0;0;0;0;0;523933,405646061000880;5412376,587418859824538;9,326327980000030;48,863889976999999
202210;08220713212010898000;08;2;12;000;2022;07;13;4;1;6;4;0;0;0;0;1;0;0;1;455753,595188462000806;5428575,810627100057900;8,394961548000030;49,008489059000098
202211;08220719417200948480;08;4;17;002;2022;07;15;3;3;8;1;0;0;1;0;0;0;0;0;488909,534583769971505;5344891,236686550080776;8,850581244000070;48,257135830999999
202212;08220710311010883910;08;3;15;014;2022;07;17;1;3;0;1;0;0;1;0;0;0;0;0;411916,943298303987831;5306719,096137809567153;7,821282403000050;47,907746426000102
202216;08220708126100880470;08;1;26;046;2022;07;15;6;3;0;2;0;0;1;0;0;0;0;0;550181,020829461980611;5458782,839116250164807;9,689946385000040;49,279739436000099
202217;08220713116200892590;08;1;16;077;2022;07;06;4;3;5;3;0;0;1;1;0;0;0;0;516627,640723055985291;5388596,588325309567153;9,225755475000030;48,650205724999999
202219;08220712216100889760;08;2;16;043;2022;07;10;3;2;5;3;0;0;1;1;0;0;0;0;441090,866972810006700;5413342,300043210387230;8,196679247000080;48,870240821000003
202223;08220710119200915540;08;1;19;020;2022;07;19;1;3;0;7;0;0;1;0;0;0;0;0;519701,305553740006872;5408378,249503860250115;9,268432427000050;48,828070762000003
202224;08220702311010877700;08;3;11;000;2022;07;12;7;3;0;7;0;0;1;0;0;0;0;0;417217,474327768024523;5315309,556468239985406;7,890546605000050;47,985728743999999
202225;08220704416010891450;08;4;16;025;2022;07;13;2;2;5;3;0;0;1;1;0;0;0;0;503682,909365587984212;5361252,421262370422482;9,049761900000020;48,404418274000101
202226;08220715416010903280;08;4;16;026;2022;07;12;6;2;2;6;0;0;1;0;0;0;1;0;505768,010473332018591;5364690,361372900195420;9,077982168000061;48,435332133000003
202228;08220713336100895120;08;3;36;050;2022;07;14;4;3;4;6;0;0;1;0;0;0;0;0;398578,861290364991874;5272387,650787119753659;7,650848840000040;47,596962267000002
202229;08220712335100976850;08;3;35;043;2022;07;12;3;3;3;2;0;0;1;0;0;0;0;0;513806,011285917018540;5280240,307030590251088;9,183927572000069;47,675405543000103
202230;08220711325000913490;08;3;26;003;2022;07;15;2;2;5;3;0;0;1;1;0;0;0;0;466104,289999999979045;5318080,357999499887228;8,545473228000050;48,015117009999997
202233;08220719119010936760;08;1;19;087;2022;07;07;3;3;1;2;0;0;1;1;0;0;0;0;529175,371933198999614;5424306,781282899901271;9,398652770000069;48,970983950000097
202234;08220708435200911680;08;4;35;059;2022;07;16;6;3;0;1;0;0;1;0;0;0;0;0;514788,154229660984129;5288697,036802469752729;9,197298885000070;47,751473971000102
202235;08220702119300905180;08;1;19;086;2022;07;13;7;3;0;1;0;0;1;0;0;0;0;0;535547,442266094032675;5404099,462736329995096;9,483960944000049;48,788875651000097
202236;08220715136200902710;08;1;36;019;2022;07;14;6;3;5;3;0;0;1;0;0;0;0;0;581207,748771294020116;5425383,958310130052269;10,109744212000100;48,976025028000002
202237;08220707215402978580;08;2;15;009;2022;07;07;5;3;5;3;0;0;1;0;0;0;0;0;468702,004838318971451;5440794,484406829811633;8,571070773000031;49,119191825000001
202238;08220712425000919920;08;4;25;033;2022;07;07;3;3;4;6;0;0;1;1;0;0;0;0;555617,145092768943869;5349662,565639220178127;9,749910284000070;48,297714483999997
202239;08220713226700983520;08;2;26;098;2022;07;07;4;3;4;3;0;0;1;1;0;0;0;0;477736,559349871007726;5460183,652683209627867;8,693809232000040;49,293994188000099
202240;08220719436200926190;08;4;36;064;2022;07;17;3;3;0;7;0;0;1;0;0;0;0;0;546515,881797677953728;5292527,971860569901764;9,620993453000040;47,784432765000098
202241;08220711127202904050;08;1;27;071;2022;07;14;2;3;0;1;0;0;1;0;0;0;0;0;573451,262601408991031;5456235,403346179984510;10,009380989000000;49,254475171000102
202242;08220704128300872700;08;1;28;131;2022;07;15;2;3;6;4;0;0;1;0;1;0;0;0;536824,098135211039335;5511984,302810399793088;9,511273783000039;49,759207823000096
202244;08220708311500880650;08;3;15;070;2022;07;14;6;3;0;1;0;0;1;0;0;0;0;0;455413,967467651003972;5300961,468412149697542;8,403900793000050;47,860445253000101
202245;08220701336100893240;08;3;36;050;2022;07;11;6;3;4;6;0;0;1;1;0;0;0;0;400503,575911403982900;5275283,854258250445127;7,675787593000050;47,623313005000099
202246;08220715118400934980;08;1;18;048;2022;07;12;6;3;6;4;0;0;0;1;1;0;0;0;512123,688513346016407;5417228,726102179847658;9,165449437000060;48,907881922000101
202248;08220706435100934210;08;4;35;016;2022;07;17;4;3;3;2;0;0;1;0;0;0;0;1;535307,979288076981902;5278235,809094049967825;9,470213915000040;47,656553524000103
202251;08220710212102886690;08;2;12;000;2022;07;12;1;2;6;4;0;0;1;0;1;0;0;0;458380,062175240018405;5429170,880098969675601;8,430813705000050;49,014024530000000
202252;08220703212402881800;08;2;12;000;2022;07;16;1;3;6;7;0;0;1;0;1;0;0;0;455919,222217080998234;5428732,205500380136073;8,397209267000051;49,009907699999999
202253;08220705119010890970;08;1;19;079;2022;07;08;3;2;5;3;0;0;1;1;0;0;0;0;524051,047344518010505;5408732,817197189666331;9,327718010000069;48,831107132000099
202254;08220716436400912970;08;4;36;082;2022;07;02;7;3;0;1;2;0;1;0;0;0;0;0;546662,890547050046735;5294285,809717929922044;9,623144968000080;47,800237365999998
202257;08220717335100907820;08;3;35;002;2022;07;12;1;3;6;4;0;0;1;0;1;0;0;0;505440,113666485995054;5284942,040767050348222;9,072533537000030;47,717834660000101
202258;08220719115400912420;08;1;15;045;2022;07;18;3;3;5;3;0;0;1;1;0;0;0;0;500775,488350313971750;5395079,676590150222182;9,010541103000040;48,708749103000102
202260;08220702311010870030;08;3;36;091;2022;07;11;7;3;2;2;0;0;1;1;0;0;0;0;396604,572127513994928;5272044,223776269704103;7,624674620000060;47,593561207000100
202261;08220704222800895170;08;2;22;000;2022;07;07;2;3;5;5;0;0;1;1;0;0;0;0;462223,801775356987491;5488202,702676920220256;8,477801117000070;49,545251782000001
202262;08220716100200918970;08;1;15;046;2022;07;10;7;2;5;3;0;0;1;1;0;0;0;0;509352,309042811975814;5390368,793213020078838;9,127017822000029;48,666299950999999
202265;08220711417200934260;08;4;17;002;2022;07;12;2;3;0;6;0;0;1;1;0;0;0;0;488854,371039154997561;5346241,329981570132077;8,849802463000060;48,269281304000103
202267;08220714221200928310;08;2;21;000;2022;07;12;5;3;1;5;0;0;1;1;0;0;0;0;476920,344692094018683;5472335,588272030465305;8,681879947000031;49,403269735999999
202268;08220706421200882560;08;4;21;000;2022;07;08;4;3;0;1;0;0;1;0;0;0;0;0;574152,549055948969908;5361547,364162060432136;10,001890238000000;48,402720427000098
202269;08220718115200922470;08;1;15;021;2022;07;08;2;3;5;3;0;0;1;1;0;0;0;0;490447,288478487986140;5382113,397425649687648;8,870450677000060;48,592029931000098
202271;08220709436200978140;08;4;36;064;2022;07;15;7;3;4;2;0;0;1;1;0;0;0;0;545388,790069260983728;5293378,163159280084074;9,606036421000059;47,792162366000099
202273;08220704222014897840;08;2;22;000;2022;07;12;2;3;2;6;0;0;1;0;0;0;0;0;465799,426244586997200;5484075,829755649901927;8,527584672000049;49,508345171000002
202274;08220716118100932600;08;1;18;079;2022;07;09;7;3;3;5;0;0;1;1;0;0;0;0;510127,850223159010056;5422448,369799099862576;9,138342409000071;48,954872117000001
202275;08220707337010905240;08;3;37;126;2022;07;16;5;3;6;4;0;0;0;1;1;0;0;0;441982,313725902989972;5274216,422257330268621;8,227905390000050;47,618753355000102
202279;08220705336400890070;08;3;36;091;2022;07;15;3;3;2;6;0;0;1;1;0;0;0;0;396785,148060382984113;5272814,183099259622395;7,626894636000030;47,600515942000101
202281;08220709215502906930;08;2;15;106;2022;07;09;7;2;5;3;0;0;1;1;0;0;0;0;464594,924357800977305;5453334,983436929993331;8,513682676000030;49,231771010999999
202283;08220715135200898410;08;1;35;019;2022;07;14;6;2;0;1;0;0;1;0;0;0;0;0;583211,421710503986105;5392429,230289200320840;10,130432215000001;48,679359521999999
202284;08220707118600879350;08;1;18;068;2022;07;14;5;3;0;7;0;0;1;0;0;0;0;0;501146,575485281995498;5423000,860779429785907;9,015663345000061;48,959924041000100
202285;08220713216200930580;08;2;16;007;2022;07;16;4;3;5;3;0;0;1;1;0;0;0;0;436105,452751450997312;5394348,458780259825289;8,131655704000019;48,698899158000103
202286;08220719435200950640;08;4;35;036;2022;07;22;3;3;0;3;2;0;1;1;0;0;0;0;520418,675658192019910;5282170,690798560157418;9,272112803000031;47,692599301000001
202288;08220703115300890740;08;1;15;028;2022;07;19;1;3;1;5;0;0;1;1;0;0;0;0;500500,783308746002149;5403987,032593050040305;9,006817908000070;48,788880051000000
202289;08220705121200570540;08;1;21;000;2022;07;16;3;3;6;4;0;0;0;1;1;0;0;0;515185,704020384990145;5441450,557336240075529;9,208142356000049;49,125702643000103
202292;08220715119300902140;08;1;19;067;2022;07;18;6;3;0;7;0;0;1;0;0;0;0;0;540767,955766340950504;5402776,378533599898219;9,554901182000039;48,776653471000003
202294;08220706311010882510;08;3;11;000;2022;07;07;4;3;4;6;0;0;1;0;0;0;0;0;419400,058003969024867;5315836,809742840006948;7,919693200000040;47,990750481000099
202296;08220719311010912220;08;3;36;008;2022;07;12;3;2;5;3;0;0;1;1;0;0;0;0;396048,666008076979779;5276285,031874109990895;7,616276282000060;47,631619121000000
202298;08220702335300871080;08;3;35;100;2022;07;14;7;3;9;1;0;0;1;0;0;0;0;0;487651,382733659993391;5286882,928171969950199;8,835299989000021;47,735202765000103
202299;08220704415400898530;08;4;15;061;2022;07;17;2;3;5;3;0;0;1;1;0;0;0;0;515692,379227739002090;5372313,433083900250494;9,212442750000040;48,503743096999997
202301;08220714222200909650;08;2;22;000;2022;07;18;5;3;6;7;0;0;0;0;1;0;0;1;461816,771160535980016;5481519,547716059722006;8,472821287000039;49,485115096000101
202304;08220719118400911500;08;1;18;048;2022;07;09;3;3;0;7;0;0;1;0;0;0;0;0;513454,971407373028342;5414978,723309200257063;9,183542964000029;48,887614009000103
202305;08220709416200893250;08;4;16;041;2022;07;08;7;3;9;1;0;0;1;0;0;0;0;0;503601,082730618014466;5373733,109302430413663;9,048763720000069;48,516700755000002
202308;08220708111500880910;08;1;11;000;2022;07;17;6;3;1;7;0;0;1;1;0;0;0;0;512126,878148895979393;5401158,695937739685178;9,165017469000080;48,763318490000103
202309;08220714116500928420;08;1;16;049;2022;07;18;5;2;5;3;0;0;1;1;0;0;0;0;522256,352362004981842;5384954,959116290323436;9,301980629000070;48,617270263000101
202310;08220712317500890730;08;3;17;096;2022;07;13;3;3;6;6;0;0;1;0;1;0;0;0;421869,166632177017163;5369203,609011909924448;7,942939736000030;48,471107562999997
202311;08220711317500908660;08;3;17;096;2022;07;09;2;3;5;2;0;0;1;1;0;0;0;0;422988,897781495994423;5368989,158209280110896;7,958125850000040;48,469316714000101
202312;08220705335100876310;08;3;35;043;2022;07;15;3;3;2;5;0;0;1;1;0;0;0;0;513111,910878330003470;5281023,345263940282166;9,174704135000070;47,682465498000099
202313;08220718426100907950;08;4;26;021;2022;07;09;2;3;5;3;0;0;1;1;0;0;0;0;559158,246789742959663;5326366,667281069792807;9,794405718000061;48,087823020000002
202315;08220701235100878130;08;2;35;085;2022;07;12;6;3;6;7;0;0;0;0;1;0;0;1;479897,512397335027345;5398323,411835880018771;8,726593237000030;48,737606050000103
202316;08220715231000917750;08;2;37;004;2022;07;18;6;3;5;7;0;0;1;1;0;0;0;0;453514,876999999978580;5372940,290999519638717;8,370634115000030;48,507858107000096
202318;08220717119500904160;08;1;19;079;2022;07;11;1;3;1;1;0;0;1;1;0;0;0;0;522905,809029988013208;5409659,491238510236144;9,312165105000080;48,839486555000100
202320;08220719426010929890;08;4;26;001;2022;07;12;3;2;0;1;0;0;1;0;0;0;0;0;567178,281000004033558;5343937,641999510116875;9,904865896000050;48,245093167999997
202321;08220710216200883030;08;2;16;007;2022;07;11;1;3;0;1;0;0;1;0;0;0;0;0;435473,701184061006643;5394027,390059780329466;8,123121238000071;48,695946108000001
202322;08220703311400871570;08;3;15;022;2022;07;18;1;3;0;7;0;0;1;0;0;0;0;0;398218,182761727017350;5301556,331117710098624;7,639234047000060;47,859280569000099
202323;08220705121100875590;08;1;25;034;2022;07;13;3;3;6;7;0;0;0;0;1;0;0;1;499097,007617243973073;5444511,018721019849181;8,987616265000041;49,153419663000101
202326;08220718231102941820;08;2;36;019;2022;07;19;2;3;5;3;0;0;1;0;0;0;0;1;488270,227000001003034;5409335,561999520286918;8,840152584000069;48,836884329000000
202327;08220709121200909730;08;1;21;000;2022;07;19;7;3;6;2;0;0;0;1;1;0;0;0;516545,367624547972810;5442388,539138839580119;9,226816880000060;49,134105009999999
202329;08220715335100932100;08;3;35;043;2022;07;09;6;3;1;5;0;0;1;1;0;0;0;0;512840,205931170028634;5278809,601770309731364;9,171018844000059;47,662552435000102
202330;08220707221200984930;08;2;21;000;2022;07;18;5;3;1;7;0;0;1;1;0;0;0;0;476199,075728520983830;5471886,477597029879689;8,671965364000069;49,399202279000100
202331;08220713215302985240;08;2;15;007;2022;07;11;4;3;0;3;0;0;1;1;0;0;0;0;479093,017245383991394;5430729,767407840117812;8,713994242000069;49,029097030999999
202332;08220719421300074380;08;4;21;000;2022;07;07;3;3;6;4;0;0;0;1;1;0;0;0;571106,771998050971888;5362175,823771719820797;9,960850760000030;48,408724548000102
202333;08220711118000924160;08;1;18;079;2022;07;07;2;2;0;7;0;0;1;0;0;0;0;0;509513,300090566975996;5423026,473511169664562;9,129961431000030;48,960082303000000
202335;08220705111500876400;08;1;11;000;2022;07;16;3;2;3;6;0;0;1;0;0;0;0;1;512517,435883501020726;5406458,095543029718101;9,170493413000029;48,810983683000103
202336;08220708327200927730;08;3;27;005;2022;07;13;6;3;1;3;0;0;1;1;0;0;0;0;482566,759385155979544;5323897,349261109717190;8,765988086000050;48,068114057999999
202337;08220706435200894520;08;4;35;059;2022;07;05;4;3;5;3;1;0;1;1;0;0;0;0;512635,984805096988566;5290922,415061590261757;9,168650161000070;47,771542631999999
202340;08220706335100941090;08;3;35;043;2022;07;08;4;3;5;3;0;0;1;0;0;0;0;1;513529,166381379007362;5280893,683857959695160;9,180259633000050;47,681290251000100
202342;08220719335400979860;08;3;35;079;2022;07;04;3;3;0;1;2;0;1;0;0;0;0;0;501007,509870946989395;5300041,178079459816217;9,013468276000030;47,853711652000101
202343;08220710212010898510;08;2;15;017;2022;07;22;1;2;0;7;2;0;1;0;0;0;0;0;457014,734353456995450;5421978,994487020187080;8,412903138000051;48,949238671000003
202345;08220704325000942730;08;3;27;050;2022;07;12;2;2;6;7;0;0;1;0;1;0;0;0;486530,753000000026077;5314001,486999499611557;8,819508801000040;47,979175988000101
202347;08220714212010906110;08;2;12;000;2022;07;08;5;3;1;5;0;0;1;1;0;0;0;0;454995,360303100023884;5429281,393960519693792;8,384515607000029;49,014781006000099
202351;08220719121200914690;08;1;21;000;2022;07;16;3;3;0;7;0;0;1;0;0;0;0;0;515543,310928940016311;5443354,933306260034442;9,213117271000041;49,142824220000101
202353;08220702119400870170;08;1;19;091;2022;07;09;7;3;5;2;0;0;1;1;0;0;0;0;527009,121736904955469;5406498,244372519664466;9,367876578000050;48,810883939000099
202357;08220711311010894280;08;3;36;050;2022;07;15;2;3;5;3;0;0;1;1;0;0;0;0;401910,904443414998241;5277440,349320230074227;7,694029574000070;47,642926246000101
202359;08220705316200894800;08;3;16;056;2022;07;09;3;3;0;7;0;0;1;0;0;0;0;0;423289,883061063010246;5326968,767246389761567;7,969826029000050;48,091368342000102
202360;08220718311010984860;08;3;11;000;2022;07;07;2;3;5;3;0;0;1;0;0;0;0;1;412502,608128983993083;5315179,003355089575052;7,827397792000060;47,983926750000101
202361;08220708226700984880;08;2;26;095;2022;07;20;6;3;4;2;0;0;1;0;0;0;0;1;473798,535860472999047;5461170,669414159841835;8,639585606000029;49,302716181000100
202362;08220701226600930410;08;2;26;096;2022;07;10;6;3;8;1;0;1;1;0;0;0;0;0;476064,301460275019053;5488781,955654039978981;8,669085596000061;49,551167140000103
202363;08220715135100935390;08;1;35;016;2022;07;11;6;3;6;4;0;0;1;0;1;0;0;0;591507,884336611954495;5386344,235047150403261;10,241768936000000;48,623469842000098
202364;08220706437200878680;08;4;37;104;2022;07;16;4;3;5;3;0;0;1;1;0;0;0;0;515751,912205773987807;5325815,900870050303638;9,211513814000060;48,085419022000103
202365;08220717128100940060;08;1;28;007;2022;07;11;1;3;5;3;0;0;1;1;0;0;0;0;554109,872314785956405;5475277,633621389977634;9,746201105000070;49,427763436000099
202366;08220713311010068010;08;3;11;000;2022;07;15;4;3;0;1;0;0;1;0;0;0;0;0;418657,863228737027384;5313394,791605410166085;7,910209656000060;47,968689111000103
202368;08220710426010913630;08;4;26;074;2022;07;15;1;3;0;1;0;0;1;0;0;0;0;0;556284,253670747042634;5322834,845346749760211;9,755350747000019;48,056310032000098
202369;08220703335200980360;08;3;35;063;2022;07;17;1;3;0;3;0;0;1;1;0;0;0;0;496616,019583410990890;5287282,723336420021951;8,954862873000019;47,738909267000103
202370;08220705215502897770;08;2;15;106;2022;07;07;3;3;5;2;0;0;1;1;0;0;0;0;464864,580367672024295;5455468,754941180348396;8,517199411000041;49,250979646000097
202371;08220717115200934770;08;1;15;015;2022;07;19;1;3;5;2;0;0;1;1;0;0;0;0;492580,234547926986124;5387669,882079710252583;8,899277230000051;48,642046105000098
202372;08220708135200893600;08;1;35;019;2022;07;13;6;3;5;3;0;0;1;1;0;0;0;0;582928,507395543972962;5392440,239033520221710;10,126591792000101;48,679496185000097
202373;08220714311200925810;08;3;11;000;2022;07;18;5;3;4;6;0;0;1;0;0;0;0;0;412410,959493362985086;5317599,461723510175943;7,825675828000040;48,005686965000102
202374;08220712336100892530;08;3;36;050;2022;07;17;3;3;5;3;0;0;1;0;0;0;0;0;400762,323845858976711;5275524,500905070453882;7,679175823000040;47,625517408000100
202375;08220712115100915300;08;1;15;003;2022;07;19;3;3;4;2;0;0;1;1;0;0;0;0;500544,847046533017419;5391972,739069590345025;9,007401930000070;48,680799041999997
202377;08220718118100906950;08;1;18;010;2022;07;17;2;3;0;1;0;0;1;0;0;0;0;0;507271,842500064987689;5431804,257780619896948;9,099498036000060;49,039074202999998
202381;08220704226500927220;08;2;26;085;2022;07;10;2;3;4;2;0;0;1;0;0;1;0;0;492346,600913305999711;5454330,336820580065250;8,894853480000050;49,241700258999998
202383;08220708111130881600;08;1;11;000;2022;07;17;6;3;2;6;0;0;1;0;0;1;0;0;512394,021094074007124;5402154,259102709591389;9,168682616000069;48,772269256000101
202385;08220712311010889280;08;3;11;000;2022;07;21;3;3;0;4;0;0;1;0;1;0;0;0;413379,190223312994931;5316557,878108879551291;7,838864619000050;47,996449527000003
202387;08220717335200917240;08;3;35;063;2022;07;12;1;2;0;1;0;0;1;0;0;0;0;0;498626,528362201992422;5288371,495597559958696;8,981676548000051;47,748713008000003
202389;08220709115400912080;08;1;15;045;2022;07;13;7;3;5;3;0;0;1;1;0;0;0;0;500518,113748220028356;5393923,591311779804528;9,007041196000049;48,698349133000100
202390;08220712121200939250;08;1;21;000;2022;07;07;3;3;0;7;0;0;1;0;0;0;0;0;515993,307968423003331;5441785,392661529593170;9,219224948000029;49,128694118000098
202391;08220706335100888970;08;3;35;043;2022;07;17;4;3;0;7;0;0;1;0;0;0;0;0;511063,053931207978167;5281428,560963059775531;9,147415377000071;47,686149805000099
202392;08220718212010940580;08;2;12;000;2022;07;18;2;3;0;7;0;0;1;0;1;0;0;0;455255,942720501974691;5428480,977754900231957;8,388167357000039;49,007600147000097
202395;08220702222800893460;08;2;22;000;2022;07;15;7;3;5;3;0;0;1;1;0;0;0;0;462372,362770072999410;5487846,534157400019467;8,479888666000020;49,542057511000102
202396;08220704317100873950;08;3;17;001;2022;07;16;2;3;2;3;0;0;1;1;0;0;0;0;431300,507456602994353;5386584,315062140114605;8,067653063000019;48,628550443000101
202397;08220715337100977950;08;3;37;096;2022;07;09;6;3;0;7;0;0;1;0;0;0;0;1;418879,437619686999824;5269085,540554810315371;7,921451438000080;47,570113786999997
202399;08220714337200955240;08;3;37;126;2022;07;13;5;3;1;5;0;0;1;0;0;0;0;1;446335,744999999005813;5275858,851999489590526;8,285634344000069;47,633905696000099
202400;08220712311300959250;08;3;11;000;2022;07;10;3;3;1;6;0;0;1;0;0;0;0;0;414585,161999986972660;5316018,070999500341713;7,855134506000070;47,991756000000102
202402;08220718115300948260;08;1;15;052;2022;07;12;2;3;6;7;0;0;0;1;1;0;0;0;493199,735811210004613;5408677,688175619579852;8,907340227000081;48,831039752999999
202403;08220719116500176580;08;1;16;049;2022;07;08;3;3;0;7;0;0;1;1;0;0;0;0;525076,279955497942865;5386037,353504390455782;9,340307011000050;48,626900861000102
202404;08220708416200880090;08;4;16;041;2022;07;20;6;3;5;2;0;0;1;1;0;0;0;0;505796,282489652978256;5375423,593901629559696;9,078513289000060;48,531892524000099
202405;08220702119200888560;08;1;19;020;2022;07;12;7;3;0;1;0;0;1;0;0;0;0;0;521048,832899162021931;5405052,240473420359194;9,286621796000080;48,798106449000002
202406;08220715317500902040;08;3;17;096;2022;07;18;6;3;6;4;0;0;0;1;1;0;0;0;421730,489027974021155;5368771,804998859763145;7,941144666000070;48,467206279000003
202407;08220708116200880760;08;1;16;078;2022;07;16;6;3;5;3;0;0;1;1;0;0;0;0;510299,126224294013809;5394282,025019610300660;9,139974445000060;48,701488822000002
202408;08220714118400912000;08;1;18;048;2022;07;10;5;3;5;2;0;0;1;0;0;0;0;1;513732,530000001017470;5415318,969999530352652;9,187340630000049;48,890668692000098
202409;08220711121600919040;08;1;25;008;2022;07;18;2;3;5;7;0;0;1;1;0;0;0;0;522868,733792364015244;5431960,064245319925249;9,312911352000070;49,040094447000101
202413;08220708212010879320;08;2;15;017;2022;07;08;6;3;5;3;0;0;1;1;0;0;0;0;454846,415552993013989;5421821,669024249538779;8,383307226000060;48,947668975000099
202414;08220701121200870200;08;1;21;000;2022;07;19;6;2;0;1;0;0;1;0;0;0;0;0;515218,855567616992630;5441458,984885389916599;9,208597061000029;49,125777632000101