OBJECTID;UIDENTSTLAE;ULAND;UREGBEZ;UKREIS;UGEMEINDE;UJAHR;UMONAT;USTUNDE;UWOCHENTAG;UKATEGORIE;UART;UTYP1;ULICHTVERH;IstStrassenzustand;IstRad;IstPKW;IstFuss;IstKrad;IstGkfz;IstSonstige;LINREFX;LINREFY;XGCSWGS84;YGCSWGS84
202677;08220722119500072660;08;1;19;042;2022;07;14;6;3;6;7;0;0;0;0;1;0;0;1;528785,001501042977907;5414881,118155069649220;9,392653475000030;48,886213548999997
202678;08220802335300002320;08;3;35;015;2022;08;22;3;3;8;1;2;0;1;0;0;0;0;0;476214,802305880002677;5282532,788864290341735;8,683003607000050;47,695742129000102
202679;08220724436401954720;08;4;36;027;2022;07;12;1;2;8;1;0;0;1;0;0;0;0;0;535694,765090940985829;5308135,191999140195549;9,477824363000019;47,925543166000097
202680;08220727226700956380;08;2;26;076;2022;07;07;4;3;5;3;0;0;1;1;0;0;0;0;474787,174767205026001;5465481,708285910077393;8,652912133000029;49,341535358999998
202682;08220807235100021810;08;2;35;007;2022;08;16;1;3;5;3;0;0;1;1;0;0;0;0;484865,495522683020681;5397156,339457560330629;8,794203326000060;48,727247594000097
202683;08220730235100974370;08;2;35;085;2022;07;10;7;2;6;4;0;0;0;1;1;0;0;0;482631,101710123009980;5395415,831081110052764;8,763893925000049;48,711531747000002
202685;08220812325102043440;08;3;25;045;2022;08;05;6;2;0;7;1;0;1;0;0;0;0;0;470284,257063871016726;5349593,758910340256989;8,599321748000021;48,298842378000103
202686;08220720611051918740;08;3;11;000;2022;07;15;4;3;1;6;0;0;1;1;0;0;0;0;418461,834508596977685;5312896,066975859925151;7,907678441000030;47,964177835999998
202687;08220728327100945730;08;3;27;050;2022;07;12;5;3;5;3;0;0;1;1;0;0;0;0;486561,057349545008037;5313914,472429860383272;8,819917607000040;47,978393740000101
202691;08220804135200989390;08;1;35;019;2022;08;19;5;3;0;1;0;0;1;0;0;0;0;0;585338,954114886000752;5394576,921092320233583;10,159772348000001;48,698389206000101
202692;08220811335100077520;08;3;35;043;2022;08;22;5;3;3;6;2;0;1;0;0;0;0;0;512895,499250665016007;5280263,281980480067432;9,171798211000070;47,675631066999998
202694;08220730119400965660;08;1;19;091;2022;07;01;7;3;0;1;2;0;1;0;0;0;0;0;529261,502554825041443;5405516,143887000158429;9,398484282000030;48,801947271000103
202696;08220806311010992140;08;3;11;000;2022;08;20;7;3;0;7;0;0;1;0;0;0;0;0;416338,970857757027261;5319172,766335129737854;7,878021773000060;48,020365770000097
202697;08220808237100078350;08;2;37;075;2022;08;20;2;3;4;6;0;0;1;0;0;0;0;0;447329,593999999982771;5358322,515999509952962;8,288735765000069;48,375871283999999
202698;08220801317010985420;08;3;17;096;2022;08;07;2;3;0;3;0;0;1;0;0;1;0;0;422037,697967071027961;5369732,004725829698145;7,945120925000030;48,475881355000098
202699;08220810235200998850;08;2;35;046;2022;08;06;4;3;5;3;0;0;1;1;0;0;0;0;479098,016459408972878;5376837,225452769547701;8,716803842000051;48,544288516000101
202700;08220720231000923740;08;2;31;000;2022;07;14;4;2;0;1;0;0;1;0;0;0;0;0;478261,683315164991654;5415165,809083839878440;8,703452976000049;48,889061769000101
202701;08220728327100959190;08;3;27;050;2022;07;22;5;2;3;2;2;0;1;1;0;0;0;0;486682,784563484019600;5313737,531829309649765;8,821554234000081;47,976804319000102
202702;08220802435200007790;08;4;35;059;2022;08;11;3;3;7;1;0;0;1;0;0;0;0;0;515032,732308761973400;5291147,997955899685621;9,200646729000031;47,773520853000001
202703;08220723225100924270;08;2;25;116;2022;07;09;7;3;0;1;0;0;1;0;0;0;0;0;498547,180572359007783;5468840,842739080078900;8,979987572000031;49,372270348000001
202704;08220727111210941860;08;1;11;000;2022;07;19;4;3;5;2;0;0;1;1;0;0;0;0;515942,755661231989507;5399298,487127889879048;9,216869946000029;48,746498126000098
202706;08220811215202018750;08;2;15;084;2022;08;15;5;3;5;3;0;0;1;1;0;0;0;0;471457,190999999991618;5446573,100999539718032;8,608419392000030;49,171305620000098
202707;08220729327100946950;08;3;27;050;2022;07;09;6;3;5;2;0;0;0;1;1;0;0;0;486285,970749002997763;5314289,206749930046499;8,816219489000050;47,981759451000102
202708;08220720136050915480;08;1;27;076;2022;07;11;4;3;6;7;0;0;0;1;1;0;0;0;553853,730975760030560;5440191,665636899881065;9,737946828000080;49,112207470000001
202709;08220728128200977030;08;1;28;047;2022;07;18;5;2;0;1;0;0;1;0;0;0;0;0;553387,030842734966427;5495638,324658379890025;9,738988156000060;49,610952550000000
202710;08220806222014177760;08;2;26;038;2022;08;19;7;3;0;5;0;0;1;1;0;0;0;0;471723,179221400001552;5479069,206708230078220;8,609765836000070;49,463617540000001
202711;08220808226500045850;08;2;26;085;2022;08;12;2;3;3;6;0;0;1;0;0;0;0;0;489445,169820453971624;5451607,578063890337944;8,855063834000021;49,217165266000102
202712;08220723111130924140;08;1;11;000;2022;07;10;7;3;1;7;0;0;1;1;0;0;0;0;511755,383144435007125;5402296,147822439670563;9,159994846000069;48,773558071000103
202713;08220726211100956460;08;2;16;049;2022;07;14;3;3;6;4;0;0;1;0;1;0;0;0;438834,108027160982601;5401822,907346489839256;8,167625535000070;48,766405976000001
202714;08220803416200986880;08;4;16;041;2022;08;00;4;3;1;5;2;0;1;1;0;0;0;0;504671,488102766976226;5375363,147689930163324;9,063276769000030;48,531358111000003
202716;08220721221011945310;08;2;21;000;2022;07;16;5;2;6;4;0;0;0;0;1;0;0;1;475844,707383676024619;5474101,622888130135834;8,666946629000050;49,419113160999999
202718;08220803311010988930;08;3;11;000;2022;08;13;4;3;1;5;0;0;1;1;0;0;0;0;416485,007054492016323;5316177,345163400284946;7,880563169000030;47,993439699000099
202719;08220802111000650330;08;1;11;000;2022;08;09;3;3;3;7;0;0;1;1;0;0;0;0;512977,734120808017906;5402227,881777180358768;9,176629235000060;48,772919660000099
202724;08220801118400999410;08;1;18;048;2022;08;19;2;3;5;3;0;0;1;1;0;0;0;0;513460,108479021000676;5415605,430348780006170;9,183633684000030;48,893251593000102
202725;08220810111120000640;08;1;11;000;2022;08;19;4;3;0;7;0;0;1;0;0;0;0;0;513962,835891215014271;5403498,299259089864790;9,190079714000030;48,784326900000103
202726;08220721215402919570;08;2;15;021;2022;07;17;5;3;6;4;0;0;0;1;1;0;0;0;469435,500848748022690;5443899,837925449945033;8,580887403000080;49,147161907000097
202727;08220722221200933960;08;2;21;000;2022;07;19;6;3;1;7;0;0;1;1;0;0;0;0;477264,437172723002732;5472040,417286580428481;8,686639590000031;49,400627667999998
202728;08220802226700079170;08;2;26;076;2022;08;09;3;3;0;4;0;0;0;0;1;1;0;0;475214,945694625028409;5466087,782264250330627;8,658763157000070;49,347004476999999
202729;08220725116200967650;08;1;16;077;2022;07;07;2;3;8;1;0;0;1;0;0;0;0;0;516419,100591844005976;5391989,891004909761250;9,223058799000061;48,680737637999997
202732;08220812111120080630;08;1;11;000;2022;08;13;6;2;0;7;0;0;1;0;0;0;0;0;513471,568320986989420;5404354,706580360420048;9,183420074000029;48,792041891000103
202733;08220731222200967600;08;2;22;000;2022;07;22;1;3;6;4;2;0;0;0;1;0;0;1;461527,140759254980367;5482262,369712510146201;8,468750375000070;49,491778089999997
202734;08220801212702003270;08;2;15;017;2022;08;10;2;3;1;5;0;0;1;1;0;0;0;0;456511,279242585005704;5421449,507694589905441;8,406083813000070;48,944440621000098
202735;08220812311010007890;08;3;11;000;2022;08;13;6;3;1;5;0;0;1;1;0;0;0;0;415241,541695451014675;5319605,932606210000813;7,863221453000050;48,024117599000100
202737;08220728212402945670;08;2;15;017;2022;07;14;5;3;0;7;0;0;1;0;0;0;0;0;453982,728501955978572;5418791,840889600105584;8,371854041000059;48,920351466000099
202739;08220723435200924700;08;4;35;059;2022;07;19;7;3;8;6;0;0;1;1;0;0;0;0;511208,888956496026367;5290648,159788190387189;9,149595970000060;47,769101422000098
202740;08220726415400935110;08;4;15;019;2022;07;08;3;3;1;5;0;0;1;1;0;0;0;0;518369,139854436973110;5369445,637377140112221;9,248554167000069;48,477870877000001
202742;08220811215502058110;08;2;15;099;2022;08;15;5;3;5;3;0;0;1;1;0;0;0;0;463333,056356679997407;5446187,383182359859347;8,497003030000030;49,167404392000002
202743;08220722118600941500;08;1;18;073;2022;07;17;6;3;5;3;0;0;1;1;0;0;0;0;496107,272392912011128;5417763,159500380046666;8,946871561000020;48,912795993000003
202745;08220728115200947560;08;1;15;015;2022;07;18;5;3;4;2;0;0;1;1;0;0;0;0;493454,731351938971784;5387960,523801730014384;8,911143851000080;48,644670535000003
202747;08220808416200998370;08;4;16;041;2022;08;16;2;3;3;2;0;0;1;0;0;1;0;0;504083,193211194011383;5374445,063579520210624;9,055299142000020;48,523102806000097
202748;08220722417200937140;08;4;17;002;2022;07;12;6;3;6;4;0;0;0;1;1;0;0;0;488959,440929069998674;5346982,148598499596119;8,851199021000070;48,275948088000099
202753;08220729222500962300;08;2;26;009;2022;07;10;6;3;5;3;0;0;1;1;0;0;0;0;465920,079945934005082;5472371,548089549876750;8,530258433000030;49,403076633000097
202754;08220803222700008080;08;2;22;000;2022;08;10;4;3;5;3;0;0;1;1;0;0;0;0;461971,611300725024194;5481014,340552560053766;8,475007587000050;49,480580740999997
202756;08220727212010981750;08;2;12;000;2022;07;07;4;3;5;2;0;0;1;1;0;0;0;0;455054,148807718011085;5429567,900810729712248;8,385287818000050;49,017362441000003
202757;08220805117300000070;08;1;17;026;2022;08;12;6;3;0;1;0;0;1;0;0;0;0;0;545063,657739556045271;5394874,977927120402455;9,612503298000041;48,705280038000097
202758;08220807311010994100;08;3;11;000;2022;08;23;1;3;3;6;2;0;1;0;0;0;0;0;413683,365717998996843;5316152,912416020408273;7,843022620000060;47,992847853000100
202759;08220810119100036290;08;1;19;083;2022;08;10;4;2;5;1;0;0;1;1;0;0;0;0;535319,446017466951162;5419744,879901990294456;9,482207035000039;48,929627291000003
202761;08220722212010949790;08;2;12;000;2022;07;20;6;2;5;3;0;0;1;1;0;0;0;0;453477,974147326021921;5428930,648468590341508;8,363805325000040;49,011513485000101
202762;08220722335300640530;08;3;35;075;2022;07;23;6;2;0;1;2;0;1;0;0;1;0;0;489006,780828044982627;5289317,127870629541576;8,853316061000040;47,757129136000103
202764;08220803311100026480;08;3;15;132;2022;08;20;4;3;5;3;1;0;1;1;0;0;0;0;409494,421920575026888;5324082,973918549716473;7,785211912000020;48,063600534999999
202765;08220810311010294200;08;3;11;000;2022;08;23;4;3;5;2;2;0;1;1;0;0;0;0;413430,435999986017123;5317247,915999500080943;7,839412185000070;48,002663593000101
202767;08220729117200959170;08;1;17;024;2022;07;11;6;2;5;7;0;0;1;1;0;0;0;0;559576,268864647019655;5384467,517223189584911;9,808241973000071;48,610444862000101
202768;08220803221300004820;08;2;21;000;2022;08;07;4;3;1;5;0;0;1;1;0;0;0;0;476878,367843730025925;5475277,089265390299261;8,681130000000049;49,429726430000102
202769;08220725335200964930;08;3;35;063;2022;07;20;2;3;0;1;0;0;1;0;0;0;0;0;496216,917565410025418;5287722,885544849559665;8,949535637000050;47,742867450000098
202770;08220727317500973260;08;3;17;096;2022;07;17;4;3;0;2;0;0;1;1;0;0;0;0;420579,102172539976891;5370817,088490350171924;7,925182585000070;48,485458961000099
202772;08220808118200996770;08;1;18;067;2022;08;14;2;3;5;3;0;0;1;1;0;0;0;0;505131,050876285007689;5414092,970998349599540;9,069983117000049;48,879770789000098
202773;08220810115200025580;08;1;15;004;2022;08;09;4;2;5;3;0;0;1;1;0;0;0;0;487989,869000000006054;5374815,088999509811401;8,837335097000050;48,526330051999999
202774;08220721121600966240;08;1;25;001;2022;07;20;5;3;8;1;0;0;1;0;0;0;0;0;523248,985999999975320;5435419,205999529920518;9,318312854000061;49,071196553000000
202775;08220722311010938380;08;3;11;000;2022;07;12;6;3;5;3;0;0;1;1;0;0;0;0;411288,592030824976973;5315374,114173130132258;7,811091367000070;47,985514602000102
202778;08220727231102944430;08;2;36;046;2022;07;16;4;3;0;7;0;0;0;1;1;0;0;0;482646,404235887981486;5418726,775842130184174;8,763115950000040;48,921233418000000
202779;08220804317300989100;08;3;17;065;2022;08;21;5;3;5;2;1;0;1;1;0;0;0;0;416455,003864193975460;5354187,748415250331163;7,872692849000030;48,335346828000098
202781;08220730335100949760;08;3;35;066;2022;07;12;7;3;0;1;0;0;1;0;0;0;0;0;509564,768799636978656;5282046,976797950454056;9,127464314000060;47,691738009000098
202782;08220802111210080560;08;1;11;000;2022;08;21;3;3;1;5;1;0;1;1;0;0;0;0;508471,129200595023576;5399200,917250200174749;9,115231414000050;48,745766837000097
202783;08220812221400032110;08;2;26;098;2022;08;17;6;3;5;3;0;0;1;1;0;0;0;0;477736,826044025016017;5460183,704597170464694;8,693812897000040;49,293994665000099
202784;08220720221050918360;08;2;26;012;2022;07;11;4;3;0;6;0;0;1;0;0;0;0;0;477514,076441865006927;5477438,164768639951944;8,689774314000029;49,449188706000001
202785;08220728212010942230;08;2;12;000;2022;07;07;5;3;5;3;0;0;1;0;0;0;0;1;453006,410999998974148;5430477,235999530181289;8,357177933000060;49,025389338000103
202786;08220807118400995600;08;1;18;048;2022;08;15;1;3;0;7;0;0;1;0;0;0;0;0;516249,152633904013783;5417514,702541350387037;9,221759781000060;48,910359970999998
202791;08220811317010011820;08;3;17;096;2022;08;12;5;3;1;3;0;0;1;1;0;0;0;0;421807,620346758980304;5369710,728461169637740;7,942012361000020;48,475661406000000
202792;08220722111500059220;08;1;11;000;2022;07;08;6;3;4;6;0;0;1;1;0;0;0;0;512165,594267831009347;5401063,826556500047445;9,165541495000070;48,762464293999997
202793;08220730118100949930;08;1;18;016;2022;07;11;7;2;0;1;0;0;1;0;0;0;0;0;503854,748107924009673;5428708,338243120349944;9,052713754000020;49,011255470999998
202794;08220720121300914380;08;1;21;000;2022;07;07;4;3;9;7;0;0;1;0;0;0;0;0;513233,168277734017465;5443055,670875649899244;9,181432823000019;49,140186367000098
202795;08220727335400968430;08;3;35;098;2022;07;12;4;3;5;3;0;0;1;1;0;0;0;0;503615,754381507984363;5293361,569256809540093;9,048279223000071;47,793602743000100
202796;08220806212502994120;08;2;12;000;2022;08;10;7;3;5;3;0;0;1;0;0;0;0;1;452107,413999999989755;5431066,836999529972672;8,344811817000050;49,030623634000101
202797;08220808317600996480;08;3;17;040;2022;08;16;2;3;1;1;0;0;1;1;0;0;0;0;432116,666473858000245;5347639,307917959988117;8,085044463000029;48,278316855000099
202799;08220810436400065340;08;4;36;009;2022;08;16;4;3;6;4;0;0;1;0;1;0;0;0;556256,082402043975890;5307806,242609229870141;9,753003300000049;47,921108818999997
202800;08220721116400966310;08;1;16;033;2022;07;06;5;3;5;2;0;0;1;1;0;0;0;0;532579,049468585988507;5388351,030690279789269;9,442305263000041;48,647368671000002
202802;08220729116100079320;08;1;16;019;2022;07;11;6;3;6;3;0;0;0;1;1;0;0;0;523494,965581976983231;5396158,514212399721146;9,319422580000040;48,718012133000101
202803;08220803126100008680;08;1;26;046;2022;08;16;4;3;5;3;0;0;1;1;0;0;0;0;548717,617689006961882;5458739,185554699972272;9,669821984000070;49,279465174999999
202804;08220725121600967960;08;1;25;094;2022;07;18;2;2;0;7;0;0;1;0;0;0;0;1;514446,200571611989290;5435844,448649990372360;9,197805927000051;49,075291251000102
202807;08220808127100022120;08;1;27;063;2022;08;19;2;3;0;1;0;0;1;0;0;0;0;0;563123,603582174982876;5432659,380194920115173;9,863780307000070;49,043576790000003
202808;08220731215402956480;08;2;15;009;2022;07;14;1;3;5;3;0;0;1;1;0;0;0;0;471280,442908108991105;5441342,809621100313962;8,606367511000030;49,124250001000100
202809;08220801421200986050;08;4;21;000;2022;08;14;2;3;5;3;0;0;1;0;0;1;0;0;573646,195498505956493;5360951,688994159922004;9,994945363000060;48,397421574000099
202810;08220810237200001550;08;2;37;040;2022;08;18;4;3;8;1;0;0;1;0;0;0;0;0;477502,128240115009248;5367283,116115120239556;8,695696743000040;48,458281937000002
202811;08220720226600951730;08;2;26;096;2022;07;12;4;3;1;5;0;0;1;1;0;0;0;0;476004,226285515993368;5487945,755296169780195;8,668305989000030;49,543643465999999
202812;08220802417100023120;08;4;17;079;2022;08;19;3;2;0;7;0;0;1;0;0;0;0;0;503316,228297857975122;5339428,828926750458777;9,044635931000069;48,208079935000100
202813;08220724216300967390;08;2;16;033;2022;07;20;1;2;5;2;0;0;1;1;0;0;0;0;447072,866811221989337;5414034,622072890400887;8,278156690000060;48,877007759000001
202823;08220726118600939290;08;1;18;073;2022;07;17;3;3;6;6;0;0;1;0;1;0;0;0;496895,116299877990969;5419924,756492200307548;8,957607696000030;48,932245600000002
202824;08220802426300005260;08;4;26;045;2022;08;14;3;3;6;7;0;0;0;1;1;0;0;0;534598,527383459964767;5327643,334456020034850;9,464724582000031;48,101115524000100
202825;08220724231202980530;08;2;35;079;2022;07;23;1;3;1;5;2;0;1;0;0;1;0;0;466652,444379822991323;5400383,083934090100229;8,546289749000040;48,755566116000097
202826;08220726337100964200;08;3;37;096;2022;07;11;3;3;4;6;0;0;1;0;0;0;0;0;419405,456999989983160;5267160,719999490305781;7,928797014000050;47,552863063000103
202828;08220812212010036680;08;2;12;000;2022;08;17;6;2;1;1;0;0;1;1;0;0;0;0;461349,570813293976244;5426207,946511769667268;8,471704231000050;48,987565422999999
202829;08220731118000975030;08;1;18;080;2022;07;16;1;2;8;7;0;0;1;0;0;0;0;0;506985,820413017005194;5411378,437389530241489;9,095234195000049;48,855333228000099
202830;08220812311010007900;08;3;11;000;2022;08;17;6;3;4;6;0;0;1;0;0;0;0;0;410757,141999981016852;5315342,903999499976635;7,803976973000030;47,985159926000101
202834;08220809226600041800;08;2;26;107;2022;08;10;3;3;0;6;0;0;1;1;0;0;0;0;476042,229634060000535;5483039,416613630019128;8,669129207000029;49,499514171999998
202835;08220723316200969040;08;3;16;014;2022;07;00;7;3;0;7;2;1;1;0;0;0;0;0;424433,253497582976706;5329480,827114160172641;7,984733405000040;48,114102473000102
202841;08220720116100971790;08;1;16;019;2022;07;10;4;2;2;2;0;0;1;0;0;1;0;0;519806,899000001023524;5398933,477999519556761;9,269415944000061;48,743103627000004
202842;08220728121500957930;08;1;25;065;2022;07;09;5;3;6;7;0;0;0;1;1;0;0;0;516787,086882114992477;5449645,297274050302804;9,230433247000059;49,199375043000003
202843;08220806126100014710;08;1;26;039;2022;08;15;7;3;9;7;0;0;1;0;0;0;0;0;548452,072000002022833;5464821,175999539904296;9,666909214000039;49,334190906000103
202844;08220808211100005200;08;2;16;049;2022;08;09;2;3;5;3;0;0;1;1;0;0;0;0;439140,070247795025352;5402472,829364099539816;8,171692603000050;48,772282043000097
202847;08220810435100999570;08;4;35;029;2022;08;12;4;2;4;1;0;0;1;1;0;0;0;0;544836,632608163054101;5271593,341860559768975;9,596425111000030;47,596199116999998
202848;08220721136050919470;08;1;36;065;2022;07;18;5;3;0;7;0;0;0;0;1;0;0;1;558585,228167220950127;5405443,740700479596853;9,797775265000039;48,799223955000102
202849;08220722222200921150;08;2;22;000;2022;07;14;6;3;1;5;0;0;1;1;0;0;0;0;461559,313578552973922;5482005,806404599919915;8,469219563000021;49,489472480000103
202850;08220729212010977020;08;2;12;000;2022;07;20;6;3;1;5;0;0;1;1;0;0;0;0;453735,027112631010823;5430789,172228889539838;8,367108395000059;49,028250300000103
202851;08220803221200074930;08;2;21;000;2022;08;11;4;3;5;2;0;0;1;1;0;0;0;0;477465,141000000003260;5472831,208999549970031;8,689360944000040;49,407748185999999
202852;08220725127100949140;08;1;27;076;2022;07;08;2;2;5;3;0;0;1;1;0;0;0;0;554878,685814613942057;5440356,059854029677808;9,752012673000021;49,113595515999997
202855;08220808115100996380;08;1;15;003;2022;08;18;2;3;0;7;0;0;1;0;0;0;0;0;500598,043197482998949;5392907,360836010426283;9,008125970000039;48,689206953999999
202856;08220730337100963190;08;3;37;116;2022;07;07;7;3;1;6;1;0;1;1;0;0;0;0;418204,883137489028741;5270652,159889380447567;7,912192571000050;47,584122778000101
202857;08220801335200987530;08;3;35;063;2022;08;14;2;3;6;4;0;0;0;1;1;0;0;0;498661,908999998995569;5287020,992999490350485;8,982152714000049;47,736561810000097
202858;08220810226700026360;08;2;26;098;2022;08;08;4;3;5;3;0;0;1;1;0;0;0;0;478480,500032792973798;5459744,746130510233343;8,704064192000031;49,290072862999999
202860;08220728436300945490;08;4;36;049;2022;07;17;5;3;5;3;0;0;1;1;0;0;0;0;578245,798000011011027;5283197,796999489888549;10,042856536000000;47,697424539000103
202861;08220802426010987450;08;4;25;141;2022;08;15;3;2;8;1;0;0;1;0;0;0;0;0;568459,790857231011614;5363314,596467420458794;9,925273470000040;48,419261327000100
202863;08220727111500043300;08;1;11;000;2022;07;16;4;3;5;3;0;0;1;1;0;0;0;0;511187,529288830002770;5406302,269327799789608;9,152375278000020;48,809607256000000
202864;08220804311010989630;08;3;11;000;2022;08;15;5;3;0;7;0;0;1;0;0;0;0;0;414264,957450898014940;5317651,855790429748595;7,850517047000040;48,006409657000098
202868;08220728127202960330;08;1;27;014;2022;07;20;5;3;0;7;0;0;1;0;0;0;0;0;575578,240432464983314;5443372,111425680108368;10,036185636000001;49,138525831000003
202869;08220807136300993630;08;1;36;070;2022;08;20;1;3;8;1;0;0;1;0;0;0;0;0;561975,672664121026173;5410686,908893439918756;9,844731288000050;48,846057053000003
202870;08220809231302998640;08;2;31;000;2022;08;17;3;3;5;3;0;0;1;1;0;0;0;0;477801,881008789991029;5415599,440429150126874;8,697157035000030;48,892946268999999
202871;08220722416200956150;08;4;16;041;2022;07;15;6;3;0;1;0;0;1;0;0;0;0;0;502426,701897239021491;5373351,582616490311921;9,032858737000030;48,513274035999999
202872;08220726115400937840;08;1;15;045;2022;07;07;3;2;0;3;0;0;1;1;0;0;0;0;501821,827286099025514;5395060,703418060205877;9,024763755000039;48,708576240000099
202873;08220804118300025370;08;1;18;003;2022;08;16;5;3;0;7;0;0;1;0;0;0;0;0;509319,359277735988144;5416896,288099469617009;9,127171868000060;48,904939947000102
202875;08220721221011944670;08;2;21;000;2022;07;09;5;3;0;3;0;0;1;1;0;0;0;0;476971,313171732006595;5474306,250439230352640;8,682468146000080;49,420997444000101
202876;08220729222014975100;08;2;22;000;2022;07;15;6;2;0;7;0;0;1;0;0;0;0;0;466192,566999999980908;5474788,329999550245702;8,533808299000039;49,424829987000102
202877;08220803121500995040;08;1;25;078;2022;08;18;4;2;0;1;0;0;1;0;0;0;0;0;518648,498876154015306;5454126,123282079584897;9,256192504000071;49,239627090000099
202880;08220806111320994370;08;1;11;000;2022;08;14;7;3;0;7;0;0;1;0;0;0;0;0;516204,492982411000412;5405107,223071220330894;9,220659214000021;48,798746215000101
202882;08220809335000002510;08;3;35;063;2022;08;19;3;3;0;1;0;0;1;0;0;0;0;0;495390,105447835987434;5289006,096896200440824;8,938492796000050;47,754407864000001
202883;08220721215402966140;08;2;15;021;2022;07;08;5;3;5;2;0;0;1;1;0;0;0;0;469329,822726731013972;5444561,494029589928687;8,579387962000061;49,153108326999998
202884;08220722311010957030;08;3;11;000;2022;07;10;6;3;5;3;0;0;1;1;0;0;0;0;411400,466999983007554;5319774,514999499544501;7,811681415000070;48,025112783000097
202885;08220802335200996070;08;3;35;063;2022;08;14;3;3;0;1;0;0;1;0;0;0;0;0;497919,316799361025915;5287050,221005599945784;8,972247975000069;47,736822824999997
202886;08220804119200010990;08;1;19;020;2022;08;12;5;3;5;3;0;0;1;1;0;0;0;0;519910,941904074978083;5407169,121531830169261;9,271230013000039;48,817187010000097
202887;08220811216100002090;08;3;17;151;2022;08;12;5;3;1;5;0;0;1;1;0;0;0;0;412404,496306710003410;5365035,876687809824944;7,815787873000030;48,432373527999999
202890;08220725118100952740;08;1;18;074;2022;07;20;2;3;0;3;0;0;1;1;0;0;0;0;511206,682847252988722;5428947,167646709829569;9,153257943000030;49,013314149000102
202891;08220727337100977170;08;3;37;096;2022;07;14;4;3;5;3;0;0;1;1;0;0;0;0;420096,826942894025706;5266915,886605810374022;7,938029061000070;47,550745907000099
202893;08220808416200024950;08;4;16;041;2022;08;15;2;3;5;3;0;0;1;1;0;0;0;0;499632,316948477993719;5371475,103387629613280;8,995023043000060;48,496397072000001
202894;08220801118500991490;08;1;18;070;2022;08;07;2;3;5;3;0;0;1;1;0;0;0;0;520164,371186873991974;5423870,006226399913430;9,275506480000050;48,967414677000100
202895;08220801435200985980;08;4;35;052;2022;08;16;2;3;0;6;0;0;1;0;0;0;0;0;518180,327620271011256;5292787,072376119904220;9,242726981000031;47,788187217000001
202897;08220721100200919370;08;1;18;046;2022;07;15;5;3;1;5;0;0;1;0;0;0;0;1;513345,306321076990571;5412628,996389520354569;9,181970314000070;48,866478792000102
202899;08220802426010991450;08;4;26;021;2022;08;06;3;3;4;2;0;0;1;1;0;0;0;0;558726,645955238025635;5327844,004108360037208;9,788813807000050;48,101153334000102
202900;08220724212402958810;08;2;12;000;2022;07;22;1;3;1;5;2;0;1;1;0;0;0;0;455297,477011953014880;5428032,364073780365288;8,388784656000039;49,003567834000101
202901;08220727121100977690;08;1;25;026;2022;07;21;4;3;2;6;0;0;1;0;0;0;0;1;493548,154000001028180;5442518,020999539643526;8,911550653000059;49,135458657000100
202903;08220807316200002560;08;3;16;009;2022;08;10;1;3;1;1;0;0;1;1;0;0;0;0;415857,847688985988498;5324606,460466460324824;7,870502488000060;48,069180658000100
202907;08220720222200958320;08;2;22;000;2022;07;09;4;3;0;1;0;0;1;0;0;0;0;0;460528,518822345999070;5481503,359957310371101;8,455037414000060;49,484887075000103
202908;08220728415400945000;08;4;15;061;2022;07;15;5;3;3;2;0;0;1;1;0;0;0;0;515498,824615627992898;5371312,170243100263178;9,209785264000059;48,494740200000102
202909;08220809111500035080;08;1;11;000;2022;08;08;3;3;5;3;0;0;1;1;0;0;0;0;507457,579492282995488;5397837,620599180459976;9,101419607000031;48,733515566999998
202910;08220724121600928600;08;1;25;008;2022;07;17;1;3;0;1;0;0;1;0;0;0;0;0;529210,859499422949739;5431917,828657300211489;9,399685216000019;49,039446609000002
202912;08220804136300989410;08;1;36;065;2022;08;10;5;3;0;7;0;0;0;1;1;0;0;0;562061,737490821047686;5404758,054584519937634;9,845007260000051;48,792718888000103
202914;08220721436000928290;08;4;37;053;2022;07;22;5;1;0;3;1;0;1;0;0;1;0;0;528249,119862121995538;5319368,857336250133812;9,378895273000071;48,026984205000097
202920;08220726128200954000;08;1;28;045;2022;07;14;3;3;5;3;0;0;1;1;0;0;0;0;557768,158000002033077;5503006,085999559611082;9,800712165000050;49,676813224000099
202921;08220804111500020860;08;1;11;000;2022;08;09;5;3;2;6;0;0;1;1;0;0;0;0;512733,269023898988962;5402013,465908809565008;9,173295400000031;48,770995840000097
202922;08220810336100998880;08;3;36;050;2022;08;05;4;3;8;7;1;0;1;0;0;0;0;0;400516,793045945989434;5272771,331666399724782;7,676533901000030;47,600713905000099
202923;08220721311010940490;08;3;11;000;2022;07;16;5;3;5;3;0;0;1;1;0;0;0;0;413608,275237814988941;5317044,629083589650691;7,841836805000070;48,000859018000000
202924;08220729115400969940;08;1;15;045;2022;07;12;6;2;5;3;0;0;1;1;0;0;0;0;499254,485719916003291;5395541,572780920192599;8,989865496000050;48,712904390000098
202925;08220803215302987890;08;2;15;082;2022;08;19;4;3;0;3;0;0;1;1;0;0;0;0;490026,469772169017233;5438926,072872499935329;8,863360251000071;49,103100554999997