OBJECTID;UIDENTSTLAE;ULAND;UREGBEZ;UKREIS;UGEMEINDE;UJAHR;UMONAT;USTUNDE;UWOCHENTAG;UKATEGORIE;UART;UTYP1;ULICHTVERH;IstStrassenzustand;IstRad;IstPKW;IstFuss;IstKrad;IstGkfz;IstSonstige;LINREFX;LINREFY;XGCSWGS84;YGCSWGS84
202926;08220725121200929710;08;1;21;000;2022;07;08;2;3;3;6;0;0;1;0;0;0;0;1;516239,304946522985119;5443089,021623680368066;9,222649387000050;49,140414249999999
202928;08220805335200012760;08;3;35;063;2022;08;21;6;3;0;1;1;1;1;0;0;0;0;0;498145,601970874995459;5287318,989629589952528;8,975265007000081;47,739241786999997
202929;08220807336400010490;08;3;36;091;2022;08;19;1;3;5;3;0;0;1;1;0;0;0;0;396182,805502530012745;5274535,684293000027537;7,618476051000070;47,615904979000000
202930;08220801116500985900;08;1;16;049;2022;08;12;2;3;5;2;0;0;1;0;0;0;0;1;525526,938610068056732;5384264,593357330188155;9,346313619000060;48,610934790000002
202931;08220810121400028760;08;1;25;086;2022;08;13;4;3;6;2;0;0;0;1;1;0;0;0;504057,010444147977978;5443238,067392350174487;9,055625448000059;49,141956241000102
202932;08220721127202957270;08;1;27;014;2022;07;17;5;2;8;7;0;0;1;0;0;0;0;0;581979,224372523953207;5442063,212872070260346;10,123660669000101;49,125933189000101
202933;08220722212010955830;08;2;12;000;2022;07;13;6;3;2;2;0;0;1;1;0;0;0;0;453255,944442969979718;5429328,135534670203924;8,360723458000050;49,015072115000102
202934;08220802231000012130;08;2;31;000;2022;08;17;3;2;0;1;0;0;1;0;0;0;0;0;481142,164999715983868;5412165,180963230319321;8,742885491000040;48,862163308000000
202936;08220727212010954030;08;2;12;000;2022;07;18;4;3;4;7;0;0;1;1;0;0;0;0;456256,082999998994637;5428798,704999529756606;8,401808302000060;49,010529841999997
202940;08220801416200992650;08;4;16;041;2022;08;18;2;3;0;1;0;0;1;0;0;0;0;0;503818,948157818987966;5373764,921134790405631;9,051714214000070;48,516985659000099
202941;08220812222301179170;08;2;22;000;2022;08;12;6;3;6;7;0;0;0;1;1;0;0;0;463835,796658804989420;5485382,653827490285039;8,500342226000040;49,519985430000098
202942;08220720327100949980;08;3;27;050;2022;07;07;4;3;5;3;0;0;1;1;0;0;0;0;487823,556011879991274;5313402,643923450261354;8,836849575000031;47,973813999000100
202944;08220809118000025880;08;1;15;021;2022;08;17;3;2;6;7;0;0;0;1;1;0;0;0;490552,759995416970924;5382841,457685450091958;8,871864465000041;48,598581328000101
202945;08220723337100077670;08;3;37;096;2022;07;01;7;3;9;1;2;1;1;0;0;0;0;0;423724,732208515983075;5269898,294307519681752;7,985720727000060;47,578013316000103
202947;08220803335200987520;08;3;35;061;2022;08;10;4;2;0;1;0;0;1;0;0;0;0;0;491259,058401951973792;5280459,309428229928017;8,883546144000039;47,677464380000103
202948;08220811212010029030;08;2;12;000;2022;08;21;5;2;6;4;2;0;1;0;1;0;0;0;458967,995924443006516;5429559,792207269929349;8,438814443000069;49,017562236000103
202951;08220727216200969890;08;2;16;041;2022;07;09;4;3;5;3;0;0;1;1;0;0;0;0;433971,202580014010891;5391560,863891780376434;8,103099724000060;48,673602486000000
202952;08220805335300990620;08;3;35;100;2022;08;20;6;3;0;1;1;1;1;0;0;0;0;0;488690,766622703988105;5287009,611472279764712;8,849159455000059;47,736361665000103
202953;08220807335100994380;08;3;35;002;2022;08;16;1;2;0;1;0;0;1;0;0;0;0;0;504841,972223813005257;5284826,052146339789033;9,064557178000030;47,716795801000004
202955;08220731316200953440;08;3;16;056;2022;07;07;1;2;1;6;0;0;1;1;0;0;0;0;422950,294682405015919;5327601,977481350302696;7,965152016000050;48,097023459000098
202956;08220802135010990350;08;1;35;015;2022;08;15;3;2;3;1;0;0;1;0;0;0;0;0;575245,513471810962074;5386347,538684369996190;10,021128428000100;48,625667348000000
202957;08220801226600029070;08;2;26;096;2022;08;21;2;3;3;6;2;0;1;1;0;0;0;0;475061,038714137976058;5488555,332641200162470;8,655229953000060;49,549088265000101
202960;08220728326300943530;08;3;26;052;2022;07;19;5;3;4;6;0;0;1;1;0;0;0;0;449535,154298071982339;5329902,859502740204334;8,321905985000059;48,120383699999998
202961;08220809221011017760;08;2;21;000;2022;08;14;3;3;5;3;0;0;1;0;0;0;0;1;476040,185104792006314;5472762,753684059716761;8,669722642000069;49,407078005000102
202962;08220723317500945870;08;3;17;047;2022;07;17;7;3;5;3;0;0;1;1;0;0;0;0;419529,244497741980013;5362703,026216439902782;7,912536924000050;48,412340596000000
202963;08220727111320080270;08;1;11;000;2022;07;17;4;3;6;4;0;0;0;0;1;1;0;0;517514,802540179982316;5407128,122072880156338;9,238587988000059;48,816890362000002
202964;08220803421300006570;08;4;21;000;2022;08;10;4;3;6;2;0;0;0;1;1;0;0;0;571365,339000005973503;5360456,682999510318041;9,964051925000041;48,393231165000003
202967;08220729317100948880;08;3;17;056;2022;07;16;6;3;0;1;0;0;1;0;0;0;0;0;434521,228287731995806;5382498,703704119659960;8,112001760000060;48,592145291000101
202969;08220728222014965940;08;2;26;032;2022;07;18;5;3;5;3;0;0;1;1;0;0;0;0;466599,458519988984335;5463319,001700390130281;8,540381890000051;49,321688823999999
202971;08220808317300027360;08;3;17;031;2022;08;16;2;3;1;6;0;0;1;0;0;0;0;0;417667,705980990023818;5358383,476621270179749;7,888232260000050;48,373246321000103
202973;08220726117100954570;08;1;17;019;2022;07;15;3;3;6;7;0;0;1;0;1;0;0;0;551522,905095356050879;5393660,855911809951067;9,700139207000060;48,693858362000100
202974;08220803118400995290;08;1;18;048;2022;08;17;4;3;0;7;0;0;1;0;0;0;0;0;513428,533363430993631;5414999,157940169796348;9,183182988000061;48,887798406999998
202975;08220811115400025780;08;1;15;045;2022;08;11;5;3;6;7;0;0;0;1;1;0;0;0;497718,125192571023945;5396492,023723330348730;8,968974990000049;48,721450973000103
202976;08220721327100921790;08;3;27;050;2022;07;16;5;3;1;5;0;0;1;1;0;0;0;0;486858,668363842007238;5315988,773186109960079;8,823842091000071;47,997062747000001
202977;08220729212010972870;08;2;12;000;2022;07;08;6;2;5;2;0;0;1;1;0;0;0;1;453388,806999998982064;5428919,701999530196190;8,362587289000031;49,011408292000098
202978;08220803117100988370;08;1;17;019;2022;08;15;4;3;5;3;0;0;1;1;0;0;0;0;550587,097000000998378;5394086,393999519757926;9,687475696000041;48,697762840000102
202980;08220727415400941270;08;4;15;061;2022;07;19;4;3;0;1;0;0;1;0;0;0;0;0;515145,146439516975079;5371583,169786079786718;9,205007893000070;48,497186832000097
202982;08220808111330998240;08;1;11;000;2022;08;16;2;3;0;3;0;0;1;1;0;0;0;0;516776,184554715000559;5410257,196151279844344;9,228654612000071;48,845059302000003
202984;08220809336100029210;08;3;36;050;2022;08;11;3;3;5;3;0;0;1;1;0;0;0;0;399276,145322101016063;5272765,675906560383737;7,660034977000070;47,600471443000103
202985;08220721212502932330;08;2;12;000;2022;07;07;5;3;2;6;0;0;1;1;0;0;0;0;454213,808075979002751;5428717,330814830027521;8,373891376000071;49,009649719000002
202986;08220722311010924320;08;3;11;000;2022;07;12;6;3;6;4;0;0;0;1;1;0;0;0;415406,522978459019214;5315541,777962380088866;7,866235306000020;47,987580721000000
202987;08220802421300987560;08;4;21;000;2022;08;23;3;3;0;1;2;0;1;0;0;0;0;0;571293,265406038961373;5360588,482565240003169;9,963100825000030;48,394424895000000
202988;08220724311500959440;08;3;15;037;2022;07;10;1;3;8;1;0;0;1;0;0;0;0;0;427837,885953942022752;5301160,801032230257988;8,035228959000049;47,859732635999997
202989;08220726435100934910;08;4;35;016;2022;07;15;3;3;5;3;0;0;0;1;1;0;0;0;534523,226508124964312;5278402,360948990099132;9,459776479000030;47,658094418000097
202991;08220812116100007310;08;1;16;019;2022;08;17;6;3;5;3;0;0;1;1;0;0;0;0;524738,829799599945545;5400733,237056369893253;9,336607733000051;48,759117631000002
202992;08220730335100951800;08;3;35;043;2022;07;15;7;3;3;6;0;0;1;1;0;0;0;0;512996,049336448020767;5279091,868768040090799;9,173102910000070;47,665089068999997
202993;08220812317010025120;08;3;17;073;2022;08;11;6;3;7;7;0;0;1;0;0;0;0;1;411972,242643060977571;5349426,961209059692919;7,813211869000040;48,291916050000097
202994;08220720221011932540;08;2;21;000;2022;07;19;4;3;1;5;0;0;1;0;0;0;0;1;477204,750131963985041;5472977,610026479698718;8,685763153000041;49,409055341000098
202995;08220728311010941490;08;3;36;069;2022;07;06;5;3;5;3;0;0;1;1;0;0;0;0;408869,365345343016088;5268241,831384969875216;7,788565293000030;47,561195361999999
203001;08220811311010031350;08;3;11;000;2022;08;15;5;3;5;3;0;0;1;0;0;0;0;1;414392,503999986976851;5316642,826999500393867;7,852428111000050;47,997350160000103
203002;08220721226600951170;08;2;26;096;2022;07;08;5;3;5;3;0;0;1;1;0;0;0;0;475747,513506412971765;5488544,118202449753881;8,664720678000039;49,549015279999999
203003;08220730111500951840;08;1;11;000;2022;07;14;7;3;5;3;0;0;1;1;0;0;0;0;512487,214089907996822;5408961,190668200142682;9,170157988000030;48,833501773000101
203004;08220727326400979310;08;3;26;074;2022;07;20;4;2;8;1;1;0;1;0;0;0;0;0;458911,728462397994008;5321966,188727459870279;8,448655507000071;48,049654668000102
203006;08220808311010075000;08;3;11;000;2022;08;16;2;3;0;4;0;0;0;0;1;1;0;0;409746,950002135999966;5316857,694739320315421;7,790123090000070;47,998644011000103
203007;08220722436300930520;08;4;36;018;2022;07;09;6;3;0;1;0;0;1;0;0;0;0;0;553683,777000001049601;5285881,516999489627779;9,715857990000069;47,724077903000101
203008;08220801118010003500;08;1;15;003;2022;08;22;2;3;3;6;2;1;1;1;0;0;0;0;498541,548479443008546;5392110,935520210303366;8,980185959000041;48,682040807000099
203009;08220810416100001070;08;4;16;036;2022;08;16;4;3;0;7;0;0;1;0;0;0;0;0;495650,449000000022352;5369066,901999509893358;8,941149578000021;48,474716934000099
203011;08220722311010956840;08;3;11;000;2022;07;11;6;3;4;2;0;0;1;1;0;0;0;0;415223,777999987010844;5317023,299999499693513;7,863493915000050;48,000883443000099
203013;08220803121400039630;08;1;25;108;2022;08;18;4;1;8;7;0;0;1;0;0;0;0;0;496083,493284507014323;5435550,143998210318387;8,946375567000080;49,072800866000101
203014;08220725335200935660;08;3;35;055;2022;07;18;2;3;0;1;0;0;1;0;0;0;0;0;496407,328682343009859;5284020,987745120190084;8,952106165000030;47,709560286000098
203015;08220727231102575820;08;2;36;040;2022;07;15;4;3;6;4;0;0;0;0;1;0;0;1;488773,640205645002425;5422124,170295299962163;8,846661379000070;48,951936758000002
203016;08220730127100967930;08;1;27;052;2022;07;15;7;2;0;7;0;0;1;0;0;0;0;0;542583,794242586009204;5438878,954257040284574;9,583388213000029;49,101283470000098
203017;08220802115100002240;08;1;15;003;2022;08;10;3;3;5;5;0;0;1;1;0;0;0;0;501186,126405704999343;5392525,725293690338731;9,016115513000051;48,685772879000098
203018;08220727416200991430;08;4;16;041;2022;07;07;4;3;2;6;0;0;1;1;0;0;0;0;504674,605718375009019;5375372,068804269656539;9,063319098000020;48,531438346000101
203019;08220806231402992160;08;2;31;000;2022;08;11;7;2;8;1;0;0;1;0;0;0;0;0;476792,249020253017079;5414475,625535730272532;8,683446933000029;48,882799824000102
203020;08220808336400005410;08;3;36;091;2022;08;20;2;3;0;7;0;0;1;0;0;0;0;0;394344,225491194985807;5272438,603850729763508;7,594522594000070;47,596744323000102
203022;08220726118200937930;08;1;18;019;2022;07;15;3;3;5;3;0;0;1;1;0;0;0;0;504086,056327574013267;5404888,366696430370212;9,055638517000030;48,796975174000103
203023;08220811111130077570;08;1;11;000;2022;08;13;5;3;3;6;0;0;1;0;0;0;0;1;507831,696013541019056;5399049,592160190455616;9,106530446000020;48,744413886000103
203027;08220803221300989320;08;2;26;012;2022;08;16;4;3;1;5;0;0;1;1;0;0;0;0;476179,359733962977771;5477236,057349280454218;8,671372437000061;49,447319939000103
203028;08220725311010930850;08;3;36;081;2022;07;11;2;2;5;3;0;0;1;1;0;0;0;0;410974,232861915021203;5277952,349005109630525;7,814567640000060;47,648842146000000
203029;08220727231000946460;08;2;31;000;2022;07;19;4;3;1;1;0;0;1;1;0;0;0;0;480432,851169114990626;5411337,012323079630733;8,733254148000070;48,854691346999999
203030;08220805116500003300;08;1;16;049;2022;08;17;6;3;4;6;0;0;1;0;0;0;0;1;524521,813427331973799;5385699,862293399870396;9,332762589000030;48,623886759000101
203031;08220807317000996870;08;3;17;057;2022;08;01;1;2;5;3;2;0;1;1;0;0;0;0;413841,488943096017465;5379481,061107049696147;7,832229838000050;48,562499558000098
203035;08220722235100952130;08;2;35;085;2022;07;10;6;3;6;7;0;0;0;1;1;0;0;0;481293,326621470972896;5395805,979613959789276;8,745691220000030;48,715002814999998
203036;08220803116200034700;08;1;16;078;2022;08;12;4;3;5;3;0;0;1;1;0;0;0;0;511830,901000001002103;5393128,432999529875815;9,160759524000071;48,691083870000099
203037;08220724417200926290;08;4;17;002;2022;07;16;1;3;8;1;0;0;1;0;0;0;0;0;488821,087899451027624;5347157,069911629892886;8,849329724000031;48,277519379000097
203038;08220726416200935190;08;4;16;041;2022;07;07;3;3;0;6;0;0;1;0;0;0;0;1;505812,699395917006768;5375273,063315380364656;9,078733563000069;48,530538148000097
203041;08220731135100952510;08;1;35;020;2022;07;13;1;3;0;1;0;0;1;0;0;0;0;0;586846,481286598020233;5386126,320938699878752;10,178482036000000;48,622174432000101
203044;08220728212010942050;08;2;12;000;2022;07;08;5;3;5;3;0;0;1;1;0;0;0;0;454709,135627758980263;5427519,737893120385706;8,380797951000030;48,998913824000098
203045;08220807222700054050;08;2;22;000;2022;08;14;1;3;6;6;0;0;1;0;1;0;0;0;461645,543315870978404;5480913,098051859997213;8,470516148000060;49,479649601000098
203048;08220726212102937560;08;2;12;000;2022;07;19;3;3;0;7;0;0;1;0;0;0;0;0;464098,537086189026013;5422804,651810109615326;8,509577522000029;48,957117595000099
203050;08220811221300018910;08;2;21;000;2022;08;14;5;3;1;2;0;0;1;1;0;0;0;0;476795,924082205980085;5474619,608047960326076;8,680031500000039;49,423809372000100
203052;08220729212010946930;08;2;12;000;2022;07;15;6;3;5;3;0;0;1;0;0;0;0;0;457797,471251299022697;5427751,076896609738469;8,422994314000050;49,001213614999998
203058;08220721111500935040;08;1;11;000;2022;07;09;5;3;1;5;0;0;1;1;0;0;0;0;508257,786826747003943;5406391,904000479727983;9,112473788000051;48,810459439000098
203059;08220722226400951940;08;2;26;084;2022;07;09;6;2;5;3;0;0;1;1;0;0;0;0;469917,248739545000717;5469336,392493160441518;8,585581619000040;49,375986801000103
203060;08220803118600987630;08;1;18;073;2022;08;17;4;3;0;1;0;0;1;0;0;0;0;0;496357,918814388976898;5422284,250072820112109;8,950252020000050;48,953467973999999
203061;08220724317600959080;08;3;17;146;2022;07;11;1;3;6;6;0;0;1;0;1;0;0;0;430893,546064394991845;5355197,360639750026166;8,067322758000049;48,346173017000098
203062;08220727221011964070;08;2;21;000;2022;07;11;4;3;7;7;0;0;0;0;1;0;0;1;473205,231235161016230;5469600,656648470088840;8,630857840000029;49,378517304000098
203063;08220805336400989880;08;3;36;045;2022;08;09;6;3;6;7;0;0;0;1;1;0;0;0;399631,579302485974040;5285434,650302659720182;7,661852985000050;47,714487480000102
203064;08220807435200993710;08;4;35;052;2022;08;11;1;3;0;1;0;0;1;0;0;0;0;0;521642,417568664008286;5290020,482959589920938;9,288811182000069;47,763187985999998
203066;08220802135200004400;08;1;35;019;2022;08;08;3;2;0;7;0;0;1;0;0;0;0;0;583442,824144918005913;5392406,614064949564636;10,133570625000100;48,679125216999999
203067;08220809417100005320;08;4;17;079;2022;08;15;3;3;3;6;0;0;1;1;0;0;0;0;502413,343999999982771;5343085,626999510452151;9,032504071000060;48,240983610999997
203068;08220720415050918100;08;4;15;061;2022;07;13;4;3;4;6;0;0;1;0;0;0;0;1;515811,238000001001637;5371829,592999519780278;9,214033517000081;48,499387328000097
203069;08220728435200944820;08;4;35;036;2022;07;16;5;3;0;7;0;0;1;0;0;0;0;0;520445,348083967983257;5282710,070156039670110;9,272493537000059;47,697451558000097
203073;08220804212010990170;08;2;12;000;2022;08;18;5;3;1;5;0;0;1;1;0;0;0;0;455160,731124109996017;5433652,796003970317543;8,386293564000029;49,054114009999999
203074;08220811416200002540;08;4;16;041;2022;08;17;5;3;0;1;0;0;1;0;0;0;0;0;503969,973059131007176;5375219,766377869993448;9,053773167000029;48,530073034000097
203077;08220808119200996360;08;1;19;020;2022;08;16;2;3;0;1;0;0;1;0;0;0;0;0;520281,428958564996719;5405969,279967069625854;9,276217489000031;48,806381483000102
203078;08220731317010954780;08;3;17;151;2022;07;11;1;3;0;7;0;0;1;0;0;0;0;0;412600,521999984979630;5368394,071999509818852;7,817736381000030;48,462606279000099
203079;08220801222014077840;08;2;22;000;2022;08;21;2;3;6;4;2;0;0;1;1;0;0;0;463410,913826339005027;5483299,093936430290341;8,494665221000050;49,501219419999998
203080;08220810215202000660;08;2;15;084;2022;08;11;4;3;0;7;0;0;1;0;0;0;0;0;475829,302060769987293;5446846,130521100014448;8,668383107000070;49,173949379000099
203081;08220720221300931910;08;2;21;000;2022;07;09;4;3;0;1;0;0;1;0;0;0;0;0;482404,957727428991348;5474094,246755359694362;8,757398729000039;49,419271952000003
203082;08220803111210989240;08;1;11;000;2022;08;15;4;3;7;7;0;0;1;0;0;0;0;0;513933,241164790000767;5399285,047757269814610;9,189534153000070;48,746425426000002
203083;08220724311010069250;08;3;11;000;2022;07;10;1;3;0;7;0;0;1;1;0;0;0;0;413559,224054094986059;5316804,217466530390084;7,841227803000040;47,998689801000097
203084;08220727119100969810;08;1;19;053;2022;07;18;4;3;4;6;0;0;1;1;0;0;0;0;533654,420940728974529;5425722,224706330336630;9,459969783000080;48,983488659999999
203085;08220804337100011510;08;3;37;096;2022;08;09;5;3;0;1;0;0;1;0;0;0;0;1;422414,502730628009886;5267717,163050719536841;7,968685985000040;47,558235594000102
203086;08220811426100002630;08;4;26;021;2022;08;10;5;3;4;2;0;0;1;1;0;0;0;0;558993,911230443976820;5327308,541293810121715;9,792329322000059;48,096311523000097
203087;08220730118010970520;08;1;15;051;2022;07;11;7;2;5;3;0;0;1;1;0;0;0;0;503843,880000000994187;5385442,816999520175159;9,052159764000070;48,622043222999999
203089;08220806417100993360;08;4;17;079;2022;08;12;7;3;4;6;0;0;1;0;0;0;0;0;496828,804036953020841;5340123,270109020173550;8,957310989000060;48,214328461999997
203092;08220726118300973650;08;1;18;003;2022;07;06;3;3;5;2;0;0;1;0;0;0;1;0;511297,945397256989963;5415992,184659969992936;9,154146526000030;48,896773936000002
203096;08220729121200948910;08;1;21;000;2022;07;16;6;2;0;7;0;0;1;0;0;0;0;0;515912,334297104971483;5444557,869574420154095;9,218224500000080;49,153635565999998
203097;08220725415400931520;08;4;15;061;2022;07;20;2;3;5;3;0;0;1;1;0;0;0;0;514622,837360489007551;5370696,639793139882386;9,197906811000051;48,489223665000097
203098;08220728111250971170;08;1;11;000;2022;07;17;5;3;1;5;0;0;1;1;0;0;0;0;518837,789542283979245;5403323,563229040242732;9,256435112000080;48,782626451000098
203099;08220806121400003190;08;1;25;058;2022;08;10;7;2;0;1;0;0;1;0;0;0;0;0;508224,089453804015648;5443308,047431790269911;9,112761381000039;49,142544078000100
203100;08220808212010019860;08;2;12;000;2022;08;17;2;3;3;6;0;0;1;1;0;0;0;0;453830,100386655016337;5428906,943712109699845;8,368623085000021;49,011326708000098
203101;08220801118500990570;08;1;18;049;2022;08;18;2;3;0;1;0;0;1;0;0;0;0;0;518481,941423140000552;5422060,288449159823358;9,252437463000041;48,951187799000103
203104;08220722311010977210;08;3;11;000;2022;07;08;6;3;0;1;0;0;1;0;0;0;0;0;416382,391600001021288;5315474,569999500177801;7,879324876000060;47,987104488999996
203107;08220727231102941980;08;2;36;040;2022;07;11;4;3;5;3;0;0;1;1;0;0;0;0;485468,362215660978109;5420127,954596979543567;8,801586692000059;48,933910651000097
203108;08220805311400990460;08;3;15;130;2022;08;15;6;3;0;1;0;0;1;0;0;0;0;0;412845,274184421985410;5303327,995251189917326;7,834387398000050;47,877368639000103
203109;08220807311300020070;08;3;11;000;2022;08;09;1;3;6;3;0;0;0;0;1;0;0;1;404407,810046654019970;5315283,353846560232341;7,718918472000040;47,983706861000002
203110;08220731121200180770;08;1;21;000;2022;07;22;1;3;6;2;2;0;1;0;1;0;0;0;515784,266205377993174;5443304,314442389644682;9,216419047000040;49,142362741000099
203112;08220812335200006520;08;3;35;063;2022;08;15;6;3;0;7;0;0;1;0;0;0;0;0;498532,131088047986850;5291787,791395990177989;8,980405656000070;47,779451119999997
203115;08220809116500023820;08;1;16;050;2022;08;15;3;3;5;3;0;0;1;1;0;0;0;0;526751,361989028053358;5388236,504874169826508;9,363180856000040;48,646615030000099
203118;08220802216300003000;08;2;16;013;2022;08;01;3;3;6;7;2;0;0;1;1;0;0;0;452997,815229717991315;5392002,996801289729774;8,361476774000041;48,679301941000098
203119;08220805111500991550;08;1;11;000;2022;08;17;6;2;0;7;0;1;1;0;0;0;0;0;512047,526000000012573;5399192,560999530367553;9,163880145000061;48,745632751000102
203123;08220720126201958570;08;1;26;066;2022;07;12;4;3;5;3;0;0;1;1;0;0;0;0;536130,401438322965987;5448693,993369990028441;9,495862175000070;49,189983173000002
203128;08220726126100952530;08;1;26;060;2022;07;19;3;2;6;7;0;0;0;0;1;0;0;1;545737,043829638976604;5459957,221738260239363;9,628983885000030;49,290651238000102
203129;08220803437100004110;08;4;37;088;2022;08;12;4;3;0;6;0;0;1;0;0;1;0;0;519118,401570443995297;5308308,966966549865901;9,255937547000030;47,927815522000103
203130;08220810316200000850;08;3;16;009;2022;08;07;4;3;0;7;0;0;1;0;0;0;0;0;416018,746106665988918;5324417,980093720369041;7,872698934000030;48,067506422000100
203131;08220721435100920000;08;4;35;057;2022;07;17;5;3;5;3;0;0;1;1;0;0;0;0;544275,164146985975094;5279390,263997210189700;9,589745481000021;47,666388886000000
203133;08220803117100987620;08;1;17;019;2022;08;15;4;3;5;3;0;0;1;0;0;0;0;1;551306,964000002015382;5394065,355999520048499;9,697255282000070;48,697514807000097
203134;08220725335300964220;08;3;35;075;2022;07;11;2;3;4;3;0;0;1;1;0;0;0;0;487692,465554744994733;5290067,280523270368576;8,835757811000059;47,763854903000002
203135;08220727416000938780;08;4;16;041;2022;07;16;4;3;8;1;0;0;1;0;0;0;0;0;503585,466088389977813;5374525,342326530255377;9,048559061000050;48,523828063000103
203136;08220805335100012530;08;3;35;043;2022;08;19;6;3;0;1;1;0;1;0;0;0;0;0;512096,856931529007852;5279136,829407390207052;9,161127272000041;47,665511055000103
203139;08220720118200921260;08;1;18;080;2022;07;13;4;3;0;7;0;0;1;0;0;0;0;0;508613,391810174973216;5408296,372059780173004;9,117357223000059;48,827586981000103
203141;08220806436300992740;08;4;36;081;2022;08;14;7;3;6;7;0;0;0;1;1;0;0;0;562849,513011944945902;5281853,057522810064256;9,837487201000039;47,687007665000102
203143;08220723111500080480;08;1;11;000;2022;07;16;7;3;6;4;0;0;0;1;1;0;0;0;515907,739635712001473;5408726,380046630278230;9,216758620000061;48,831311245000101
203144;08220726212010935010;08;2;12;000;2022;07;14;3;3;1;5;0;0;1;1;0;0;0;0;455702,344577075971756;5429087,424585290253162;8,394204940000069;49,013087399000000
203145;08220804111500081060;08;1;11;000;2022;08;10;5;3;0;5;0;0;1;1;0;0;0;0;516917,180726523976773;5405413,334238479845226;9,230376529000070;48,801480961000003
203147;08220721311010952790;08;3;11;000;2022;07;09;5;3;5;3;0;0;1;1;0;0;0;0;411122,380206596979406;5315090,023135090246797;7,808923097000050;47,982936053000103
203148;08220729311100961710;08;3;15;015;2022;07;17;6;3;2;6;0;0;1;0;0;0;0;0;396728,437591071007773;5321592,542037550359964;7,614513576000040;48,039261372000098
203150;08220725311010945320;08;3;36;050;2022;07;15;2;3;4;6;0;0;1;1;0;0;0;0;399839,551657114992850;5275032,072664660401642;7,667010041000030;47,620945802000101
203151;08220727435100078060;08;4;35;016;2022;07;18;4;3;0;1;0;0;1;0;0;0;0;0;535940,117134553962387;5277727,161839599721134;9,478590289000071;47,651942202999997
203152;08220805335300006440;08;3;35;075;2022;08;12;6;3;5;2;0;0;1;0;0;0;0;0;487923,120872633997351;5289554,112890419550240;8,838850119000030;47,759242026999999
203153;08220808116010026050;08;1;16;049;2022;08;09;2;3;3;6;0;0;0;1;1;0;0;0;525680,651368735008873;5385691,886383369565010;9,348487304000059;48,623768499999997
203155;08220810212702028450;08;2;15;046;2022;08;17;4;3;6;3;0;0;0;1;1;0;0;0;453770,324994306021836;5416288,516855739988387;8,369238380000070;48,897817707000101
203157;08220722235200921740;08;2;35;046;2022;07;21;6;2;0;7;1;0;1;0;0;0;0;0;479973,261826170026325;5377615,510459059849381;8,728624764000070;48,551318701000099
203161;08220804336400001040;08;3;36;091;2022;08;19;5;3;1;5;0;0;1;1;0;0;0;0;396303,135257009009365;5271970,405952519737184;7,620683673000030;47,592849061000003
203163;08220731119400976520;08;1;19;079;2022;07;18;1;3;5;3;0;0;1;1;0;0;0;0;523165,790434322028887;5408734,467462309636176;9,315655845000039;48,831155635000101
203166;08220728317200968490;08;3;17;057;2022;07;14;5;3;6;4;0;0;1;0;1;0;0;0;412657,202910008025356;5380528,299552810378373;7,815961983000020;48,571754913000099
203167;08220809216300022570;08;2;16;015;2022;08;10;3;3;5;3;0;0;1;1;0;0;0;0;451041,332554769993294;5403950,612489050254226;8,333480695000050;48,786625474000097
203168;08220723436100940370;08;4;36;055;2022;07;01;7;3;9;7;2;0;1;0;0;0;0;0;576168,515045732026920;5298116,400200629606843;10,017790112000100;47,831882636000003
203169;08220726336200951360;08;3;36;069;2022;07;09;3;3;0;7;0;0;1;0;0;0;0;0;408319,743984748027287;5267788,784254210069776;7,781355186000040;47,557042426000102
203173;08220730222014984330;08;2;22;000;2022;07;20;7;3;6;4;1;0;0;1;1;0;0;0;465840,303097072988749;5475816,760161349549890;8,528862305000080;49,434060662000000
203174;08220802116400018410;08;1;16;033;2022;08;18;3;3;6;4;0;0;0;1;1;0;0;0;531915,392000001971610;5389068,893999519757926;9,433350810000039;48,653860747000103
203175;08220720115400946620;08;1;15;029;2022;07;19;4;2;5;3;1;1;1;1;0;0;0;0;497314,129555176012218;5399037,217957709915936;8,963465567000069;48,744346016000101
203176;08220728117010955170;08;1;17;037;2022;07;20;5;2;0;1;1;0;1;0;0;0;0;0;555308,994160152971745;5399076,095767440274358;9,752309559000031;48,742245851000099
203177;08220805435200990190;08;4;35;066;2022;08;10;6;3;8;1;0;0;1;0;0;0;0;0;517296,611821407976095;5286006,401608140207827;9,230658720000060;47,727202503000100
203178;08220808316200009620;08;3;16;055;2022;08;15;2;2;0;1;0;0;1;0;0;0;0;0;429905,935073475004174;5332123,982939519919455;8,057815346000041;48,138505693000099
203180;08220726222301064420;08;2;22;000;2022;07;16;3;3;5;3;0;0;1;1;0;0;0;0;465738,390771751990542;5484349,180482530035079;8,526717894000059;49,510800382000099
203181;08220810311010023000;08;3;11;000;2022;08;09;4;3;5;3;0;0;1;0;0;0;0;1;414182,350500018976163;5315258,442172880284488;7,849888355000080;47,984868909000099
203183;08220722326100924470;08;3;26;012;2022;07;18;6;3;0;3;0;0;0;1;1;0;0;0;461344,552490035013761;5311408,500433090142906;8,482250399000071;47,954821107000001
203184;08220729231202972720;08;2;36;072;2022;07;17;6;3;1;1;0;0;1;1;0;0;0;0;465699,183850341010839;5411405,111877719871700;8,532399702000021;48,854664333000102