OBJECTID;UIDENTSTLAE;ULAND;UREGBEZ;UKREIS;UGEMEINDE;UJAHR;UMONAT;USTUNDE;UWOCHENTAG;UKATEGORIE;UART;UTYP1;ULICHTVERH;IstStrassenzustand;IstRad;IstPKW;IstFuss;IstKrad;IstGkfz;IstSonstige;LINREFX;LINREFY;XGCSWGS84;YGCSWGS84
203185;08220803226700988940;08;2;26;095;2022;08;18;4;3;0;5;0;0;1;1;0;0;0;0;474363,826486566977110;5461415,759645500220358;8,647345576000021;49,304944749000100
203187;08220727127010939660;08;1;27;014;2022;07;10;4;3;5;3;0;0;1;1;0;0;0;0;577305,173000011011027;5443055,369999529793859;10,059797120000001;49,135462216000100
203189;08220807317600994290;08;3;17;046;2022;08;17;1;3;0;1;0;0;1;0;0;0;0;0;430909,843149997002911;5345265,765460399910808;8,069168523000030;48,256834916000102
203190;08220801118500012180;08;1;18;054;2022;08;09;2;3;5;3;0;0;1;1;0;0;0;0;519233,108686054998543;5423607,876225589774549;9,262770363000071;48,965086352000100
203191;08220801426010991420;08;4;26;021;2022;08;12;2;3;5;3;0;0;1;1;0;0;0;0;558111,281501561985351;5325540,716029860079288;9,780235535000029;48,080488909000103
203192;08220810111500000100;08;1;11;000;2022;08;09;4;3;6;2;0;0;0;1;1;0;0;0;511659,258307027979754;5408925,565772470086813;9,158874818000070;48,833197396999999
203194;08220722215402957740;08;2;15;009;2022;07;13;6;2;1;5;0;0;1;1;0;0;0;0;470588,969576695992146;5441687,650865959934890;8,596865221000030;49,127319215000099
203195;08220802317000988870;08;3;17;011;2022;08;20;3;3;9;1;0;0;1;0;0;0;0;0;428429,712921073019970;5354664,091261990368366;8,034165745000051;48,341101670000100
203197;08220727116500938940;08;1;16;049;2022;07;16;4;3;5;3;0;0;1;1;0;0;0;0;525656,534651229972951;5384613,559936639852822;9,348093342000031;48,614068814000099
203198;08220804212010035970;08;2;12;000;2022;08;22;5;3;0;7;2;0;1;0;0;0;0;0;461639,247000001021661;5427539,820999530144036;8,475537763000030;48,999564028000101
203203;08220809335100022440;08;3;35;043;2022;08;19;3;3;0;7;0;0;1;0;0;0;0;0;514895,326000000990462;5281366,561999489553273;9,198478074000040;47,685514996000101
203206;08220802222014000210;08;2;22;000;2022;08;15;3;3;0;3;0;0;1;1;0;0;0;0;461218,702130912977736;5481774,004076830111444;8,464539432000040;49,487365870000097
203208;08220727311010939670;08;3;11;000;2022;07;06;4;3;0;7;0;0;1;0;0;0;0;0;413181,407726283010561;5316774,372567749582231;7,836170146000030;47,998370140000098
203209;08220804317600998040;08;3;17;093;2022;08;20;5;2;9;1;0;0;1;0;0;0;0;0;441201,627999998978339;5356107,750999510288239;8,206300828000050;48,355406481999999
203212;08220801426200986540;08;4;26;070;2022;08;14;2;3;0;7;0;0;1;0;0;0;0;0;566242,734238583943807;5341622,315155910328031;9,891903948000049;48,224363592000003
203214;08220720311010955050;08;3;36;050;2022;07;09;4;3;5;3;0;0;1;1;0;0;0;0;399240,919405134976842;5274637,764797969721258;7,659136067000080;47,617306038999999
203217;08220809135010999280;08;1;35;019;2022;08;18;3;2;0;7;0;0;1;0;0;0;0;0;585974,893770467024297;5392408,688905189745128;10,167961870000100;48,678800305999999
203219;08220726231102952940;08;2;36;038;2022;07;09;3;3;5;3;0;0;1;1;0;0;0;0;485723,268664718023501;5427443,464632299728692;8,804810452000030;48,999724107000098
203221;08220811335300005090;08;3;35;100;2022;08;16;5;3;0;1;0;0;1;0;0;0;0;0;487904,582951874006540;5286380,675334759987891;8,838690996000031;47,730688506000000
203223;08220729316100977760;08;3;16;011;2022;07;09;6;3;3;6;0;0;1;1;0;0;0;0;413801,041002015990671;5330660,326199210248888;7,841675675000030;48,123361678999999
203224;08220802116010988750;08;1;16;019;2022;08;18;3;3;6;4;0;0;0;1;1;0;0;0;523333,822374876996037;5397858,899734039790928;9,317328039000071;48,733314698000100
203225;08220727417100971950;08;4;17;079;2022;07;08;4;3;0;1;0;0;1;0;0;0;0;0;500375,620885026000906;5346080,985280140303075;9,005061701000050;48,267936695000103
203226;08220806212010997180;08;2;12;000;2022;08;22;7;3;5;3;2;0;1;0;0;1;0;0;456534,610394152987283;5430311,184747179970145;8,405454892000019;49,024154437999997
203227;08220808325202025110;08;3;25;049;2022;08;16;2;3;5;3;0;0;1;1;0;0;0;0;471523,607285197009332;5335345,622745090164244;8,616990281000030;48,170714369999999
203229;08220726116200956830;08;1;16;077;2022;07;16;3;3;3;2;0;0;1;1;0;0;0;0;518133,557781686016824;5388740,699572900310159;9,246207615000060;48,651460276000101
203230;08220802212402987840;08;2;12;000;2022;08;15;3;3;0;7;0;0;1;1;0;0;0;0;455971,934850005025510;5428017,013350210152566;8,398007612000070;49,003478232000099
203234;08220729231000973500;08;2;31;000;2022;07;13;6;2;0;7;0;0;0;0;1;0;0;1;478119,041971819009632;5415283,382872680202127;8,701500841000041;48,890114402999998
203235;08220803212010005190;08;2;15;017;2022;08;09;4;2;5;2;0;0;1;1;0;0;0;0;456639,899528154986911;5421335,830985429696739;8,407852353000070;48,943427105000097
203237;08220727317500945150;08;3;17;009;2022;07;12;4;3;5;3;0;0;1;1;0;0;0;0;425235,834598171000835;5362893,724849710240960;7,989607514000060;48,414758888999998
203239;08220808135100996580;08;1;35;021;2022;08;14;2;3;0;7;0;0;1;0;0;0;0;0;592716,371379527961835;5383764,022494610399008;10,257587578000001;48,600085307000001
203241;08220810111330081130;08;1;11;000;2022;08;18;4;3;5;7;0;0;1;0;0;0;0;0;512974,242496458988171;5408366,704678149893880;9,176775672000080;48,828143887000103
203243;08220802335010001900;08;3;35;075;2022;08;20;3;3;6;7;1;0;0;0;1;0;0;1;488136,296413302014116;5289597,911930570378900;8,841693456000030;47,759640069000099
203245;08220726317100949280;08;3;17;001;2022;07;11;3;3;5;3;0;0;1;1;0;0;0;0;431322,877506161981728;5386756,317741029895842;8,067928117000060;48,630100065000100
203247;08220812211000033630;08;2;16;024;2022;08;17;6;1;5;3;0;0;1;1;0;0;0;0;445060,192999998980667;5408279,442999529652297;8,251481494000069;48,825064365999999
203248;08220729415100984190;08;4;15;014;2022;07;13;6;3;5;3;0;0;1;0;0;0;0;1;524994,506999999983236;5375233,006999510340393;9,338547648000031;48,529706931000099
203249;08220802116500988210;08;1;16;046;2022;08;14;3;2;0;1;0;0;1;0;0;0;0;0;528061,771612178999931;5378115,507327659986913;9,380286694000061;48,555508629000002
203251;08220807212502017280;08;2;12;000;2022;08;17;1;3;5;3;0;0;1;0;0;0;0;1;454012,673000000009779;5428477,586999529972672;8,371168262000030;49,007478252000098
203253;08220723136100925220;08;1;36;088;2022;07;17;7;3;0;7;0;0;1;0;0;0;0;0;580411,690297523979098;5410267,059124640189111;10,095890111000100;48,840166117000102
203254;08220726127202968080;08;1;27;014;2022;07;17;3;3;0;7;0;0;1;0;0;0;0;0;576469,901000009034760;5442506,005999539978802;10,048243982000001;49,130625821000102
203255;08220804111250988230;08;1;11;000;2022;08;01;5;3;1;5;2;0;1;1;0;0;0;0;519651,433833912014961;5401344,415663450025022;9,267416393000079;48,764797116000103
203256;08220811222014010790;08;2;22;000;2022;08;14;5;3;5;3;0;0;1;1;0;0;0;0;461139,200831878988538;5482028,543225579895079;8,463416771000031;49,489650224999998
203257;08220721231000933020;08;2;36;076;2022;07;14;5;1;5;3;0;0;1;0;0;0;0;1;470423,346260808990337;5423507,539269870147109;8,595922348000039;48,963775335999998
203260;08220727436000179560;08;4;35;016;2022;07;13;4;2;6;7;0;0;0;0;1;0;0;1;536150,596423698007129;5281948,512577789835632;9,481742410000040;47,689911605000098
203263;08220801118200990370;08;1;18;067;2022;08;23;2;3;0;7;2;0;1;0;0;0;0;0;505262,085000001010485;5414044,823999520391226;9,071769689000060;48,879336569000003
203264;08220807117300994180;08;1;17;026;2022;08;11;1;2;0;1;0;0;1;0;0;0;0;0;549774,921252468950115;5394527,818442249670625;9,676492295000060;48,701798985000003
203265;08220809231000001140;08;2;31;000;2022;08;16;3;3;3;6;0;0;1;0;0;0;0;1;477032,397285422019195;5415275,237834610044956;8,686677562000060;48,890001810000101
203266;08220723222000925090;08;2;22;000;2022;07;19;7;2;6;4;0;0;0;1;1;0;0;0;463138,960253020981327;5478716,495910660363734;8,491336535000070;49,459984734000003
203267;08220726212010942920;08;2;12;000;2022;07;15;3;3;3;6;0;0;1;0;0;0;0;0;455683,297549377020914;5428515,490629199892282;8,394006918000059;49,007941430000102
203269;08220811235200018800;08;2;35;046;2022;08;14;5;3;5;2;0;0;1;1;0;0;0;0;480047,386840699007735;5376377,950798239558935;8,729688491000051;48,540187694000103
203270;08220721311400957560;08;3;15;006;2022;07;17;5;3;4;6;0;0;1;0;0;0;0;0;402593,005601706972811;5308087,098548440262675;7,696233216000050;47,918703264000001
203271;08220729421200969690;08;4;21;000;2022;07;00;6;3;1;5;2;1;1;1;0;0;0;0;572783,689910421962850;5360508,769528060220182;9,983218103000070;48,393537571000103
203273;08220728118600970890;08;1;18;050;2022;07;11;5;3;6;7;0;0;0;1;1;0;0;0;506104,954466695024166;5416917,608837299980223;9,083308518000020;48,905171770000003
203275;08220808212102997620;08;2;12;000;2022;08;15;2;3;1;5;0;0;1;0;0;0;0;1;463655,130301395023707;5428055,760014509782195;8,503051316000040;49,004327024000098
203277;08220801111500003800;08;1;11;000;2022;08;09;2;3;0;7;0;0;1;0;0;0;0;0;512452,572906920977402;5401494,300011849962175;9,169459524000050;48,766331135000001
203279;08220810311400003060;08;3;15;050;2022;08;18;4;3;5;3;0;0;1;0;0;0;0;0;399641,408264034020249;5303395,808382930234075;7,657829153000020;47,876050440000000
203282;08220729216200963050;08;2;16;007;2022;07;13;6;3;5;3;0;0;1;1;0;0;0;0;436545,216999998025130;5394252,574999519623816;8,137646245000040;48,698081563000102
203283;08220803118200993270;08;1;18;080;2022;08;12;4;3;5;2;0;0;1;1;0;0;0;0;509249,010999999998603;5410608,405999519862235;9,126069678000020;48,848376547000001
203285;08220727231000961610;08;2;36;062;2022;07;10;4;3;3;2;0;0;1;1;0;0;0;0;484535,583000000973698;5409136,947999529540539;8,789266554000051;48,835015838000103
203286;08220805119100994030;08;1;19;008;2022;08;16;6;3;5;3;0;0;1;1;0;0;0;0;531348,885000001057051;5421794,544999529607594;9,428157374000021;48,948278861000098
203288;08220802136100987390;08;1;36;088;2022;08;14;3;3;6;4;0;0;0;1;1;0;0;0;581061,448798979050480;5409545,169854129664600;10,104600844000100;48,833588796000100
203289;08220801335300015050;08;3;35;035;2022;08;15;2;3;2;6;0;0;1;0;0;0;0;0;483149,875916155986488;5291661,862362319603562;8,775076201000051;47,778099365999999
203292;08220728436300952570;08;4;36;094;2022;07;05;5;3;7;7;1;0;1;0;0;0;0;0;568367,229433270986192;5281534,773880040273070;9,910953238000049;47,683584058000100
203295;08220726311010975090;08;3;11;000;2022;07;12;3;3;2;6;0;0;1;0;0;0;0;0;413582,726846048026346;5316407,199213810265064;7,841622753000020;47,995121660000102
203297;08220811135100018670;08;1;35;016;2022;08;14;5;3;0;7;0;0;1;0;0;0;0;0;589853,200154982041568;5385349,180479030124843;10,219104539000099;48,614760030000099
203298;08220730111110080390;08;1;11;000;2022;07;12;7;2;0;7;0;0;1;0;0;0;0;0;510945,915458581002895;5402840,416047330014408;9,148992239000050;48,778469041000101
203303;08220807116500002310;08;1;16;050;2022;08;02;1;2;1;1;2;0;1;1;0;0;0;0;526894,372537525021471;5388267,595087179914117;9,365124369000061;48,646888579000098
203304;08220809111500080640;08;1;11;000;2022;08;18;3;3;5;3;0;0;1;1;0;0;0;0;510270,061000000976492;5397872,918999520130455;9,139668823000020;48,733793101000103
203308;08220810425000998860;08;4;25;033;2022;08;08;4;3;0;1;0;0;1;0;0;0;0;0;558098,660236802999862;5348390,418363680131733;9,783191424000050;48,286047367999998
203311;08220803311010989230;08;3;11;000;2022;08;13;4;3;0;7;0;0;1;0;0;0;0;0;413047,367286905006040;5317144,528479319997132;7,834298660000060;48,001681593999997
203312;08220725311010295850;08;3;11;000;2022;07;18;2;3;1;7;0;0;1;1;0;0;0;0;414260,892837982974015;5315636,876075100153685;7,850865174000030;47,988283606000003
203313;08220727436400938540;08;4;36;009;2022;07;14;4;2;0;1;0;0;1;0;0;0;0;0;556957,299464893992990;5307413,771681849844754;9,762336555000051;47,917516024000101
203315;08220808335100032240;08;3;35;043;2022;08;07;2;3;5;2;0;0;1;1;0;0;0;0;511199,054078092973214;5280730,571516349911690;9,149209665000059;47,679867194000103
203316;08220809435100997020;08;4;35;030;2022;08;07;3;3;5;3;0;0;1;1;0;0;0;0;540939,364888962008990;5273318,129495229572058;9,544746564000040;47,611975553999997
203317;08220720617114914530;08;3;11;000;2022;07;09;4;3;2;6;0;0;1;0;0;0;0;1;414585,409298243990634;5318252,010018389672041;7,854693039000040;48,011851175000103
203319;08220802311010017260;08;3;15;047;2022;08;23;3;3;0;7;2;0;1;0;0;0;0;0;415642,824767122976482;5322239,981605970300734;7,868083447000060;48,047864977000103
203320;08220725116200935780;08;1;16;077;2022;07;14;2;2;0;1;0;0;1;0;0;0;0;0;515751,012000000977423;5391860,215999520383775;9,213977725000060;48,679588291000101
203322;08220805212502002480;08;2;12;000;2022;08;07;6;3;5;3;0;0;1;1;0;0;0;0;453983,788999999989755;5428912,326999530196190;8,370724046000021;49,011386610999999
203323;08220807311010993380;08;3;11;000;2022;08;14;1;3;5;3;0;0;1;0;0;0;0;0;411356,934778498020023;5316745,341793189756572;7,811723916000060;47,997858631000000
203327;08220720416100913080;08;4;16;048;2022;07;08;4;3;3;6;0;0;1;1;0;0;0;0;495945,280000000027940;5375823,675999520346522;8,945073062000059;48,535505471000100
203328;08220728335010976010;08;3;35;043;2022;07;04;5;1;8;1;2;0;1;0;0;0;0;0;513293,054028965998441;5281900,397800589911640;9,177144405000041;47,690353199000100
203330;08220810437200078470;08;4;37;104;2022;08;11;4;3;6;4;0;0;0;1;1;0;0;0;516310,356975418981165;5325935,541312010027468;9,219017023000051;48,086481379000098
203332;08220722316200955220;08;3;16;056;2022;07;09;6;3;0;7;0;0;1;0;0;0;0;1;424222,250509792997036;5329224,615828439593315;7,981944499000060;48,111772625000100
203333;08220803215402996390;08;2;15;009;2022;08;17;4;3;5;2;0;0;1;1;0;0;0;0;469961,609783780004364;5440943,504661030136049;8,588321692000020;49,120595133999998
203334;08220724211000937410;08;3;17;001;2022;07;23;1;1;0;1;2;0;1;0;0;0;0;0;431269,098887199012097;5386990,493534769862890;8,067159515000069;48,632200568000002
203335;08220727216200971280;08;2;16;008;2022;07;19;4;3;9;1;0;0;1;0;0;0;0;0;440069,221647849015426;5394193,626893250271678;8,185541004000070;48,697899804000002
203337;08220807416200994790;08;4;16;041;2022;08;17;1;3;0;1;0;0;1;0;0;0;0;0;504843,672806204005610;5376564,010870490223169;9,065623024000050;48,542160176000003
203338;08220731316200953570;08;3;16;056;2022;07;20;1;3;0;7;0;0;1;0;0;0;0;0;419429,027549216989428;5325969,509621189907193;7,918174793000050;48,081903108000098
203340;08220810212010019900;08;2;12;000;2022;08;18;4;3;0;7;0;0;1;0;0;0;0;0;449705,179044604010414;5427795,274415239691734;8,312356258000021;49,001004860000101
203341;08220720222301948650;08;2;22;000;2022;07;19;4;3;5;3;0;0;1;1;0;0;0;0;466122,574787246005144;5483859,757481549866498;8,532066729000061;49,506419844000000
203342;08220728416200993110;08;4;16;041;2022;07;18;5;3;6;4;0;0;1;0;1;0;0;0;504273,227601604012307;5374148,626150730066001;9,057869759000029;48,520434682000001
203343;08220809111500080590;08;1;11;000;2022;08;07;3;3;6;4;0;0;0;1;1;0;0;0;515559,959207344974857;5404002,447190989740193;9,211840710000050;48,788824253000001
203344;08220723221300960580;08;2;21;000;2022;07;15;7;2;0;1;0;1;1;0;0;0;0;0;481549,557588884024881;5474168,034844719804823;8,745601120000060;49,419910321000003
203346;08220804212402010180;08;2;12;000;2022;08;22;5;3;0;6;2;0;1;0;0;1;0;0;457222,604314381023869;5428090,752848289906979;8,415099205000050;49,004229477000102
203347;08220811128100019060;08;1;28;007;2022;08;17;5;3;1;5;0;0;1;1;0;0;0;0;556258,976498357020319;5482104,014605510048568;9,776805359000040;49,488965376000102
203349;08220730222500964720;08;2;22;000;2022;07;13;7;3;5;3;0;0;1;1;0;0;0;0;463685,961294465989340;5478013,141265500336885;8,498949062000070;49,453691319000001
203351;08220728316100943740;08;3;16;011;2022;07;23;5;2;0;7;2;0;1;0;0;0;0;0;414334,690326738986187;5329991,478460979647934;7,848979666000050;48,117417318000001
203352;08220806128300016630;08;1;28;064;2022;08;07;7;3;6;6;0;0;0;1;1;0;0;0;536615,729730161954649;5501728,934958290308714;9,507418971000050;49,666982264000097
203353;08220808222700021900;08;2;22;000;2022;08;22;2;3;6;4;2;0;1;0;1;0;0;0;461106,965000000025611;5481441,266999550163746;8,463029461000080;49,484365928000003
203356;08220803317000990630;08;3;17;096;2022;08;19;4;3;0;1;0;0;1;0;0;0;0;0;420357,884063453995623;5367064,614823060110211;7,922903956000030;48,451678002000101
203357;08220810426010006210;08;4;26;128;2022;08;15;4;3;0;6;0;0;1;1;0;0;0;0;560945,486629766994156;5330330,408861010335386;9,818969450000051;48,123312831000099
203358;08220721436000923720;08;4;37;104;2022;07;14;5;2;5;2;0;0;1;0;0;0;0;1;514288,471292540023569;5325089,697915890254080;9,191838821000029;48,078919859000102
203359;08220729235200959030;08;2;35;046;2022;07;18;6;3;5;7;0;0;1;1;0;0;0;0;479423,006579559994861;5377922,508886720053852;8,721153365000021;48,554062708000103
203362;08220727415400041050;08;4;15;061;2022;07;20;4;3;0;1;0;0;1;0;0;0;0;0;513882,650000000023283;5368794,207999520003796;9,187825908000040;48,472125448000000
203364;08220807416100041400;08;4;16;036;2022;08;02;1;3;0;1;2;0;1;0;0;0;0;0;495682,914729028998408;5370055,290395230054855;8,941578637000021;48,483609124000097
203367;08220722119200939060;08;1;19;020;2022;07;16;6;3;4;6;0;0;1;0;0;0;0;0;519930,051399547024630;5407487,447669659741223;9,271505787000020;48,820049996000101
203370;08220727215402970610;08;2;15;009;2022;07;16;4;3;5;2;0;0;1;1;0;0;0;0;470294,051144764991477;5441348,011201390065253;8,592847917000030;49,124249906000003
203371;08220804335000002070;08;3;35;075;2022;08;09;5;3;0;1;0;0;1;0;0;0;0;0;488670,276714675012045;5290049,858147390186787;8,848806959000060;47,763716074999998
203372;08220812121200006670;08;1;21;000;2022;08;14;6;3;0;1;0;0;1;0;0;0;0;0;512773,184918503975496;5440644,568830699659884;9,175049899000040;49,118507345000097
203373;08220731116500023480;08;1;16;036;2022;07;09;1;3;0;1;0;0;1;0;0;0;0;0;525308,699769058963284;5378837,672052349895239;9,343022352000050;48,562122509000098
203374;08220801435200002050;08;4;35;052;2022;08;16;2;3;2;6;0;0;1;1;0;0;0;0;523067,930806858988944;5289573,386769399978220;9,307810197000039;47,759115823999998
203376;08220720335010296030;08;3;35;075;2022;07;07;4;3;4;7;0;0;0;1;1;0;0;1;487492,832999999984168;5290741,959999489597976;8,833074335000051;47,769921500000102
203377;08220728311010981920;08;3;11;000;2022;07;13;5;3;3;2;0;0;1;1;0;0;0;0;414168,150418327015359;5317496,185078480280936;7,849250541000060;48,004996349000102
203380;08220726317300941800;08;3;17;065;2022;07;11;3;2;3;1;0;0;1;0;0;0;0;1;414911,910644532996230;5354649,441286619752645;7,851782300000020;48,339293763000100
203383;08220722118500938950;08;1;18;049;2022;07;16;6;3;3;7;0;0;1;1;0;0;0;0;520231,263928283995483;5420890,669895550236106;9,276272395000030;48,940611621000102
203384;08220730128300975730;08;1;28;131;2022;07;15;7;3;0;3;0;0;1;0;0;0;0;0;540763,601647380040959;5514423,155761759728193;9,566223498000060;49,780888537000102
203385;08220720115300981400;08;1;15;028;2022;07;14;4;3;5;3;0;0;1;1;0;0;0;0;500678,947006179019809;5404352,346363480202854;9,009244120000060;48,792166225000102
203387;08220806117400995890;08;1;17;002;2022;08;12;7;3;5;3;0;0;1;1;0;0;0;0;541096,383168700034730;5387126,132495960220695;9,557813101000020;48,635847740000003
203392;08220721311010937390;08;3;11;000;2022;07;11;5;2;0;7;0;0;1;0;0;0;0;0;412170,057634921977296;5316331,146463819779456;7,822706350000030;47,994245049000000
203393;08220722415100941460;08;4;15;078;2022;07;17;6;3;0;1;0;0;1;0;0;0;0;0;529268,448153384029865;5371379,191525179892778;9,396165972000061;48,494852578000099
203394;08220723336100948430;08;3;36;050;2022;07;14;7;3;0;7;0;0;1;0;0;0;0;0;399554,435551583999768;5273782,806197780184448;7,663503054000050;47,609664076000101
203395;08220727111500072610;08;1;11;000;2022;07;15;4;3;5;3;0;0;1;1;0;0;0;0;508669,351000002003275;5406375,753999520093203;9,118079075000029;48,810308550000101
203396;08220804426010989600;08;4;26;128;2022;08;21;5;3;0;1;0;0;1;0;0;0;0;0;559231,677561676013283;5331341,498138209804893;9,796082638000030;48,132570499000103
203398;08220722111500919960;08;1;11;000;2022;07;05;6;3;5;3;0;0;1;1;0;0;0;0;518523,978754524025135;5402882,779395690187812;9,252143449000069;48,778670640000001
203402;08220806311010009540;08;3;11;000;2022;08;01;7;2;0;1;2;0;1;0;0;0;0;0;417435,995037142012734;5314390,092739179730415;7,893651422000060;47,977485921000003
203405;08220725436400978450;08;4;36;012;2022;07;08;2;3;4;6;0;0;1;0;0;0;0;0;549590,792357097030617;5298528,761233660392463;9,662727744000049;47,838191744000000
203407;08220810417010021380;08;4;17;079;2022;08;21;4;3;6;3;1;0;0;1;1;0;0;0;502061,632785554975271;5340546,084907920099795;9,027754700000060;48,218137037000098
203408;08220721426010179580;08;4;26;135;2022;07;17;5;3;5;3;0;0;1;0;0;1;0;0;574066,724000007961877;5333224,052999510429800;9,995767274000061;48,147951374999998
203409;08220729119100973770;08;1;19;053;2022;07;18;6;3;1;5;0;0;1;1;0;0;0;0;533860,623813493992202;5426818,768026130273938;9,462879312000039;48,993341171000097
203410;08220803221400998020;08;2;21;000;2022;08;12;4;3;9;5;0;0;1;0;0;0;0;0;474462,835083696001675;5472996,323317039757967;8,647964840000039;49,409114770000002
203411;08220725212010942900;08;2;12;000;2022;07;16;2;3;5;2;0;0;1;1;0;0;0;0;459817,989000000001397;5427091,458999530412257;8,450683331000050;48,995415053999999
203412;08220728118200962830;08;1;18;067;2022;07;17;5;3;5;3;0;0;1;1;0;0;0;0;505897,076581039989833;5412888,684637649916112;9,080413674000059;48,868930450000100
203413;08220805121200013790;08;1;21;000;2022;08;14;6;3;5;3;0;0;1;1;0;0;0;0;515769,561060242005624;5444407,521451380103827;9,216260610000059;49,152286821000096
203415;08220801416010027670;08;4;15;061;2022;08;16;2;3;5;2;0;0;1;1;0;0;0;0;513967,156256655987818;5371890,233767179772258;9,189072737000060;48,499976582000002
203416;08220810136200003250;08;1;36;019;2022;08;15;4;2;0;1;0;0;1;0;0;0;0;0;589244,955752020003274;5421949,466693430207670;10,218798815000101;48,944027781999999
203417;08220721118300917820;08;1;18;003;2022;07;11;5;3;6;7;0;0;0;0;1;0;0;1;509842,606802141992375;5416995,004832539707422;9,134314458000061;48,905819882999999
203418;08220722212010969290;08;2;12;000;2022;07;22;6;2;5;2;2;0;1;1;0;0;0;0;453204,324569119024090;5428898,165243989787996;8,360067121000039;49,011200604000102
203419;08220803116400987300;08;1;16;033;2022;08;09;4;3;5;3;0;0;1;1;0;0;0;0;533104,620209102984518;5387819,406781439669430;9,449397886000041;48,642558618000102
203420;08220724316200954430;08;3;16;056;2022;07;01;1;3;0;7;2;0;1;0;0;0;0;0;423282,804999991029035;5327921,045999499969184;7,969559823000050;48,099933790000101
203421;08220727226100969630;08;2;26;013;2022;07;11;4;3;6;4;0;0;0;1;1;0;0;0;499033,300275634974241;5478710,770796540193260;8,986659777000060;49,461050961000097
203422;08220804311010989350;08;3;11;000;2022;08;07;5;3;0;2;0;0;1;1;0;0;0;0;410091,724776062008459;5315702,045701839961112;7,794985953000040;47,988297291999999
203423;08220812119300021710;08;1;19;086;2022;08;17;6;3;0;1;0;0;1;0;0;0;0;0;534737,205063416040502;5405251,482982809655368;9,473027778000070;48,799284589000102
203424;08220731136300978540;08;1;36;079;2022;07;11;1;3;0;7;0;0;1;0;0;0;0;0;561168,757969459053129;5401942,170909480191767;9,832431195000030;48,767478474000001
203425;08220812317500074010;08;3;17;096;2022;08;22;6;3;1;5;2;0;1;1;0;0;0;0;422216,201861187990289;5366157,001993720419705;7,948200376000050;48,443746509999997
203426;08220720221300953400;08;2;21;000;2022;07;16;4;3;1;5;0;0;1;1;0;0;0;0;476426,780829171009827;5474136,172532889991999;8,674970072000059;49,419446765000004
203427;08220728221011949720;08;2;26;056;2022;07;17;5;2;6;4;0;0;0;1;1;0;0;0;485754,267688139982056;5470673,032952689565718;8,803701569000051;49,388586031000003
203429;08220809212102025080;08;2;12;000;2022;08;11;3;3;5;3;0;0;1;0;0;0;0;1;459758,287350728991441;5427033,386696680448949;8,449872958000070;48,994888793000001
203430;08220723325102958850;08;3;25;012;2022;07;23;7;3;6;7;2;0;0;1;1;0;0;0;466177,228841580974404;5359790,632761539891362;8,543126381000040;48,390370867999998
203436;08220720119300931360;08;1;19;067;2022;07;10;4;3;5;2;0;0;1;1;0;0;0;0;538869,030431821942329;5405947,366411969996989;9,529355682000070;48,805299821000098
203437;08220727335100072350;08;3;35;043;2022;07;22;4;3;0;7;2;0;1;0;0;0;0;0;511328,956162056012545;5281320,136187570169568;9,150955701000040;47,685169630000097
203438;08220806212502994080;08;2;12;000;2022;08;13;7;3;1;7;0;0;1;1;0;0;0;0;454366,167233294981997;5428605,523992889560759;8,375987268000070;49,008655294999997
203439;08220808311010995190;08;3;11;000;2022;08;10;2;3;4;3;0;0;1;1;0;0;0;0;411678,035355985979550;5317861,553545270115137;7,815797556000060;48,007943685999997
203441;08220801212010996240;08;2;12;000;2022;08;17;2;3;5;3;0;0;1;1;0;0;0;0;457877,640087881009094;5427932,146441549994051;8,424071568000040;49,002847840000101
203443;08220810436200027210;08;4;36;064;2022;08;16;4;3;3;2;0;0;1;1;0;0;0;0;545733,071369301993400;5292856,753799829632044;9,610578086000030;47,787446881999998
203445;08220722222014921050;08;2;22;000;2022;07;13;6;3;2;6;0;0;1;1;0;0;0;0;461475,556001754011959;5481619,253791700117290;8,468100780000039;49,485990334000100
203446;08220729136300965640;08;1;36;065;2022;07;15;6;3;5;3;0;0;1;1;0;0;0;0;556349,252833603997715;5404453,379167700186372;9,767194270000060;48,790522225000103
203448;08220725126200950910;08;1;26;066;2022;07;17;2;3;5;1;0;0;1;1;0;0;0;0;536126,460908830049448;5448751,823988449759781;9,495813294000071;49,190503589999999
203449;08220727222301064540;08;2;22;000;2022;07;11;4;3;5;2;0;0;1;1;0;0;0;0;463915,409400452976115;5483646,227870039641857;8,501600857000030;49,504371937000002
203450;08220805119300014400;08;1;19;076;2022;08;13;6;3;1;5;0;0;1;1;0;0;0;0;542444,249201592989266;5407277,843617790378630;9,578181553000039;48,817034192000101
203451;08220808119400006630;08;1;19;091;2022;08;07;2;2;0;7;0;0;1;0;0;0;0;0;526689,107707935036160;5407231,210509889759123;9,363565607000060;48,817491329000099
203453;08220801416010985640;08;4;16;036;2022;08;18;2;3;0;4;0;0;0;0;1;1;0;0;495365,182000001019333;5368946,851999520324171;8,937291183000070;48,473634873999998
203454;08220810237100026150;08;2;37;028;2022;08;14;4;3;6;6;0;0;1;0;1;0;0;0;456437,107482690014876;5368110,507144610397518;8,410699779000030;48,464619140000103