OBJECTID;UIDENTSTLAE;ULAND;UREGBEZ;UKREIS;UGEMEINDE;UJAHR;UMONAT;USTUNDE;UWOCHENTAG;UKATEGORIE;UART;UTYP1;ULICHTVERH;IstStrassenzustand;IstRad;IstPKW;IstFuss;IstKrad;IstGkfz;IstSonstige;LINREFX;LINREFY;XGCSWGS84;YGCSWGS84
203455;08220720617114914440;08;3;11;000;2022;07;22;4;3;6;4;2;1;0;0;1;0;0;1;415631,077999986999203;5315649,444999500177801;7,869223140000030;47,988578898000100
203456;08220802416200057880;08;4;16;015;2022;08;18;3;3;4;3;0;0;1;1;0;0;0;0;506398,142896096978802;5366389,998711300082505;9,086527370000059;48,450616799000002
203457;08220725115300935340;08;1;15;052;2022;07;18;2;2;0;7;0;0;1;0;0;0;0;0;493791,108888190996367;5408996,646340600214899;8,915393381000060;48,833915253999997
203458;08220727115400960010;08;1;15;045;2022;07;14;4;3;5;3;0;0;1;1;0;0;0;0;502462,526829348003957;5394772,166832829825580;9,033470941000081;48,705978342999998
203462;08220727119200967760;08;1;19;086;2022;07;00;4;2;0;1;2;0;1;0;0;0;0;0;535898,368192930007353;5404848,044646780006588;9,488803858000040;48,795589446000101
203463;08220805136300991730;08;1;36;065;2022;08;17;6;3;5;3;0;0;1;1;0;0;0;0;563173,857035861001350;5404851,139093680307269;9,860161972000069;48,793444180000101
203465;08220731317600954650;08;3;17;129;2022;07;12;1;3;0;1;0;0;1;0;0;0;0;0;430347,100908267020714;5349491,724335780367255;8,060891451000030;48,294788097999998
203466;08220801426010013510;08;4;26;021;2022;08;07;2;2;5;3;0;0;1;1;0;0;0;0;557427,485000001965091;5327733,689999500289559;9,771350344000041;48,100279374000102
203467;08220810119300025290;08;1;19;086;2022;08;21;4;3;0;7;2;0;1;0;0;0;0;0;535082,822000000043772;5405672,258999519981444;9,477769936000071;48,803050319000100
203470;08220802335100987700;08;3;35;043;2022;08;16;3;3;5;3;0;0;1;0;0;0;0;1;511108,750042052997742;5281774,762639899738133;9,148033090000069;47,689264023000099
203473;08220804212402998390;08;2;12;000;2022;08;08;5;3;8;7;0;0;1;0;0;0;0;0;455892,129006309027318;5427609,476172359660268;8,396960758000031;48,999806691000103
203475;08220731136300976320;08;1;36;028;2022;07;12;1;3;0;1;0;0;1;0;0;0;0;0;569393,494115164969116;5404142,294818489812315;9,944716042000040;48,786405299000101
203476;08220720311010951820;08;3;11;000;2022;07;18;4;3;5;3;0;1;1;1;0;0;0;0;413627,203613466990646;5318804,590075200423598;7,841736029000060;48,016693011000001
203478;08220806436100994140;08;4;36;010;2022;08;17;7;3;0;7;0;0;1;0;0;0;0;0;562676,815156792989001;5299859,705879719927907;9,837783885000020;47,849022914000003
203479;08220809118000025910;08;1;15;054;2022;08;16;3;2;5;3;0;0;1;1;0;0;0;0;493662,499000000010710;5395290,452999520115554;8,913852061000060;48,710613540000097
203480;08220723222014932990;08;2;26;096;2022;07;12;7;3;3;6;0;0;1;1;0;0;0;0;475919,102509106975049;5488570,242551850154996;8,667091177000030;49,549257107000102
203482;08220804121600013000;08;1;25;021;2022;08;16;5;2;0;7;0;0;1;0;0;0;0;0;524203,556999999971595;5448045,884999539703131;9,332139913000050;49,184740095999999
203484;08220721317000921370;08;3;17;096;2022;07;19;5;3;0;1;0;0;1;0;0;0;0;0;425162,852999992028344;5368986,610999509692192;7,987532640000040;48,469556265999998
203485;08220729335100971300;08;3;35;043;2022;07;11;6;3;6;7;0;0;0;1;1;0;0;0;511136,530413480009884;5281461,631871639750898;9,148395293000020;47,686446103999998
203487;08220806118200992300;08;1;18;067;2022;08;22;7;3;0;7;2;0;1;0;0;0;0;0;506165,238756736973301;5413013,737085049971938;9,084072265000030;48,870052790000003
203488;08220808135200995350;08;1;35;019;2022;08;17;2;3;8;1;0;0;1;0;0;0;0;0;585230,854722345946357;5395984,184846309944987;10,158594107000100;48,711061249000103
203489;08220722435100288390;08;4;35;045;2022;07;13;6;3;0;1;0;0;1;0;0;0;0;0;534389,433426336967386;5284920,294844679534435;9,458508377000040;47,716745947000000
203490;08220810415100012660;08;4;15;050;2022;08;12;4;2;0;1;0;0;1;0;0;0;0;0;520967,917377192992717;5377063,022167949937284;9,284100838000031;48,546317632000097
203492;08220722121600957450;08;1;25;030;2022;07;20;6;2;8;1;0;0;1;0;0;0;0;0;515160,334855396009516;5439352,293864030390978;9,207715809000041;49,106828602000100
203493;08220803117300988550;08;1;17;018;2022;08;16;4;3;4;6;0;0;1;1;0;0;0;0;537535,987335597048514;5395746,887834300287068;9,510271487000070;48,713621969000002
203494;08220724416100963720;08;4;16;036;2022;07;16;1;3;0;1;0;0;1;0;0;0;0;0;497733,586668236996047;5372319,211442300118506;8,969317256000069;48,503987025000100
203495;08220727221011964400;08;2;21;000;2022;07;18;4;3;3;2;0;0;1;1;0;0;0;0;476509,426181833026931;5474185,063514290377498;8,676106681000020;49,419889728000001
203496;08220805128200008460;08;1;28;115;2022;08;18;6;3;2;6;0;0;1;1;0;0;0;0;547569,605200194055215;5496960,592127650044858;9,658629032000020;49,623331118000102
203497;08220808115100021820;08;1;15;048;2022;08;19;2;3;4;2;0;0;1;1;0;0;0;0;510548,100894876988605;5387294,382719280198216;9,143180015000040;48,638623092000003
203498;08220730436400950690;08;4;36;082;2022;07;10;7;3;5;2;0;0;1;1;0;0;0;0;547182,153650038992055;5295708,959472670219839;9,630233751000050;47,813003516999999
203499;08220801212502002830;08;2;12;000;2022;08;10;2;3;0;3;0;0;1;1;0;0;0;0;454225,001539730990771;5428700,965392059646547;8,374046278000041;49,009503340999998
203500;08220810127202016270;08;1;27;014;2022;08;13;4;2;6;4;0;0;0;1;1;0;0;0;579023,620486709056422;5442684,255663169547915;10,083278665000000;49,131905863000000
203501;08220720416000929760;08;4;16;041;2022;07;15;4;2;0;1;0;0;1;0;0;0;0;0;504577,850174906023312;5373734,114161189645529;9,061990528000020;48,516703433000004
203505;08220727118400276540;08;1;18;048;2022;07;15;4;3;6;7;0;0;0;1;1;0;0;0;514560,282613964984193;5414642,070113110356033;9,198608733000070;48,884560579999999
203506;08220804135200071960;08;1;35;019;2022;08;18;5;3;3;2;0;0;1;0;0;0;0;0;584391,543787491973490;5393268,028623909689486;10,146632183000101;48,686745519000098
203508;08220729336100949950;08;3;36;050;2022;07;21;6;3;5;3;0;0;1;1;0;0;0;0;399531,769178669026587;5273660,569280530326068;7,663229570000060;47,608560998000002
203509;08220720136100953630;08;1;36;050;2022;07;15;4;3;0;7;0;0;1;0;0;0;0;0;581776,273409020039253;5405067,909394009970129;10,113447429000100;48,793225656000097
203510;08220728212502967370;08;2;12;000;2022;07;02;5;3;1;5;2;0;1;1;0;0;0;0;453299,810324704973027;5429395,645316840149462;8,361315564000050;49,015682690000098
203511;08220807135100993010;08;1;35;016;2022;08;10;1;2;8;1;0;0;1;0;0;0;0;0;591601,606519798981026;5388556,438681609928608;10,243529376000000;48,643352839999999
203513;08220723116500930490;08;1;16;049;2022;07;10;7;3;1;5;0;0;1;1;0;0;0;0;525341,802696601022035;5385914,621108390390873;9,343902817000069;48,625786052000102
203514;08220726221011938310;08;2;21;000;2022;07;18;3;3;3;6;0;0;1;0;0;0;0;0;476547,746712219028268;5473242,331566049717367;8,676690749000040;49,411411500000000
203515;08220804116400009140;08;1;16;033;2022;08;18;5;3;5;3;0;0;1;1;0;0;0;0;533090,481126295984723;5387955,722679239697754;9,449216844000031;48,643785651000002
203516;08220810317600009600;08;3;17;040;2022;08;12;4;3;5;3;0;0;1;1;0;0;0;0;432938,202163367997855;5347766,371268499642611;8,096095805000060;48,279547428999997
203519;08220814221200020500;08;2;21;000;2022;08;11;1;3;5;3;0;0;1;1;0;0;0;0;477469,201999999990221;5471833,095999539829791;8,689473543000080;49,398770457000097
203520;08220829226200070600;08;2;26;032;2022;08;19;2;3;7;7;0;0;1;0;0;0;0;0;467287,670097489026375;5462920,528570099733770;8,549884588000049;49,318141895000103
203522;08220831212502184120;08;2;12;000;2022;08;12;4;3;0;7;0;1;1;0;0;0;0;0;453333,528922819998115;5429178,432263400405645;8,361801656000070;49,013731402000097
203523;08220904436100104930;08;4;36;055;2022;09;15;1;3;0;1;0;0;1;0;0;0;0;0;577079,283175940974616;5296546,988980869762599;10,029678807000000;47,817655670000100
203524;08220829116200049600;08;1;16;047;2022;08;08;2;3;5;3;0;0;1;1;0;0;0;0;520105,431000002019573;5392365,316999520175159;9,273156514000050;48,684007127000001
203525;08220817111130019910;08;1;11;000;2022;08;13;4;3;0;1;0;1;1;0;0;0;0;0;511198,025448698026594;5400812,543785899877548;9,152368660000040;48,760221924000099
203526;08220819115200039870;08;1;15;015;2022;08;17;6;3;0;7;0;0;1;0;0;0;0;0;492150,195495771011338;5387349,205276819877326;8,893445568000059;48,639155991000102
203527;08220901136300183080;08;1;36;028;2022;09;16;5;3;0;7;0;0;1;0;0;0;0;1;566813,615074201021343;5405078,710703560151160;9,909750817000029;48,795110686000001
203528;08220824426200039300;08;4;26;013;2022;08;20;4;3;0;6;1;0;1;1;0;0;0;0;545292,910829141037539;5323481,502746759913862;9,607921928000049;48,063002748000002
203529;08220813115300020110;08;1;15;042;2022;08;19;7;3;6;4;0;0;0;1;1;0;0;0;496576,253104940988123;5405972,984235989861190;8,953370890000031;48,806736311000101
203531;08220904212402084170;08;2;12;000;2022;09;07;1;3;5;3;0;0;1;1;0;0;0;0;456358,233247402997222;5427959,357492540031672;8,403295335000051;49,002987046000001
203532;08220827231000044270;08;2;31;000;2022;08;16;7;3;0;1;0;1;1;0;0;0;0;0;478390,829704297997523;5417123,448547409847379;8,705111153000081;48,906676539999999
203534;08220817421200021830;08;4;21;000;2022;08;16;4;3;5;3;0;0;1;0;0;0;0;0;572922,092000007047318;5361707,199999510310590;9,985295631000040;48,404301736000001
203538;08220823311010035260;08;3;11;000;2022;08;18;3;3;0;7;0;0;1;0;0;0;0;0;410388,037736356025562;5317029,303567229770124;7,798679313000040;48,000277852000103
203541;08220826335100175520;08;3;35;043;2022;08;14;6;3;3;6;0;0;1;0;0;0;0;1;513945,543655071989633;5279943,193231849931180;9,185776962000030;47,672729221000097
203543;08220817311010020160;08;3;36;091;2022;08;12;4;2;0;1;0;0;1;0;0;0;0;0;395551,614941724983510;5274465,125921609811485;7,610095988000070;47,615168849000000
203545;08220907436200139850;08;4;36;064;2022;09;07;4;3;5;3;0;0;1;1;0;0;0;0;546379,286238617962226;5293364,926409720443189;9,619259437000039;47,791972692000101
203547;08220822417200034870;08;4;17;002;2022;08;13;2;3;0;1;0;0;1;0;0;0;0;0;490630,892943362996448;5349229,987526549957693;8,873676372000030;48,296198197000102
203548;08220905316100084950;08;3;16;043;2022;09;12;2;3;5;3;0;0;1;1;0;0;0;0;409523,336737555975560;5327179,650462429970503;7,784944139000060;48,091459369000098
203549;08220818425000022880;08;4;25;090;2022;08;12;5;2;0;1;0;0;1;0;0;0;0;0;540675,339838103041984;5341403,784977690316737;9,547660492000031;48,224552650000099
203550;08220901335100086760;08;3;35;002;2022;09;18;5;3;0;1;0;0;1;0;0;0;0;0;505073,120745907013770;5284620,426337660290301;9,067636645000050;47,714943881000103
203551;08220825212502041180;08;2;12;000;2022;08;18;5;2;1;5;0;0;1;1;0;0;0;0;451550,008446398016531;5427449,924551200121641;8,337618637000050;48,998045992000101
203552;08220823231000054400;08;2;31;000;2022;08;13;3;2;6;7;0;0;0;0;1;0;1;0;476101,269531459023710;5413527,358363100327551;8,674077575000069;48,874243277000097
203553;08220814121200068780;08;1;21;000;2022;08;14;1;3;6;6;0;0;0;0;1;0;0;1;516808,800245049991645;5442189,905139840207994;9,230419909000030;49,132311080000100
203555;08220904222700183380;08;2;22;000;2022;09;18;1;3;0;5;0;0;1;1;0;0;0;0;461551,925204968021717;5481489,945245659910142;8,469167721000080;49,484832116000099
203556;08220828415100069480;08;4;15;062;2022;08;14;1;3;0;7;0;0;1;0;0;0;0;0;519107,742593433998991;5378345,887405400164425;9,258955918000030;48,557918013000098
203557;08220816212010042820;08;2;12;000;2022;08;20;3;2;0;7;2;0;1;0;0;0;0;0;454332,884264962980524;5428876,315813070163131;8,375501709000050;49,011088622999999
203559;08220908416200103250;08;4;16;041;2022;09;18;5;3;6;7;0;0;0;1;1;0;0;0;503290,912645982985850;5374162,716090160422027;9,044566973000030;48,520567358999998
203560;08220824226700038700;08;2;26;103;2022;08;18;4;3;2;6;0;0;1;1;0;0;0;0;472904,243588061013725;5456221,109837610274553;8,627619801000041;49,258155938000101
203562;08220909426100093690;08;4;26;021;2022;09;18;6;3;0;1;0;0;1;0;0;0;0;0;559189,174085933947936;5327489,145855209790170;9,794976626000050;48,097918161000102
203563;08220822111370160070;08;1;11;000;2022;08;18;2;3;1;7;0;0;1;1;0;0;0;0;510190,453833259991370;5406120,269145130179822;9,138790534000069;48,807987153000099
203564;08220903212402102280;08;2;12;000;2022;09;12;7;3;3;6;0;0;1;1;0;0;0;0;455756,313143279985525;5428683,313914610072970;8,394986996000060;49,009456257000103
203565;08220827212402158270;08;2;12;000;2022;08;17;7;3;0;1;0;1;1;0;0;0;0;0;456892,968115738010965;5427720,042870620265603;8,410631647000059;49,000871955999997
203566;08220815216300016490;08;2;16;017;2022;08;18;2;3;9;1;0;0;1;0;0;0;0;0;451904,349915735016111;5402653,434300520457327;8,345380699000030;48,775024213000101
203567;08220817115300020540;08;1;15;050;2022;08;18;4;3;0;7;0;0;1;0;0;0;0;0;488736,576509966980666;5401975,040779219940305;8,846709664000061;48,770678512000103
203568;08220906326200100120;08;3;26;074;2022;09;15;3;3;6;4;0;0;0;1;1;0;0;0;465097,639307342004031;5323426,715230950154364;8,531539067000040;48,063163051000103
203572;08220820212702078930;08;2;15;110;2022;08;15;7;3;5;3;0;0;1;1;0;0;0;0;462198,921691087016370;5418638,411107500083745;8,484015841000030;48,919527576000100
203573;08220902221011083660;08;2;26;098;2022;09;08;6;2;5;3;0;0;1;1;0;0;0;0;477729,905293114017695;5460183,571428869850934;8,693717724000070;49,293993215000100
203574;08220826317600065470;08;3;17;145;2022;08;10;6;3;9;1;0;0;1;0;0;0;0;0;447573,269802986003924;5351961,109760779887438;8,292818330000051;48,318664661000099
203578;08220816212502016040;08;2;12;000;2022;08;07;3;2;0;7;0;0;1;1;0;0;0;0;454855,765502116992138;5427518,755167580209672;8,382802614000070;48,998915725000103
203579;08220818118600032050;08;1;18;012;2022;08;06;5;2;0;3;0;0;1;0;0;0;0;0;495217,793779980973341;5415977,067145030014217;8,934752772000021;48,896722502999999
203580;08220906115100094510;08;1;15;013;2022;09;10;3;3;5;3;0;0;1;1;0;0;0;0;495882,432343263993971;5389877,186628590337932;8,944082338000040;48,661933841000099
203582;08220908311100091780;08;3;15;015;2022;09;16;5;2;5;3;0;0;1;1;0;0;0;0;393559,029650956974365;5321633,880392120219767;7,571996151000060;48,039112625000001
203584;08220820336400045470;08;3;36;091;2022;08;17;7;3;6;4;0;0;0;1;1;0;0;0;396789,606093527982011;5271588,937904969789088;7,627242262000040;47,589495279000097
203585;08220902311010086790;08;3;11;000;2022;09;09;6;3;5;3;0;0;1;0;0;0;0;0;415674,290196723013651;5315435,775691430084407;7,869844153000030;47,986662545000101
203587;08220814212502010140;08;2;12;000;2022;08;19;1;3;5;3;0;0;1;1;0;0;0;0;453679,305131693021394;5429101,170150830410421;8,366538915000040;49,013062482000102
203589;08220907311010090160;08;3;11;000;2022;09;15;4;3;5;3;0;0;1;1;0;0;0;0;413994,858072842005640;5318159,000829589553177;7,846794769000040;48,010935314000101
203590;08220831415400063120;08;4;15;061;2022;08;19;4;3;5;3;1;1;1;1;0;0;0;0;513437,733429063984659;5372149,204989619553089;9,181914339000061;48,502317927000000
203592;08220905416200086930;08;4;16;041;2022;09;18;2;2;0;7;0;0;1;0;0;0;0;0;503935,252661139005795;5375949,596460429951549;9,053309773000020;48,536639055000101
203595;08220825118600054250;08;1;18;073;2022;08;14;5;3;5;3;0;0;1;0;0;0;0;1;496911,188000002002809;5421580,141999529674649;8,957814583000070;48,947137046000101
203596;08220813116400007450;08;1;16;033;2022;08;14;7;3;0;7;0;0;1;0;0;0;0;0;533232,736098348046653;5388206,323076630011201;9,451168059000050;48,646032478000102
203597;08220910222200158250;08;2;22;000;2022;09;16;7;3;6;4;0;0;1;0;1;0;0;0;461876,311331808974501;5481376,650384279899299;8,473657073000030;49,483833552000100
203600;08220828336300067820;08;3;36;079;2022;08;20;1;3;9;1;0;0;1;0;0;0;0;0;416592,534633726987522;5293348,078689959831536;7,886416068000070;47,788089623000097
203601;08220816212102018560;08;2;12;000;2022;08;17;3;3;1;7;0;0;1;1;0;0;0;0;459215,971182482026052;5427183,387003649957478;8,442444495000069;48,996202488999998
203602;08220818226200059570;08;2;26;032;2022;08;11;5;3;5;3;0;0;1;0;0;0;0;0;467097,360625326982699;5462114,965932309627533;8,547332457000040;49,310885757999998
203605;08220825116100079770;08;1;16;014;2022;08;07;5;2;5;2;0;0;1;1;0;0;0;0;527354,197621013969183;5395778,186069220304489;9,371863949000041;48,714433358000100
203606;08220822119400054670;08;1;19;091;2022;08;21;2;3;0;7;2;0;1;0;0;0;0;0;525708,543220194056630;5406369,105198300443590;9,350154369000050;48,809777406000102
203607;08220909222014107110;08;2;26;096;2022;09;16;6;2;5;3;0;1;1;1;0;0;0;0;475220,843434915004764;5488931,783996669575572;8,657415461000030;49,552480853000098
203608;08220821135010054650;08;1;35;026;2022;08;13;1;3;4;2;0;0;1;1;0;0;0;0;591124,556974014965817;5394619,210404049605131;10,238390543000000;48,697951327000098
203615;08220908118400115230;08;1;18;048;2022;09;11;5;2;5;3;0;0;1;1;0;0;0;0;513951,236853045993485;5415925,939843010157347;9,190344962000040;48,896123946000003
203616;08220823421300037850;08;4;21;000;2022;08;14;3;3;5;3;0;0;1;1;0;0;0;0;571075,051179183996283;5360877,848667009733617;9,960202383000020;48,397052465999998
203618;08220822212010033610;08;2;15;108;2022;08;16;2;3;0;7;0;0;1;0;0;0;0;0;451787,141841067990754;5423355,785259939730167;8,341345820000070;48,961237558000100
203623;08220814222500015060;08;2;26;009;2022;08;14;1;3;5;3;0;0;1;1;0;0;0;0;466558,404326068004593;5471115,536464019678533;8,539162213000051;49,391814590000102
203624;08220829211100052790;08;2;11;000;2022;08;18;2;2;5;3;0;0;1;1;0;0;0;0;442169,559412906004582;5403353,357474990189075;8,212796128000040;48,780491432000098
203625;08220907222700142220;08;2;22;000;2022;09;21;4;3;1;5;2;0;1;1;0;0;0;0;463248,876119163003750;5481126,269683719612658;8,492629438000050;49,481666169000100
203630;08220819222600024570;08;2;22;000;2022;08;19;6;3;1;5;0;0;1;1;0;0;0;0;461462,775447545980569;5483211,777672910131514;8,467769037000039;49,500313409000100
203631;08220901216200091210;08;2;16;007;2022;09;12;5;3;0;7;0;0;1;0;0;0;0;0;435958,013071616995148;5393392,711398939602077;8,129800385000070;48,690287038000100
203632;08220825119400054750;08;1;19;079;2022;08;15;5;3;5;3;0;0;1;1;0;0;0;0;521947,935686554992571;5408848,841242999769747;9,299067787000070;48,832228755000102
203633;08220813118500008570;08;1;18;049;2022;08;16;7;3;0;7;0;0;1;0;0;0;0;0;517136,557293845980894;5419459,688090600073338;9,233952203000060;48,927832494000000
203634;08220905115100085730;08;1;15;003;2022;09;10;2;3;6;4;0;0;0;1;1;0;0;0;501022,306426791998092;5392387,569974839687347;9,013889402000069;48,684530307999999
203635;08220826425000054220;08;4;25;002;2022;08;12;6;3;5;3;0;0;1;1;0;0;0;0;553864,030689970008098;5352902,351768749766052;9,726688019000051;48,327011201000097
203636;08220829216100049090;08;2;16;043;2022;08;06;2;3;5;3;1;0;1;1;0;0;0;0;441026,746811867982615;5411660,224948870018125;8,196047346000061;48,855104552999997
203637;08220907121200088710;08;1;21;000;2022;09;10;4;3;0;7;0;0;1;0;0;0;0;0;516531,493754861992784;5442321,550368700176477;9,226623941000071;49,133502797000098
203638;08220831327100057000;08;3;27;050;2022;08;16;4;3;5;4;0;0;0;1;1;0;0;0;485939,306110558973160;5314101,843258920125663;8,811580026000060;47,980066183000098
203639;08220822216300043780;08;2;16;015;2022;08;18;2;3;0;1;0;0;1;0;0;0;0;0;449245,311422838014551;5408170,968401890248060;8,308509868000041;48,824444718999999
203641;08220816326100077650;08;3;26;012;2022;08;22;3;3;5;3;2;0;1;1;0;0;0;0;463176,156661700981203;5312963,327435630373657;8,506648693000050;47,968917716000099
203642;08220818435200022840;08;4;35;053;2022;08;19;5;3;1;1;1;1;1;1;0;0;0;0;507238,951423574995715;5293914,928261259570718;9,096667004000039;47,798551046000100
203644;08220825416200040130;08;4;16;041;2022;08;22;5;3;1;5;2;0;1;1;0;1;0;0;503253,211700000974815;5374950,683999519795179;9,044062559000050;48,527656399000101
203645;08220813118500008550;08;1;18;049;2022;08;13;7;3;0;7;0;0;1;0;0;0;0;0;517136,717476503981743;5419459,681112180463970;9,233954390000060;48,927832427000098
203651;08220830316200076000;08;3;16;009;2022;08;12;3;3;6;7;0;0;0;0;1;0;0;1;417377,123938015021849;5324733,260373639874160;7,890868261000040;48,070519918999999
203652;08220909116100133710;08;1;16;056;2022;09;11;6;3;6;7;0;0;0;1;1;0;0;0;530470,562050314038061;5395610,934006339870393;9,414215611000030;48,712784273000103
203653;08220824436400181870;08;4;36;082;2022;08;12;4;3;0;1;0;0;1;0;0;0;0;0;548126,434569946024567;5295039,780144959688187;9,642771838000041;47,806913027000100
203656;08220903311400097730;08;3;15;006;2022;09;17;7;2;5;4;0;0;0;1;1;0;0;0;403056,482292023021728;5308066,740823180414736;7,702439658000060;47,918590399999999
203657;08220827231102068990;08;2;36;050;2022;08;14;7;3;5;3;0;0;1;1;0;0;0;0;486642,351518740004394;5423371,671675809659064;8,817509739000061;48,963116458999998
203662;08220907421300089740;08;4;21;000;2022;09;17;4;2;0;1;0;0;1;0;0;0;0;0;572423,202385387034155;5360402,366196800023317;9,978330750000049;48,392621955000003
203668;08220826311400050830;08;3;15;006;2022;08;17;6;3;5;3;0;0;1;1;0;0;0;0;403088,641102208988741;5308049,630590789951384;7,702873828000070;47,918441354999999
203669;08220814121500010340;08;1;25;065;2022;08;11;1;3;0;1;0;0;1;0;0;0;0;0;517868,437601051991805;5448497,160852939821780;9,245225553000070;49,189016725000002
203670;08220829212010068060;08;2;15;046;2022;08;14;2;1;0;7;0;0;1;0;0;0;0;0;451541,684999999997672;5414787,692999529652297;8,339010684000071;48,884147196000100
203674;08220905117200086920;08;1;17;024;2022;09;15;2;3;0;3;0;0;1;1;0;0;0;0;560779,655228671967052;5386321,477570080198348;9,824837652000040;48,627006033000001
203675;08220828121400047250;08;1;25;081;2022;08;19;1;2;9;1;1;0;1;0;0;0;0;0;498251,831203793000896;5434230,899583330377936;8,976069936000041;49,060943563000102
203676;08220817115100021600;08;1;15;003;2022;08;16;4;3;6;4;0;0;1;0;1;0;0;0;500440,416522898012772;5392766,005575629882514;9,005984052000031;48,687935438000103
203677;08220819215102049770;08;2;15;090;2022;08;08;6;3;0;7;0;0;1;0;0;0;0;0;465751,602000001003034;5432997,410999529995024;8,531298328000050;49,048898422000001
203680;08220813221400047210;08;2;21;000;2022;08;10;7;2;5;3;0;0;1;1;0;0;0;0;474250,926281808991916;5471618,286929629743099;8,645133029000020;49,396710660000103
203681;08220909415200097560;08;4;15;034;2022;09;15;6;3;2;6;0;0;1;1;0;0;0;0;535780,188239176990464;5346128,505211450159550;9,482153184000030;48,267353553000099
203682;08220903226600098410;08;2;26;096;2022;09;14;7;3;0;1;0;0;1;0;0;0;0;0;474674,575259811012074;5486108,943254340440035;8,650044537000040;49,527067915000003
203684;08220816215102078320;08;2;15;105;2022;08;15;3;2;5;3;0;0;1;0;0;0;0;0;456880,605101172986906;5442717,548585250042379;8,408864383000040;49,135774128000001
203686;08220906336100116140;08;3;36;084;2022;09;11;3;2;6;4;0;0;0;1;1;0;0;0;405957,677969127020333;5276988,750131879933178;7,747992343000020;47,639464447000101
203687;08220829426100078020;08;4;26;021;2022;08;10;2;3;4;6;0;0;1;0;0;0;0;0;559193,241068816976622;5327805,809666479937732;9,795075171000059;48,100766543000098
203691;08220902335000127320;08;3;35;043;2022;09;15;6;2;0;7;0;0;1;0;0;0;0;0;514560,323016998998355;5282052,841065010055900;9,194037135000031;47,691697513000101
203692;08220826225100044740;08;2;25;058;2022;08;13;6;3;0;3;0;0;1;1;0;0;0;0;507661,990435983985662;5465579,470778279937804;9,105480229000021;49,342887727000097
203696;08220908126200093030;08;1;26;066;2022;09;16;5;3;5;3;0;0;1;1;0;0;0;0;536123,075831359950826;5448807,328478690236807;9,495771827000061;49,191003051000102
203697;08220831111500081110;08;1;11;000;2022;08;12;4;3;6;4;0;0;0;1;1;0;0;0;515185,457098208018579;5402819,560077549889684;9,206698392000019;48,778192380000100
203698;08220816118000048730;08;1;18;048;2022;08;11;3;2;4;6;0;0;1;0;0;0;0;1;513499,530581413011532;5415701,707405569963157;9,184174691000070;48,894116818000001
203699;08220817335300073860;08;3;35;028;2022;08;18;4;3;0;3;0;0;1;1;0;0;0;0;484090,310319815995172;5286959,084024299867451;8,787801606000070;47,735809992000000
203700;08220906335400088950;08;3;35;098;2022;09;17;3;2;0;1;0;0;1;0;0;0;0;0;503997,236941893002950;5295827,695348650217056;9,053395687000030;47,815789435000099
203701;08220830226200055940;08;2;26;068;2022;08;18;3;3;0;7;0;0;1;0;0;0;0;0;469473,394582322973292;5461032,794368579983711;8,580103197000030;49,301275150999999
203703;08220824435100059890;08;4;35;029;2022;08;09;4;3;2;6;0;0;1;1;0;0;0;0;545155,709937536972575;5271206,667765620164573;9,600629483000031;47,592697936000000
203705;08220909226700174190;08;2;26;098;2022;09;13;6;3;5;3;0;0;1;1;0;0;0;0;476582,225619955977891;5460042,332799869589508;8,677942132000060;49,292679859000003
203708;08220826119300064320;08;1;19;061;2022;08;22;6;3;0;7;2;0;1;0;0;0;0;0;538930,231240186025389;5414890,455462699756026;9,531039074000031;48,885743302000002
203709;08220815212010012690;08;2;12;000;2022;08;17;2;3;5;7;0;0;1;1;0;0;0;0;456983,549592897994444;5427011,894846200011671;8,411945019000029;48,994508380000099
203710;08220817226200044870;08;2;26;068;2022;08;10;4;3;6;3;0;0;0;0;1;0;0;1;468723,504995291994419;5460371,328751870431006;8,569840471000020;49,295287397999999
203711;08220830116010071220;08;1;16;047;2022;08;10;3;2;5;3;0;0;1;1;0;0;0;0;520955,153000000980683;5393966,233999519608915;9,284782072000040;48,698381009000101
203714;08220823136300068840;08;1;36;042;2022;08;06;3;2;3;6;0;0;1;1;0;0;0;0;547728,588000001036562;5404569,352999529801309;9,649846115000059;48,792286890000099
203716;08220905416000085790;08;4;16;025;2022;09;15;2;3;6;4;0;0;0;1;1;0;0;0;504269,134497350023594;5361399,446681450121105;9,057684216000039;48,405737297000002
203717;08220820335100075410;08;3;35;043;2022;08;11;7;3;5;3;0;0;1;1;0;0;0;0;514658,931651599996258;5280134,390425980091095;9,195286795000071;47,674433766000000
203718;08220902415400171130;08;4;15;061;2022;09;15;6;3;4;6;0;0;1;0;0;0;0;1;514461,925000000977889;5371627,484999510459602;9,195761256000029;48,497601606000003
203720;08220814136300025560;08;1;36;065;2022;08;17;1;3;0;1;0;0;1;0;0;0;0;0;561033,579835664946586;5407533,405826189555228;9,831422437000070;48,817784872000097
203721;08220907221200097620;08;2;21;000;2022;09;08;4;3;0;7;0;1;1;0;0;0;0;0;477983,546579545014538;5471538,903658010065556;8,696578597000039;49,396143056000000
203722;08220830426010059650;08;4;26;125;2022;08;19;3;3;0;1;1;0;1;0;0;0;0;0;575141,482199145946652;5337054,748577189631760;10,010891179000099;48,182284420000002