OBJECTID;UIDENTSTLAE;ULAND;UREGBEZ;UKREIS;UGEMEINDE;UJAHR;UMONAT;USTUNDE;UWOCHENTAG;UKATEGORIE;UART;UTYP1;ULICHTVERH;IstStrassenzustand;IstRad;IstPKW;IstFuss;IstKrad;IstGkfz;IstSonstige;LINREFX;LINREFY;XGCSWGS84;YGCSWGS84
203723;08220910121400167370;08;1;25;058;2022;09;14;7;3;0;7;0;0;0;1;1;0;0;0;507703,080096967983991;5443157,522137739695609;9,105614901000020;49,141196801000000
203725;08220828437100046390;08;4;35;020;2022;08;08;1;2;8;1;0;0;1;0;0;0;0;0;522390,646000000997446;5296091,509999490343034;9,299109180000070;47,817785852999997
203726;08220816421200040930;08;4;21;000;2022;08;20;3;3;5;3;2;0;1;1;0;0;0;0;573360,559300553984940;5361425,471263989806175;9,991169873000050;48,401716647000100
203728;08220901118000084960;08;1;15;003;2022;09;15;5;3;1;5;0;0;0;1;1;0;1;0;500850,425218212010805;5391335,619281330145895;9,011552002000030;48,675067093000102
203729;08220825118100061550;08;1;18;010;2022;08;02;5;3;1;5;2;1;1;1;0;0;0;0;506634,526534255011939;5432019,547244009561837;9,090781405000030;49,041018037000100
203730;08220813226600073460;08;2;26;096;2022;08;23;7;3;0;7;2;0;0;0;1;0;0;1;476306,611285523977131;5488159,039124869741499;8,672472966000040;49,545573778000097
203731;08220909311200105360;08;3;11;000;2022;09;09;6;3;3;2;0;0;1;1;0;0;0;0;414808,865662126976531;5316514,491726820357144;7,858033783000050;47,996251348999998
203734;08220816212702056150;08;2;15;096;2022;08;22;3;2;0;7;2;0;1;0;0;0;0;0;465723,730181809980422;5420894,522582559846342;8,531937995000019;48,940027469000000
203735;08220817415300069360;08;4;15;073;2022;08;16;4;2;0;1;0;0;1;0;0;0;0;0;517265,858999999996740;5350575,185999509878457;9,232849831000070;48,308134234000100
203736;08220906216100086430;08;2;16;043;2022;09;12;3;3;0;7;0;0;1;0;0;0;0;0;441167,721466307004448;5411749,908653370104730;8,197956098000081;48,855924637999998
203737;08220830221400180140;08;2;21;000;2022;08;20;3;3;0;1;0;1;1;0;0;0;0;0;477506,807000001019333;5471336,742999549955130;8,690019919000060;49,394307220000002
203738;08220907421200101690;08;4;21;000;2022;09;13;4;3;5;3;0;0;1;1;0;0;0;0;573774,633976437035017;5361351,625612409785390;9,996750552000041;48,401004065999999
203739;08220824121200651300;08;1;21;000;2022;08;06;4;3;5;3;1;0;1;0;0;0;0;0;515691,278826690977439;5443085,176297280006111;9,215135568000051;49,140393904000099
203741;08220902222014100300;08;2;22;000;2022;09;01;6;3;5;3;2;0;1;1;0;0;0;0;466696,403133748972323;5484409,611730939708650;8,539946107000050;49,511397310000099
203742;08220826135200065680;08;1;35;019;2022;08;22;6;3;6;4;2;1;0;1;1;0;0;0;586063,439052511006594;5394045,706861440092325;10,169505411999999;48,693511826000098
203744;08220817222014033410;08;2;22;000;2022;08;10;4;3;3;6;0;0;1;1;0;0;0;0;461707,679976970015559;5482150,197488400153816;8,471254093000031;49,490780582000099
203746;08220907325202128350;08;3;25;049;2022;09;16;4;3;0;1;0;1;1;0;0;0;0;0;472518,110339154023677;5334120,933110009878874;8,630445290000070;48,159739945000098
203747;08220831416010069780;08;4;15;061;2022;08;17;4;2;5;3;0;0;1;1;0;1;0;0;515120,556999999971595;5371666,801999510265887;9,204678076000050;48,497939808000098
203752;08220825317500049060;08;3;17;021;2022;08;12;5;3;5;3;0;0;1;1;0;0;0;0;427718,716552054975182;5371615,956586739979684;8,021650659000040;48,493506502000102
203753;08220813436400009570;08;4;36;012;2022;08;16;7;3;0;1;0;0;1;0;0;0;0;0;549095,218206909019500;5299723,698462090454996;9,656240964000061;47,848980444000098
203755;08220828127202067580;08;1;27;014;2022;08;00;1;2;8;1;2;1;1;0;0;0;0;0;576387,968348116963170;5444229,552303049713373;10,047447689000000;49,146137406000001
203757;08220818226700033140;08;2;26;054;2022;08;18;5;3;4;2;0;0;1;1;0;0;0;0;480092,902022811002098;5455105,157940680161119;8,726468461000019;49,248393997999997
203758;08220822436000033040;08;4;36;064;2022;08;20;2;2;9;1;0;0;1;0;0;0;0;0;546332,627927166991867;5288510,132534029893577;9,618118695000019;47,748297351000097
203759;08220905226700141730;08;2;26;041;2022;09;15;2;3;6;7;0;0;0;1;1;0;0;0;476244,088570223015267;5463921,056036899797618;8,673061113000070;49,327555860000103
203760;08220820116100069950;08;1;16;076;2022;08;00;7;2;0;1;2;0;1;0;0;0;0;0;528348,233000001055188;5400227,442999520339072;9,385682988000040;48,754413709000097
203765;08220910121500121530;08;1;25;065;2022;09;17;7;2;0;1;0;1;1;0;0;0;0;0;516370,363000001001637;5447954,888999540358782;9,224644141000059;49,184180674000103
203768;08220816212010029720;08;2;12;000;2022;08;13;3;3;1;5;0;0;1;1;0;0;0;0;454194,191395380010363;5428431,289341930299997;8,373655416000080;49,007075301999997
203773;08220909311010094650;08;3;11;000;2022;09;16;6;3;4;6;0;0;1;0;1;0;0;0;411647,741927064023912;5323181,795882909558713;7,814293990000070;48,055796194999999
203774;08220822119200055970;08;1;19;020;2022;08;12;2;3;1;5;0;0;1;1;0;0;0;0;519865,668765980983153;5407332,611554450355470;9,270621219000081;48,818659184000097
203775;08220823111500100660;08;1;11;000;2022;08;17;3;3;5;3;0;0;1;1;0;0;0;0;514513,153000002028421;5403676,153999519534409;9,197577558000029;48,785914265000002
203776;08220903311010101270;08;3;11;000;2022;09;15;7;3;2;1;0;0;1;1;0;0;0;0;414060,129304142028559;5317680,105677190236747;7,847765751000050;48,006636265000097
203778;08220815135200039550;08;1;35;019;2022;08;17;2;3;5;2;0;0;1;1;0;0;0;0;581668,322958337026648;5392444,405784400179982;10,109476262999999;48,679699794000001
203779;08220817116200034450;08;1;16;078;2022;08;18;4;3;5;2;0;0;1;1;0;0;0;0;509706,169977788988035;5394426,400470700114965;9,131919050000020;48,702797141000097
203780;08220906116400176040;08;1;16;033;2022;09;16;3;3;5;3;0;0;1;1;0;0;0;0;532616,515008953050710;5388432,103496920317411;9,442820279000051;48,648096039999999
203784;08220821121500050140;08;1;25;069;2022;08;03;1;3;1;5;2;0;1;1;0;0;0;0;523087,928063288971316;5454318,783204659819603;9,317191458000019;49,241208738000097
203785;08220902212010167560;08;2;12;000;2022;09;17;6;3;5;3;0;0;1;0;0;0;0;0;458083,463924752024468;5428203,687725500203669;8,426857567000070;49,005304410000100
203786;08220826117300054810;08;1;17;026;2022;08;16;6;3;0;7;0;0;1;1;0;0;0;0;550311,569640934001654;5391281,192440359853208;9,683390059000031;48,672551017000004
203788;08220829225100072100;08;2;25;058;2022;08;16;2;3;5;3;0;0;1;1;0;0;0;0;508804,790449507010635;5465077,756555199623108;9,121201682000050;49,338359349000001
203789;08220907311010087800;08;3;36;050;2022;09;07;4;3;5;3;0;0;1;1;0;0;0;0;399241,100709889025893;5274636,059258730150759;7,659138871000040;47,617290724999997
203790;08220831212702056240;08;2;15;017;2022;08;09;4;2;6;4;0;0;0;1;1;0;0;0;459052,103007115016226;5420365,393276689574122;8,440890455000041;48,934862144000100
203792;08220905335100284520;08;3;35;043;2022;09;08;2;3;5;3;1;0;1;1;0;0;0;0;511065,185999999986961;5280799,520999490283430;9,147427839000040;47,680489883000099
203794;08220901337010103800;08;3;37;070;2022;09;17;5;2;9;1;0;0;1;0;0;0;0;0;467692,764684266003314;5275012,345935559831560;8,569985346000070;47,627707239000102
203795;08220825435100040710;08;4;35;016;2022;08;20;5;3;0;7;1;0;1;0;0;0;0;0;536494,627381043974310;5277794,426204159855843;9,485979671000051;47,652516369000097
203796;08220812436300007030;08;4;36;018;2022;08;17;6;3;5;3;0;0;1;1;0;0;0;0;551511,991246877005324;5284105,783793379552662;9,686690085000070;47,708278644000103
203798;08220905119300085780;08;1;19;067;2022;09;21;2;3;1;5;2;0;1;1;0;0;0;0;539469,499798769014888;5406352,986021599732339;9,537572076000060;48,808910738000101
203799;08220828335100176460;08;3;35;043;2022;08;06;1;3;6;6;0;0;1;0;1;0;0;0;512867,438741456018761;5278890,665071900002658;9,171383943000020;47,663281275000003
203800;08220816136100043570;08;1;36;088;2022;08;18;3;3;5;3;0;0;1;1;0;0;0;0;582456,344508840003982;5407908,515384689904749;10,123275809000100;48,818684796000099
203801;08220818226200021310;08;2;26;032;2022;08;09;5;3;6;4;0;0;0;1;1;0;0;0;467090,588999999978114;5463019,665999540127814;8,547164703000020;49,319023027000100
203802;08220830311010051100;08;3;11;000;2022;08;10;3;3;0;7;0;0;1;0;0;0;0;0;415048,263680896023288;5319872,881306209601462;7,860576813000020;48,026493223999999
203803;08220909118400272680;08;1;18;048;2022;09;18;6;3;0;3;0;0;1;0;0;0;0;1;513625,509639427007642;5415502,510648570023477;9,185886776000070;48,892322139000001
203804;08220824415400047720;08;4;15;061;2022;08;11;4;3;5;2;0;0;1;1;0;0;0;0;514997,302655406005215;5369714,746290669776499;9,202939581000070;48,480381364000003
203806;08220821128300031140;08;1;28;131;2022;08;16;1;3;2;6;0;0;1;0;0;0;0;0;542632,153382770949975;5508327,755840050056577;9,591509880000050;49,725937040000098
203807;08220903435200183250;08;4;35;066;2022;09;12;7;3;5;7;0;0;1;1;0;0;0;0;517350,461146833025850;5285502,383164200000465;9,231356739000031;47,722666128000100
203808;08220827127100069130;08;1;27;076;2022;08;18;7;3;0;1;0;0;1;0;0;0;0;0;557107,433000002056360;5439279,110999530181289;9,782398340000039;49,103705816000101
203809;08220815222500051490;08;2;22;000;2022;08;14;2;3;5;3;0;0;1;1;0;0;0;0;462155,284875702986028;5478886,128492260351777;8,477746689000069;49,461450007000103
203812;08220829426200052620;08;4;26;070;2022;08;16;2;3;5;3;0;0;1;1;0;0;0;0;565187,577310370979831;5341936,960268359631300;9,877747271000031;48,227303392000103
203814;08220823415100047010;08;4;15;050;2022;08;10;3;3;0;7;0;0;1;0;0;0;0;0;521454,102955591981299;5375825,873134859837592;9,290624511000029;48,535171523000002
203815;08220906326400096310;08;3;26;074;2022;09;19;3;3;0;7;0;0;1;0;0;0;0;0;459732,686063698027283;5323604,235794110223651;8,459516822000070;48,064444013000099
203817;08220824212502037220;08;2;12;000;2022;08;19;4;3;0;7;0;0;1;0;0;0;0;0;450159,141848184983246;5428053,037676149979234;8,318530857000040;49,003360256000100
203818;08220813222500034010;08;2;22;000;2022;08;10;7;3;5;2;0;0;1;1;0;0;0;0;462910,975719550973736;5479125,466166519559920;8,488152282000041;49,463649353000100
203824;08220817119200047340;08;1;19;020;2022;08;16;4;3;5;3;0;0;1;1;0;0;0;0;520785,880180855980143;5407207,076094799675047;9,283150335000069;48,817499784000098
203825;08220906212010090300;08;2;12;000;2022;09;16;3;3;5;2;0;0;1;1;0;0;0;0;454184,212782457005233;5428405,367939890362322;8,373521903000039;49,006841395999999
203826;08220829426300048130;08;4;26;097;2022;08;10;2;3;0;3;0;0;1;1;0;0;0;0;534900,228886005003005;5333968,007169090211391;9,469295015000061;48,158000131999998
203827;08220908212502094690;08;2;12;000;2022;09;21;5;3;5;3;2;1;1;0;0;0;0;1;454630,962747887009755;5428658,671010970138013;8,379602010000040;49,009152880999999
203829;08220906215202088830;08;2;15;097;2022;09;13;3;3;0;7;0;0;1;1;0;0;0;0;479300,115673200984020;5440642,362445389851928;8,716320024000030;49,118271685000103
203831;08220901435200095730;08;4;35;034;2022;09;17;5;3;2;2;0;0;1;1;0;0;0;0;529187,096832126029767;5285320,333160749636590;9,389175124000079;47,720601427000098
203833;08220814337100045960;08;3;37;116;2022;08;09;1;3;0;7;0;0;1;0;0;0;0;0;417996,980058018991258;5274064,308485279791057;7,908789987000030;47,614792846000100
203834;08220829415100052530;08;4;15;050;2022;08;09;2;3;5;3;0;0;1;1;0;0;0;0;520323,267598077014554;5376841,713287119753659;9,275355584000071;48,544347909000102
203837;08220823115400062150;08;1;15;045;2022;08;17;3;3;6;4;0;0;1;0;1;0;0;0;501192,809913010976743;5396407,430715139955282;9,016217534000020;48,720693005000001
203838;08220906115100087420;08;1;15;022;2022;09;19;3;3;0;1;0;0;1;0;0;0;0;0;497963,562657887989189;5385433,819569909945130;8,972366479000071;48,621970776000097
203840;08220816317300014080;08;3;17;065;2022;08;06;3;3;5;3;0;0;1;1;0;0;0;0;414757,172388657985721;5354003,389305040240288;7,849825361000060;48,333461765999999
203841;08220818335200043830;08;3;35;063;2022;08;11;5;2;5;3;0;0;1;1;0;0;0;0;497429,783910253026988;5287325,390083859674633;8,965716991000020;47,739296921000097
203842;08220901212302157840;08;2;12;000;2022;09;18;5;3;0;7;1;0;1;0;0;0;0;0;456587,743270481005311;5428762,496923630125821;8,406347324000020;49,010227569000101
203844;08220813118200019830;08;1;18;011;2022;08;19;7;2;0;7;0;0;1;0;0;0;0;0;503448,299230657983571;5409279,078768050298095;9,046991291000040;48,836477449000000
203847;08220816221000039160;08;2;22;000;2022;08;17;3;3;5;2;0;0;1;1;0;0;0;0;461322,710962892975658;5481928,750874769873917;8,465960295000061;49,488764371999999
203848;08220818212010039520;08;2;12;000;2022;08;07;5;3;2;6;0;0;1;1;0;0;0;0;453690,686684073996730;5429398,323959889821708;8,366660646000071;49,015736248000103
203850;08220830231000162740;08;2;31;000;2022;08;15;3;3;6;7;0;0;0;1;1;0;0;0;479601,647022851975635;5414183,764375720173120;8,721781100000040;48,880273155000097
203853;08220909335100093380;08;3;35;043;2022;09;05;6;3;0;1;2;0;1;0;0;0;0;0;513440,776376571971923;5279832,825606799684465;9,179049292000061;47,671746861000003
203854;08220821426300028980;08;4;26;036;2022;08;11;1;3;9;1;0;0;1;0;0;0;0;0;542159,749560234951787;5321847,418118779547513;9,565709741000029;48,048516237000101
203855;08220903327100084540;08;3;27;050;2022;09;15;7;3;6;6;0;0;1;0;1;0;0;0;487261,653385873010848;5314979,741236380301416;8,829273978000060;47,987992482999999
203856;08220826416200075990;08;4;16;041;2022;08;19;6;3;5;2;0;1;1;1;0;0;0;0;504960,461132663011085;5373112,749802569858730;9,067164226000051;48,511110501000097
203859;08220906222500180860;08;2;22;000;2022;09;18;3;3;5;3;0;0;1;0;0;0;0;0;461449,731171626015566;5480698,998686719685793;8,467833949000070;49,477711484000103
203861;08220907421200159280;08;4;21;000;2022;09;13;4;3;6;7;0;0;1;0;1;0;0;0;573054,078223007963970;5361283,111287400126457;9,987004890000041;48,400471682000003
203862;08220824136100059530;08;1;36;088;2022;08;19;4;3;0;6;0;0;1;1;0;0;0;0;582467,115661981981248;5407784,064766299910843;10,123397496000100;48,817564036000100
203863;08220822421200059750;08;4;21;000;2022;08;12;2;3;6;4;0;0;0;1;1;0;0;0;572659,745470621972345;5360707,285801080055535;9,981578373000049;48,395337568999999
203864;08220905416200087460;08;4;16;048;2022;09;18;2;3;2;6;0;0;1;0;0;0;0;1;497572,445226680021733;5374624,063171739690006;8,967122307000070;48,524721737999997
203865;08220821119100043200;08;1;19;004;2022;08;17;1;3;0;7;0;0;1;0;0;0;0;0;541170,460515497019514;5419856,691464670002460;9,562096938000019;48,930271454000000
203867;08220825435100041750;08;4;35;029;2022;08;10;5;3;0;7;0;0;1;0;0;0;0;0;545401,610525569994934;5270398,061967479996383;9,603816407000069;47,585405467000001
203868;08220814311400009380;08;3;15;076;2022;08;15;1;3;9;1;0;0;1;0;0;0;0;0;391943,454229241993744;5297219,970714859664440;7,556453787000070;47,819252080000098
203869;08220829311010049400;08;3;11;000;2022;08;19;2;3;3;6;0;0;1;1;0;0;0;0;413588,325712754973210;5317342,373269969597459;7,841509445000040;48,003534631999997
203870;08220907121500099880;08;1;25;007;2022;09;20;4;2;0;7;2;0;1;0;0;0;0;0;512002,221279801975470;5453028,946221419610083;9,164853807000039;49,229924150999999
203872;08220905111130085980;08;1;11;000;2022;09;15;2;3;5;3;0;0;1;1;0;0;0;0;511128,846000000019558;5402935,057999519631267;9,151484783000059;48,779317188000100
203873;08220828118010069650;08;1;18;050;2022;08;02;1;3;6;7;2;1;0;1;1;0;0;0;505264,816999999980908;5416863,655999530106783;9,071843274000059;48,904694135000099
203874;08220817111500080980;08;1;11;000;2022;08;16;4;3;5;3;0;0;1;0;0;0;0;1;518182,518651242018677;5402896,352261399850249;9,247496231000071;48,778802814000102
203877;08220824435200061270;08;4;35;059;2022;08;19;4;2;0;1;0;0;1;0;0;0;0;0;507251,498901241982821;5297507,077831660397351;9,096894668000060;47,830871149000103
203878;08220819417100046320;08;4;17;079;2022;08;23;6;3;9;1;2;1;1;0;0;0;0;0;497696,837507044023369;5342377,645733379758894;8,968983756000060;48,234614447000098
203879;08220902215402112670;08;2;15;009;2022;09;16;6;3;1;7;0;0;1;1;0;0;0;0;470773,857229636982083;5442339,557338479906321;8,599352147000049;49,133192060000098
203881;08220814327100030500;08;3;27;050;2022;08;01;1;2;9;1;2;0;1;0;0;0;0;0;485553,406722760002594;5316481,906042129732668;8,806328716000049;48,001471367000100
203884;08220831115400067470;08;1;15;029;2022;08;15;4;3;6;7;0;0;0;1;1;0;0;0;497334,909002421016339;5398316,862944429740310;8,963752879000030;48,737865776000000
203885;08220905311400104870;08;3;15;006;2022;09;19;2;3;5;3;0;0;1;1;0;0;0;0;403830,075999974971637;5307920,932999489828944;7,712823804000040;47,917395365000097
203886;08220828119400046250;08;1;19;090;2022;08;13;1;2;0;1;0;0;1;0;0;0;0;0;531678,485361582948826;5406255,148701650090516;9,431454935000030;48,808476631000097
203887;08220816231000027940;08;2;37;028;2022;08;12;3;2;6;4;0;0;0;1;1;0;0;1;457366,558012232999317;5367755,964371380396187;8,423308453000059;48,461493361000102
203889;08220901415400097360;08;4;15;061;2022;09;16;5;3;5;3;0;0;1;1;0;0;0;0;516341,206000001984648;5373319,228999510407448;9,221265860000070;48,512775014000098
203890;08220825119100051650;08;1;19;053;2022;08;16;5;2;8;1;0;0;1;0;0;0;0;0;533621,676197579945438;5425145,765293110162020;9,459474591000060;48,978304985000101
203891;08220813226500009840;08;2;26;085;2022;08;17;7;3;5;2;0;0;1;1;0;0;0;0;493249,582437619974371;5454033,165624160319567;8,907264114000039;49,239037762000102
203894;08220827415400069000;08;4;15;061;2022;08;12;7;3;4;6;0;1;1;1;0;0;0;0;513996,206000001984648;5370906,610999509692192;9,189433010000069;48,491126911999999
203898;08220830311010051830;08;3;36;075;2022;08;14;3;2;0;7;0;0;1;0;0;0;0;0;396974,597488631028682;5278502,645637360401452;7,628075689000070;47,651714912999999
203899;08220909136300119500;08;1;36;065;2022;09;20;6;3;0;7;2;0;1;0;0;0;0;0;558168,722023603972048;5405598,055224340409040;9,792125983000060;48,800651137999999
203900;08220824231102050750;08;2;36;025;2022;08;18;4;3;4;2;0;0;1;1;0;0;0;0;490608,939780625980347;5408034,823069370351732;8,872053083000029;48,825222848000102
203902;08220822118300184140;08;1;18;081;2022;08;16;2;3;6;4;0;0;0;1;1;0;0;0;516341,798235044989269;5413619,379749819636345;9,222868340000050;48,875316314000003
203904;08220826416200062790;08;4;16;011;2022;08;10;6;3;5;3;0;0;1;1;0;0;0;0;504180,183153717021924;5365787,454759259708226;9,056526072000050;48,445214668000098
203905;08220815111320016440;08;1;11;000;2022;08;15;2;3;0;7;0;0;1;0;0;0;0;0;516575,725987414014526;5407518,183060729876161;9,225811682000030;48,820425049999997
203907;08220830111500088550;08;1;11;000;2022;08;16;3;3;3;6;0;0;1;1;0;0;0;0;507097,082796393020544;5398258,464074029587209;9,096524275000039;48,737305694000000
203909;08220824116500038870;08;1;16;049;2022;08;19;4;3;0;7;0;0;1;0;0;0;0;0;526548,764449045993388;5385794,470196070149541;9,360273957000061;48,624655101000002
203911;08220905335100086860;08;3;35;043;2022;09;13;2;3;6;4;0;0;0;0;1;0;0;1;512339,765620607009623;5278969,156642249785364;9,164358009000070;47,663997800000097
203914;08220825212702051040;08;2;15;046;2022;08;18;5;2;5;3;0;0;1;1;0;0;0;0;449017,187794219003990;5417252,544882199726999;8,304270582000070;48,906116312999998
203915;08220813415200010080;08;4;15;053;2022;08;17;7;3;5;3;0;0;1;1;0;0;0;0;537667,905985852004960;5362213,164060690440238;9,509028581000051;48,411946482000097
203916;08220907116200098780;08;1;16;047;2022;09;19;4;3;8;1;0;0;1;0;0;0;0;0;519811,550872237014119;5392382,474328439682722;9,269164667000039;48,684170872000003
203918;08220905127100103840;08;1;27;076;2022;09;23;2;3;0;1;2;0;1;0;0;0;0;0;553389,581711106002331;5440620,921366210095584;9,731644014000040;49,116108975000003
203920;08220816316100017250;08;3;16;017;2022;08;11;3;3;5;2;0;0;1;1;0;0;0;0;409281,360031253017951;5341411,528781929984689;7,778660472000070;48,219439303999998
203923;08220825111500081080;08;1;11;000;2022;08;15;5;3;6;7;0;0;0;1;1;0;0;0;512700,319662434980273;5400253,656116209924221;9,172792656000070;48,755165357000102
203924;08220813222600021000;08;2;22;000;2022;08;18;7;3;0;1;0;0;1;0;0;0;0;0;462849,207005586009473;5483990,448324720375240;8,486842738000060;49,507403639000103
203925;08220909222014121510;08;2;22;000;2022;09;17;6;2;5;3;1;1;1;1;0;0;0;0;462989,750171958992723;5478776,695374029688537;8,489271971000051;49,460517127000102
203926;08220822111120057760;08;1;11;000;2022;08;18;2;3;0;7;0;0;1;0;0;0;0;0;513566,657076282019261;5403233,037684109993279;9,184677703000030;48,781949398000101
203927;08220904119100101570;08;1;19;075;2022;09;21;1;2;0;7;2;0;1;0;0;0;0;0;536101,147247195011005;5428596,757888070307672;9,493664467000031;49,009207750000002
203928;08220827326200066240;08;3;26;074;2022;08;11;7;2;6;7;0;0;0;1;1;0;0;0;465232,868107540009078;5323529,297799049876630;8,533345709000059;48,064093350000100
203929;08220816115200027960;08;1;15;015;2022;08;14;3;3;5;3;0;0;1;0;0;0;0;0;493171,593217092973646;5387450,706299169920385;8,907308482000079;48,640081103000099
203931;08220906126100088390;08;1;26;046;2022;09;18;3;3;6;4;0;0;0;1;1;0;0;0;549975,857217664015479;5458557,322500520385802;9,687097593000029;49,277727828000103
203932;08220830215402071620;08;2;15;009;2022;08;16;3;3;5;3;0;0;1;1;0;0;0;0;468018,340207751025446;5440992,759207949973643;8,561685930000070;49,120940151000099
203935;08220819325302043770;08;3;25;014;2022;08;00;6;3;0;1;2;1;1;0;0;0;0;0;463249,799051808018703;5339758,778815530240536;8,505328757000029;48,209992918000097
203936;08220813311010008970;08;3;11;000;2022;08;14;7;3;0;7;0;0;1;0;0;0;0;0;410723,530272584990598;5320766,541190139949322;7,802397466000060;48,033941970000100
203938;08220903212402090800;08;2;12;000;2022;09;09;7;3;5;3;0;1;1;1;0;0;0;0;455979,614836131979246;5428078,153042900376022;8,398105985000029;49,004028738999999
203942;08220907111500088670;08;1;11;000;2022;09;20;4;3;5;2;2;1;1;1;0;0;0;0;512456,668534039985389;5401502,395522920414805;9,169515504000060;48,766403879999999
203943;08220829421300062240;08;4;21;000;2022;08;14;2;3;0;1;0;0;1;0;0;0;0;0;572080,967314825975336;5361938,390424259938300;9,973972102000060;48,406478104000001
203944;08220909212010097500;08;2;12;000;2022;09;10;6;3;6;7;0;0;0;1;1;0;0;0;453435,410167742986232;5428931,612099319696426;8,363223184000050;49,011518942000102
203945;08220823326200076430;08;3;26;074;2022;08;00;3;3;0;1;2;0;1;0;0;0;0;0;465243,419567443022970;5323459,415105789899826;8,533493010000029;48,063465205000099
203947;08220820111500080900;08;1;11;000;2022;08;11;7;3;1;5;0;0;1;1;0;0;0;0;516592,689237769984175;5406905,794397619552910;9,226018003000039;48,814915652000103
203950;08220815119100014150;08;1;19;087;2022;08;15;2;3;5;3;0;0;1;1;0;0;0;0;528505,063775509013794;5426709,908908589743078;9,389662384000079;48,992632417999999
203951;08220817311010033900;08;3;11;000;2022;08;12;4;3;5;3;0;1;1;0;0;0;0;1;414700,473016489006113;5316763,986290819942951;7,856531510000020;47,998481198999997
203952;08220829231000047980;08;2;37;074;2022;08;07;2;3;5;3;0;0;1;1;0;0;0;0;469525,725870050024241;5371027,688322380185127;8,587538532000050;48,491633063000101
203954;08220830435200055880;08;4;35;059;2022;08;17;3;3;0;1;0;0;1;0;0;0;0;0;514766,434659928025212;5288706,378054309636354;9,197009428000060;47,751558516000003
203956;08220905317300086020;08;3;17;075;2022;09;16;2;3;1;5;0;0;1;1;0;0;0;0;412650,851780849974602;5360475,053762740455568;7,820067272000070;48,391384845000097
203958;08220901311010081340;08;3;11;000;2022;09;16;5;3;5;4;0;0;1;0;1;0;0;0;415556,129268070973922;5315903,280780700035393;7,868168891000040;47,990852372000099
203959;08220825335300570000;08;3;35;075;2022;08;11;5;3;4;6;0;0;1;0;0;0;0;0;488778,686726860003546;5289719,376093209721148;8,850262198000051;47,760744449000100
203960;08220814117100009920;08;1;17;049;2022;08;09;1;3;0;7;0;0;1;0;0;0;0;1;555616,720020961016417;5391346,662513590417802;9,755453342000070;48,672689947000002
203961;08220907311010107330;08;3;36;050;2022;09;18;4;3;5;3;0;0;1;1;0;0;0;0;400618,684700448997319;5275492,126802030019462;7,677271902000030;47,625204166000103
203962;08220904316100083950;08;3;16;011;2022;09;14;1;3;1;5;0;0;1;1;0;0;0;0;415110,663919007987715;5327778,608862809836864;7,859844091000070;48,097615978000100
203963;08220828436300060290;08;4;36;081;2022;08;15;1;2;0;1;0;0;1;0;0;0;0;0;560302,175959971034899;5282974,084489800035954;9,803701704000050;47,697336018000001
203964;08220816119400018200;08;1;19;079;2022;08;16;3;3;0;1;0;0;1;0;0;0;0;0;523297,546951594995335;5407233,780021579936147;9,317365871000050;48,817650891000000
203965;08220818115400032100;08;1;15;045;2022;08;11;5;3;6;7;0;0;0;1;1;0;0;0;497437,983926378015894;5396705,311167229898274;8,965164786000059;48,723368628999999
203966;08220909212502093400;08;2;12;000;2022;09;08;6;3;5;3;0;1;1;1;0;0;0;0;453233,286298439023085;5431163,545260840095580;8,360201991000050;49,031579943000096
203967;08220824311010040310;08;3;11;000;2022;08;12;4;3;3;2;0;0;1;1;0;0;0;0;414046,287386255979072;5317938,741454309783876;7,847528368000040;48,008960924000100
203971;08220904118500085680;08;1;18;054;2022;09;13;1;3;2;6;0;0;1;0;0;0;0;0;519029,119000000995584;5423841,215999529697001;9,259994317000061;48,967191692000000
203972;08220827327200066170;08;3;27;019;2022;08;01;7;2;7;7;2;0;1;0;0;0;0;1;481455,026550528011285;5331519,136329219676554;8,750733782000051;48,136655466000001
203973;08220815317200014270;08;3;17;005;2022;08;15;2;3;0;1;0;0;1;0;0;0;0;0;424551,087518182001077;5376993,576769289560616;7,977810000000030;48,541505510999997
203975;08220906118400095870;08;1;18;048;2022;09;15;3;3;2;3;0;0;1;1;0;0;0;0;516017,844989162986167;5414059,656631429679692;9,218467568000049;48,879285387000003
203978;08220824111340050900;08;1;11;000;2022;08;16;4;3;0;7;0;0;1;0;0;0;0;0;509294,941549441020470;5407984,625705320388079;9,126636230000029;48,824772725000102
203979;08220820226600056260;08;2;26;096;2022;08;18;7;3;0;7;0;0;1;0;0;0;0;0;475371,678732837026473;5487290,186265899799764;8,659603396000019;49,537721485000098
203982;08220813335100295250;08;3;35;043;2022;08;22;7;3;0;1;2;0;1;0;0;0;0;0;513010,478805122023914;5278082,781257029622793;9,173265061000050;47,656009332000103
203984;08220907215502113390;08;2;15;099;2022;09;18;4;3;1;5;0;1;1;1;0;0;0;0;461536,864668778027408;5445118,261586589738727;8,472466112000060;49,157677714000002
203985;08220831111110072400;08;1;11;000;2022;08;08;4;3;0;7;0;1;1;0;0;0;0;0;513041,587674280977808;5403476,811158129945397;9,177537906000049;48,784153594000003
203986;08220822221200057680;08;2;21;000;2022;08;17;2;3;1;7;0;0;1;1;0;0;0;0;475778,523368367983494;5472398,153762389905751;8,666138031000060;49,403788132000003