OBJECTID;UIDENTSTLAE;ULAND;UREGBEZ;UKREIS;UGEMEINDE;UJAHR;UMONAT;USTUNDE;UWOCHENTAG;UKATEGORIE;UART;UTYP1;ULICHTVERH;IstStrassenzustand;IstRad;IstPKW;IstFuss;IstKrad;IstGkfz;IstSonstige;LINREFX;LINREFY;XGCSWGS84;YGCSWGS84
203987;08220905311010086040;08;3;11;000;2022;09;16;2;3;5;3;0;0;1;1;0;0;0;0;411386,956035782990512;5315567,031357919797301;7,812369532000050;47,987263581000001
203988;08220818435200030990;08;4;35;018;2022;08;21;5;2;6;6;2;1;1;0;1;0;0;0;523693,970951290975790;5280296,912828790023923;9,315659195000020;47,675628085000000
203989;08220901121400094560;08;1;25;058;2022;09;10;5;3;0;7;0;0;1;1;0;0;0;0;509623,062898221018258;5444036,440619089640677;9,131960206000031;49,149075914999997
203990;08220825119500069720;08;1;19;068;2022;08;19;5;3;4;6;0;0;1;1;0;0;0;0;525471,853751144954003;5412866,053133170120418;9,347334543000040;48,868231771000097
203991;08220813311200017400;08;3;16;009;2022;08;11;7;3;4;2;0;0;1;1;0;0;0;0;416203,917390459973831;5324624,424950850196183;7,875143566000080;48,069387821000099
203992;08220902327100089620;08;3;27;050;2022;09;07;6;2;5;3;0;0;1;1;0;0;0;0;487240,104316123994067;5314665,247498360462487;8,828994514000041;47,985162500000101
203994;08220815118200077320;08;1;18;080;2022;08;09;2;3;1;7;0;0;1;1;0;0;0;0;508815,723000001977198;5409017,884999520145357;9,120129489000020;48,834074772000100
203995;08220817216100018580;08;2;16;043;2022;08;12;4;3;5;3;0;0;1;1;0;0;0;0;441940,305158142000437;5412126,091152289882302;8,208434102000069;48,859381173000003
203997;08220907212010111030;08;2;12;000;2022;09;07;4;3;5;3;0;0;1;1;0;0;0;0;456614,186295057006646;5428677,589923059567809;8,406717981000041;49,009465680000098
204000;08220822317300044050;08;3;17;065;2022;08;18;2;3;6;6;0;0;1;0;1;0;0;0;416486,154999990016222;5354546,572999509982765;7,873041959000030;48,338578542999997
204004;08220825212702055990;08;2;15;017;2022;08;15;5;2;0;7;0;0;1;0;0;0;0;0;456613,158389884978533;5422028,109449059702456;8,407413449000050;48,949652425000103
204005;08220812437000015300;08;4;35;067;2022;08;11;6;1;0;1;0;0;1;0;0;0;0;0;530704,742337028030306;5290503,257083280012012;9,409776415000071;47,767163654000100
204007;08220904336300085250;08;3;36;103;2022;09;14;1;3;8;1;0;0;1;0;0;0;0;0;413460,776349336025305;5286436,580146989785135;7,845987956000040;47,725502354000099
204008;08220827436400074990;08;4;36;082;2022;08;16;7;3;5;3;0;1;1;1;0;0;0;0;547556,953831425984390;5295672,591788819991052;9,635235822000030;47,812648726000099
204012;08220909111500294160;08;1;11;000;2022;09;17;6;3;5;3;0;0;1;1;0;0;0;0;517012,239271438971628;5402959,651333220303059;9,231569419000040;48,779405351000001
204019;08220815235100015140;08;2;35;029;2022;08;15;2;3;1;6;0;0;1;0;0;0;0;0;488605,111439961998258;5392483,044165640138090;8,845182835000060;48,685286019999999
204020;08220817216300031850;08;2;16;015;2022;08;11;4;3;5;3;0;0;1;1;0;0;0;0;449348,161639927013312;5406589,534871979616582;8,310106256000040;48,810227726000100
204024;08220823325202061910;08;3;25;009;2022;08;16;3;3;5;3;0;0;1;1;0;0;0;0;468349,074871922028251;5341449,166107989847660;8,573838563000040;48,225475479000103
204025;08220822311010030730;08;3;36;045;2022;08;14;2;3;0;7;0;0;1;0;0;0;0;0;399415,929125007998664;5285543,687070880085230;7,658953503000020;47,715434725000101
204026;08220906116200086600;08;1;16;077;2022;09;12;3;3;5;3;0;0;1;1;0;0;0;0;516199,012086445989553;5389082,637541909702122;9,219954996000070;48,654589529000098
204027;08220820212402047110;08;2;12;000;2022;08;20;7;3;0;7;1;0;0;0;1;0;0;1;455020,451879189989995;5426679,176145830191672;8,385146972000030;48,991375644000101
204032;08220907235200088630;08;2;35;080;2022;09;19;4;3;1;5;1;1;1;1;0;0;0;0;483409,019791327998973;5388626,212058199569583;8,774741078000030;48,650473198000000
204035;08220828117400049380;08;1;17;051;2022;08;13;1;3;4;6;0;0;1;1;0;0;0;0;542688,584919122979045;5394852,371472069993615;9,580220849000060;48,705243764999999
204037;08220819311010048840;08;3;15;064;2022;08;13;6;3;6;7;0;0;0;1;1;0;0;0;421875,009343906014692;5313031,408852729946375;7,953370182000070;47,965821049000098
204038;08220901221200091430;08;2;21;000;2022;09;18;5;3;0;7;0;0;1;0;0;0;0;0;478514,001621056988370;5473250,752308369614184;8,703796390000040;49,411559855000100
204039;08220825212010043690;08;2;12;000;2022;08;00;5;3;0;7;2;0;1;0;0;0;0;0;457229,842852976988070;5428635,202683210372925;8,415140818000051;49,009127380000102
204040;08220813216100021880;08;2;16;043;2022;08;23;7;3;0;1;2;0;1;0;0;0;0;0;442218,375939017976634;5412786,417059710249305;8,212131617000070;48,865346755000097
204041;08220905136100126170;08;1;36;082;2022;09;18;2;3;0;7;0;0;1;0;0;0;0;0;587764,707000016001984;5415712,399999530054629;10,197246576000101;48,888144789000101
204043;08220816215402028180;08;2;15;103;2022;08;11;3;3;5;3;0;0;1;1;0;0;0;0;466821,722366382018663;5442438,454164589755237;8,545167679000031;49,133880945000001
204044;08220817415100018310;08;4;15;050;2022;08;10;4;2;5;3;0;0;1;0;0;1;0;0;521078,045884022023529;5376560,278328330256045;9,285567540000050;48,541791146999998
204046;08220830316200061490;08;3;16;014;2022;08;11;3;3;0;1;0;0;1;0;0;0;0;0;424841,826372210984118;5331211,266524800099432;7,989916688000050;48,129717165999999
204047;08220909111140107370;08;1;11;000;2022;09;16;6;3;5;2;0;0;1;1;0;0;0;0;512287,712110276974272;5400800,945407790131867;9,167195338000059;48,760097029000100
204050;08220822121200067400;08;1;21;000;2022;08;08;2;3;5;3;0;0;0;1;1;0;0;0;516170,125507059972733;5442948,766848590224981;9,221695281000050;49,139154437000101
204051;08220903335100116270;08;3;35;043;2022;09;20;7;3;9;1;2;0;1;0;0;0;0;0;512909,992502966022585;5278193,408493230119348;9,171930124000029;47,657006733999999
204053;08220909436300117640;08;4;36;049;2022;09;21;6;3;0;1;2;0;1;0;0;0;0;0;577834,685360349016264;5283490,145514519885182;10,037430352000101;47,700104222999997
204054;08220823116500059970;08;1;16;071;2022;08;16;3;3;5;3;0;0;1;1;0;0;0;0;527520,449331360985525;5391193,804885149933398;9,373818551000060;48,673185384000099
204056;08220828327100079640;08;3;27;025;2022;08;13;1;3;4;3;0;0;1;1;0;0;0;0;481457,451171468012035;5305351,596943919546902;8,751898531000050;47,901224282999998
204057;08220816117400018840;08;1;17;003;2022;08;12;3;3;3;2;0;0;1;1;0;0;0;0;541732,564641622011550;5393819,017867609858513;9,567122905000080;48,696012785999997
204058;08220818221400080000;08;2;21;000;2022;08;11;5;3;0;7;0;1;1;0;0;0;0;0;477286,106639367993921;5469788,538534330204129;8,687066942000060;49,380373119000097
204060;08220909221400151340;08;2;21;000;2022;09;19;6;3;5;3;0;1;1;1;0;0;0;0;476928,340000000025611;5469700,185999539680779;8,682143137000031;49,379564952000102
204061;08220825117400042390;08;1;17;051;2022;08;18;5;3;5;3;0;0;1;1;0;0;0;0;542344,871973786968738;5394835,070732830092311;9,575547594000060;48,705111565000003
204062;08220909435100093660;08;4;35;016;2022;09;10;6;2;0;1;0;1;1;0;0;0;0;0;533745,326602488057688;5279526,305922959931195;9,449503633000059;47,668248093000003
204066;08220815116200013360;08;1;16;080;2022;08;09;2;3;0;7;0;0;1;0;0;0;0;0;518762,019657368015032;5396996,173696599900723;9,255115320000071;48,725708097999998
204068;08220906317100099600;08;3;17;001;2022;09;14;3;3;8;7;0;0;1;0;0;0;0;0;432368,189483539026696;5386234,896673999726772;8,082198028000050;48,625523784999999
204070;08220908111310092260;08;1;11;000;2022;09;14;5;3;0;7;0;0;1;0;0;0;0;0;517014,414786505978554;5405125,141559280455112;9,231688701000049;48,798885767999998
204073;08220906311400088400;08;3;15;074;2022;09;15;3;3;5;3;0;0;1;1;0;0;0;0;397403,251687872980256;5295887,615683879703283;7,629685425000050;47,808161581000000
204074;08220821119200031980;08;1;19;093;2022;08;17;1;3;2;6;0;0;1;1;0;0;0;0;524848,365125844022259;5404340,942820570431650;9,338316099000050;48,791567510999997
204077;08220814316100012600;08;3;16;012;2022;08;17;1;2;5;3;0;0;1;1;0;0;0;0;403382,859347774996422;5332942,613622619770467;7,701195851000020;48,142394033000102
204081;08220823118600060300;08;1;18;073;2022;08;22;3;3;0;1;2;0;1;0;0;0;0;0;497436,220852661994286;5421700,348176600411534;8,964984455000041;48,948220784000100
204082;08220905311010110170;08;3;15;020;2022;09;16;2;3;5;3;0;0;0;1;1;0;0;0;424739,535101671004668;5312213,485349019989371;7,991882759000020;47,958806385000102
204083;08220828216100046110;08;2;16;043;2022;08;13;1;3;0;7;0;0;1;0;0;0;0;0;441165,813912199984770;5410885,127160879783332;8,198054346000051;48,848145777000099
204084;08220816222014015340;08;2;26;003;2022;08;17;3;2;6;4;0;0;0;1;1;0;0;0;463572,062548847985454;5460958,173993919976056;8,498939531000079;49,300280513000097
204087;08220825128200040100;08;1;28;115;2022;08;11;5;3;5;3;0;0;1;1;0;0;0;0;547576,481733710970730;5497346,559722869656980;9,658771042000071;49,626801985000000
204088;08220812415400034620;08;4;15;060;2022;08;18;6;3;0;1;0;0;1;0;0;0;0;0;513325,874454551027156;5380643,818861650303006;9,180671804000040;48,578740343000000
204092;08220816215402027340;08;2;15;009;2022;08;11;3;3;5;3;0;0;1;1;0;0;0;0;474188,820002702996135;5438688,084794949740171;8,646398875000051;49,100499061000100
204093;08220817416200044910;08;4;16;041;2022;08;21;4;2;0;1;2;0;1;0;0;0;0;0;503013,603571776999161;5375476,976161140017211;9,040821035000020;48,532392305000002
204094;08220907115100099810;08;1;15;003;2022;09;08;4;3;5;3;0;0;1;0;0;0;0;1;500782,157962176017463;5391504,705632720142603;9,010624993000020;48,676588304000099
204095;08220829436200071230;08;4;36;064;2022;08;16;2;2;0;1;0;0;1;0;0;0;0;0;546510,899805319029838;5293183,512068769894540;9,620997199000040;47,790331016000003
204097;08220823311300035420;08;3;11;000;2022;08;18;3;3;1;5;0;0;1;1;0;0;0;0;414162,158715941011906;5315450,928003880195320;7,849579324000050;47,986597685000000
204099;08220902136100160100;08;1;36;088;2022;09;23;6;3;6;7;2;0;0;1;1;0;0;0;580393,539000010001473;5410389,932999529875815;10,095666891000100;48,841273622000102
204101;08220815335300011400;08;3;35;100;2022;08;07;2;3;5;3;0;0;1;1;0;0;0;0;489299,897846042993478;5286211,510399210266769;8,857303531000071;47,729191077000102
204102;08220817335100017940;08;3;35;043;2022;08;14;4;3;2;6;0;0;1;1;0;0;0;0;513273,554764727014117;5278362,694273410364985;9,176777019000040;47,658522556000001
204105;08220831111500081120;08;1;11;000;2022;08;08;4;3;0;3;0;1;1;0;0;0;0;1;518902,918000000994653;5402658,811999520286918;9,257291118000071;48,776644459000103
204106;08220823121400653170;08;1;25;086;2022;08;15;3;3;1;5;0;0;1;1;0;0;0;0;504120,604042356018908;5443231,716751569882035;9,056497311000040;49,141898691000101
204107;08220905311010085410;08;3;11;000;2022;09;08;2;3;4;6;0;0;1;0;0;0;0;1;413879,210999986971729;5317006,957999500446022;7,845475753000070;48,000556711999998
204109;08220901335300081560;08;3;35;075;2022;09;16;5;3;5;2;0;0;1;1;0;0;0;0;486819,831000000995118;5289615,503999490290880;8,824126391000050;47,759772779999999
204111;08220814116100010190;08;1;16;019;2022;08;21;1;3;0;1;2;0;1;0;0;0;0;0;522222,658750767004676;5399703,057008470408618;9,302316486000050;48,749945168000103
204114;08220817116200017340;08;1;16;077;2022;08;08;4;3;5;3;0;0;1;1;0;0;0;0;516548,032457587018143;5391502,780876330100000;9,224790867000021;48,676352166000100
204116;08220830118000072470;08;1;18;048;2022;08;10;3;2;6;6;0;0;1;0;1;0;0;0;514041,963958707987331;5416011,112170339561999;9,191585726000030;48,896888083000100
204117;08220907416200088700;08;4;16;009;2022;09;20;4;2;7;1;2;1;1;0;0;0;0;0;507734,024346883001272;5383990,481180310249329;9,104920169000019;48,608941710000103
204121;08220821111500080760;08;1;11;000;2022;08;22;1;3;6;4;2;0;0;1;1;0;0;0;514194,142329724971205;5403891,417091079987586;9,193242107000060;48,787858112999999
204122;08220902335300086240;08;3;35;028;2022;09;12;6;2;0;1;0;0;1;0;0;0;0;0;483186,783308995014522;5286830,598023059777915;8,775755705000050;47,734631020000101
204123;08220825435100041150;08;4;35;029;2022;08;12;5;3;4;2;0;0;1;1;0;0;0;0;545205,277624770998955;5270560,184190220199525;9,601222140000059;47,586877851000096
204124;08220813436400008020;08;4;36;013;2022;08;20;7;3;7;7;2;0;1;0;0;0;0;0;543948,072000000975095;5293945,388999500311911;9,586858307000060;47,797365666000097
204126;08220831212010069910;08;2;12;000;2022;08;18;4;3;6;6;0;0;1;0;1;0;0;0;453024,190999999002088;5428768,122999530285597;8,357618998000021;49,010017183000102
204127;08220904212502084480;08;2;12;000;2022;09;19;1;3;1;5;0;0;1;1;0;0;0;0;454283,415402191982139;5428886,775370449759066;8,374824086000050;49,011179044000102
204128;08220829115100075300;08;1;15;003;2022;08;22;2;3;5;7;2;0;1;1;0;0;0;0;501516,305423590994906;5391705,957361649721861;9,020598539000050;48,678397437999998
204129;08220816435200038270;08;4;35;059;2022;08;20;3;2;8;6;1;0;1;0;0;0;0;0;511941,087568795017432;5290622,264939759857953;9,159367283000050;47,768855279999997
204130;08220818426200049500;08;4;26;028;2022;08;17;5;3;8;1;0;0;1;0;0;0;0;0;568842,847167036961764;5343058,618596320040524;9,927141045000040;48,237007185000003
204132;08220824311010035880;08;3;11;000;2022;08;08;4;3;2;6;0;0;1;0;0;0;0;1;415241,472670720017049;5319568,609562450088561;7,863227910000030;48,023781855000003
204134;08220909317500093530;08;3;17;122;2022;09;19;6;3;6;4;0;0;0;1;1;0;0;0;417817,641826769977342;5367726,552036689594388;7,888425856000030;48,457305351999999
204135;08220904127202092860;08;1;27;073;2022;09;16;1;3;0;7;0;0;1;0;0;0;0;0;578274,870404639048502;5447800,038181260228157;10,074010857000101;49,178011988999998
204140;08220830221300056230;08;2;21;000;2022;08;19;3;3;0;7;0;0;1;0;0;0;0;0;478940,687051734013949;5473218,816202989779413;8,709680242000051;49,411287512000101
204141;08220909126200094640;08;1;26;058;2022;09;13;6;3;6;7;0;0;0;0;1;0;0;1;542294,497000001021661;5450455,530999540351331;9,580640908000021;49,205433751000001
204144;08220902311010090070;08;3;11;000;2022;09;15;6;3;0;2;0;0;1;0;0;0;0;0;413737,776999987021554;5316654,377999500371516;7,843650992000050;47,997366059999997
204145;08220826317200052590;08;3;17;057;2022;08;14;6;3;1;5;0;0;1;1;0;0;0;0;412211,183090006001294;5380676,175040929578245;7,809885779000070;48,573022629000000
204146;08220815317600028520;08;3;17;011;2022;08;13;2;3;0;7;0;0;1;0;0;0;0;0;427503,659177612978965;5353544,215402229689062;8,021863347000020;48,330922399000002
204148;08220829226300073840;08;2;26;056;2022;08;07;2;3;5;3;0;0;1;1;0;0;0;0;485802,073588727973402;5471504,132209260016680;8,804330613000049;49,396062843999999
204149;08220907311010089510;08;3;11;000;2022;09;16;4;3;5;3;0;0;1;0;0;0;0;0;411180,493999983998947;5315213,314999490045011;7,809676224000040;47,984053168000102
204150;08220831436200070320;08;4;36;064;2022;08;01;4;3;0;1;2;0;1;0;0;0;0;0;545864,606693416950293;5291851,540543749928474;9,612227896000039;47,778393608999998
204153;08220819212102045900;08;2;12;000;2022;08;06;6;3;0;1;0;0;1;0;0;0;0;0;460501,114000000990927;5425748,654999529942870;8,460152211000040;48,983380302000100
204155;08220825119400048400;08;1;19;079;2022;08;05;5;3;5;3;1;0;1;1;0;0;0;0;522258,661632649018429;5408542,898233340121806;9,303285139000019;48,829465506000098
204157;08220814317200039370;08;3;17;141;2022;08;16;1;3;0;7;0;0;1;0;0;0;0;0;418814,998866165988147;5376891,644982609897852;7,900131111000060;48,539872527000099
204159;08220905117100085470;08;1;17;019;2022;09;12;2;3;3;6;0;0;1;1;0;0;0;0;550687,129906338057481;5394018,241063109599054;9,688826670000029;48,697141655000102
204161;08220815421300015480;08;4;21;000;2022;08;17;2;3;0;7;0;0;1;1;0;0;0;0;570558,426173361018300;5357990,714690580032766;9,952739081000059;48,371139753000101
204166;08220909317500120800;08;3;17;096;2022;09;13;6;3;0;7;0;0;1;0;0;0;0;0;422104,097603822010569;5369042,873105219565332;7,946147583000030;48,469690902000103
204167;08220821437100028380;08;4;37;100;2022;08;12;1;2;0;1;0;0;1;0;0;0;0;0;534901,418746978044510;5321406,712276199832559;9,468283477000060;48,044989536999999
204168;08220904118300083870;08;1;18;051;2022;09;10;1;3;0;1;0;1;1;0;0;0;0;0;509394,051317412988283;5415168,531048480421305;9,128151376000060;48,889396340000097
204170;08220815212010032180;08;2;12;000;2022;08;12;2;3;6;6;0;0;1;0;1;0;0;0;459897,244495815015398;5427126,489598980173469;8,451763300000041;48,995735314999997
204171;08220817311400021520;08;3;15;108;2022;08;15;4;3;0;7;0;0;1;0;0;0;0;0;405167,520617913978640;5304006,198718530125916;7,731580698000070;47,882381027000100
204174;08220829111500082150;08;1;11;000;2022;08;09;2;3;5;2;0;0;1;1;0;0;0;0;513637,760188254003879;5408632,172818600200117;9,185824965000050;48,830517778000100
204177;08220909136300093720;08;1;36;015;2022;09;17;6;3;0;7;0;0;1;0;0;0;0;0;558420,319000001996756;5412047,491999530233443;9,796470811000059;48,858640320000099
204178;08220824335100037700;08;3;35;043;2022;08;22;4;3;0;1;2;0;1;0;0;0;0;0;511347,179089061974082;5279856,484024710021913;9,151160473000060;47,671999863000103
204181;08220822126100057610;08;1;26;086;2022;08;19;2;3;5;3;0;0;1;0;0;0;0;0;542828,956517657032236;5460565,009782980196178;9,589058792000060;49,296328854000102
204183;08220827116500044750;08;1;16;071;2022;08;19;7;2;9;1;1;0;1;0;0;0;0;0;527810,808303556987084;5390837,911627589724958;9,377738562000051;48,669970926000097
204185;08220817128100022320;08;1;28;007;2022;08;13;4;2;0;7;0;0;1;0;0;0;0;0;555807,851000003051013;5482159,650999549776316;9,770584817000040;49,489507429000099
204187;08220830121500072060;08;1;25;065;2022;08;20;3;3;5;2;1;0;1;1;0;0;0;0;516323,781535185989924;5449030,063534179702401;9,224048594000070;49,193853381000103
204188;08220907417200107770;08;4;17;054;2022;09;07;4;3;5;3;0;0;1;1;0;0;0;0;479046,808579962991644;5348337,075096439570189;8,717533951000060;48,287887402000102
204189;08220823311010034030;08;3;15;064;2022;08;11;3;3;0;1;0;0;1;0;0;0;0;0;422104,960431298997719;5312616,114194509573281;7,956525528000040;47,962113189999997
204190;08220821121600031870;08;1;25;102;2022;08;14;1;3;0;7;0;0;1;0;0;0;0;0;520656,063337742001750;5444109,878485069610178;9,283257105000081;49,149464495000103
204191;08220902215102142470;08;2;12;000;2022;09;21;6;3;5;3;2;0;1;1;0;0;0;0;460193,980576054018456;5430706,325165670365095;8,455468645000050;49,027955824999999
204193;08220814225200038660;08;2;25;014;2022;08;19;1;3;5;3;0;0;1;0;0;0;0;0;518603,410461215011310;5479616,837254390120506;9,256763818000019;49,468916717000099
204195;08220907311010089070;08;3;11;000;2022;09;08;4;3;0;1;0;0;1;0;0;0;0;0;414191,106197019980755;5315802,472826899960637;7,849896941000050;47,989763853000099
204198;08220819226700061380;08;2;26;103;2022;08;16;6;3;2;6;0;0;1;1;0;0;0;0;471131,911651459988207;5456963,120070479810238;8,603209518000030;49,264749242000100
204199;08220901337010100670;08;3;37;027;2022;09;19;5;3;2;2;0;0;1;0;0;0;0;0;431774,968415271025151;5286600,594074729830027;8,090148379000031;47,729173810000098
204200;08220825212102077160;08;2;12;000;2022;08;16;5;3;6;6;0;0;0;0;1;1;0;0;460465,511254529003054;5428205,408235630020499;8,459426571000050;49,005477071000001
204201;08220812436400079400;08;4;36;082;2022;08;17;6;3;5;7;0;0;1;1;0;0;0;0;547195,049246852984652;5294436,938276699744165;9,630267520000070;47,801558266000001
204202;08220910126100121230;08;1;26;028;2022;09;14;7;3;6;7;0;0;0;1;1;0;0;0;541267,086534042959101;5459844,729799410328269;9,567503969000031;49,289957641000100
204203;08220823118500047650;08;1;18;078;2022;08;14;3;3;0;7;0;0;1;0;0;0;0;0;514613,230472725990694;5420318,704963790252805;9,199534197000050;48,935624654999998
204205;08220828335300296970;08;3;35;075;2022;08;03;1;3;0;1;2;1;1;0;0;0;0;0;488813,381332765973639;5289694,496517970226705;8,850725804000040;47,760521197999999
204207;08220818121200047200;08;1;21;000;2022;08;22;5;2;0;7;2;0;1;0;0;0;0;1;516215,865446218987927;5443239,487011739984155;9,222334076000040;49,141768354000099
204209;08220909119400094010;08;1;19;079;2022;09;18;6;3;2;6;0;0;1;0;0;0;0;1;522528,643702962028328;5409310,141999349929392;9,307005890000029;48,836357702000001
204211;08220909421200093750;08;4;21;000;2022;09;14;6;3;6;6;0;0;1;0;1;0;0;0;573354,419909141957760;5361214,090219779871404;9,991049997000060;48,399815945000100
204212;08220821222014029920;08;2;22;000;2022;08;01;1;3;6;4;2;0;0;0;1;1;0;0;461779,995976831996813;5488335,436685440130532;8,471653571000051;49,546417796000100
204213;08220903116500099980;08;1;16;046;2022;09;00;7;2;0;1;2;0;1;0;0;0;0;0;527471,737140023033135;5378408,901600349694490;9,372310227000071;48,558174171000097
204214;08220827215202047660;08;2;15;100;2022;08;17;7;3;2;6;0;0;1;1;0;0;0;0;475663,538375338015612;5451939,882001769728959;8,665800346000029;49,219761910999999
204217;08220906118600107360;08;1;18;073;2022;09;06;3;3;2;4;1;1;0;1;1;0;0;0;496928,669334026984870;5421518,932106940075755;8,958053795000071;48,946586507000099
204218;08220829436000066850;08;4;35;016;2022;08;14;2;3;4;1;0;0;1;0;0;0;0;0;536247,908803810947575;5277711,934508889913559;9,482687531000069;47,651788026000098
204219;08220907421200101680;08;4;21;000;2022;09;18;4;2;5;3;0;0;1;1;0;0;0;0;573928,258770167944022;5361546,091339119710028;9,998860062000061;48,402735323000101
204220;08220824128100036950;08;1;28;007;2022;08;11;4;2;0;7;0;0;1;0;0;0;0;0;562410,172092703054659;5472788,045917830429971;9,860262078000060;49,404577007000100
204221;08220822231000030870;08;2;31;000;2022;08;16;2;3;5;3;0;0;1;1;0;0;0;0;476292,504755250003655;5415697,027047879993916;8,676559691000019;48,893768209000001
204222;08220906226400105670;08;2;26;084;2022;09;08;3;3;1;6;0;0;1;1;0;0;0;0;468467,825607486010995;5470851,484535129740834;8,565494886000071;49,389541389999998
204224;08220902222014097660;08;2;22;000;2022;09;21;6;3;1;5;1;0;1;1;0;0;0;0;463087,043631930020638;5480769,773874970152974;8,490428614000050;49,478449843000099
204232;08220906221200126220;08;2;21;000;2022;09;21;3;2;6;2;2;0;0;1;1;0;0;0;477135,974119796999730;5472182,171694160439074;8,684860874000041;49,401897916000102
204233;08220830111500575290;08;1;11;000;2022;08;17;3;3;6;4;0;0;1;0;1;0;0;0;517059,062984329997562;5399054,038277040235698;9,232044870000040;48,744269501000097
204235;08220823435100045370;08;4;35;024;2022;08;21;3;2;0;1;2;0;1;0;0;0;0;0;527352,645999999949709;5279167,079999489709735;9,364329610000031;47,665317944999998
204236;08220820436200053060;08;4;36;064;2022;08;11;7;3;0;1;0;0;1;0;0;0;0;0;545387,836100736982189;5289587,432365509681404;9,605627516000030;47,758057085000097
204238;08220826226700058440;08;2;26;076;2022;08;16;6;3;5;3;0;0;1;1;0;0;0;0;474937,896991021989379;5466068,994942509569228;8,654950047000060;49,346824164000097
204240;08220829135010059660;08;1;35;031;2022;08;18;2;2;3;7;0;0;1;0;0;0;0;0;595886,062000024947338;5378514,682999510318041;10,299358680000100;48,552395476000100
204242;08220831222200055820;08;2;22;000;2022;08;08;4;2;0;7;0;1;1;0;0;0;0;0;462054,883820734976325;5481859,217529379762709;8,476076055000020;49,488185182999999
204244;08220905226700108540;08;2;26;076;2022;09;19;2;3;4;6;1;0;1;1;0;0;0;0;475756,105093540973030;5465180,799262350425124;8,666268800000070;49,338867985999997
204248;08220901316100112320;08;3;16;011;2022;09;17;5;3;0;1;0;0;1;0;0;0;0;0;414653,760593089973554;5330146,801466120406985;7,853234785000040;48,118857332000097
204249;08220825415300040500;08;4;15;019;2022;08;20;5;3;0;1;0;0;1;0;0;0;0;0;519867,409999999974389;5370568,633999509736896;9,268880539000071;48,487928160000102
204250;08220813226500045730;08;2;26;085;2022;08;10;7;3;0;7;0;0;1;0;0;0;0;0;493031,234163896995597;5455706,585635690018535;8,904235386000041;49,254088092000103
204252;08220905222014097340;08;2;26;032;2022;09;13;2;2;6;4;0;0;0;1;1;0;0;0;466491,298622996022459;5462889,635172819718719;8,538929631000030;49,317820819000097
204253;08220828119500061940;08;1;19;068;2022;08;15;1;3;0;7;0;1;1;0;0;0;0;0;525868,463000001036562;5413421,169999520294368;9,352777711000041;48,873208990000101
204254;08220816115300043610;08;1;15;028;2022;08;18;3;3;5;2;0;0;1;0;0;0;0;0;500510,007820918981452;5405136,715965510345995;9,006944923000050;48,799222526000101
204255;08220818221200642300;08;2;21;000;2022;08;00;5;3;8;1;2;1;1;0;0;0;0;0;476572,884000001009554;5472972,773999540135264;8,677053188000061;49,408987842999998
204257;08220830311010055690;08;3;11;000;2022;08;18;3;3;0;7;0;0;1;0;0;0;0;0;414021,315999987011310;5315230,566999499686062;7,847736234000020;47,984596533999998
204258;08220909221011118780;08;2;21;000;2022;09;20;6;2;5;3;2;1;1;1;0;0;0;0;475515,809091704024468;5472618,235272030346096;8,662503350000071;49,405757215000101
204259;08220824336400039230;08;3;36;100;2022;08;14;4;3;0;7;0;0;1;0;0;0;0;0;398578,685601987002883;5279071,050563259981573;7,649298280000040;47,657081252000097
204260;08220823212010053780;08;2;12;000;2022;08;16;3;3;5;2;0;0;1;1;0;0;0;0;453205,355201420024969;5428897,374996240250766;8,360081305000049;49,011193574000103
204261;08220909415400155420;08;4;15;061;2022;09;17;6;3;3;2;0;0;1;1;0;0;0;0;515992,409175719018094;5372998,379193640314043;9,216530761000060;48,509897527000099
204262;08220822128200060820;08;1;28;139;2022;08;12;2;3;6;1;0;0;0;1;1;0;0;0;552327,047440632944927;5488686,432256869971752;9,723392096000049;49,548520023999998
204265;08220815221400183870;08;2;21;000;2022;08;21;2;3;6;6;2;0;1;0;1;0;0;0;476168,512665821006522;5469733,958421749994159;8,671673195000039;49,379839477000097
204268;08220830121500063310;08;1;25;005;2022;08;13;3;3;5;3;0;0;1;0;0;0;0;0;515380,038047624984756;5451667,367515999823809;9,211196551000061;49,217600946000097
204269;08220907417300089590;08;4;17;031;2022;09;17;4;2;9;1;0;1;1;0;0;0;0;0;498866,532000000006519;5352466,866999509744346;8,984708739000039;48,325387783000103
204271;08220822311010031550;08;3;11;000;2022;08;08;2;3;6;4;0;0;0;0;1;0;0;1;414440,185219098988455;5319978,304028550162911;7,852401538000040;48,027360365000000
204272;08220905426010089870;08;4;26;073;2022;09;16;2;2;0;7;0;0;1;0;0;0;0;0;564249,200000006007031;5336048,891999510116875;9,864222116000059;48,174430999000002
204274;08220902127202103200;08;1;27;014;2022;09;17;6;3;5;3;0;0;1;1;0;0;0;0;579216,416985256946646;5442178,088055149652064;10,085821648000000;49,127328670000097
204275;08220825121400053600;08;1;25;013;2022;08;18;5;3;5;3;0;0;1;1;0;0;0;0;507668,975369777006563;5436210,913639180362225;9,105015334000029;49,078709504000102