OBJECTID;UIDENTSTLAE;ULAND;UREGBEZ;UKREIS;UGEMEINDE;UJAHR;UMONAT;USTUNDE;UWOCHENTAG;UKATEGORIE;UART;UTYP1;ULICHTVERH;IstStrassenzustand;IstRad;IstPKW;IstFuss;IstKrad;IstGkfz;IstSonstige;LINREFX;LINREFY;XGCSWGS84;YGCSWGS84
204277;08220829335300273980;08;3;35;075;2022;08;11;2;2;6;6;0;0;1;0;1;0;0;0;487837,423849651007913;5289558,517830260097980;8,837706488000039;47,759280048999997
204278;08220907212010090280;08;2;12;000;2022;09;18;4;3;6;4;0;0;1;0;1;0;0;0;456529,507200008025393;5427803,537835219874978;8,405653675000050;49,001597515000100
204279;08220831222200055960;08;2;22;000;2022;08;07;4;3;6;7;0;0;0;1;1;0;0;0;461352,936391494004056;5482363,075099430046976;8,466335149000029;49,492672809000098
204282;08220828222400064900;08;2;26;036;2022;08;05;1;3;7;7;2;0;1;0;0;0;0;0;468547,052932276972570;5479760,088630889542401;8,565880069000061;49,469675584000100
204283;08220816311010018390;08;3;11;000;2022;08;18;3;3;5;6;0;0;1;1;0;0;0;0;412312,462061933008954;5318174,383568380028009;7,824237986000070;48,010845041000003
204284;08220819212402049520;08;2;12;000;2022;08;19;6;3;2;6;0;0;1;0;0;0;0;0;457214,485999999975320;5428074,735999530181289;8,414989896000071;49,004084841000100
204285;08220901135010081770;08;1;35;032;2022;09;18;5;3;5;2;0;0;1;1;0;0;0;0;577943,568149200989865;5393730,230537950061262;10,059126668999999;48,691741407999999
204286;08220825111240052740;08;1;11;000;2022;08;11;5;3;6;2;0;0;0;1;1;0;0;0;516175,648316193022765;5405366,998420139774680;9,220276667000061;48,801083870000099
204287;08220813317600021220;08;3;17;051;2022;08;12;7;3;5;3;0;0;1;1;0;0;0;0;442539,943000000028405;5340834,896999510005116;8,226442271000050;48,218136436000101
204288;08220909335100113420;08;3;35;043;2022;09;08;6;3;5;2;0;1;1;1;0;0;0;0;511159,700874145026319;5280750,269540759734809;9,148685851000041;47,680045110999998
204289;08220903215102091040;08;2;12;000;2022;09;11;7;2;0;7;0;0;1;0;0;0;0;0;454759,891857434995472;5432663,293090719729662;8,380918209000070;49,045184117000098
204292;08220817336200158080;08;3;36;069;2022;08;20;4;3;4;6;1;1;1;0;0;0;0;0;408719,856618537975010;5268556,197529509663582;7,786512959000050;47,564002346999999
204294;08220830111500093450;08;1;11;000;2022;08;20;3;3;6;4;2;0;0;1;1;0;0;0;513822,637063978007063;5407021,128938259556890;9,188289742000050;48,816020989000002
204295;08220909221011107760;08;2;21;000;2022;09;18;6;2;0;1;0;1;1;0;0;0;0;0;476609,408628161007073;5469679,916071929968894;8,677750503000031;49,379370463000001
204296;08220823417200034860;08;4;17;016;2022;08;20;3;3;0;1;2;0;1;0;0;0;0;0;484309,990000002027955;5341262,633999509736896;8,788747690000040;48,224392991999999
204297;08220816316100031790;08;3;16;011;2022;08;15;3;3;4;7;0;0;1;0;0;0;0;1;414611,513162625022233;5329059,236130399629474;7,852885035000040;48,109068797000099
204300;08220825119300042800;08;1;19;067;2022;08;19;5;3;0;1;0;0;1;0;0;0;0;0;538068,059551179991104;5405418,924658009782434;9,518398770000029;48,800595768999997
204301;08220813317500031470;08;3;17;009;2022;08;02;7;2;9;1;2;0;1;0;0;0;0;0;424713,292752209003083;5361424,446862740442157;7,982810460000050;48,401480327000101
204302;08220909437200117550;08;4;37;059;2022;09;07;6;3;5;3;0;1;1;1;0;0;0;0;513346,622157927020453;5324251,925284120254219;9,179167332000080;48,071402813000098
204305;08220816212010036870;08;2;15;096;2022;08;12;3;1;6;7;0;0;0;1;1;0;0;0;463980,303440121002495;5418065,652966730296612;8,508381279000050;48,914481597000098
204306;08220817415300069110;08;4;15;059;2022;08;17;4;3;5;3;0;0;1;1;0;0;0;0;516356,876693691010587;5366859,187297429889441;9,221225160000071;48,454657748999999
204307;08220907115300114570;08;1;15;028;2022;09;11;4;3;5;3;0;0;1;1;0;0;0;0;500718,457043771981262;5404869,772998370230198;9,009782969000071;48,796820918999998
204308;08220830311010057740;08;3;36;091;2022;08;09;3;3;1;5;0;0;1;1;0;0;0;0;396342,314264393004123;5271980,188033680431545;7,621202342000060;47,592943318000003
204310;08220824221011038280;08;2;21;000;2022;08;16;4;2;1;5;0;0;1;1;0;0;0;0;477823,653114427987020;5473460,219066189602017;8,694267760000059;49,413419204999997
204312;08220909226700108240;08;2;26;076;2022;09;13;6;3;6;2;0;0;0;1;1;0;0;0;474788,325689233024605;5464832,958413650281727;8,652969010000049;49,335699953000102
204314;08220903111500100650;08;1;11;000;2022;09;19;7;3;6;6;0;0;1;0;1;0;0;0;515682,467315102985594;5405625,747110050171614;9,213570561000040;48,803424177000103
204316;08220815115100042870;08;1;15;051;2022;08;14;2;3;6;4;0;0;0;1;1;0;0;0;504437,571301066025626;5385515,252547989599407;9,060216665000040;48,622690938000098
204317;08220817212010030300;08;2;12;000;2022;08;10;4;3;6;4;0;0;0;1;1;0;0;0;456868,130366998026147;5428268,198501709848642;8,410233856000049;49,005800954000101
204318;08220830115100063720;08;1;15;024;2022;08;10;3;2;4;6;0;0;1;1;0;0;0;0;501307,307106746011414;5386866,156381259672344;9,017744076000040;48,634858312000098
204319;08220908335100098840;08;3;35;043;2022;09;22;5;3;0;1;2;0;1;0;0;0;0;0;513359,214130759995896;5278216,210265509784222;9,177913346000031;47,657202776000098
204320;08220823311400056120;08;3;15;108;2022;08;18;3;3;5;3;0;0;1;0;0;1;0;0;404322,145999976026360;5304531,042999490164220;7,720160097000080;47,886976615000002
204324;08220820316200026980;08;3;16;056;2022;08;23;7;3;0;7;2;0;1;0;0;0;0;0;420673,032234642014373;5326492,294935950078070;7,934777904000040;48,086761848000002
204325;08220902335200098030;08;3;35;061;2022;09;11;6;2;5;3;0;0;1;0;0;0;0;0;491780,935353638022207;5278023,115482809953392;8,890544831000060;47,655551093000000
204326;08220825421300043330;08;4;25;141;2022;08;14;5;3;0;1;0;0;1;0;0;0;0;0;567727,630118930945173;5363062,171221960335970;9,915338450000039;48,417069806000001
204327;08220813335100009710;08;3;35;043;2022;08;19;7;2;0;1;0;0;1;0;0;0;0;0;512907,828240078000817;5278702,134977740235627;9,171916327000080;47,661584136999998
204328;08220907128100577010;08;1;28;082;2022;09;13;4;3;6;3;0;0;0;1;1;0;0;0;567057,124360479996540;5471982,316393240354955;9,924171215000060;49,396836160000099
204333;08220816336100016140;08;3;36;050;2022;08;12;3;3;0;7;0;0;1;0;0;0;0;0;399213,276777961989865;5274121,683757009916008;7,658887039000040;47,612659422000000
204334;08220819111500080690;08;1;11;000;2022;08;09;6;3;5;3;0;1;1;1;0;0;0;0;508989,754010053991806;5396805,259529120288789;9,122233910000030;48,724208202000099
204336;08220824216300064730;08;2;16;015;2022;08;06;4;3;0;3;1;0;1;1;0;0;0;0;449475,568409368977882;5406055,147624069824815;8,311907220000020;48,805431141000000
204337;08220813226700007140;08;2;26;054;2022;08;12;7;3;5;7;0;0;1;1;0;0;0;0;479937,540024809015449;5455360,408959199674428;8,724320967000040;49,250684938000099
204340;08220903215502098170;08;2;15;107;2022;09;12;7;3;0;7;0;1;1;0;0;0;0;0;463766,499275147973094;5456479,646805769763887;8,502019651000071;49,260008454000101
204341;08220827128300064880;08;1;28;131;2022;08;06;7;3;5;3;0;1;1;1;0;0;0;0;544330,003631255007349;5512730,172419169917703;9,615566524000030;49,765409392000002
204342;08220816111230080580;08;1;11;000;2022;08;19;3;3;0;7;0;0;1;0;0;0;0;0;516074,101054436992854;5397972,333505189977586;9,218604889000060;48,734564728000102
204343;08220818311010030380;08;3;11;000;2022;08;08;5;3;5;3;0;1;1;0;0;0;0;1;414326,635491052991711;5319383,368386589922011;7,850997792000040;48,021993496000100
204345;08220829435200048600;08;4;35;066;2022;08;10;2;3;3;6;0;0;1;1;0;0;0;0;519602,467348725011107;5287585,686145810410380;9,261479239000041;47,741346212000103
204347;08220824117200039830;08;1;17;024;2022;08;17;4;3;1;5;0;0;1;1;0;0;0;0;562039,536226107040420;5386996,310335040092468;9,842034528000060;48,632952595000098
204348;08220820311010040670;08;3;15;047;2022;08;12;7;3;8;1;0;0;1;0;0;0;0;0;415384,355999987979885;5321323,956999500282109;7,864797069000080;48,039590799000102
204349;08220902135200082500;08;1;35;019;2022;09;20;6;3;0;7;1;0;1;0;0;0;0;0;585437,445459789014421;5396025,307528429664671;10,161410331000100;48,711402845000102
204350;08220826337101041220;08;3;37;116;2022;08;08;6;3;0;7;0;0;1;0;0;0;0;0;417736,832207448023837;5276365,429885599762201;7,904896529000040;47,635461061000100
204355;08220831231000066460;08;2;31;000;2022;08;13;4;3;2;6;0;0;1;0;0;0;1;0;478718,455678610014729;5416087,671966319903731;8,709636010000050;48,897370395999999
204356;08220822335100058500;08;3;35;043;2022;08;21;2;3;5;3;2;0;1;0;0;0;0;1;513459,312948877981398;5279848,457898939959705;9,179296705000070;47,671887130000101
204357;08220905325202104710;08;3;25;064;2022;09;06;2;3;3;2;1;0;1;1;0;0;0;0;477155,564098733011633;5333241,519063100218773;8,692852302000061;48,152011594999998
204359;08220821335300042530;08;3;35;097;2022;08;20;1;3;0;1;0;0;1;0;0;0;0;0;485254,782352666021325;5295665,596926979720592;8,803037257000030;47,814174407000102
204360;08220902212302109830;08;2;12;000;2022;09;08;6;3;0;7;0;0;1;0;0;0;0;0;455817,612160696007777;5428739,849182650446892;8,395819031000030;49,009969189000103
204361;08220826416100063860;08;4;16;036;2022;08;02;6;3;6;6;2;0;1;0;1;0;0;0;494967,329914916015696;5368905,853709760122001;8,931908765000060;48,473262976999997
204362;08220815116500075520;08;1;16;049;2022;08;12;2;3;0;3;0;0;1;1;0;0;0;0;528820,234594307956286;5386367,205699459649622;9,391137521000079;48,629706881000097
204364;08220829116300070130;08;1;16;077;2022;08;16;2;2;3;6;0;0;1;0;0;0;0;0;514854,284753211017232;5392003,642861439846456;9,201800908000051;48,680900549999997
204367;08220822235100074140;08;2;35;079;2022;08;17;2;3;0;2;0;0;1;0;0;1;0;0;466886,236341125972103;5399805,222370389848948;8,549516980000019;48,750380311000100
204370;08220901435100088050;08;4;35;057;2022;09;11;5;3;2;6;0;0;1;0;0;0;0;0;543520,819057625019923;5278492,109655089676380;9,579608677000071;47,658359163999997
204374;08220910222200097160;08;2;22;000;2022;09;18;7;3;1;5;0;0;1;1;0;0;0;0;461341,219757921993732;5481700,044780589640141;8,466238211000070;49,486708463000099
204375;08220904415400107180;08;4;15;080;2022;09;17;1;3;3;7;0;0;1;0;0;0;0;0;512104,784550069016404;5372202,713899529539049;9,163871075000030;48,502826415000101
204378;08220818216300021490;08;2;16;033;2022;08;20;5;3;4;6;1;0;1;0;0;0;0;0;447007,925870519015007;5413871,597080440260470;8,277292197000071;48,875535786999997
204380;08220824311100036760;08;3;15;015;2022;08;15;4;3;1;5;0;0;1;1;0;0;0;0;394804,783676341990940;5320269,158349379897118;7,589039011000070;48,027044252000103
204383;08220822118300032120;08;1;18;046;2022;08;16;2;3;0;1;0;0;1;0;0;0;0;0;513616,887950357981026;5412334,871841019950807;9,185663665000050;48,863827008999998
204385;08220826436300068660;08;4;36;081;2022;08;09;6;3;3;6;0;0;1;0;0;0;0;0;562578,135708375019021;5282115,064393499866128;9,833908994000071;47,689391204000103
204386;08220815317500015130;08;3;17;097;2022;08;14;2;3;0;1;0;1;1;0;0;0;0;0;425867,800266910984647;5365098,025996499694884;7,997756981000070;48,434661562000002
204387;08220817317100078270;08;3;17;056;2022;08;13;4;2;1;2;0;0;1;1;0;0;0;0;435880,606104304024484;5381407,342190910130739;8,130603311000071;48,582468921999997
204388;08220906121400097260;08;1;25;066;2022;09;16;3;2;0;1;0;0;1;0;0;0;0;0;513811,496369837026577;5431839,439405759796500;9,188978606000029;49,039278845000098
204393;08220902136200083460;08;1;36;046;2022;09;18;6;2;3;6;0;0;1;0;0;0;0;0;578100,934000010020100;5420643,460999529808760;10,066386626000099;48,933788951000103
204394;08220826317300062530;08;3;17;065;2022;08;11;6;3;6;7;0;0;0;1;1;0;0;0;414081,438697319012135;5354485,321076449938118;7,840611382000080;48,337705132000103
204396;08220829415400049140;08;4;15;061;2022;08;07;2;3;4;6;0;0;1;0;0;0;0;0;511793,723484926973470;5371162,868436980061233;9,159630665000069;48,493477499000100
204397;08220907226700170650;08;2;26;098;2022;09;20;4;3;5;3;2;1;1;1;0;0;0;0;477967,932512050028890;5460422,373245459981263;8,696978115000039;49,296149874000001
204399;08220822317500057800;08;3;17;096;2022;08;12;2;3;3;6;0;0;1;0;0;0;0;0;420456,040868510026485;5369241,004030349664390;7,923817414000040;48,471266761999999
204404;08220812436500005630;08;4;36;094;2022;08;19;6;3;5;3;0;0;1;1;0;0;0;0;567231,383000005036592;5286125,256999489851296;9,896528580000050;47,725001721000098
204406;08220904311010098580;08;3;11;000;2022;09;01;1;3;0;7;2;0;1;0;0;0;0;0;413898,758897170017008;5316438,279400270432234;7,845851866000030;47,995443874999999
204407;08220828335010046220;08;3;35;098;2022;08;12;1;3;5;3;0;0;1;1;0;0;0;0;504150,896021645981818;5296388,142635430209339;9,055453656000051;47,820831069000100
204409;08220818222200077250;08;2;22;000;2022;08;18;5;3;5;3;0;0;1;1;0;0;0;0;461135,168763112975284;5482158,115520009770989;8,463348359000070;49,490815398999999
204412;08220825118400039740;08;1;18;048;2022;08;10;5;3;0;7;0;0;1;0;0;0;0;0;512507,475770196993835;5415073,691096270456910;9,170620884000069;48,888488162999998
204415;08220814317200012270;08;3;17;057;2022;08;15;1;2;0;1;0;0;1;0;0;0;0;0;412447,363996794971172;5382684,486226599663496;7,812663801000040;48,591119105000097
204417;08220828111500081000;08;1;11;000;2022;08;13;1;3;4;6;0;0;1;1;0;0;0;0;516557,359280284028500;5400627,063258480280638;9,225283786000031;48,758433873999998
204418;08220816118500016760;08;1;18;049;2022;08;13;3;3;6;3;0;0;0;1;1;0;0;0;518777,509714159998111;5419255,174973330460489;9,256345220000069;48,925945152000097
204419;08220818226700022060;08;2;26;095;2022;08;23;5;3;0;7;2;0;1;0;0;0;0;0;473484,735179474984761;5461694,652449780143797;8,635234420000071;49,307415843000101
204422;08220821317100040770;08;3;17;001;2022;08;12;1;3;0;1;0;0;1;0;0;0;0;0;432473,719498434977140;5389678,603992990218103;8,083068610000050;48,656511428000002
204423;08220909317500093560;08;3;17;096;2022;09;21;6;3;5;3;2;0;1;1;0;0;0;0;422320,795941609016154;5368583,076283889822662;7,949164177000060;48,465581863000097
204424;08220821221011081030;08;2;26;041;2022;08;13;1;2;0;7;0;0;1;0;0;0;0;0;476007,864227077981923;5465836,318373709917068;8,669694886000061;49,344774289999997
204426;08220827317600047240;08;3;17;034;2022;08;18;7;3;0;1;0;0;1;0;0;0;0;0;427713,150731839006767;5364431,500877389684319;8,022816666000040;48,428880603000003
204428;08220817311010034650;08;3;11;000;2022;08;13;4;2;0;7;0;0;1;0;0;0;0;0;411164,120962900982704;5316190,660795100033283;7,809254610000040;47,992842374000098
204432;08220824111000036550;08;1;11;000;2022;08;08;4;3;1;5;0;0;1;1;0;0;0;0;515315,172331878973637;5406241,673082130029798;9,208591594000040;48,808974120000101
204433;08220822316200059250;08;3;16;014;2022;08;16;2;3;8;1;0;0;0;0;1;0;0;1;425758,923734879004769;5330276,290980550460517;8,002402907000031;48,121414130000097
204434;08220906118100125320;08;1;18;079;2022;09;14;3;3;5;3;0;0;1;1;0;0;0;0;510814,105090551020112;5421902,068712900392711;9,147701838000049;48,949946154000003
204436;08220902212010085030;08;2;12;000;2022;09;14;6;2;5;3;0;0;1;1;0;0;0;0;455968,478062881971709;5427896,596590760163963;8,397973407000050;49,002394823000003
204438;08220814336400013310;08;3;36;006;2022;08;16;1;3;6;7;0;0;0;1;1;0;0;0;389875,616020249028224;5285230,139051279984415;7,531876870000080;47,711057772000103
204439;08220829317600070460;08;3;17;145;2022;08;12;2;3;4;6;0;0;1;0;0;0;0;0;442217,234618462971412;5349519,432575180195272;8,220912056000030;48,296232783000100
204441;08220831335300057290;08;3;35;100;2022;08;18;4;2;4;2;0;0;1;0;0;0;0;0;488331,272710866993293;5287264,796721819788218;8,844357765000041;47,738651308999998
204443;08220829216300063640;08;2;16;024;2022;08;13;2;3;5;2;0;0;1;0;0;0;0;0;445025,101919398002792;5409196,301659139804542;8,250880507000030;48,833308509000098
204444;08220816327100020140;08;3;27;025;2022;08;15;3;3;9;1;0;0;1;0;0;0;0;0;477902,228693956974894;5308388,681823349557817;8,704174131000061;47,928436921000099
204446;08220901311400095840;08;3;15;050;2022;09;15;5;3;0;7;0;0;1;1;0;0;0;0;399512,193677063973155;5302827,027692450210452;7,656233862000020;47,870914099000103
204447;08220825317300061260;08;3;17;065;2022;08;14;5;3;5;3;0;0;1;1;0;0;0;0;413641,702233734016772;5356916,155010559596121;7,834180166000070;48,359509982000098
204448;08220813136300024860;08;1;36;065;2022;08;14;7;3;0;7;0;0;1;0;0;0;0;0;558702,869546688045375;5405285,451110130175948;9,799354440000061;48,797789033000100
204449;08220905116500101490;08;1;16;071;2022;09;05;2;3;0;7;2;0;1;0;0;0;0;0;530121,142578806960955;5390553,656169000081718;9,409097030000050;48,667306623000101
204451;08220816216200032280;08;2;16;007;2022;08;12;3;3;0;1;0;0;1;0;0;0;0;0;438022,457481648016255;5393988,238782219588757;8,157759396000070;48,695852334999998
204452;08220818111500080700;08;1;11;000;2022;08;14;5;3;5;2;0;0;1;0;0;0;0;0;508899,494787589996122;5405960,961882540024817;9,121204699000030;48,806573868999998
204453;08220906426100100230;08;4;26;021;2022;09;14;3;3;2;6;0;0;1;1;0;0;0;0;558849,901060914038680;5327376,111586780287325;9,790404674000060;48,096932715999998
204454;08220830222500055200;08;2;22;000;2022;08;13;3;3;5;5;0;0;1;1;0;0;0;0;462845,555300395004451;5479263,587793470360339;8,487236520000071;49,464887693000001
204457;08220823111500082020;08;1;11;000;2022;08;14;3;3;5;2;0;0;1;0;0;0;0;0;519083,653944874997251;5402438,155149480327964;9,259740881000029;48,774653939000103
204458;08220909335100112560;08;3;35;043;2022;09;16;6;3;6;6;0;0;1;0;1;0;0;0;512889,796237070986535;5280197,136855250224471;9,171720281000029;47,675036029000097
204459;08220821221011035690;08;2;26;041;2022;08;15;1;3;4;6;0;0;1;0;0;1;0;0;475939,444740189006552;5465663,298092040233314;8,668763403000071;49,343215289000099
204460;08220903335200084080;08;3;35;063;2022;09;13;7;3;0;1;0;1;1;0;0;0;0;0;497511,466938448022120;5288429,153758999891579;8,966800212000070;47,749228452000096
204462;08220815111500080650;08;1;11;000;2022;08;08;2;3;5;5;0;0;1;1;0;0;0;0;512140,269199814007152;5401229,070611709728837;9,165201764000070;48,763951316000004
204463;08220817116200030610;08;1;16;077;2022;08;09;4;3;3;7;0;0;1;1;0;0;0;0;514861,188697974022944;5392006,669249479658902;9,201894809000070;48,680927611000101
204465;08220830118200073560;08;1;18;080;2022;08;15;3;3;5;3;0;0;1;1;0;0;0;0;509267,191087399027310;5408554,467200989834964;9,126271032000030;48,829899357000002
204466;08220907415200090810;08;4;15;053;2022;09;17;4;2;0;1;0;0;1;0;0;0;0;0;538419,905428591999225;5362282,999096360057592;9,519196759000071;48,412529327000101
204469;08220905335100094540;08;3;35;043;2022;09;16;2;2;0;1;0;0;1;0;0;0;0;0;515232,121158023015596;5280121,007645140402019;9,202922330000041;47,674300102000103
204471;08220902426010081800;08;4;26;021;2022;09;05;6;3;3;2;1;0;1;1;0;0;0;0;558726,624727739952505;5327843,741302680224180;9,788813486000040;48,101150971999999
204472;08220825415100053070;08;4;15;078;2022;08;10;5;3;5;3;0;0;1;1;0;0;0;0;527881,181298671988770;5372076,304795210249722;9,377435471000069;48,501187048000098
204473;08220909435100104410;08;4;35;030;2022;09;19;6;3;0;2;0;1;1;0;0;0;0;0;540176,772745674010366;5272693,405714159831405;9,534542558000060;47,606402392000099
204474;08220821416100042610;08;4;16;048;2022;08;22;1;3;7;1;2;0;1;0;0;0;0;0;493409,123790516983718;5378444,605019990354776;8,910675776000060;48,559062660000102
204476;08220827116100045780;08;1;16;019;2022;08;14;7;3;5;3;0;1;1;1;0;0;0;0;521997,637196870986372;5398620,457931430079043;9,299197524000020;48,740214212000097
204477;08220815121600014420;08;1;25;102;2022;08;17;2;3;0;1;0;1;1;0;0;0;0;0;521529,806035140005406;5443818,367343610152602;9,295223016000021;49,146812261999997
204480;08220830136100071570;08;1;36;088;2022;08;13;3;3;5;2;0;0;1;1;0;0;0;0;579344,694667991949245;5409365,363434179686010;10,081176732000101;48,832193319000098
204481;08220907435100118530;08;4;35;057;2022;09;19;4;3;0;7;0;0;0;0;1;0;0;1;544130,076674893032759;5280308,740160680375993;9,587905822000041;47,674662546000000
204482;08220823426010038910;08;4;25;138;2022;08;16;3;2;0;7;0;0;1;1;0;0;0;0;573628,578912653960288;5350438,299164519645274;9,992868389000019;48,302852729999998
204483;08220822222700060450;08;2;22;000;2022;08;16;2;3;4;6;0;0;1;0;0;0;0;0;461787,179365415999200;5481023,719093729741871;8,472460660000021;49,480653513000000
204485;08220821128100031160;08;1;28;126;2022;08;17;1;3;3;2;0;0;1;1;0;0;0;0;565028,203365757944994;5480938,260196089744568;9,897681644000039;49,477604489999997
204486;08220902436400098130;08;4;36;008;2022;09;17;6;3;2;6;0;0;1;1;0;0;0;0;547281,588134012999944;5310373,477824949659407;9,633167408000080;47,944930384000003
204487;08220826111500080950;08;1;11;000;2022;08;09;6;3;5;3;0;0;1;1;0;0;0;0;516549,962000000989065;5405954,779999519698322;9,225397647000021;48,806361614000103
204488;08220814317500036580;08;3;17;096;2022;08;17;1;3;8;1;0;0;1;0;0;0;0;0;420734,509441816015169;5368662,784863949753344;7,927693834000020;48,466100918000102
204491;08220831119200066120;08;1;19;079;2022;08;17;4;3;0;1;0;1;1;0;0;0;0;0;521281,793776370992418;5408034,452962820418179;9,289948630000030;48,824925895000000
204492;08220905335100086300;08;3;35;066;2022;09;13;2;3;0;1;0;0;1;0;0;0;0;0;503916,288798641995527;5282123,393105929717422;9,052190928000069;47,692484503999999
204495;08220819235100050360;08;2;35;085;2022;08;12;6;3;6;7;0;0;0;1;1;0;0;0;481168,731197378016077;5395836,289884099736810;8,743996036000061;48,715271735000002
204497;08220825415400040410;08;4;15;087;2022;08;08;5;3;0;1;0;0;1;0;0;0;0;0;513473,707518559996970;5381554,499226749874651;9,182705635000049;48,586929867000002
204498;08220812435200008010;08;4;35;036;2022;08;16;6;3;4;3;0;0;1;1;0;0;0;0;521557,962121761986054;5285831,876481919549406;9,287476590000040;47,725503928000101
204499;08220909437200115410;08;4;37;078;2022;09;20;6;3;6;4;2;1;0;1;1;0;0;0;509227,089213368017226;5316048,224294399842620;9,123689410000051;47,997666117000101
204500;08220905136100085100;08;1;36;088;2022;09;16;2;3;0;7;0;0;1;0;0;0;0;0;580173,212790946941823;5410240,784715569578111;10,092635500000000;48,839960644000001
204501;08220827415400056420;08;4;15;061;2022;08;10;7;3;5;3;0;0;1;1;0;0;0;0;513518,391611712984741;5371617,533601109869778;9,182989034000061;48,497533091999998
204502;08220816116500075710;08;1;16;049;2022;08;13;3;3;5;3;0;0;1;1;0;0;0;0;525466,108000000007451;5384688,017999519594014;9,345514360000040;48,614746422000103
204503;08220817435200030880;08;4;35;018;2022;08;13;4;3;4;6;0;0;1;0;0;1;0;0;523350,212900606973562;5280224,934966829605401;9,311075753000070;47,674992967000001
204506;08220908415300115430;08;4;15;059;2022;09;14;5;3;5;3;0;0;1;1;0;0;0;0;516802,140230881981552;5367940,620327300392091;9,227290686000060;48,464375013000101
204508;08220822115400034470;08;1;15;045;2022;08;17;2;3;6;4;0;0;1;0;1;0;0;0;500866,405092531989794;5394277,641847100108862;9,011775238000039;48,701533816000101
204509;08220902311010083070;08;3;36;050;2022;09;10;6;3;0;6;0;0;1;1;0;0;0;0;402379,236999974003993;5276657,177999489940703;7,700438097000070;47,635952078999999
204511;08220815136010032300;08;1;36;019;2022;08;16;2;3;0;3;0;0;1;0;0;0;0;0;582686,185619174968451;5423919,174439449794590;10,129646020999999;48,962654794000102
204512;08220817115400019710;08;1;15;054;2022;08;13;4;3;0;7;0;1;1;0;0;0;0;0;493919,037909032020252;5395268,398865900002420;8,917339608000081;48,710417694000100
204513;08220829136300049130;08;1;36;042;2022;08;19;2;3;0;7;0;0;1;0;0;0;0;0;546264,419274560990743;5403666,200757119804621;9,629810396000041;48,784273336000098
204514;08220908231302179720;08;2;36;076;2022;09;17;5;3;5;3;0;0;1;1;0;0;0;0;471686,849293304025196;5423829,552247660234571;8,613161561000030;48,966731164000102
204515;08220831118300058490;08;1;18;003;2022;08;16;4;3;4;1;0;0;1;1;0;0;0;0;510046,822917563025840;5417764,687074789777398;9,137120174000071;48,912740460000101
204516;08220822221011066540;08;2;21;000;2022;08;14;2;2;6;7;0;0;0;1;1;0;0;0;478989,664999999979045;5472925,772999550215900;8,710370942000051;49,408653323000102
204517;08220905317600104690;08;3;17;146;2022;09;20;2;2;0;7;2;0;1;0;0;0;0;0;431568,832286207994912;5352546,874736930243671;8,076865874000021;48,322404120999998
204518;08220820311010051420;08;3;11;000;2022;08;16;7;3;0;7;0;0;1;0;0;0;0;0;414530,293999987014104;5316014,951999500393867;7,854399851000040;47,991720612000101
204519;08220901121100082480;08;1;25;026;2022;09;13;5;3;5;3;0;0;1;1;0;0;0;0;493104,650345335016027;5442204,988273479975760;8,905475956000030;49,132637987000102
204522;08220907335300089520;08;3;35;075;2022;09;15;4;3;8;1;0;0;1;0;0;0;0;0;490618,497570501000155;5294717,097495939582586;8,874704656000061;47,805740886000102
204523;08220910222600139170;08;2;22;000;2022;09;14;7;3;1;7;0;1;0;1;1;0;0;0;462708,324406531988643;5482830,009216669946909;8,485006390000020;49,496957459999997
204524;08220905116400092740;08;1;16;033;2022;09;08;2;3;5;3;0;0;1;0;0;0;0;1;533723,036360200028867;5389008,950285240076482;9,457889531000029;48,653226551000003
204525;08220829115100061100;08;1;15;003;2022;08;08;2;3;5;3;0;0;1;1;0;0;0;0;502151,165200778981671;5391511,007286930456758;9,029221898000060;48,676641777999997
204527;08220818311010182840;08;3;11;000;2022;08;19;5;2;5;6;1;1;1;1;0;0;0;0;412036,309524624026380;5315274,393830159679055;7,821130486000070;47,984720858999999
204529;08220824436400039240;08;4;36;009;2022;08;16;4;3;5;3;0;0;1;1;0;0;0;0;555607,849877962958999;5306955,468512970022857;9,744217512000031;47,913511344000000
204530;08220813115300037410;08;1;15;028;2022;08;14;7;3;1;5;0;0;1;1;0;0;0;0;502174,178969528991729;5404193,868240459822118;9,029601427000051;48,790737133999997
204531;08220909311010101350;08;3;11;000;2022;09;09;6;3;5;3;0;0;1;1;0;0;0;0;414478,858701986027882;5317808,721669239923358;7,853353028000070;48,007849382000103
204533;08221005119400226140;08;1;19;090;2022;10;17;4;3;0;1;0;0;1;0;0;0;0;0;531365,160929639008828;5406355,038950040005147;9,427195274000040;48,809391103000102
204534;08220928116200178950;08;1;16;077;2022;09;15;4;2;0;1;0;0;1;0;0;0;0;0;516770,849738274002448;5391434,640091580338776;9,227814861000070;48,675733222000098
204536;08220915127010130860;08;1;27;076;2022;09;15;5;2;0;4;0;0;0;1;1;0;0;0;553612,582833252963610;5439891,410969530232251;9,734602832000061;49,109527841999999
204537;08221001231000196270;08;2;31;000;2022;10;16;7;3;6;4;0;0;0;1;1;0;0;0;477703,818286661000457;5415596,714421169832349;8,695819360000030;48,892918226000099
204538;08220925337100167820;08;3;37;116;2022;09;15;1;3;1;7;0;0;1;1;0;0;0;0;417713,185515158984344;5274945,741414669901133;7,904848663000050;47,622686360000003