OBJECTID;UIDENTSTLAE;ULAND;UREGBEZ;UKREIS;UGEMEINDE;UJAHR;UMONAT;USTUNDE;UWOCHENTAG;UKATEGORIE;UART;UTYP1;ULICHTVERH;IstStrassenzustand;IstRad;IstPKW;IstFuss;IstKrad;IstGkfz;IstSonstige;LINREFX;LINREFY;XGCSWGS84;YGCSWGS84
204539;08220922115300143220;08;1;15;028;2022;09;07;5;3;6;4;0;0;0;1;1;0;0;0;501018,734373893996235;5405072,431095769628882;9,013872239000021;48,798643598000098
204542;08221006135100189610;08;1;35;027;2022;10;15;5;3;0;7;0;0;1;0;0;0;0;0;591570,215453046956100;5377125,397923010401428;10,240583478000101;48,540545048000098
204543;08220927116500167680;08;1;16;050;2022;09;19;3;3;0;1;2;1;1;0;0;0;0;0;526919,142561723943800;5388321,483821059577167;9,365464149000051;48,647372294999997
204545;08220917111500141140;08;1;11;000;2022;09;04;7;2;6;7;2;1;0;0;1;0;0;1;516164,800504669023212;5403445,070272649638355;9,220053321000020;48,783794726000103
204546;08220923311010152500;08;3;11;000;2022;09;13;6;2;5;3;0;0;1;0;0;0;0;1;413253,097791481995955;5315457,303967360407114;7,837397153000040;47,986532386000100
204547;08221008119300219610;08;1;19;067;2022;10;16;7;2;5;2;0;0;1;0;0;1;0;0;539152,018154665944166;5404940,758276729844511;9,533113531000030;48,796227074999997
204548;08220930121400175650;08;1;25;056;2022;09;13;6;3;5;3;0;0;1;1;0;0;0;0;510569,945000000996515;5435484,906999530270696;9,144720757000069;49,072135757000098
204549;08220921212402179770;08;2;12;000;2022;09;18;4;3;5;3;0;0;1;0;0;0;0;0;456713,881550522986799;5427522,802177689969540;8,408204296000060;48,999085217000101
204550;08220912212502110560;08;2;12;000;2022;09;10;2;3;1;5;0;0;1;1;0;0;0;0;453761,543298935983330;5429060,485299049876630;8,367668130000030;49,012702687999997
204553;08220923215102168520;08;2;12;000;2022;09;01;6;3;0;7;2;0;1;0;0;0;0;0;457686,113564846978988;5428516,494955349713564;8,421392116000050;49,008091041999997
204556;08220930111500174380;08;1;11;000;2022;09;08;6;3;6;6;0;0;1;0;1;0;0;0;518485,064816046971828;5401193,008261320181191;9,251537825000071;48,763470805000097
204558;08220916121100126930;08;1;25;026;2022;09;15;6;3;0;7;0;0;1;1;0;0;0;0;493683,927665391005576;5442147,154367890208960;8,913417803000071;49,132123975000098
204559;08220911121300130140;08;1;21;000;2022;09;16;1;3;0;1;0;0;1;0;0;0;0;0;513656,601189716020599;5444464,718651889823377;9,187286015000041;49,152851961000103
204560;08221002326100195860;08;3;26;012;2022;10;02;1;2;1;5;2;0;1;1;0;0;0;0;466641,467665433010552;5309497,152859699912369;8,553342855000039;47,937922616000002
204563;08220922226700145580;08;2;26;095;2022;09;08;5;3;5;3;0;0;1;1;0;0;0;0;473744,604277389007621;5461649,524016840383410;8,638812283000050;49,307021143000000
204565;08220913337010104310;08;3;37;096;2022;09;13;3;3;5;3;0;0;1;1;0;0;0;0;421069,080016668012831;5267886,057763069868088;7,950774528000070;47,559592843000097
204566;08221006311010189600;08;3;11;000;2022;10;17;5;3;0;1;0;0;1;0;0;0;0;0;412572,799605494015850;5316213,660456350073218;7,828127561000030;47,993243421000003
204567;08221005135200211830;08;1;35;019;2022;10;06;4;3;4;6;2;0;1;1;0;0;0;0;583951,437226459966041;5392900,304496799595654;10,140578975000000;48,683497443000100
204568;08220928317200177000;08;3;17;057;2022;09;19;4;3;5;3;2;0;0;1;1;0;0;0;412046,390357422002126;5380323,937309269793332;7,807726757000070;48,569831375000000
204575;08220912311010104860;08;3;36;091;2022;09;11;2;3;0;7;0;0;1;1;0;0;0;0;395805,653273796022404;5271854,828230730257928;7,614095897000030;47,591729667999999
204576;08221004426010238170;08;4;21;000;2022;10;18;3;2;0;6;0;0;1;0;0;0;0;0;573447,184547260985710;5361126,268990090116858;9,992287727000081;48,399015174000098
204579;08220914311010106910;08;3;11;000;2022;09;16;4;2;0;1;0;1;1;0;0;0;0;0;414272,085893000999931;5318096,135204089805484;7,850523788000030;48,010407067000102
204580;08220916311200164860;08;3;11;000;2022;09;03;6;3;0;7;2;0;1;0;0;0;0;0;414123,513232482015155;5316236,579680019989610;7,848904326000020;47,993659737000002
204581;08220923337101150240;08;3;37;116;2022;09;12;6;2;6;4;0;0;0;1;1;0;0;0;418355,702999312023167;5271581,110864849761128;7,914025104000070;47,592498825000099
204583;08220930225200174690;08;2;25;075;2022;09;15;6;3;5;3;0;0;1;1;0;0;0;0;530794,823481049970724;5475144,542030190117657;9,424677870000041;49,428194017000102
204585;08220912116500116730;08;1;16;020;2022;09;16;2;3;5;3;0;0;1;1;0;0;0;0;526641,329648333019577;5382427,738511759787798;9,361313921000029;48,594363879000099
204587;08220914116500175080;08;1;16;049;2022;09;13;4;3;5;3;0;0;1;1;0;0;0;0;525337,359000000054948;5385008,859999519772828;9,343787174000060;48,617637962000103
204588;08220923226500179890;08;2;26;101;2022;09;17;6;3;1;5;0;0;1;1;0;0;0;0;486759,788065929024015;5460407,697208150289953;8,817898066000049;49,296271672000003
204595;08220921211100141680;08;2;11;000;2022;09;23;4;3;0;7;2;1;1;0;0;0;0;0;441084,070002057997044;5406443,934559590183198;8,197578391000039;48,808189486000103
204599;08220922426200139560;08;4;26;014;2022;09;09;5;3;0;7;0;0;1;0;0;0;1;0;548894,653106498997658;5317520,183399650268257;9,655580664000070;48,009105568999999
204600;08221007215202205200;08;2;15;100;2022;10;13;6;3;1;5;0;0;1;0;0;0;0;1;474516,863120054011233;5449831,337361250072718;8,650187812000070;49,200748670000102
204601;08221005317500188220;08;3;17;096;2022;10;21;4;3;1;5;2;0;1;0;0;0;0;1;420708,656456204014830;5370368,990679499693215;7,927020574000040;48,481444747000097
204602;08220929336400174820;08;3;36;091;2022;09;20;5;3;5;3;2;0;1;1;0;0;0;0;394565,030706831021234;5271749,927760490216315;7,597624476000020;47,590585540000099
204604;08220915417010124810;08;4;16;025;2022;09;14;5;2;8;1;0;1;1;0;0;0;0;0;502425,548224220983684;5361165,592904490418732;9,032772475000060;48,403643212000098
204606;08221002311400201850;08;3;15;006;2022;10;11;1;2;0;1;0;1;1;0;0;0;0;0;400808,073608879989479;5308863,966718290001154;7,672170109000040;47,925417424000003
204609;08220922317600146320;08;3;17;085;2022;09;17;5;3;5;2;0;0;1;1;0;0;0;0;432606,972134416981135;5361194,870954520069063;8,089483030000050;48,400308562000099
204610;08220913212502102720;08;2;12;000;2022;09;09;3;3;9;7;0;0;1;0;0;0;0;0;452479,437254100979771;5427465,427566640079021;8,350322594000030;48,998257686000002
204611;08221006436200263410;08;4;36;064;2022;10;20;5;3;6;4;2;0;0;1;1;0;0;0;545354,117527439026162;5292041,565183499827981;9,605433829000050;47,780139410000103
204616;08220911116400175160;08;1;16;033;2022;09;15;1;2;5;3;0;0;1;0;0;1;0;0;534063,240229567978531;5386975,662760459817946;9,462341425000030;48,634916883000102
204617;08220919212010117720;08;2;12;000;2022;09;07;2;2;0;7;0;0;1;0;0;0;0;0;458036,576103336992674;5428997,821416339837015;8,426134394000030;49,012444576000100
204618;08220930311010163650;08;3;11;000;2022;09;08;6;3;3;6;0;0;1;0;0;0;0;0;413455,470383542997297;5316999,161502869799733;7,839797917000060;48,000429351999998
204619;08220924416200135130;08;4;16;025;2022;09;19;7;3;0;7;2;1;1;0;0;0;0;0;502632,953805950004607;5361209,014020320028067;9,035575080000060;48,404033020000000
204621;08220921327100167880;08;3;27;036;2022;09;16;4;2;7;7;0;0;1;0;0;0;0;1;490537,133057750994340;5318587,459751930087805;8,873093955000060;48,020508554999999
204626;08220915111500109510;08;1;11;000;2022;09;18;5;3;5;2;1;0;1;1;0;0;0;0;507691,108000000007451;5397755,668999520130455;9,104593952000069;48,732775490000101
204628;08220923121300135390;08;1;21;000;2022;09;12;6;3;5;3;0;0;1;1;0;0;0;0;513185,743056405975949;5444064,081140720285475;9,180815606000071;49,149258385000103
204632;08220912135200128310;08;1;35;019;2022;09;17;2;3;6;3;0;0;0;1;1;0;0;0;585070,537000015028752;5392141,762999519705772;10,155623956000101;48,676523386000000
204633;08220919225200138010;08;2;25;014;2022;09;12;2;2;8;7;0;0;1;0;0;0;0;0;523210,019274447986390;5485481,190910900011659;9,320687632000039;49,521506215000002
204634;08221004116100225400;08;1;16;019;2022;10;16;3;3;5;3;0;0;1;1;0;0;0;0;521870,731163236021530;5398767,864754759706557;9,297479281000051;48,741544738000101
204637;08220922212702145540;08;2;15;017;2022;09;05;5;3;5;3;2;1;1;1;0;0;0;0;459631,309896931983531;5419873,441559700295329;8,448847374000019;48,930474952000097
204639;08221005221400196370;08;2;21;000;2022;10;09;4;3;0;7;0;0;1;0;0;0;0;0;477440,022635485976934;5470173,218438889831305;8,689165610000030;49,383838991000097
204640;08220928436400177480;08;4;36;087;2022;09;17;4;2;5;3;0;1;1;0;0;0;0;1;547651,210276036988944;5302314,573541030287743;9,637226194000050;47,872398857000100
204641;08220919416200152840;08;4;16;041;2022;09;15;2;3;5;2;0;1;1;1;0;0;0;0;503749,900933042983525;5374709,419957559555769;9,050787707000040;48,525483130000097
204643;08220911311010124080;08;3;11;000;2022;09;16;1;3;0;7;0;0;1;1;0;0;0;0;414346,282847674970981;5316112,185738969594240;7,851914551000050;47,992570645000100
204644;08221002437100185720;08;4;37;044;2022;10;14;1;3;0;1;0;1;1;0;0;0;0;0;529829,761697381967679;5325219,902236710302532;9,400503334000060;48,079553501000099
204646;08220921311010125070;08;3;36;069;2022;09;12;4;3;6;6;0;0;0;0;1;0;0;1;408690,253661939001177;5268085,737978099845350;7,786217280000070;47,559765997000099
204650;08220928111230152040;08;1;11;000;2022;09;18;4;3;0;3;0;0;1;1;0;0;0;0;516089,172873260977212;5398077,293005050159991;9,218813959000039;48,735508551000102
204651;08220915226700180530;08;2;26;095;2022;09;10;5;3;5;3;0;0;1;0;0;0;0;1;474150,443560693005566;5461658,161525419913232;8,644394621000060;49,307116151000102
204652;08220924311010134290;08;3;11;000;2022;09;13;7;3;3;6;0;0;1;1;0;0;0;0;413622,152292190992739;5315733,808450800366700;7,842286632000030;47,989069594999997
204653;08220919416200133690;08;4;16;041;2022;09;19;2;3;0;1;1;1;1;0;0;0;0;0;500008,036139036994427;5371991,636865019798279;9,000108787000039;48,501044123000000
204654;08220915416010136120;08;4;16;041;2022;09;13;5;2;2;6;0;1;1;0;0;1;0;0;504288,663421979988925;5374026,124936560168862;9,058077538000020;48,519332511000101
204655;08221001335300195730;08;3;35;075;2022;10;22;7;3;3;6;2;1;1;0;0;0;0;0;487140,742964281991590;5289712,276518169790506;8,828405694000031;47,760649975000000
204658;08220922119200154040;08;1;19;041;2022;09;20;5;3;4;6;2;0;1;0;0;0;0;0;526060,070873960037716;5409586,857299339957535;9,355146608000039;48,838708757000099
204663;08220927222014173050;08;2;22;000;2022;09;18;3;3;5;3;1;1;1;1;0;0;0;0;462135,444702996988781;5481092,351702420040965;8,477261784000060;49,481292654000100
204666;08220923335100170970;08;3;35;043;2022;09;22;6;3;0;1;2;0;1;0;0;0;0;0;513346,942720845981967;5278631,486760860309005;9,177762603000080;47,660939554999999
204667;08221008121100221960;08;1;25;006;2022;10;18;7;2;3;2;1;0;1;0;0;1;0;0;507755,504787496000063;5454253,388974700123072;9,106547812000031;49,241006810999998
204671;08221004311010186300;08;3;36;069;2022;10;09;3;3;3;6;0;0;1;1;0;0;0;1;409419,149368755985051;5268823,530747819691896;7,795752175000080;47,566505214000102
204672;08221006121200268370;08;1;21;000;2022;10;18;5;3;6;7;0;0;0;0;1;0;0;1;516128,223261076025665;5442899,733991519547999;9,221118836000070;49,138714471000100
204673;08220927212010163740;08;2;12;000;2022;09;08;3;3;2;7;0;0;1;1;0;0;0;0;452966,715623817988671;5428920,819616659544408;8,356815397000050;49,011386315999999
204674;08220914421300108630;08;4;21;000;2022;09;12;4;3;5;3;0;0;1;1;0;0;0;0;570477,604567916947417;5357184,361240499652922;9,951512776000071;48,363895339000102
204675;08220917116200113590;08;1;16;080;2022;09;09;7;3;5;3;0;1;1;1;0;0;0;0;518226,450364638993051;5397305,948917609639466;9,247846719000050;48,728510716000102
204676;08220923118100177800;08;1;18;079;2022;09;13;6;3;5;3;0;0;1;1;0;0;0;0;508002,780000001017470;5421231,260999529622495;9,109290941000040;48,943954555000097
204679;08220921127100126410;08;1;27;063;2022;09;11;4;3;5;3;0;0;1;1;0;0;0;0;564040,290000003995374;5431097,605999530293047;9,876075928000031;49,029434838999997
204680;08220916221200181790;08;2;21;000;2022;09;11;6;3;4;3;0;0;1;0;0;0;0;0;478865,824603629997000;5473208,493365780450404;8,708648766000071;49,411192063999998
204681;08220912212010125360;08;2;12;000;2022;09;08;2;3;5;3;0;0;1;1;0;0;0;0;455694,779728016001172;5428530,182921379804611;8,394162315000070;49,008074413000003
204684;08220914221200566560;08;2;21;000;2022;09;23;4;3;6;7;2;1;0;0;1;0;0;1;478263,578590134973638;5473009,960614940151572;8,700357318000041;49,409385075000003
204685;08220922212102147100;08;2;12;000;2022;09;17;5;3;5;3;0;0;1;1;0;0;0;0;457642,830815362976864;5428170,933582129888237;8,420836343000079;49,004979698000099
204686;08220913211100103590;08;2;16;049;2022;09;14;3;3;5;3;0;0;0;0;1;0;0;1;439192,047266347974073;5401009,969242399558425;8,172616138000020;48,759128633000003
204688;08221005111500225970;08;1;11;000;2022;10;17;4;3;3;6;0;0;1;0;0;0;0;0;508088,031355925020762;5397595,577108549885452;9,109988694000039;48,731330274000101
204690;08220927415400298640;08;4;15;061;2022;09;12;3;3;0;5;0;1;1;1;0;0;0;0;515786,058000001998153;5371328,263999519869685;9,213673709000030;48,494877834000100
204694;08220924416200138350;08;4;16;041;2022;09;12;7;3;0;7;0;0;1;0;0;0;0;0;505104,499429634015542;5374175,981669579632580;9,069127502000070;48,520674573000100
204695;08220921325000139040;08;3;26;074;2022;09;07;4;3;5;3;0;0;1;1;0;0;0;0;459636,308000001008622;5323344,523999500088394;8,458247778000040;48,062101375000097
204696;08220912416100113200;08;4;16;031;2022;09;14;2;3;8;1;0;0;1;0;0;0;0;0;501260,024746573995799;5362322,158682360313833;9,017028133000050;48,414051714000003
204701;08220917212102182970;08;2;12;000;2022;09;10;7;3;5;3;0;0;1;1;0;0;0;0;457271,731092132977210;5427909,249613109976053;8,415789984000069;49,002600233000102
204704;08220930222600169180;08;2;22;000;2022;09;15;6;3;5;3;0;0;1;1;0;0;0;0;463747,805800256028306;5483560,144934969954193;8,499293916000060;49,503587669000098
204705;08220921222700157210;08;2;22;000;2022;09;13;4;3;6;7;0;0;0;0;1;0;0;1;461923,675737846002448;5481063,749639299698174;8,474341095000060;49,481022145000097
204706;08220912231000103690;08;2;31;000;2022;09;10;2;3;5;3;0;0;1;1;0;0;0;0;477018,727204472990707;5414941,555501620285213;8,686509843000071;48,886999611000100
204707;08221003226700206120;08;2;26;103;2022;10;13;2;2;3;6;0;0;1;0;0;0;0;0;470432,154556613008026;5458222,932703820057213;8,593498545000051;49,276047785000102
204708;08220914111500146450;08;1;11;000;2022;09;06;4;3;2;6;1;1;1;1;0;0;0;0;519617,217850363987964;5401269,940705640241504;9,266947237000069;48,764128227000100
204710;08221007416010192820;08;4;16;041;2022;10;15;6;3;6;3;0;0;1;0;1;0;0;0;503571,531162769009825;5374413,170892620459199;9,048369375000050;48,522819008000099
204711;08220929335200180600;08;3;35;063;2022;09;17;5;3;5;7;0;1;1;1;0;0;0;0;498105,388545133988373;5287673,513708099722862;8,974727074000040;47,742431533999998
204712;08220920311010136230;08;3;11;000;2022;09;20;3;3;5;3;2;0;1;1;0;0;0;0;414041,033618575020228;5317079,954108229838312;7,847630046000060;48,001235118000103
204715;08221008215502223750;08;2;15;106;2022;10;16;7;2;0;7;0;0;1;0;0;0;0;0;465224,453011638019234;5452390,756052750162780;8,522411314000070;49,223313813000097
204719;08220912222800099440;08;2;22;000;2022;09;08;2;3;5;3;0;0;1;1;0;0;0;0;463132,078168035019189;5486576,420453709550202;8,490508231000041;49,530680295000103
204720;08221003216100206510;08;2;16;022;2022;10;15;2;3;8;1;0;0;1;0;0;0;0;0;434694,415171298023779;5404523,523933109827340;8,110868537000041;48,790277088000003
204721;08220926231000154240;08;2;37;040;2022;09;14;2;2;5;3;0;1;1;0;0;0;0;1;477655,598811306990683;5364969,219632389955223;8,697896030000040;48,437470765999997
204722;08220914222500119820;08;2;22;000;2022;09;09;4;3;2;6;0;1;1;0;0;0;0;0;463376,205724437022582;5478078,313652910292149;8,494669289000059;49,454258922000101
204724;08220923222301147640;08;2;22;000;2022;09;14;6;3;1;5;0;0;1;1;0;0;0;0;464230,166499799990561;5484266,320818450301886;8,505891932000051;49,509968001000097
204725;08221007436300297260;08;4;36;081;2022;10;19;6;3;0;1;2;0;1;0;0;0;0;0;562664,647953785955906;5281896,493625259958208;9,835030331000040;47,687416400000103
204726;08220929311200153000;08;3;11;000;2022;09;15;5;3;3;6;0;0;1;0;0;1;0;0;412978,212047925975639;5316380,684018390253186;7,833526666000070;47,994801156000101
204727;08220920311010165420;08;3;36;050;2022;09;17;3;3;5;3;0;0;1;1;0;0;0;0;400506,688229213992599;5275276,000914529897273;7,675830788000040;47,623242839000099
204728;08220915335000107810;08;3;35;075;2022;09;12;5;2;6;4;0;0;0;1;1;0;0;0;489087,685428015014622;5288941,496880210004747;8,854405006000039;47,753750755000098
204729;08220911435100124630;08;4;35;013;2022;09;18;1;3;1;5;0;0;1;1;0;0;0;0;539625,387447076034732;5275485,751505419611931;9,527459463000071;47,631560209000000
204730;08220919326400119200;08;3;26;074;2022;09;09;2;3;8;1;0;0;1;0;0;0;0;0;459452,211826718004886;5323486,611689950339496;8,455763521000049;48,063368017000101
204731;08221002317500185680;08;3;17;096;2022;10;17;1;2;5;2;0;1;1;1;0;0;0;0;421543,846999990986660;5368804,877999509684741;7,938613959000070;48,467480512000101
204733;08220926212010139590;08;2;12;000;2022;09;08;2;3;2;6;0;0;1;0;0;0;1;0;453833,590886013000272;5429817,380081820301712;8,368567240000059;49,019516385000003
204734;08220914211100105900;08;2;11;000;2022;09;19;4;3;2;2;0;0;1;1;0;0;0;0;442865,669132584996987;5404134,000349679961801;8,222162333000030;48,787577738000003
204735;08220922415100132800;08;4;15;050;2022;09;14;5;3;5;3;0;0;1;1;0;0;0;0;521179,222713518014643;5376716,821647189557552;9,286946236000061;48,543196037000001
204736;08220913335200101190;08;3;35;025;2022;09;11;3;3;0;1;0;0;1;0;0;0;0;0;499383,169000000983942;5283107,686999489553273;8,991778328000070;47,701352424000000
204737;08221006436200192260;08;4;36;064;2022;10;14;5;3;5;3;0;0;1;1;0;0;0;0;546233,829000000958331;5292263,181999499909580;9,617200034000060;47,782070758000003
204738;08221005311010188840;08;3;11;000;2022;10;13;4;3;5;3;0;0;1;1;0;0;0;0;409690,666236985009164;5316895,716992230154574;7,789360756000060;47,998978080000001
204740;08220927212502170960;08;2;12;000;2022;09;13;3;3;5;3;0;1;1;1;0;0;0;0;453903,381516715977341;5429436,867826710455120;8,369564957000019;49,016098880000101
204741;08220915317300129680;08;3;17;065;2022;09;12;5;3;6;4;0;1;0;1;1;0;0;0;412933,164093088998925;5355989,001213070005178;7,824808955000040;48,351073159000101
204742;08220911118300097680;08;1;18;003;2022;09;16;1;3;5;3;0;0;1;1;0;0;0;0;511325,041342045005877;5415990,737987189553678;9,154516175000030;48,896760427000103
204744;08220925216100136580;08;2;16;043;2022;09;06;1;3;6;7;2;1;0;1;1;0;0;0;443227,494402265001554;5412254,663701440207660;8,225963670000059;48,860656822000102
204745;08220921335200295220;08;3;35;063;2022;09;17;4;3;5;2;0;0;1;1;0;0;0;0;498585,748586839996278;5287884,802171059884131;8,981134088000029;47,744333853000100
204746;08220912416200112790;08;4;16;041;2022;09;16;2;3;7;1;0;0;1;0;0;0;0;0;505162,648964454012457;5373083,011308440007269;9,069901462000081;48,510841331999998
204747;08221004311010198580;08;3;36;050;2022;10;16;3;3;0;1;0;1;1;0;0;0;0;0;399507,866724118997809;5274651,187576079741120;7,662684423000030;47,617468244000101
204748;08221006111500190700;08;1;11;000;2022;10;18;5;3;5;3;2;0;1;1;0;0;0;0;514468,491104664979503;5407959,829942179843783;9,197120520000061;48,824450691999999
204750;08220914311010138880;08;3;36;050;2022;09;08;4;3;5;3;0;0;1;1;0;0;0;0;399434,498051669972483;5273703,365041069686413;7,661925882000050;47,608930874000102
204753;08221008119400207990;08;1;19;079;2022;10;18;7;2;5;3;0;0;1;1;0;0;0;0;525694,264879844966345;5407468,650384989567101;9,350028754000050;48,819669218000101
204754;08220930311010154900;08;3;36;091;2022;09;17;6;3;1;5;0;0;1;1;0;0;0;0;397400,890371638000943;5271878,690992100164294;7,635302542000030;47,592198688000103
204755;08220921212010139760;08;2;12;000;2022;09;16;4;2;0;1;0;0;1;0;0;0;0;0;459695,163628049020190;5428224,868492039851844;8,448891824000039;49,005602291999999
204756;08220912116400100350;08;1;16;016;2022;09;17;2;3;2;6;0;0;1;1;0;0;0;0;533436,728000000002794;5385317,681999520398676;9,453704311000021;48,620035643000101
204758;08220914115100136700;08;1;15;051;2022;09;16;4;3;6;4;0;1;0;1;1;0;0;0;504341,821915082982741;5385279,617019490338862;9,058914905000050;48,620571783999999
204759;08220922426010128720;08;4;26;021;2022;09;16;5;2;2;6;0;0;1;1;0;0;0;0;557873,500299977022223;5326692,958211270160973;9,777199410000041;48,090876369999997
204760;08221007327100284760;08;3;27;050;2022;10;13;6;2;6;2;0;0;0;0;1;0;0;1;486219,449000000022352;5314513,006999500095844;8,815320859000050;47,983771590000103
204764;08220916118500183430;08;1;18;078;2022;09;08;6;3;5;3;0;0;1;0;0;0;0;1;513128,281000000017229;5420274,219999530352652;9,179256850000060;48,935257776000100
204766;08221001337100184370;08;3;37;096;2022;10;13;7;3;6;4;0;1;0;1;1;0;0;0;420912,777407591987867;5267387,316308439709246;7,948786921000020;47,555086957000100
204767;08220917222400146630;08;2;26;038;2022;09;12;7;3;1;5;0;1;1;1;0;0;0;0;471962,355523921025451;5479545,444100379943848;8,613032772000050;49,467912233000000
204768;08220926221300170450;08;2;21;000;2022;09;17;2;3;5;3;0;0;1;0;0;0;0;0;476778,887300545000471;5475352,911452540196478;8,679753649000080;49,430404645000102
204769;08220922222500160710;08;2;22;000;2022;09;14;5;3;5;3;0;0;1;0;0;0;0;1;464208,042716116004158;5474013,650816109962761;8,506513379000070;49,417748482999997
204770;08220913325202118070;08;3;25;069;2022;09;18;3;3;8;1;0;0;1;0;0;0;0;0;470076,263346846972127;5334844,841385539621115;8,597559128000061;48,166142481000101
204771;08221006336300569470;08;3;36;081;2022;10;17;5;3;6;4;0;0;0;1;1;0;0;0;411633,868215365975630;5277919,875416809692979;7,823355731000050;47,648640428000100
204776;08220930327200173350;08;3;27;049;2022;09;11;6;3;6;7;0;0;0;1;1;0;0;0;472306,310228688991629;5324449,789175909943879;8,628225477000059;48,072721266000002
204778;08220930425000175790;08;4;25;020;2022;09;12;6;3;1;7;0;0;1;1;0;0;0;0;558443,201366425957531;5361677,435622089542449;9,789679937000070;48,405542861000100
204779;08221002226400184700;08;2;26;084;2022;10;01;1;3;0;7;2;1;1;0;0;0;0;0;468849,860989339998923;5469868,818401419557631;8,570836069000050;49,380722207000098
204780;08220917212402184890;08;2;12;000;2022;09;15;7;3;0;7;0;0;1;0;0;0;0;0;456603,825990261975676;5426840,954788709990680;8,406772568000060;48,992944176999998
204782;08220922215402133010;08;2;15;009;2022;09;16;5;3;6;2;0;0;0;1;1;0;0;0;469115,500274770020042;5440757,446174389682710;8,576740270000069;49,118879573000100
204784;08221006311010189630;08;3;11;000;2022;10;15;5;2;0;7;0;0;1;0;0;0;0;0;413770,060481194988824;5316642,792481809854507;7,844085990000050;47,997266199000101
204786;08220928222600179270;08;2;22;000;2022;09;08;4;3;5;2;0;0;1;0;0;0;0;0;462454,238818872021511;5482086,361876909621060;8,481568301000040;49,490253070000101
204787;08220927231102149460;08;2;36;046;2022;09;15;3;3;0;1;0;1;1;0;0;0;0;0;483911,794182298996020;5418200,942041520029306;8,780409665000040;48,916537368999997
204788;08220915311010134160;08;3;11;000;2022;09;11;5;3;4;6;0;0;1;0;0;0;0;0;410797,937734686012845;5315330,664876320399344;7,804526132000030;47,985055523000000
204791;08220924316100140060;08;3;16;012;2022;09;20;7;3;5;3;1;0;1;1;0;0;0;0;403538,534257750026882;5333025,283544669859111;7,703269269000030;48,143161245999998
204795;08221006221200220160;08;2;21;000;2022;10;17;5;3;2;6;0;0;1;0;0;0;0;0;478008,403758727014065;5472961,754707300104201;8,696842383000050;49,408942301000103
204797;08220914336300133590;08;3;36;081;2022;09;11;4;2;5;3;0;1;1;1;0;0;0;0;411105,370999983977526;5277567,141999489627779;7,816391739000040;47,645394920999998
204798;08220917136200145700;08;1;36;019;2022;09;11;7;3;0;7;0;1;1;0;0;0;0;0;582603,495835141045973;5423571,005656979978085;10,128445899000001;48,959534443999999
204802;08220920415400182680;08;4;15;061;2022;09;13;3;3;5;2;0;0;1;1;0;0;0;0;515302,277878404012881;5369934,053531760349870;9,207074429000039;48,482346983000099
204804;08221004111330188570;08;1;11;000;2022;10;14;3;3;6;4;0;0;0;1;1;0;0;0;512756,320398167008534;5408003,399660640396178;9,173795168000030;48,824880165000103
204805;08220914128200178350;08;1;28;139;2022;09;18;4;3;0;1;0;1;1;0;0;0;0;0;551417,651617230032571;5490083,546945040114224;9,711003634000059;49,561163653000101
204806;08220923226600135250;08;2;26;096;2022;09;14;6;3;6;7;0;0;0;0;1;0;0;1;474602,527553541993257;5487949,596230730414391;8,648930408000069;49,543620855000000
204807;08221007335100216970;08;3;35;043;2022;10;07;6;3;5;3;1;0;1;0;0;1;0;0;512282,735220109985676;5280747,764654720202088;9,163648426000069;47,680002208000097
204808;08221005416000187720;08;4;16;031;2022;10;13;4;3;3;6;0;0;1;0;0;0;0;0;502489,946964867995121;5363519,292835339903831;9,033656562000029;48,424818103000099
204810;08220920212010154190;08;2;12;000;2022;09;11;3;3;6;2;0;0;0;1;1;0;0;0;460978,110334023018368;5427558,169138279743493;8,466497450000080;48,999687635000001
204811;08220916111130126430;08;1;11;000;2022;09;11;6;3;0;6;0;1;1;0;0;1;0;0;511966,166151507000905;5402178,276965869590640;9,162860235000039;48,772493695000001
204812;08220912111500098800;08;1;11;000;2022;09;14;2;2;6;4;0;0;0;0;1;0;0;1;517814,511876571981702;5402599,528996350243688;9,242474195000060;48,776143273999999
204816;08220922118300157080;08;1;18;003;2022;09;10;5;3;0;7;0;0;1;0;0;0;0;0;510122,941011563001666;5417176,999699760228395;9,138144464000050;48,907452542000001
204817;08220913212102105300;08;2;12;000;2022;09;18;3;3;0;7;0;0;1;0;0;0;0;0;459255,957101936975960;5428691,384262300096452;8,442839810000070;49,009769845999998
204820;08220928212502182620;08;2;12;000;2022;09;13;4;3;0;2;0;0;1;1;0;0;0;0;452821,452704733004794;5428026,648609530180693;8,354932953000059;49,003332128000103
204821;08220927435200144740;08;4;35;059;2022;09;12;3;3;5;3;0;1;1;1;0;0;0;0;511614,155976916023064;5290860,842378719709814;9,155010407000081;47,771007860000097
204822;08220915316200126040;08;3;16;056;2022;09;10;5;3;0;7;0;1;1;0;0;0;0;0;422223,206322451995220;5329010,666490809991956;7,955131421000030;48,109607011000001
204823;08220910436400118410;08;4;36;009;2022;09;11;7;3;6;7;0;1;0;1;1;0;0;0;556268,790131511050276;5307872,438647669740021;9,753182026000051;47,921703239000102
204825;08220924222200136380;08;2;22;000;2022;09;18;7;3;6;4;0;0;0;0;1;0;0;1;461657,280516144004650;5482337,332137679681182;8,470540047000039;49,492460575000102