OBJECTID;UIDENTSTLAE;ULAND;UREGBEZ;UKREIS;UGEMEINDE;UJAHR;UMONAT;USTUNDE;UWOCHENTAG;UKATEGORIE;UART;UTYP1;ULICHTVERH;IstStrassenzustand;IstRad;IstPKW;IstFuss;IstKrad;IstGkfz;IstSonstige;LINREFX;LINREFY;XGCSWGS84;YGCSWGS84
204826;08220930121500174960;08;1;25;039;2022;09;14;6;3;6;7;0;0;0;1;1;0;0;0;511407,370276824978646;5457901,345400590449572;9,156822168000080;49,273763670000100
204827;08220922115400149380;08;1;15;045;2022;09;18;5;3;4;6;0;0;1;0;0;0;0;0;500498,502060634025838;5394044,950727409683168;9,006774818000050;48,699440909000003
204828;08220913121600117130;08;1;25;110;2022;09;11;3;3;0;7;0;0;1;0;0;0;0;0;526577,450227997032925;5441662,146741399541497;9,364294295000040;49,127218879000097
204830;08221005436400187340;08;4;36;009;2022;10;06;4;3;0;1;1;0;1;0;0;0;0;0;557235,044949598959647;5312722,016219209879637;9,766759555000020;47,965246768999997
204831;08220926226500170850;08;2;26;085;2022;09;13;2;3;6;7;0;0;0;1;1;0;0;0;490711,753654313972220;5455467,584387980401516;8,872366755000030;49,251907412000001
204836;08220929115200168630;08;1;15;021;2022;09;16;5;3;6;4;0;0;0;1;1;0;0;0;490495,982257962983567;5382362,265967840328813;8,871105342000019;48,594269551000103
204837;08220920335200178740;08;3;35;063;2022;09;17;3;3;5;3;0;0;1;1;0;0;0;0;498168,352070194028784;5286975,270781270228326;8,975569907000020;47,736149208000000
204839;08221003336400191350;08;3;36;091;2022;10;21;2;2;6;6;2;0;1;0;1;0;0;0;396423,862642792984843;5275572,984759639948606;7,621437594000040;47,625274263000101
204840;08220921311400141800;08;3;15;074;2022;09;10;4;3;6;7;0;0;0;1;1;0;0;0;397472,870212721987627;5295962,925598770380020;7,630597187000030;47,808850081999999
204843;08221006121200209970;08;1;21;000;2022;10;22;5;3;0;7;2;0;1;0;0;0;0;0;515936,884078521979973;5443074,664453810080886;9,218502503000019;49,140293022999998
204844;08220926311010139700;08;3;11;000;2022;09;06;2;3;5;3;1;1;1;1;0;0;0;0;413675,392382993013598;5320505,951123179867864;7,842039334000050;48,032003793999998
204846;08220916221300144750;08;2;21;000;2022;09;12;6;3;5;2;0;0;1;0;0;0;1;0;476540,099336565996055;5473389,400071079842746;8,676576634000069;49,412734061000002
204847;08220923316100155500;08;3;16;011;2022;09;17;6;2;0;7;0;0;1;0;0;0;0;1;414515,697999986994546;5330462,473999500274658;7,851316767000070;48,121678342000102
204848;08221008118400629670;08;1;18;048;2022;10;15;7;3;1;7;0;0;1;0;0;1;0;0;517064,500006780028343;5417323,853519699536264;9,232879135000079;48,908621220999997
204849;08220930119010176030;08;1;19;020;2022;09;10;6;2;6;1;0;0;0;1;1;0;0;0;520257,215655277017504;5406115,182876760140061;9,275894926000030;48,807694787999999
204850;08220920436200157590;08;4;36;087;2022;09;17;3;3;0;1;0;0;1;0;0;0;0;0;547939,198062513023615;5302359,879807069897652;9,641082153000070;47,872785032000102
204851;08220912119300100440;08;1;19;067;2022;09;14;2;3;0;1;0;0;1;0;0;0;0;0;536450,930000000051223;5405073,647999520413578;9,496347448000050;48,797586732000099
204852;08221004135200209600;08;1;35;019;2022;10;17;3;3;0;7;0;0;1;1;0;0;0;0;585390,651384038035758;5391909,446689439937472;10,159923584000101;48,674390168999999
204855;08221007415400236570;08;4;15;061;2022;10;18;6;3;0;1;1;0;1;0;0;0;0;0;516025,825321812997572;5372272,710988010279834;9,216955332000049;48,503368328000100
204858;08220920115300180980;08;1;15;042;2022;09;13;3;3;6;7;0;0;0;0;1;0;0;1;496541,136085666017607;5405086,529047650285065;8,952900088000041;48,798761634000101
204861;08221003111500218650;08;1;11;000;2022;10;10;2;3;5;3;0;0;1;1;0;0;0;0;508329,705152177019045;5405921,783206610009074;9,113443797000061;48,806229320000099
204863;08220925127100167610;08;1;27;076;2022;09;15;1;3;1;3;0;0;1;1;0;0;0;0;556528,190506604965776;5440664,815639509819448;9,774657249000031;49,116223214000101
204864;08220922311010152980;08;3;36;006;2022;09;08;5;2;5;3;0;0;1;1;0;0;0;0;391799,440302714006975;5287519,356757310219109;7,556947218000060;47,731973971999999
204865;08220913317500121820;08;3;17;096;2022;09;17;3;3;5;3;0;0;1;1;0;0;0;0;421029,790472809982020;5369207,487111309543252;7,931584825000070;48,471037596000002
204866;08221006416100292140;08;4;16;036;2022;10;10;5;3;6;4;0;0;0;0;1;0;0;1;494955,216000001004431;5368990,904999510385096;8,931743839000029;48,474028038000000
204868;08220928415400177110;08;4;15;061;2022;09;06;4;3;0;7;1;1;1;0;0;0;0;0;514639,699000001011882;5371889,146999510005116;9,198176822000050;48,499951490999997
204869;08220928111370183630;08;1;11;000;2022;09;09;4;3;0;1;0;1;1;0;0;0;0;0;512537,396443101984914;5406459,771514199674129;9,170765335000061;48,810998357000102
204873;08221008221011215290;08;2;26;036;2022;10;12;7;3;6;7;0;0;0;0;1;0;0;1;468255,739784373028670;5480678,327174800448120;8,561785751000061;49,477919622999998
204874;08220930136300155810;08;1;36;079;2022;09;12;6;3;0;7;0;0;1;0;0;0;0;0;560620,248392423964106;5401111,269969189539552;9,824845059000040;48,760058145000102
204875;08220921118300169200;08;1;18;003;2022;09;17;4;3;0;1;0;0;1;0;0;0;0;0;511294,266130554024130;5417687,480172390118241;9,154143222000069;48,912024430000002
204878;08220927136100161560;08;1;36;088;2022;09;12;3;3;1;5;0;1;1;0;0;0;0;1;580022,504000011016615;5411252,745999519713223;10,090779637000001;48,849081900000002
204881;08220922435100158900;08;4;35;016;2022;09;16;5;3;5;3;0;0;1;1;0;0;0;0;535254,108774067950435;5277842,655020999722183;9,469464812000069;47,653019086000000
204887;08221001311010200540;08;3;11;000;2022;10;17;7;3;0;7;0;0;1;1;0;0;0;0;412336,513046887994278;5318389,762949679978192;7,824516369000040;48,012785737000101
204890;08220922317500158460;08;3;17;096;2022;09;09;5;2;5;3;0;0;1;1;0;0;0;0;422924,438879590015858;5371109,049883309751749;7,956863029000030;48,488377120000102
204891;08220913136100642320;08;1;36;088;2022;09;16;3;3;6;3;0;0;1;0;1;0;0;0;580907,696324712014757;5409644,435299480333924;10,102525703000000;48,834501662999998
204892;08221007115400296160;08;1;15;045;2022;10;16;6;3;6;2;0;0;0;1;1;0;0;0;502827,368015979009215;5394876,723590260371566;9,038430618000060;48,706917396000101
204893;08221005226200225980;08;2;26;032;2022;10;16;4;3;1;5;0;0;1;1;0;0;0;0;467179,644452647014987;5462880,952926940284669;8,548401479000059;49,317780120000101
204895;08220927317600169490;08;3;17;041;2022;09;07;3;2;5;3;0;1;1;1;0;0;0;0;438503,271798913017847;5348191,519265860319138;8,171035164000051;48,283937057000102
204896;08220915212010139550;08;2;12;000;2022;09;07;5;3;2;6;0;1;1;1;0;0;0;0;455748,024204527027905;5428484,916061510331929;8,394895281000061;49,007671054000099
204897;08221001212102195620;08;2;12;000;2022;10;03;7;3;0;7;2;0;1;0;0;0;0;0;457462,854215622006450;5428583,989609350450337;8,418332319000060;49,008682817000100
204898;08220924311010148000;08;3;11;000;2022;09;04;7;3;0;7;2;1;1;0;0;0;0;0;413637,307342100015376;5315921,743688009679317;7,842451901000060;47,990762188000097
204899;08220922116400127640;08;1;16;033;2022;09;07;5;3;0;1;0;0;1;0;0;0;0;0;533689,920693792053498;5389393,115180339664221;9,457471170000080;48,656684235000100
204900;08220913116400112810;08;1;16;070;2022;09;08;3;3;5;3;0;0;1;1;0;0;0;0;539303,115056297974661;5385156,789226420223713;9,533286979000019;48,618247205000003
204902;08220922119400144040;08;1;19;079;2022;09;17;5;3;6;7;0;0;0;1;1;0;0;0;523181,820861232001334;5408592,613016500137746;9,315866250000060;48,829878951000097
204903;08220913311100102810;08;3;15;043;2022;09;22;3;3;0;7;2;0;1;0;0;0;0;0;405182,248131035012193;5322795,629717569798231;7,727632702000050;48,051394609000099
204904;08221007116100192650;08;1;16;019;2022;10;17;6;3;1;5;0;0;1;1;0;0;0;0;523418,430971883004531;5398373,191035220399499;9,318507879000039;48,737938032999999
204906;08220928119300177040;08;1;19;067;2022;09;17;4;3;6;7;0;0;1;0;1;0;0;0;538964,122701497050002;5406068,277646659873426;9,530662158000039;48,806381526999999
204907;08220920115400129450;08;1;15;045;2022;09;12;3;3;5;3;0;0;1;1;0;0;0;0;500645,779504458012525;5393557,823386049829423;9,008775609000050;48,695058532000097
204912;08220921316200157270;08;3;16;009;2022;09;16;4;3;4;6;0;0;1;1;0;0;0;0;416829,062754053971730;5324701,686361799947917;7,883518660000050;48,070164654000102
204913;08220912327200110240;08;3;27;046;2022;09;06;2;3;6;2;2;0;0;1;1;0;0;0;479302,680615597986616;5324117,046939959749579;8,722163176000040;48,069993087999997
204914;08221004311010186430;08;3;11;000;2022;10;16;3;3;2;6;0;0;1;1;0;0;0;0;414514,010568220983259;5315493,212182560004294;7,854285536000020;47,987025174999999
204917;08220915225100138360;08;2;25;058;2022;09;08;5;3;5;3;0;1;1;1;0;0;0;0;508809,356428240018431;5465078,797149710357189;9,121264557000069;49,338368643000102
204918;08220910317500094850;08;3;17;096;2022;09;09;7;3;0;1;0;0;1;0;0;0;0;0;422141,243665529007558;5369063,330978480167687;7,946646234000070;48,469879519000102
204919;08220923311010146160;08;3;11;000;2022;09;06;6;2;4;6;2;0;1;0;0;0;0;0;416434,828241093026008;5315990,491372739896178;7,879927083000040;47,991752304000002
204920;08220930111500647930;08;1;11;000;2022;09;16;6;3;6;7;0;0;0;1;1;0;0;0;516258,406243649020325;5405148,138960530050099;9,221394973000031;48,799112880999999
204921;08220921116200167430;08;1;16;078;2022;09;07;4;2;5;3;0;0;1;1;0;0;0;0;512615,453609373013023;5393237,166790599934757;9,171423379000030;48,692046677000100
204922;08220912215502144470;08;2;15;106;2022;09;18;2;3;6;1;1;0;0;1;1;0;0;0;464941,593353396980092;5453010,175367659889162;8,518472674000069;49,228869330000101
204923;08221004119500227240;08;1;19;068;2022;10;13;3;3;0;1;0;0;1;0;0;0;0;0;526294,505764383007772;5413482,400240560062230;9,358591631000021;48,873741873000000
204924;08220927121200144710;08;1;21;000;2022;09;08;3;3;0;7;0;1;1;1;0;0;0;0;516266,825716181017924;5443394,406217399984598;9,223039036000049;49,143160555000101
204925;08220914311010139250;08;3;11;000;2022;09;10;4;3;3;6;0;0;1;0;0;0;0;1;413754,008721121994313;5319116,581889259628952;7,843373355000040;48,019516609000000
204926;08220916311010114530;08;3;11;000;2022;09;14;6;3;1;7;0;0;1;1;0;0;0;0;414276,569675212027505;5318100,548442870378494;7,850583014000050;48,010447366999998
204927;08220923136100161880;08;1;36;088;2022;09;20;6;3;0;3;2;0;1;1;0;0;0;0;579618,816035481053405;5409522,365619449876249;10,084941794000001;48,833570350000102
204929;08220929436300177740;08;4;36;052;2022;09;14;5;3;1;5;0;0;1;1;0;0;0;0;565981,219062909018248;5293702,865047859959304;9,881009967000070;47,793302709999999
204931;08220916119500148780;08;1;19;085;2022;09;11;6;3;6;7;0;0;0;1;1;0;0;0;528394,087654817034490;5412097,454909480176866;9,387127928000041;48,861190837000002
204932;08220911135010112520;08;1;35;020;2022;09;17;1;2;0;1;0;0;1;0;0;0;0;0;587245,697584589011967;5386761,710655719973147;10,184031777000000;48,627833753000097
204933;08221001435200228420;08;4;35;034;2022;10;23;7;3;0;1;2;1;1;0;0;0;0;0;529220,462527554016560;5284714,888353990390897;9,389579395000061;47,715152474000000
204934;08220917215502145830;08;2;15;106;2022;09;14;7;3;3;5;0;0;1;1;0;0;0;0;467215,254052339994814;5454431,369322190061212;8,549584140000039;49,241778877000101
204937;08220922212102161000;08;2;15;101;2022;09;16;5;3;5;3;0;0;1;1;0;0;0;0;465037,505433104000986;5427912,713919970206916;8,521964345000070;49,003120138000000
204940;08221005111500188400;08;1;11;000;2022;10;10;4;2;5;3;0;0;1;1;0;0;0;0;511407,758974745986052;5406519,084115990437567;9,155380843000049;48,811553692000103
204941;08220928335100150040;08;3;35;043;2022;09;13;4;3;5;3;0;1;1;1;0;0;0;0;512512,864798304974101;5278789,794038210064173;9,166658436000031;47,662380627000097
204942;08220927311010144600;08;3;11;000;2022;09;11;3;2;0;7;0;1;1;0;0;0;0;0;413877,895740961015690;5316444,374972480349243;7,845571041000030;47,995495897000097
204944;08220911111320114180;08;1;11;000;2022;09;16;1;3;6;7;0;0;0;1;1;0;0;0;512043,659316183999181;5410823,758387310430408;9,164168633000029;48,850265873000097
204945;08220930316100158280;08;3;16;017;2022;09;13;6;3;8;1;0;0;1;0;0;0;0;0;410302,747440940001979;5339910,787467329762876;7,792725566000060;48,206085594999998
204946;08220925116010179020;08;1;16;041;2022;09;21;1;2;5;3;2;0;1;1;0;0;0;0;518928,718895057972986;5384089,686333269812167;9,256791372000070;48,609595688000098
204947;08220921425000129610;08;4;25;033;2022;09;15;4;3;5;3;0;0;1;1;0;0;0;0;553787,624330120976083;5348520,496316899545491;9,725098660000070;48,287598615999997
204948;08220913115100115640;08;1;15;003;2022;09;15;3;3;5;3;0;0;1;1;0;0;0;0;500765,487777991977055;5392886,627844319678843;9,010401101000070;48,689020254000098
204950;08221006231202251250;08;2;36;071;2022;10;16;5;3;5;3;0;0;1;1;0;0;0;0;468818,749310791026801;5422805,625695190392435;8,574054657000030;48,957382453999998
204951;08220926311010182700;08;3;11;000;2022;09;16;2;3;4;6;0;0;1;1;0;0;0;0;414812,275770812993869;5317755,085005429573357;7,857833137000060;48,007411429000101
204955;08221008212702219170;08;2;15;017;2022;10;18;7;3;0;7;0;0;1;0;0;0;0;0;455347,273677981982473;5419872,081138170324266;8,390360992000071;48,930168405000103
204956;08220930226600181740;08;2;26;096;2022;09;16;6;3;6;4;0;0;0;1;1;0;0;0;475894,570737326983362;5488888,341867149807513;8,666732576000070;49,552117307000103
204957;08220921212302180870;08;2;12;000;2022;09;11;4;3;0;7;0;0;1;0;0;0;0;0;454905,398806390992831;5428939,745822990313172;8,383323327000030;49,011701287000101
204958;08220912222500099670;08;2;22;000;2022;09;09;2;3;3;2;0;0;1;0;0;0;1;0;462594,701031322008930;5479730,694574549794197;8,483730514000060;49,469073696000102
204960;08220913436200131360;08;4;36;064;2022;09;15;3;3;0;7;0;0;1;0;0;0;0;0;546014,592723801033571;5291893,628894870169461;9,614234340000049;47,778761583000097
204961;08221004311300194530;08;3;11;000;2022;10;08;3;3;5;3;0;1;1;0;0;0;0;0;409733,003702558984514;5314651,304239369928837;7,790400096000040;47,978795126000101
204962;08221006221300190030;08;2;21;000;2022;10;10;5;3;2;6;0;0;1;1;0;0;0;0;477507,360517521970905;5473449,394027779810131;8,689907901000030;49,413310224999996
204963;08220926311010168890;08;3;11;000;2022;09;23;2;3;0;7;2;1;1;0;0;0;0;0;414534,296026695985347;5315642,005847659893334;7,854527732000070;47,988366346000099
204965;08220917127202129220;08;1;27;014;2022;09;20;7;3;6;7;2;1;0;1;1;0;0;0;578723,947182137053460;5444417,878233930096030;10,079510041000001;49,147536184000003
204968;08220930235200155270;08;2;35;080;2022;09;10;6;2;6;7;0;0;0;0;1;0;0;1;481328,786491285020020;5386307,666048279963434;8,746602119000039;48,629556648000097
204969;08220921212702129880;08;2;15;017;2022;09;18;4;3;6;4;0;0;0;0;1;0;1;0;456406,058646788005717;5421020,431128630414605;8,404692828000069;48,940573576000098
204970;08220912111500146840;08;1;11;000;2022;09;18;2;2;5;3;0;0;1;1;0;0;0;0;516013,192201782017946;5406139,449453160166740;9,218094519000029;48,808036936000100
204972;08220919115100295300;08;1;15;003;2022;09;11;2;3;0;7;0;0;1;0;0;0;0;0;500558,478921684029046;5392589,071940610185266;9,007587957000061;48,686343630000103
204973;08220913435100103890;08;4;35;024;2022;09;15;3;3;0;1;0;0;1;0;0;0;0;0;527307,235000001033768;5279163,791999490000308;9,363724555000029;47,665290280000100
204974;08220923111500156970;08;1;11;000;2022;09;05;6;2;5;3;2;0;1;1;0;0;0;0;515401,334000001021195;5406297,174999530427158;9,209767185000031;48,809471277999997
204977;08220929426300163560;08;4;26;067;2022;09;16;5;3;0;1;0;0;1;0;0;0;0;0;525803,628999999957159;5333746,284999500028789;9,346964503000040;48,156439661000000
204978;08220920311010125660;08;3;11;000;2022;09;14;3;2;5;3;0;0;1;0;0;0;1;0;412895,520549438020680;5318055,852778780274093;7,832078340000070;48,009858563000101
204979;08220916118000121630;08;1;15;045;2022;09;16;6;2;6;4;0;0;0;1;1;0;0;0;501030,556036829017103;5393656,748727410100400;9,014004650000061;48,695947956000097
204982;08220918135200116290;08;1;35;032;2022;09;11;1;3;0;1;0;1;1;0;0;0;0;0;580918,995080803986639;5392614,002425280399621;10,099331696000000;48,681322803000100
204984;08220922316200181700;08;3;16;056;2022;09;07;5;3;1;5;0;0;1;1;0;0;0;0;422064,556970999983605;5327184,532464290037751;7,953334018000020;48,093160582000102
204985;08220913221011140630;08;2;21;000;2022;09;18;3;3;5;3;0;0;1;0;0;0;0;1;473838,138771358004306;5471185,114490839652717;8,639472736000069;49,392796752000002
204987;08221005136300214080;08;1;36;065;2022;10;18;4;3;1;5;0;0;1;1;0;0;0;0;558749,188627962023020;5405059,668133860453963;9,799952806000020;48,795753726999997
204990;08220915119300137800;08;1;19;001;2022;09;21;5;3;0;7;2;0;1;0;0;0;0;0;553181,561612766003236;5410433,494380289688706;9,724845104000050;48,844593433000099
204991;08220930416010168230;08;4;15;061;2022;09;17;6;3;5;3;0;0;1;1;0;0;0;0;516502,159442338976078;5371055,817842449992895;9,223355728000060;48,492408414000103
204993;08220921311010127240;08;3;11;000;2022;09;18;4;3;5;2;0;0;1;1;0;0;0;0;412926,497999985993374;5316289,480999499559402;7,832852124000060;47,993973715000003
204994;08220912436400097900;08;4;36;082;2022;09;08;2;3;0;1;0;0;1;0;0;0;0;0;547866,488405911950395;5294860,884148200042546;9,639280496000030;47,805322898999997
204996;08221005437100187540;08;4;37;088;2022;10;09;4;3;6;4;0;0;0;1;1;0;0;0;518306,226171661983244;5308310,259897110052407;9,245065136000051;47,927850870000000
204998;08220914426200108020;08;4;26;070;2022;09;14;4;3;9;7;0;0;0;1;1;0;0;0;565941,189401510986499;5342747,697884320281446;9,888019545000081;48,234518669000103
204999;08220917119100142990;08;1;19;075;2022;09;19;7;3;0;1;2;1;1;0;0;0;0;0;536170,089353302028030;5428109,402407149784267;9,494563759000069;49,004819818999998
205000;08220923435100134990;08;4;35;016;2022;09;14;6;3;6;2;0;0;0;1;1;0;0;0;536038,245183908031322;5278447,822054809890687;9,479956362000051;47,658420823000000
205001;08220930222014173800;08;2;22;000;2022;09;14;6;3;4;6;0;0;1;0;0;0;0;1;461690,672625535982661;5482445,475461089983582;8,470990642000061;49,493435374999997
205003;08220912212302116090;08;2;12;000;2022;09;17;2;3;0;7;0;0;1;0;0;0;0;0;455772,929453052987810;5428743,210468269884586;8,395207677000030;49,009996223000002
205004;08221003221400285100;08;2;26;018;2022;10;17;2;3;6;4;0;0;0;0;1;0;0;1;472997,497584674973041;5472664,356029559858143;8,627787867000050;49,406065533000103
205005;08220914119100135520;08;1;19;008;2022;09;07;4;3;3;2;0;1;1;0;0;0;0;1;531427,773190701962449;5420626,880621380172670;9,429144713000030;48,937771187000102
205006;08220923116500295990;08;1;16;071;2022;09;23;6;3;7;7;2;0;1;0;0;0;0;1;527660,989136922056787;5391239,540642780251801;9,375730562000060;48,673590610000097
205009;08220929116010171950;08;1;16;049;2022;09;15;5;3;5;3;0;0;1;1;0;0;0;0;525576,118300857022405;5386276,951110060326755;9,347104907000070;48,629036048000003
205012;08220911311010096850;08;3;11;000;2022;09;20;1;2;0;1;2;0;1;0;0;0;0;0;414541,061999986006413;5316095,674999499693513;7,854528079000030;47,992448185999997
205017;08220913212010123970;08;2;12;000;2022;09;17;3;3;5;3;0;0;1;0;0;0;0;0;455949,692810053995345;5425888,225036459974945;8,397934321000040;48,984327921000002
205018;08221006311100199330;08;3;15;043;2022;10;10;5;3;0;7;0;0;1;0;0;0;0;0;405652,050965706992429;5322783,150881489738822;7,733938178000070;48,051351996999998
205020;08220928221300170730;08;2;21;000;2022;09;18;4;3;6;7;2;1;1;0;1;0;0;0;479044,053993866022211;5473252,617085790261626;8,711103436000030;49,411595115000097
205023;08221005337101284390;08;3;37;108;2022;10;12;4;2;1;6;0;0;1;1;0;0;0;0;425023,021017253980972;5289060,016285290010273;7,999693905000070;47,750550171999997
205024;08220929416010180520;08;4;16;041;2022;09;15;5;2;3;6;0;0;1;1;0;0;0;1;505412,589509595010895;5375207,716655310243368;9,073313193000050;48,529953845000101
205026;08220915436500121180;08;4;37;076;2022;09;23;5;3;3;1;2;0;1;1;0;0;0;0;524609,377846337971278;5321544,278484590351582;9,330202662000030;48,046707052999999
205029;08221002426300203310;08;4;26;014;2022;10;16;1;3;6;7;0;0;0;1;1;0;0;0;548901,247665019007400;5317524,359241399914026;9,655669555000030;48,009142633000103
205030;08220917426010142950;08;4;26;087;2022;09;09;7;2;0;1;0;0;1;0;0;0;0;0;570200,388070857035927;5325330,084625110030174;9,942495424000070;48,077377437999999
205031;08220926135010163270;08;4;21;000;2022;09;05;2;2;6;4;2;0;0;1;1;0;0;0;572918,626313950051554;5364827,114393100142479;9,985791307000060;48,432366381000101
205032;08220922311010179960;08;3;36;006;2022;09;07;5;3;0;1;0;1;1;0;0;0;0;1;392804,728068774973508;5287012,806640580296516;7,570474958000030;47,727585433999998
205033;08220913311500116780;08;3;15;113;2022;09;08;3;3;3;6;0;0;1;0;0;0;0;1;439292,749674329999834;5307789,375062580220401;8,187424930000081;47,920550976000101
205037;08220927226700168170;08;2;26;095;2022;09;15;3;3;5;3;0;0;1;1;0;0;0;0;473797,442226848972496;5461357,944601699709892;8,639558277000051;49,304400668000000
205038;08220915317500153860;08;3;17;096;2022;09;07;5;3;5;2;0;1;1;1;0;0;0;0;422639,662500475009438;5369387,489099349826574;7,953328213000020;48,472856814000103
205039;08220919215402650130;08;2;15;021;2022;09;16;2;2;5;2;0;1;1;1;0;0;0;0;469581,751230783003848;5445167,056854950264096;8,582797078000061;49,158567978000100
205040;08220930415400568940;08;4;15;061;2022;09;15;6;3;5;3;0;0;1;1;0;0;0;0;515077,111207927984651;5372707,441125690005720;9,204127568000050;48,507302795999998
205041;08220925126100139020;08;1;26;046;2022;09;18;1;3;5;3;0;0;0;1;1;0;0;0;548810,508256942033768;5458582,811788479797542;9,671079966000040;49,278051251000100
205051;08220930116200156680;08;1;16;080;2022;09;14;6;3;6;4;0;0;0;1;1;0;0;0;522145,149080495990347;5396060,155290200375021;9,301066327000060;48,717176714000097
205056;08220914115100118690;08;1;15;003;2022;09;12;4;3;4;3;0;0;1;1;0;0;0;0;500558,511645239021163;5392675,705333069898188;9,007588518000031;48,687122993000102
205057;08220922221200175260;08;2;21;000;2022;09;07;5;3;5;2;0;0;1;1;0;0;0;0;476185,578581274021417;5472769,692794689908624;8,671726387000041;49,407146128000100
205061;08220920115400153310;08;1;15;045;2022;09;07;3;3;5;3;0;1;1;1;0;0;0;0;500625,906853895983659;5393637,040754649788141;9,008505676000031;48,695771198999999
205065;08220925117300169130;08;1;17;026;2022;09;17;1;3;5;3;0;0;1;1;0;0;0;0;549022,357354935025796;5394799,099794220179319;9,666297118000051;48,704298887999997
205066;08220922111210159270;08;1;11;000;2022;09;15;5;3;4;2;0;0;1;1;0;0;0;0;515709,136775893974118;5399011,841446920298040;9,213681110000040;48,743925411000099
205073;08220930212010179060;08;2;12;000;2022;09;07;6;3;6;7;0;0;0;0;1;0;0;1;461870,105373369005974;5427917,667362670414150;8,478658411000030;49,002977151000003
205074;08220920426010125480;08;4;21;000;2022;09;16;3;3;5;3;0;0;1;1;0;0;0;0;571200,988944311975501;5362191,441667350009084;9,962126357000050;48,408854396999999
205078;08220914317100104960;08;3;17;001;2022;09;15;4;3;1;1;0;1;1;1;0;0;0;0;432705,472645395027939;5387260,248847370035946;8,086608083000041;48,634783263000003
205079;08220916311010136430;08;3;11;000;2022;09;02;6;3;0;7;2;0;1;0;0;0;0;0;412613,022922177973669;5317476,401971260085702;7,828409418000040;48,004607665999998
205080;08220923222800159080;08;2;22;000;2022;09;19;6;3;4;2;1;0;1;1;0;0;0;0;463599,002980019024108;5487406,165546930395067;8,496883976000049;49,538171614000099
205081;08220927416200169710;08;4;16;041;2022;09;12;3;3;8;1;0;1;1;0;0;0;0;0;503011,833919538999908;5374160,900381079874933;9,040787555000071;48,520552425000098
205083;08220910311010094750;08;3;11;000;2022;09;19;7;3;5;3;0;0;1;1;0;0;0;0;411853,675188134016935;5319018,016175709664822;7,817914215000030;48,018370605000001
205084;08220930436300165220;08;4;36;006;2022;09;13;6;2;8;1;0;0;1;0;0;0;0;0;556250,333241331041791;5284917,326626249589026;9,749954826000019;47,715184641000100
205086;08220924221200163450;08;2;21;000;2022;09;19;7;3;8;7;0;0;1;0;0;0;0;0;476549,119351185974665;5473181,618199829943478;8,676713258000060;49,410865446000102
205087;08220930215202156570;08;2;15;100;2022;09;15;6;3;5;3;0;0;1;1;0;0;0;0;474754,108706677972805;5452202,735154709778726;8,653295329000059;49,222089496000102
205088;08220922115200153340;08;1;15;053;2022;09;17;5;3;5;3;0;0;1;1;0;0;0;0;483804,077000000979751;5379075,487999520264566;8,780477519000041;48,564563663000101
205089;08220912417300148690;08;4;17;031;2022;09;12;2;3;4;6;0;0;1;0;0;0;0;1;497156,311000002024230;5355754,489999510347843;8,961614489000061;48,354959995999998
205090;08221004335100206170;08;3;35;043;2022;10;09;3;3;5;3;0;0;1;1;0;0;0;0;512284,393999999971129;5279912,918999490328133;9,163647038000020;47,672490519000100
205092;08220926317500157780;08;3;17;096;2022;09;09;2;3;5;3;0;0;1;1;0;0;0;0;421738,972034859005362;5370762,795605840161443;7,940886671000040;48,485116096000098
205093;08220914435200103740;08;4;35;059;2022;09;18;4;3;0;7;0;0;1;0;0;0;0;0;512135,934000000008382;5290612,754999490454793;9,161967452000059;47,768766073999998
205094;08220916222600142570;08;2;22;000;2022;09;13;6;3;6;4;0;0;0;0;1;0;0;1;461909,711700167972594;5483641,193500000052154;8,473899912000039;49,504204000000101
205096;08221008115100194760;08;1;15;002;2022;10;14;7;2;8;1;0;0;1;0;0;0;0;1;499780,054381977999583;5385150,070323060266674;8,997015589000060;48,619421384000098
205099;08220916212102126460;08;2;15;101;2022;09;06;6;3;5;3;2;1;1;1;0;0;0;0;466744,433427027019206;5425852,233740420080721;8,545470719000040;48,984679741999997
205101;08221003311400204580;08;3;15;074;2022;10;13;2;2;9;7;0;0;1;0;0;0;0;0;396306,921378450002521;5296652,054286220110953;7,614864022000060;47,814861884999999
205102;08220917311010118340;08;3;36;050;2022;09;12;7;2;5;3;0;0;1;1;0;0;0;0;399422,097646737005562;5273709,662346440367401;7,661759489000080;47,608985595999997
205105;08220913311010101890;08;3;11;000;2022;09;17;3;3;5;6;0;0;1;1;0;0;0;0;410377,131555388972629;5316997,798935869708657;7,798539721000050;47,999992933000001
205106;08221006416100190640;08;4;16;048;2022;10;16;5;3;0;1;0;0;1;0;0;0;0;0;497613,570812439022120;5378035,007551940158010;8,967659752000030;48,555407899999999
205107;08221005215302188010;08;2;15;007;2022;10;12;4;3;0;7;0;0;1;0;0;0;0;0;477078,816571006027516;5432192,927861399948597;8,686357823000041;49,042187204000101
205108;08220928116400176140;08;1;16;033;2022;09;06;4;3;3;2;2;1;1;1;0;0;0;0;533347,550643817055970;5388651,454639079980552;9,452762579000019;48,650030716000103