OBJECTID;UIDENTSTLAE;ULAND;UREGBEZ;UKREIS;UGEMEINDE;UJAHR;UMONAT;USTUNDE;UWOCHENTAG;UKATEGORIE;UART;UTYP1;ULICHTVERH;IstStrassenzustand;IstRad;IstPKW;IstFuss;IstKrad;IstGkfz;IstSonstige;LINREFX;LINREFY;XGCSWGS84;YGCSWGS84
205112;08220919222014119110;08;2;22;000;2022;09;16;2;3;0;6;1;1;1;0;0;0;0;1;462375,156683057022747;5480934,460912169888616;8,480586000000070;49,479887413000000
205113;08221002336100201360;08;3;36;050;2022;10;02;1;3;0;1;2;1;1;0;0;0;0;0;401397,884106506011449;5273302,146014699712396;7,688132843000060;47,605623440000002
205114;08220925212010141560;08;2;12;000;2022;09;14;1;3;0;1;0;1;1;0;0;0;0;0;461620,154160427977331;5427519,662834599614143;8,475278645000060;48,999381514000000
205115;08220921231000165960;08;2;31;000;2022;09;17;4;2;6;7;0;0;0;1;1;0;0;0;482751,555693293979857;5414315,489215020090342;8,764737624000080;48,881553767000099
205116;08220913119400135910;08;1;19;091;2022;09;15;3;3;9;7;0;0;1;0;0;0;0;0;527042,970290499040857;5407230,290299460291862;9,368385846000020;48,817467748000098
205117;08221004311400213030;08;3;15;108;2022;10;10;3;3;5;3;0;0;1;1;0;0;0;0;405200,416559581994079;5303911,519088130444288;7,732041368000070;47,881534227000003
205119;08220927118600142630;08;1;18;050;2022;09;05;3;3;5;2;2;1;1;1;0;0;0;0;507231,591983857972082;5416697,687813620083034;9,098678753000060;48,903181285000102
205120;08220914231102164800;08;2;36;040;2022;09;07;4;3;6;2;0;1;0;1;1;0;0;0;488172,016853075998370;5421493,317187380045652;8,838462279000050;48,946250602000099
205122;08220923311010131800;08;3;11;000;2022;09;13;6;3;5;3;0;0;1;1;0;0;0;0;410249,444942177971825;5315785,406354130245745;7,797081920000040;47,989069293000099
205124;08220930119400155100;08;1;19;020;2022;09;11;6;3;6;4;0;0;0;1;1;0;0;0;520276,022530272020958;5406283,062333719804883;9,276159358000029;48,809204387000101
205125;08220921117100125020;08;1;17;015;2022;09;12;4;3;6;7;0;0;0;1;1;0;0;0;559226,231656642979942;5392681,254806140437722;9,804668386000060;48,684362980000103
205128;08220913415400128600;08;4;15;061;2022;09;11;3;3;3;6;0;0;1;1;0;0;0;0;515367,280355844006408;5371199,032958109863102;9,208000587000070;48,493725607999998
205129;08220923135200132870;08;1;35;019;2022;09;10;6;3;0;7;0;0;1;0;0;0;0;0;584982,524351786007173;5392596,383491720072925;10,154522070000001;48,680624362000103
205130;08221007435200292230;08;4;35;059;2022;10;09;6;3;0;1;0;0;1;0;0;0;0;0;512445,307671075977851;5292842,214030389674008;9,166160270000031;47,788819726000000
205131;08220929416000153010;08;4;16;025;2022;09;16;5;2;3;6;0;0;1;0;0;0;0;0;504920,022999999986496;5362387,562999510206282;9,066490554000040;48,414622176000101
205132;08220920221200295210;08;2;21;000;2022;09;14;3;3;0;5;0;0;1;1;0;0;0;0;477299,849636261002161;5472383,852530010044575;8,687108039000069;49,403718138999999
205134;08220911325000101230;08;3;27;046;2022;09;14;1;2;1;5;0;0;1;0;0;0;1;0;481854,470295844017528;5323972,231280660256743;8,756423713000061;48,068767901000101
205136;08221003116010200900;08;1;16;019;2022;10;20;2;1;6;4;2;0;0;0;1;0;0;1;522131,539000000979286;5398505,421999519690871;9,301012564000080;48,739174617000103
205137;08220926119300170530;08;1;19;067;2022;09;14;2;3;0;7;0;0;1;0;0;0;0;0;538451,646503300988115;5405091,128803719766438;9,523591417000031;48,797623454000103
205139;08220913311010103930;08;3;11;000;2022;09;14;3;3;3;2;0;0;1;0;0;0;0;1;414399,425737058976665;5319051,303435999900103;7,852040136000030;48,019016216000097
205140;08221006421200190190;08;4;21;000;2022;10;09;5;3;6;2;0;0;0;1;1;0;0;0;573262,816186198964715;5361235,609540630131960;9,989816339000070;48,400020169000101
205141;08221005225200200010;08;2;25;109;2022;10;14;4;3;6;4;0;0;0;1;1;0;0;0;526021,022356217028573;5492742,871597640216351;9,360005627000019;49,586707761000099
205142;08220928317200162380;08;3;17;005;2022;09;18;4;3;6;4;0;0;0;1;1;0;0;0;424802,320985076017678;5376643,452942159958184;7,981276379000060;48,538386344000102
205143;08220927435100144190;08;4;35;016;2022;09;07;3;3;7;7;0;1;1;0;0;0;0;1;536128,543916665017605;5277704,733968139626086;9,481097497000061;47,651729916000100
205144;08220915311300108660;08;3;11;000;2022;09;08;5;3;4;2;0;1;1;1;0;0;0;0;413542,229952324007172;5315253,894722079858184;7,841312308000060;47,984741796000002
205148;08220915435200568430;08;4;35;059;2022;09;11;5;3;6;7;0;0;0;1;1;0;0;0;514346,292380528000649;5291247,328009449876845;9,191487929000060;47,774430225000103
205150;08221001416200184420;08;4;16;041;2022;10;14;7;3;3;2;0;0;1;1;0;0;0;0;504413,734154423000291;5373890,629058729857206;9,059769824000060;48,518112674000101
205151;08220918415100117920;08;4;15;088;2022;09;12;1;3;0;1;0;1;1;0;0;0;0;0;541628,979039749945514;5373604,104535570368171;9,563687894000051;48,514170417999999
205152;08220913426300104160;08;4;26;014;2022;09;19;3;3;5;3;0;0;1;0;0;0;0;0;548717,604000002029352;5316789,182999500073493;9,653123911000019;48,002542578000003
205154;08220913225100121590;08;2;25;058;2022;09;19;3;3;3;2;1;0;1;1;0;0;0;0;508945,545216672995593;5467126,257740070112050;9,123185222000069;49,356783675000003
205155;08221006311010202990;08;3;36;050;2022;10;07;5;3;0;1;0;0;1;0;0;0;0;0;400439,366964499000460;5273814,247495530173182;7,675267268000030;47,610083464000098
205156;08221005311010196650;08;3;11;000;2022;10;07;4;3;5;3;0;0;1;1;0;0;0;0;413148,770999985979870;5315218,176999500021338;7,836047607000070;47,984367196000100
205157;08220928335100163870;08;3;35;043;2022;09;16;4;3;5;2;0;1;1;0;0;0;0;1;511915,619100244017318;5281635,814422899857163;9,158781438000061;47,687999441000002
205159;08220915116100169110;08;1;16;019;2022;09;13;5;2;6;7;0;1;0;1;1;0;0;0;522204,142944530001841;5398780,060456760227680;9,302014842000061;48,741642653000000
205160;08221001212010214190;08;2;12;000;2022;10;17;7;3;5;3;0;1;1;1;0;0;0;0;455392,197218057990540;5430344,013058950193226;8,389825600000050;49,024368164000101
205162;08220921436300176160;08;4;36;081;2022;09;17;4;3;6;4;0;0;0;1;1;0;0;0;562845,975534926052205;5282063,295659930445254;9,837470348000069;47,688899462000101
205163;08220913116100131140;08;1;16;019;2022;09;07;3;3;0;1;0;0;1;0;0;0;0;0;524423,834006031043828;5397558,856751279905438;9,332133606000070;48,730573772000099
205166;08220926311010174610;08;3;11;000;2022;09;20;2;3;5;3;2;1;1;1;0;0;0;0;411181,462349318026099;5320045,862353269942105;7,808688475000050;48,027523190000103
205167;08220914222500106340;08;2;22;000;2022;09;21;4;3;1;5;1;1;1;0;0;0;0;1;466650,197958329983521;5478009,573520069941878;8,539847620000049;49,453829176000099
205168;08220917111500115280;08;1;11;000;2022;09;14;7;3;5;3;0;0;1;1;0;0;0;0;513823,083260630024597;5407125,239608449861407;9,188299328000030;48,816957543000100
205169;08220924221200136520;08;2;21;000;2022;09;18;7;3;5;5;0;0;1;1;0;0;0;0;477505,706000000005588;5471870,562999550253153;8,689974524000039;49,399108817000098
205170;08220930311010155050;08;3;11;000;2022;09;08;6;3;5;3;0;0;1;1;0;0;0;0;413743,539098222972825;5318369,040663870051503;7,843383399000060;48,012790817999999
205171;08220921117010153200;08;1;17;026;2022;09;11;4;2;6;4;0;0;0;1;1;0;0;0;548549,456861031008884;5394999,753134069964290;9,659893643000030;48,706140851000001
205172;08220912211000105150;08;2;16;008;2022;09;17;2;2;5;2;0;0;1;1;0;0;0;0;439929,020999998028856;5391609,676999519579113;8,184011500000050;48,674643188000097
205173;08221004115100196380;08;1;15;003;2022;10;17;3;3;5;3;0;0;1;1;0;0;0;0;500895,852375935006421;5392691,062588320113719;9,012172013000050;48,687260755000104
205176;08221007222600215750;08;2;22;000;2022;10;16;6;3;1;5;0;0;1;1;0;0;0;0;461382,725587408989668;5482953,470258380286396;8,466688782000061;49,497984986000098
205181;08220911222800099390;08;2;22;000;2022;09;15;1;3;5;2;0;0;1;1;0;0;0;0;462432,923031897982582;5485630,897434989921749;8,480936802000031;49,522132915999997
205182;08221002221200574340;08;2;21;000;2022;10;23;1;2;0;7;2;1;1;0;0;0;0;0;476880,921369236020837;5472502,170281420461833;8,681326865000070;49,404766619999997
205184;08220926215302145200;08;2;15;059;2022;09;16;2;3;0;6;0;1;1;1;0;0;0;0;485654,539711759018246;5434306,569680550135672;8,803627985000050;49,061459683000102
205185;08220922416000128780;08;4;16;025;2022;09;14;5;2;0;1;0;0;1;0;0;0;0;0;503101,301748302008491;5360179,224455719813704;9,041895540000040;48,394766328999999
205187;08220913335000106400;08;3;35;043;2022;09;14;3;3;5;3;0;0;1;1;0;0;0;0;511621,218423269980121;5280529,324321510270238;9,154828958000049;47,678048988000100
205188;08221006415400295310;08;4;15;061;2022;10;12;5;3;6;7;0;0;0;0;1;0;0;1;515979,608016414975282;5370809,577369839884341;9,216273658000031;48,490206655000101
205190;08220928311400151490;08;3;15;074;2022;09;13;4;3;6;7;0;1;0;1;1;0;0;0;397083,649999963992741;5295727,498999480158091;7,625455999000050;47,806670318999998
205193;08220910311010094280;08;3;11;000;2022;09;11;7;3;0;7;0;1;1;0;0;0;0;0;414141,242355784983374;5316398,574028699658811;7,849109511000050;47,995119318000000
205194;08220930311010166500;08;3;11;000;2022;09;19;6;3;4;6;2;0;1;1;0;0;0;0;415522,638767648022622;5315641,760699469596148;7,867771560000050;47,988495458999999
205195;08220925317500163710;08;3;17;034;2022;09;17;1;3;8;6;0;0;1;1;0;0;0;0;428713,415167691011447;5358511,766229329630733;8,037341789000040;48,375744943000001
205197;08220921335300124310;08;3;35;100;2022;09;07;4;3;3;6;0;0;1;1;0;0;0;0;487725,785710428026505;5288184,320927719585598;8,836255623000060;47,746913542000101
205198;08220912435100101410;08;4;35;029;2022;09;16;2;3;3;6;0;0;1;0;0;0;0;1;543715,554847663966939;5272673,153248639777303;9,581620806000050;47,605991125000102
205200;08221006136300190010;08;1;36;065;2022;10;11;5;3;0;7;0;0;1;0;0;0;0;0;562164,064262203057297;5404674,243809009902179;9,846387659000071;48,791954792000098
205202;08220915111500136090;08;1;11;000;2022;09;07;5;2;5;3;0;0;1;1;0;0;0;0;512708,571513262984809;5403625,564090549945831;9,173009107000039;48,785498656000101
205208;08220924335200135460;08;3;35;063;2022;09;09;7;2;0;1;0;1;1;0;0;0;0;0;497274,829457551008090;5287597,058390489779413;8,963648419000039;47,741740645999997
205210;08220912421200099550;08;4;25;031;2022;09;19;2;3;5;3;0;0;1;1;0;0;0;0;567534,603261852986179;5370279,067965799942613;9,913894263000030;48,482008937000003
205212;08221005436300187760;08;4;36;081;2022;10;17;4;3;0;1;0;0;1;0;0;0;0;0;561628,385957862948999;5281956,091540699824691;9,821231638000031;47,688052239999998
205213;08220926436200571190;08;4;36;064;2022;09;13;2;3;6;7;0;0;0;1;1;0;0;0;547176,345000001951121;5293626,660999489948153;9,629929621000031;47,794269604000100
205215;08220917212010130870;08;2;12;000;2022;09;11;7;3;6;7;0;0;0;1;1;0;0;0;461470,265294332988560;5427470,067783960141242;8,473234191000071;48,998926057000098
205219;08220912222014130260;08;2;26;062;2022;09;20;2;2;6;4;2;0;0;0;1;1;0;0;469846,530980593990535;5468376,398408819921315;8,584680196000020;49,367348352000100
205220;08221003435100192730;08;4;35;030;2022;10;16;2;2;0;1;0;0;1;0;0;0;0;0;540087,758942647953518;5272205,376986020244658;9,533313670000039;47,602016904999999
205221;08220914215402105440;08;2;15;009;2022;09;19;4;2;0;1;2;1;1;0;0;0;0;0;470750,129662303021178;5441183,509388689883053;8,599110732000041;49,122792053000097
205224;08221005335400206960;08;3;35;098;2022;10;18;4;2;6;7;0;0;0;1;1;0;0;0;504432,746580257022288;5296491,285274580121040;9,059220076000029;47,821757210000001
205225;08220929336100174830;08;3;36;050;2022;09;11;5;3;6;4;0;1;0;1;1;0;0;0;401946,330097116006073;5276805,970230029895902;7,694643286000030;47,637225110000003
205228;08220912111500099690;08;1;11;000;2022;09;08;2;3;6;7;0;0;0;1;1;0;0;0;513263,919448685017414;5404450,046222809702158;9,180595955000060;48,792904020999998
205229;08221003118100186750;08;1;18;010;2022;10;18;2;3;0;7;0;0;1;0;0;0;0;0;506391,770884905999992;5431325,190499920397997;9,087448790000050;49,034774484000103
205230;08220926118000170480;08;1;15;042;2022;09;06;2;2;6;4;2;0;0;1;1;0;0;0;493273,702000000979751;5406795,103999519720674;8,908378957000020;48,814105051000098
205232;08220913311010103920;08;3;11;000;2022;09;17;3;3;1;5;0;0;1;1;0;0;0;0;411449,043185090995394;5314685,437867810018361;7,813383254000030;47,979341998999999
205234;08221005116500210150;08;1;16;071;2022;10;10;4;3;6;6;0;0;0;1;1;0;0;0;527997,302055503008887;5390561,076235909946263;9,380252806000041;48,667472197999999
205235;08220928225100296560;08;2;25;118;2022;09;11;4;2;7;7;0;0;1;0;0;0;0;1;507019,074898458027747;5477370,838651020079851;9,096837724000070;49,448958629000103
205236;08220928116100181150;08;1;16;014;2022;09;08;4;3;5;3;0;1;1;1;0;0;0;0;529451,625000001979060;5395679,915999519638717;9,400369504000031;48,713453786000102
205238;08220911116100111200;08;1;16;019;2022;09;23;1;2;0;1;2;0;1;0;0;0;0;0;521902,629328606999479;5397070,080260420218110;9,297822919000049;48,726270497000002
205239;08220919211000137280;08;2;16;059;2022;09;17;2;2;6;4;0;1;0;1;1;0;0;0;452917,111134628998116;5397338,575112380087376;8,359771988000031;48,727292161000001
205243;08220930126200174340;08;1;26;066;2022;09;11;6;3;4;2;0;0;1;1;0;0;0;0;536572,313000001944602;5450010,891999539919198;9,502046704000071;49,201802430999997
205248;08220926231000139740;08;2;31;000;2022;09;07;2;3;4;2;0;0;1;1;0;0;0;0;478060,216616110992618;5414276,797613630071282;8,700752392000030;48,881057411000000
205250;08220917116010137500;08;1;16;072;2022;09;19;7;3;6;7;2;0;0;1;1;0;0;0;530213,234121466055512;5393521,175776800140738;9,410564662000070;48,693997643000003
205252;08221007317500212550;08;3;17;096;2022;10;07;6;3;0;1;0;0;1;0;0;0;0;0;422999,476097207982093;5370052,008413540199399;7,958073187000020;48,478878296000097
205254;08220921119400155010;08;1;19;091;2022;09;13;4;3;5;3;0;0;1;1;0;0;0;0;528794,769189157988876;5405406,863904530182481;9,392120783000051;48,800986016000103
205255;08220912119200100320;08;1;19;020;2022;09;13;2;3;3;6;0;0;1;1;0;0;0;0;520199,273143086000346;5407184,531951749697328;9,275158419000039;48,817316332000097
205256;08221003317500193750;08;3;17;096;2022;10;16;2;3;5;3;0;0;1;0;0;0;0;0;421512,512375462974887;5370364,313024479895830;7,937897365000030;48,481503555000103
205258;08220913415400103530;08;4;15;061;2022;09;18;3;3;5;7;0;0;1;1;0;0;0;0;513292,647058140020818;5371801,770913530141115;9,179939169000020;48,499195374000102
205259;08220922121600130010;08;1;25;046;2022;09;07;5;3;6;2;0;0;0;1;1;0;0;0;517777,900445620005485;5433693,745390400290489;9,243330660000030;49,055857552000099
205260;08220913317300130290;08;3;17;065;2022;09;18;3;3;0;7;0;0;1;0;0;0;0;0;413670,009248330025002;5354541,148498590104282;7,835049284000040;48,338151202000098
205261;08221007116200203790;08;1;16;077;2022;10;13;6;3;1;5;0;0;1;1;0;0;0;0;516060,634564796986524;5391596,329151039943099;9,218173669000070;48,677206460000001
205266;08220911416200130030;08;4;16;041;2022;09;13;1;3;0;1;0;0;1;0;0;0;0;0;504911,969502758991439;5372969,471529260277748;9,066505967000070;48,509821896000098
205268;08220924425000134540;08;4;25;033;2022;09;11;7;3;0;7;0;1;1;0;0;0;0;1;553320,553263752022758;5347790,809830780141056;9,718710595000060;48,281073859000102
205269;08220921121300139350;08;1;21;000;2022;09;12;4;1;6;4;0;0;0;0;1;0;0;1;513191,693426284997258;5443621,738557850010693;9,180882718000021;49,145279234999997
205270;08220912119400100100;08;1;19;090;2022;09;11;2;2;6;2;0;0;0;1;1;0;0;0;531103,453944297973067;5407186,339671510271728;9,423693922000041;48,816882358999997
205271;08221004119400188250;08;1;19;091;2022;10;08;3;3;6;7;0;0;0;0;1;0;0;1;528505,846011084038764;5405635,313912509940565;9,388202246000050;48,803054405000097
205272;08220914116400134320;08;1;16;072;2022;09;16;4;3;5;2;0;1;1;1;0;0;0;0;531509,114451176021248;5391953,593876640312374;9,428054216000019;48,679831804000102
205276;08220929136200163540;08;1;36;019;2022;09;13;5;3;4;3;0;0;1;1;0;0;0;0;582983,910265982965939;5423285,709132660180330;10,133583522000000;48,956917561000097
205277;08220920212010130440;08;2;12;000;2022;09;12;3;3;5;3;0;0;1;1;0;0;0;0;463274,258193125016987;5430125,911125149577856;8,497656472000070;49,022926003000102
205278;08220916212010110460;08;2;12;000;2022;09;05;6;3;4;6;1;1;1;0;0;0;0;1;456411,530174869985785;5427389,488127109594643;8,404085172000070;48,997864763999999
205279;08220911128200121780;08;1;28;115;2022;09;20;1;2;0;7;0;0;1;0;0;0;0;0;546415,221913235960528;5493354,683486229740083;9,642220790000071;49,590989036000103
205281;08220918337010132070;08;3;37;124;2022;09;17;1;2;0;7;0;0;1;0;0;0;0;0;454860,902823237003759;5283074,823688410222530;8,398366518000049;47,699479847000099
205282;08220924335100172400;08;3;35;043;2022;09;15;7;3;5;2;0;0;1;1;0;0;0;0;512290,990981764975004;5280667,438804619945586;9,163756159000060;47,679279307000101
205283;08220922116500167730;08;1;16;022;2022;09;09;5;3;5;2;0;0;1;1;0;0;0;0;522981,778094346984290;5382533,782170340418816;9,311689200000050;48,595462883000003
205284;08220913212010101880;08;2;12;000;2022;09;15;3;3;4;6;0;0;1;0;0;0;0;0;456396,246999999973923;5428403,384999530389905;8,403767377000070;49,006983814000101
205285;08221007111140215960;08;1;11;000;2022;10;18;6;2;8;1;1;0;1;0;0;0;0;0;512331,149432912992779;5400779,745819070376456;9,167785739000070;48,759905459999999
205286;08221005111240186780;08;1;11;000;2022;10;00;4;3;9;7;2;0;1;0;0;0;0;0;516206,319797041011043;5403397,140207800082862;9,220616634000070;48,783362472000100
205287;08220928119500570200;08;1;19;085;2022;09;19;4;3;5;3;2;0;1;1;0;0;0;0;529318,300495177973062;5413838,872201300226152;9,399853227000049;48,876812940000001
205289;08220915221011143590;08;2;21;000;2022;09;15;5;3;3;5;0;0;1;0;0;0;0;1;476403,228564236022066;5472839,053222710266709;8,674722445000040;49,407778491999998
205290;08220919136200119480;08;1;36;018;2022;09;12;2;3;6;4;0;0;0;1;1;0;0;0;589218,379678140045144;5431971,774366970174015;10,220636099000000;49,034168176999998
205291;08220930311010174730;08;3;11;000;2022;09;12;6;3;3;6;0;0;1;1;0;0;0;0;411682,762388409988489;5316070,136973050422966;7,816229675000050;47,991830074000099
205292;08220924126100135410;08;1;26;046;2022;09;11;7;3;6;7;0;0;0;1;1;0;0;0;550243,868332121986896;5458759,484418139792979;9,690807485000050;49,279524209000002
205293;08220930121400168990;08;1;25;013;2022;09;15;6;3;5;3;0;0;1;1;0;0;0;0;505137,728000000992324;5435929,419999529607594;9,070350084000040;49,076203661000100
205294;08220921311400142540;08;3;15;008;2022;09;18;4;3;5;3;0;0;1;1;0;0;0;0;402890,561863466980867;5301711,122792759910226;7,701649388000020;47,861396219000000
205295;08220919327200119020;08;3;27;002;2022;09;16;2;3;5;3;0;0;1;1;0;0;0;0;478452,700374022999313;5326453,375534909777343;8,710635496000069;48,090984755000100
205297;08221004311010207240;08;3;11;000;2022;10;18;3;3;5;3;0;0;1;1;0;0;0;0;412932,192942028981633;5316284,321436460129917;7,832929490000030;47,993928078000103
205298;08221006222200213410;08;2;22;000;2022;10;08;5;3;4;1;0;0;1;0;0;0;0;0;461554,330917063984089;5482494,502122179605067;8,469103230000030;49,493867719000001
205300;08220914325000107570;08;3;26;074;2022;09;13;4;2;6;2;0;1;0;1;1;0;0;0;460205,808819490019232;5322510,936803359538317;8,465968706000069;48,054637622000001
205301;08220916436400112750;08;4;36;064;2022;09;13;6;3;0;3;0;1;1;0;0;1;0;0;545021,180598604027182;5291524,711064640432596;9,600936107000051;47,775512607000103
205304;08220929326400172280;08;3;26;074;2022;09;12;5;3;5;3;0;0;1;1;0;0;0;0;460167,988727333024144;5323932,306030060164630;8,465328786000040;48,067422893000099
205306;08220916126200114000;08;1;26;066;2022;09;12;6;2;0;1;0;1;1;0;0;0;0;0;536687,909000001032837;5449809,718999540433288;9,503615109000069;49,199985981000097
205308;08221001415400264900;08;4;15;061;2022;10;19;7;3;1;7;2;0;0;1;1;0;0;0;515546,801460106973536;5371523,526231380179524;9,210442522000051;48,496640446000100
205310;08220914212702153520;08;2;15;110;2022;09;13;4;3;5;3;0;0;1;1;0;0;0;0;461759,845491242012940;5419227,458869840018451;8,477967493000049;48,924799307999997
205311;08220922416100140450;08;4;16;036;2022;09;16;5;3;8;2;0;0;1;0;0;0;0;1;496677,906317180022597;5369219,815344910137355;8,955050091000031;48,476098878000101
205315;08220928335100177410;08;3;35;043;2022;09;19;4;3;5;2;2;1;1;1;0;0;0;0;512873,069390277029015;5280204,944761759601533;9,171497674000021;47,675106615000097
205318;08220919215402138850;08;2;15;009;2022;09;12;2;3;5;3;0;0;1;1;0;0;0;0;471281,904008166980930;5441342,185278969816864;8,606387581000041;49,124244453000102
205320;08220925435200182290;08;4;35;018;2022;09;18;1;2;0;1;0;1;1;0;0;0;0;0;522828,828010122000705;5280486,890411620028317;9,304143568000031;47,677368549999997
205321;08220921317300158420;08;3;17;065;2022;09;17;4;3;0;6;0;0;1;1;0;0;0;0;415354,249499325000215;5354084,733415340073407;7,857863662000060;48,334273713000101
205323;08221004231102219780;08;2;36;046;2022;10;23;3;2;0;7;2;0;0;1;1;0;0;0;484980,344042321026791;5417906,955683750100434;8,795005182000070;48,913919604999997
205324;08221006222800212190;08;2;22;000;2022;10;11;5;3;0;7;0;0;1;0;0;0;0;0;460230,779125578992534;5488713,724607950076461;8,450200311000060;49,549720489000002
205330;08220930222700296540;08;2;22;000;2022;09;19;6;3;0;5;1;0;1;1;0;0;0;0;461970,577743751986418;5481530,927632709965110;8,474943637000020;49,485227109999997
205331;08220921222600168010;08;2;22;000;2022;09;15;4;3;6;3;0;0;0;0;1;0;0;1;462973,132500363979489;5483705,840493869967759;8,488581111000030;49,504851322999997
205332;08220912226400099780;08;2;26;084;2022;09;11;2;3;6;4;0;0;0;0;1;0;0;1;468671,306794002011884;5471458,382657529786229;8,568250878000070;49,395010788000000
205333;08220921416200125970;08;4;16;041;2022;09;19;4;3;0;1;1;0;1;0;0;0;0;0;504341,309000000008382;5373711,487999510020018;9,058787194000050;48,516501560000101
205334;08220912437100110660;08;4;37;088;2022;09;12;2;3;6;4;0;0;0;1;1;0;0;0;519391,222687484987546;5307812,678335909731686;9,259567416000040;47,923342111000103
205335;08221004317300200020;08;3;17;065;2022;10;12;3;3;5;3;0;0;1;1;0;0;0;0;416120,445287686015945;5354631,784716409631073;7,868091004000060;48,339296563000097
205337;08220927221400146550;08;2;21;000;2022;09;16;3;3;6;4;0;0;0;1;1;0;0;0;475251,414161405991763;5470174,574876530095935;8,659011122000040;49,383766188000003
205338;08220915237100118350;08;2;37;002;2022;09;20;5;3;7;7;2;1;1;0;0;0;0;0;455383,242863367020618;5354630,618316019885242;8,397877439000069;48,343279463999998
205339;08220910336200096750;08;3;36;069;2022;09;15;7;3;0;7;0;0;1;0;0;0;0;0;408566,481433184992056;5267745,051483640447259;7,784643240000040;47,556683808999999
205343;08220919335000118940;08;3;27;038;2022;09;12;2;2;6;3;0;0;0;1;1;0;0;0;495174,069786566018593;5313306,968637250363827;8,935339014000020;47,973050854000100
205344;08220912119500102780;08;1;19;085;2022;09;12;2;3;0;7;0;0;1;0;0;0;0;0;529170,798085001995787;5413427,584458050318062;9,397812252000049;48,873120120000102
205345;08221003435100193720;08;4;35;016;2022;10;17;2;3;8;1;0;0;1;0;0;0;0;0;536321,365891939960420;5278491,801762229762971;9,483730473000040;47,658800692000099
205346;08220927117010158450;08;4;25;071;2022;09;20;3;2;0;1;2;1;1;0;0;0;0;0;551715,961840471019968;5365127,927009060047567;9,699215104000070;48,437170887999997
205349;08220923221011163120;08;2;21;000;2022;09;11;6;3;5;5;0;0;1;1;1;0;0;0;477284,396287129027769;5472673,373178039677441;8,686878478000040;49,406321757000100
205350;08221007222700217720;08;2;22;000;2022;10;08;6;3;5;3;0;0;1;0;0;0;1;0;462205,271786298020743;5481709,623745090328157;8,478166735000061;49,486849049999996
205355;08220919311400297910;08;3;15;006;2022;09;15;2;3;0;1;0;0;1;0;0;0;0;0;403302,823163633991499;5307833,595910189673305;7,705788297000030;47,916530459999997
205356;08221002116200290440;08;1;16;047;2022;10;18;1;3;6;4;0;0;0;1;1;0;0;0;520442,815189267974347;5391917,254269029945135;9,277718068000070;48,679965391000103
205357;08220917311010182720;08;3;11;000;2022;09;10;7;3;5;3;0;0;1;1;0;0;0;0;412802,810431751015130;5316745,538369690068066;7,831101885000070;47,998059240000003
205359;08220914118400135850;08;1;18;048;2022;09;09;4;3;0;7;0;0;1;0;0;0;0;0;513459,854247685987502;5414974,683328269980848;9,183609438000079;48,887577561000100
205360;08220922311200130560;08;3;11;000;2022;09;16;5;3;0;7;0;0;1;0;0;0;0;0;413560,674006408022251;5316382,388137799687684;7,841332207000050;47,994895495000002
205361;08220913216100101820;08;3;17;151;2022;09;17;3;3;8;1;0;0;1;0;0;0;0;0;412481,673403069027700;5368466,148302859626710;7,816113980000070;48,463238047000097
205362;08221006311400200670;08;3;15;006;2022;10;14;5;3;2;6;0;0;1;1;0;0;0;0;402881,367469881020952;5307891,510664289817214;7,700135910000030;47,916987700999996
205365;08220927212010178760;08;2;12;000;2022;09;07;3;3;5;3;0;1;1;1;0;0;0;0;453869,254874313017353;5429170,711497720330954;8,369128513000019;49,013702240999997
205370;08220921436300157150;08;4;36;081;2022;09;16;4;3;3;6;0;0;1;1;0;0;0;0;562957,157000001985580;5281460,723999490030110;9,838864831000020;47,683467474000103
205371;08220912231202132180;08;2;36;072;2022;09;16;2;3;0;3;0;0;1;0;0;0;0;0;465643,320882671978325;5410286,309686649590731;8,531732045000069;48,844596998999997
205373;08221005436300187290;08;4;36;081;2022;10;06;4;2;0;1;2;0;1;0;0;0;0;0;557264,877665419946425;5279399,139817619696259;9,762755688000031;47,665449008000103
205374;08220927111500159630;08;1;11;000;2022;09;08;3;3;5;2;0;1;1;1;0;0;0;0;512026,161288328003138;5403121,827615180052817;9,163704366000051;48,780980653000000
205375;08220914222200177680;08;2;22;000;2022;09;13;4;3;0;3;0;0;1;1;0;0;0;0;461042,900821088987868;5481610,997870829887688;8,462128286000050;49,485888457000001
205376;08220916335100156180;08;3;35;043;2022;09;23;6;2;0;1;2;1;1;0;0;0;0;0;512361,501765596971381;5279151,784402109682560;9,164652687000061;47,665640609999997
205377;08220924212302136630;08;2;12;000;2022;09;13;7;3;0;1;0;1;1;0;0;0;0;0;456524,525696089025587;5428534,033280249685049;8,405507355000051;49,008168060999999
205380;08220912231000101140;08;2;36;076;2022;09;12;2;2;6;7;0;0;0;1;1;0;0;0;473645,100000001024455;5423854,544999529607594;8,639914662000020;48,967042599000102
205381;08221003121100206220;08;1;25;026;2022;10;16;2;2;6;7;0;0;0;1;1;0;0;0;493530,121987896971405;5442672,368809279985726;8,911300972000049;49,136846886999997
205382;08220913416200135750;08;4;16;041;2022;09;18;3;3;6;4;0;0;1;0;1;0;0;0;504338,592150333977770;5373715,848427959717810;9,058750450000050;48,516540806000101