OBJECTID;UIDENTSTLAE;ULAND;UREGBEZ;UKREIS;UGEMEINDE;UJAHR;UMONAT;USTUNDE;UWOCHENTAG;UKATEGORIE;UART;UTYP1;ULICHTVERH;IstStrassenzustand;IstRad;IstPKW;IstFuss;IstKrad;IstGkfz;IstSonstige;LINREFX;LINREFY;XGCSWGS84;YGCSWGS84
205383;08220923118300170380;08;1;18;081;2022;09;19;6;3;1;6;0;0;1;1;0;0;0;0;518889,603129816008732;5412804,528859159909189;9,257577157000069;48,867913747000003
205384;08221007317200194930;08;3;17;127;2022;10;14;6;2;0;1;0;0;1;0;0;0;0;0;421407,773999992001336;5350611,643999510444701;7,940176947000050;48,303814750000100
205385;08221005317300206030;08;3;17;065;2022;10;17;4;3;5;3;0;0;1;1;0;0;0;0;414345,866231471009087;5354623,111529069952667;7,844150802000060;48,338980438000100
205386;08220930111500174360;08;1;11;000;2022;09;23;6;3;6;7;2;0;0;1;1;0;0;0;516296,025532995001413;5405001,050700799562037;9,221901405000040;48,797788710000098
205387;08220920127100122220;08;1;27;025;2022;09;15;3;3;0;7;0;0;1;0;0;0;0;0;556116,785367709002458;5427466,972918460145593;9,767190695000069;48,997550030000099
205389;08221001426100184390;08;4;26;021;2022;10;17;7;3;0;1;1;1;1;0;0;0;0;0;558812,403881630045362;5326711,705920049920678;9,789809559000050;48,090959063000099
205390;08220918116500159740;08;1;16;041;2022;09;04;1;2;0;1;2;0;1;0;0;0;0;0;519113,458434726984706;5384228,489232529886067;9,259303958000030;48,610838762000100
205392;08221003222600193430;08;2;22;000;2022;10;20;2;3;6;6;2;1;0;1;1;0;0;0;461817,129816509026568;5483659,892924830317497;8,472619427000041;49,504366369000103
205393;08220913426100103440;08;4;26;019;2022;09;12;3;3;0;7;0;0;1;0;0;0;0;0;581048,930261148954742;5320116,589921469800174;10,087132537000100;48,029192713000000
205394;08220923118000154070;08;1;18;067;2022;09;17;6;2;6;4;0;0;0;0;1;0;1;0;505730,316311742004473;5414327,205976240336895;9,078159858000051;48,881872668000000
205396;08220929116100290880;08;1;16;019;2022;09;06;5;3;0;7;2;0;1;0;0;0;0;0;521770,975876518990844;5397835,346531669609249;9,296073189000030;48,733159383999997
205397;08220920311010134410;08;3;36;091;2022;09;14;3;2;5;3;0;0;1;1;0;0;0;0;396478,307252681988757;5272011,749853510409594;7,623003258000040;47,593248950000003
205399;08220911311010176270;08;3;15;047;2022;09;16;1;3;2;6;0;0;1;0;0;0;0;0;416362,841460502997506;5322398,370862980373204;7,877711846000070;48,049384515000000
205400;08221002336100201370;08;3;36;050;2022;10;02;1;3;0;1;2;1;1;0;0;0;0;0;401394,662999971013051;5273305,974999479949474;7,688089138000070;47,605657393000101
205402;08220926136100168760;08;1;36;088;2022;09;09;2;3;6;4;0;0;0;1;1;0;0;0;580209,356745981029235;5409739,939447569660842;10,093029967000099;48,835451256000098
205404;08220913222014147320;08;2;22;000;2022;09;06;3;3;0;3;1;0;1;1;0;0;0;0;461060,593017812992912;5482724,539085860364139;8,462262842000030;49,495905284999999
205405;08221006416000189440;08;4;16;025;2022;10;15;5;3;0;1;0;0;1;0;0;0;0;0;504676,370080570981372;5361315,289479319937527;9,063185811000039;48,404977283000100
205406;08221004436200194790;08;4;36;064;2022;10;10;3;3;3;2;0;0;1;1;0;0;0;0;545600,769000001018867;5292193,463999490253627;9,608742152000049;47,781488633000002
205407;08220928336100155910;08;3;36;050;2022;09;19;4;3;6;4;2;1;0;1;1;0;0;0;399795,394390759000089;5274644,854082220233977;7,666511123000020;47,617455808000003
205409;08220915212010122100;08;2;12;000;2022;09;13;5;3;5;3;0;0;1;1;0;0;0;0;453682,123409201973118;5427992,091419169679284;8,366703990000079;49,003086471000103
205411;08220930337010175090;08;3;37;096;2022;09;07;6;2;4;2;0;0;1;1;0;0;0;0;420035,827344728983007;5267665,796793229877949;7,937082045000070;47,557484844000001
205412;08220926111500157260;08;1;11;000;2022;09;16;2;3;6;4;0;0;0;1;1;0;0;0;512163,146679526020307;5402506,834289279766381;9,165550857000030;48,775445554999997
205413;08220921335300154030;08;3;35;075;2022;09;09;4;3;5;2;0;0;1;1;0;0;0;0;488602,977069558983203;5288067,477306669577956;8,847960827000071;47,745878335000000
205415;08221004316100187140;08;3;16;011;2022;10;16;3;3;0;1;0;0;1;0;0;0;0;0;414311,482627563003916;5330140,258581729605794;7,848638001000040;48,118752499000003
205416;08221006111230191120;08;1;11;000;2022;10;13;5;3;6;6;0;0;0;0;1;0;0;1;510759,373711886990350;5397031,989134759642184;9,146301314000031;48,726219829000101
205420;08220923436000142930;08;4;35;016;2022;09;14;6;2;5;3;0;0;1;1;0;0;0;0;538106,129000002052635;5277114,711999489925802;9,507379101000030;47,646307815999997
205423;08220912215402115100;08;2;15;009;2022;09;16;2;3;1;5;0;0;1;1;0;0;0;0;470892,812965291028377;5441451,657970139756799;8,601046904000039;49,125210878000097
205424;08221004215102207710;08;2;12;000;2022;10;17;3;3;5;7;0;0;1;1;0;0;0;0;461229,848275879980065;5430249,493932699784636;8,469681951000039;49,023912535000100
205426;08220923118500159390;08;1;18;049;2022;09;11;6;3;6;7;0;0;0;1;1;0;0;0;519275,389896959008183;5420163,863474800251424;9,263185023000061;48,934104071999997
205427;08221007317500224810;08;3;17;034;2022;10;07;6;3;5;3;0;0;1;1;0;0;0;0;427070,371035428019240;5361175,621579940430820;8,014694910000060;48,399519197000103
205428;08221005311010211870;08;3;11;000;2022;10;13;4;2;5;3;0;0;1;1;0;0;0;0;411826,455071035015862;5320965,890224999748170;7,817148359000040;48,035888415000002
205430;08220920212402122450;08;2;12;000;2022;09;20;3;2;0;7;2;0;1;0;0;0;0;0;455049,189470635028556;5426767,910244730301201;8,385529964000060;48,992175910000100
205431;08220915435100107920;08;4;35;030;2022;09;16;5;3;0;1;0;1;1;0;0;0;0;0;539750,724000000045635;5273384,294999489560723;9,528937003000070;47,612644885000101
205433;08221002136100192770;08;1;36;088;2022;10;20;1;3;6;4;2;1;0;1;1;0;0;0;580313,269689638982527;5410446,268954549916089;10,094584169000001;48,841790711000002
205436;08220922221300160220;08;2;21;000;2022;09;12;5;3;4;2;0;0;1;1;0;0;0;0;477503,098999999987427;5474215,684999549761415;8,689805714000039;49,420202726000099
205437;08220913216200120180;08;2;16;007;2022;09;19;3;3;5;3;1;0;1;1;0;0;0;0;435776,128059538023081;5394931,859919060021639;8,127089887000070;48,704113057000001
205439;08221005222014195430;08;2;22;000;2022;10;21;4;1;6;6;2;0;0;1;1;0;0;0;462038,410956665000413;5483616,566135239787400;8,475679784000020;49,503990559999998
205441;08220927336200283360;08;3;36;069;2022;09;17;3;2;5;3;0;1;1;0;0;0;0;1;405362,326809192018118;5267345,431037319824100;7,742149275000030;47,552629774000103
205443;08220910317500120460;08;3;17;096;2022;09;10;7;3;1;5;0;1;1;1;0;0;0;0;422670,508759064017795;5374208,819811680354178;7,952852720000070;48,516228027000103
205444;08221001115300190510;08;1;15;041;2022;10;11;7;3;0;7;0;1;1;0;0;0;0;0;495360,231746519973967;5401538,593336789868772;8,936859580000030;48,766836884000000
205445;08220924221400136490;08;2;21;000;2022;09;15;7;3;5;3;0;0;1;1;0;0;0;0;474546,412179588980507;5472458,350185710005462;8,649151429000030;49,404279305000003
205446;08221008116400205460;08;1;16;070;2022;10;08;7;3;5;2;0;0;1;1;0;0;0;0;539278,051326291053556;5384597,600223509594798;9,532893970000030;48,613218410000101
205448;08220921435200162780;08;4;35;059;2022;09;14;4;3;5;3;0;0;1;1;0;0;0;0;514526,255000001983717;5288816,309999490156770;9,193808713000070;47,752553088000099
205450;08221004335100566460;08;3;35;043;2022;10;14;3;3;5;3;0;0;1;0;0;0;0;0;513314,283099531021435;5278565,402267090044916;9,177325611000070;47,660345620999998
205452;08220922326400160450;08;3;26;074;2022;09;16;5;2;5;3;0;0;1;1;0;0;0;0;458759,411437020986341;5324093,193921430036426;8,446406612000031;48,068780814000000
205453;08220913325202101790;08;3;25;049;2022;09;15;3;3;0;1;0;0;1;0;0;0;0;0;472071,357192120980471;5334888,064638240262866;8,624387456000020;48,166622154999999
205454;08221006335200212530;08;3;35;063;2022;10;19;5;3;0;1;1;0;1;0;0;0;0;0;497342,434635282028466;5287429,228696569800377;8,964551243000070;47,740230865000100
205460;08220925121200139620;08;1;21;000;2022;09;18;1;3;6;7;0;0;0;0;1;0;0;1;516065,185153652972076;5443271,291855989955366;9,220269398000029;49,142058409000100
205462;08220921311010127110;08;3;11;000;2022;09;15;4;3;3;3;0;0;1;0;0;0;0;0;412409,670840998005588;5315352,233528600074351;7,826117222000050;47,985472291000100
205463;08220912325202133020;08;3;25;072;2022;09;16;2;3;4;6;0;0;1;0;0;0;0;0;470177,360003727022558;5327830,981726770289242;8,599409873000070;48,103045254999998
205465;08221006111340226160;08;1;11;000;2022;10;10;5;3;0;7;0;0;1;0;0;0;0;0;511700,187194889003877;5406271,141479509882629;9,159356815000020;48,809317792000101
205468;08220917121500140600;08;1;25;065;2022;09;11;7;3;6;7;0;1;0;1;1;0;0;0;517897,350000001024455;5450125,780999540351331;9,245694892000071;49,203665688000100
205469;08220923311010171730;08;3;11;000;2022;09;23;6;3;1;5;2;0;1;1;0;0;0;0;414834,333800212014467;5316909,449759550392628;7,858296715000050;47,999807548000000
205470;08220930136100156510;08;1;36;033;2022;09;13;6;3;1;7;0;0;1;1;0;0;0;0;580463,313373888027854;5415894,392041450366378;10,097700075000001;48,890772651000098
205471;08220920415400140870;08;4;15;061;2022;09;16;3;2;8;1;0;0;1;0;0;0;0;0;514473,521546408010181;5371160,830439209938049;9,195902055000030;48,493403149000102
205473;08221003317300185530;08;3;17;073;2022;10;15;2;3;0;1;0;0;1;0;0;0;0;0;412045,098765635979362;5349256,382995929569006;7,814229423000030;48,290391864000100
205475;08220914128100119670;08;1;28;007;2022;09;07;4;3;5;3;0;1;1;1;0;0;0;0;555740,362000002991408;5482290,788999550044537;9,769671523000060;49,490693093000097
205476;08220923212010160970;08;2;12;000;2022;09;10;6;3;1;5;0;0;1;1;0;0;0;0;460997,901195743004791;5427547,448700239881873;8,466769045000040;48,999592452999998
205477;08221007221011192830;08;2;21;000;2022;10;16;6;3;3;6;0;0;1;0;0;0;0;0;477260,070676759001799;5472563,671195370145142;8,686549450000030;49,405334095999997
205478;08221005316100211630;08;3;16;012;2022;10;16;4;3;5;3;0;0;1;1;0;0;0;0;403794,672106310026720;5332704,568519369699061;7,706784087000070;48,140315311999998
205479;08220929127202174170;08;1;27;014;2022;09;15;5;2;6;2;0;0;0;1;1;0;0;0;578416,825976014020853;5443165,816043750382960;10,075055755999999;49,136314669000100
205480;08220920121500123850;08;1;25;065;2022;09;14;3;3;0;7;0;0;1;0;0;0;0;0;516318,667984872008674;5449022,143273410387337;9,223978088000020;49,193782273000103
205482;08220912111210269600;08;1;11;000;2022;09;11;2;3;5;3;0;0;1;1;0;0;0;0;511427,294664563029073;5395556,157702259719372;9,155342494000021;48,712931327000000
205483;08221002416010197580;08;4;16;041;2022;10;04;1;2;0;1;2;1;1;0;0;0;0;0;504953,589225239993539;5375582,887432909570634;9,067100527000040;48,533332802000103
205490;08220915212010136840;08;2;12;000;2022;09;12;5;3;5;2;0;0;1;1;0;0;0;0;457811,776721332978923;5428476,778680579736829;8,423114493000069;49,007742392000097
205491;08220930436400286890;08;4;36;082;2022;09;20;6;3;1;5;2;0;1;1;0;0;0;0;547565,063472472014837;5294695,148071549832821;9,635236894000061;47,803854129000101
205492;08220923311400132010;08;3;15;108;2022;09;14;6;3;0;1;0;0;1;0;0;0;0;0;404977,934100707992911;5304546,581817650236189;7,728926620000040;47,887213818000099
205493;08221008127010218360;08;1;27;014;2022;10;15;7;2;5;3;0;0;1;1;0;0;0;0;577185,755000008968636;5442739,182999540120363;10,058099746000000;49,132633484999999
205494;08220930212702165180;08;2;15;046;2022;09;12;6;2;0;1;0;0;1;0;0;0;0;0;451630,926645356987137;5414667,864252270199358;8,340242068000070;48,883076283000001
205495;08220921115300144080;08;1;15;028;2022;09;13;4;3;5;3;0;0;1;1;0;0;0;0;501486,395839964970946;5403433,920978180132806;9,020234518000050;48,783902712000000
205499;08220927116400160780;08;1;16;033;2022;09;16;3;3;5;3;0;1;1;1;0;0;0;0;531134,702753050951287;5389709,727091490291059;9,422799033000050;48,659665013999998
205500;08220914311010133760;08;3;11;000;2022;09;19;4;3;6;2;0;0;1;0;1;0;0;0;409635,428749770973809;5316954,171250729821622;7,788608132000040;47,999496080000000
205502;08220923225100164680;08;2;25;058;2022;09;17;6;3;5;3;0;0;1;0;0;0;0;1;508238,179846019018441;5465337,883199770003557;9,113407439000071;49,340707121000001
205503;08221008116200204990;08;1;16;077;2022;10;11;7;3;5;3;0;0;1;1;0;0;0;0;515169,527177575975657;5389251,800631079822779;9,205982641000050;48,656137181000098
205505;08220920311400156580;08;3;15;004;2022;09;16;3;3;5;3;0;0;1;1;0;0;0;0;394583,572991168010049;5294064,579940419644117;7,592479560000070;47,791308088999997
205506;08220915436100107380;08;4;36;010;2022;09;07;5;2;4;3;0;0;1;1;0;0;0;0;567281,038121838006191;5306568,269446140155196;9,900364839000080;47,908909390000098
205507;08220911316200125870;08;3;16;009;2022;09;22;1;3;0;1;2;0;1;0;0;0;0;0;417975,550331805017777;5324567,579598709940910;7,898931805000070;48,069106806000001
205508;08221002335200185360;08;3;35;063;2022;10;12;1;3;0;1;0;1;1;0;0;0;0;0;496912,268000000971369;5287777,825999489985406;8,958810860000030;47,743365484999998
205510;08220914212010107400;08;2;12;000;2022;09;10;4;2;0;2;0;0;1;0;0;0;0;1;454293,030000000027940;5429156,586999529972672;8,374925174000049;49,013606729000102
205511;08220922415400169340;08;4;15;061;2022;09;06;5;3;5;3;0;0;1;1;0;0;0;0;516196,954460198001470;5371349,107403200119734;9,219236204000030;48,495054890000098
205513;08220926226400142650;08;2;26;032;2022;09;13;2;3;5;3;0;0;1;1;0;0;0;0;466787,925654433027375;5462903,898684689775109;8,543009812000040;49,317965327000103
205515;08220916221400114600;08;2;21;000;2022;09;16;6;3;5;3;0;1;1;0;0;0;0;0;475325,045305854000617;5470109,940309819765389;8,660029613000059;49,383187797000097
205517;08221007311100216090;08;3;15;015;2022;10;13;6;3;5;3;0;0;1;0;0;0;0;0;394770,047231169999577;5321278,179358730092645;7,588325348000070;48,036114071999997
205518;08220929231000169310;08;2;35;046;2022;09;12;5;2;6;4;0;0;0;0;1;0;1;0;480000,349291347025428;5376906,637659369967878;8,729025862000070;48,544942386999999
205519;08220921118300127040;08;1;18;081;2022;09;16;4;3;6;4;0;0;0;1;1;0;0;0;516425,728627350006718;5412877,723842809908092;9,223983184000080;48,868642346000101
205521;08221004111500194140;08;1;11;000;2022;10;14;3;3;6;4;0;0;1;0;1;0;0;0;516538,111762146989349;5405972,679760079830885;9,225236978000050;48,806522953000098
205523;08220913415400116700;08;4;15;061;2022;09;10;3;3;1;5;0;0;1;1;0;0;0;0;515710,350155099004041;5371399,116182199679315;9,212651631000030;48,495517141999997
205524;08220922119200158740;08;1;19;020;2022;09;09;5;3;6;7;0;0;0;1;1;0;0;0;519510,521360345010180;5408462,916661050170660;9,265837030000061;48,828838433000001
205525;08220913311010296000;08;3;11;000;2022;09;12;3;3;2;6;0;0;1;0;0;0;1;0;414454,112528497993480;5316733,435398019850254;7,853235741000050;47,998173463999997
205526;08221007115400281700;08;1;15;054;2022;10;16;6;3;6;4;0;0;1;0;1;0;0;0;493507,627331395982765;5395132,165923589840531;8,911749327000051;48,709187986000103
205527;08221005118000216040;08;1;18;007;2022;10;10;4;2;1;5;0;0;1;1;0;0;0;0;510251,510533879976720;5427234,405623660422862;9,140152201000030;48,997923470000003
205531;08220911311010134430;08;3;36;103;2022;09;17;1;3;0;1;0;0;1;0;0;0;0;0;413702,932624672015663;5284288,685110170394182;7,849641885000040;47,706212704999999
205532;08221002435100201630;08;4;35;016;2022;10;15;1;3;1;1;0;0;1;1;0;0;0;0;536313,728127419948578;5279472,857142229564488;9,483710293000060;47,667628065000002
205533;08220924311010135950;08;3;11;000;2022;09;16;7;3;5;3;0;0;1;1;0;0;0;0;411298,728050381992944;5315392,169854200445116;7,811223450000060;47,985678424000099
205534;08220921326200175670;08;3;26;074;2022;09;12;4;3;6;2;0;0;0;1;1;0;0;0;465113,942246597027406;5323298,307987759821117;8,531768355000050;48,062008689999999
205535;08220913121200131560;08;1;21;000;2022;09;19;3;3;0;1;1;0;0;0;1;0;0;1;516217,172748445998877;5442970,177344439551234;9,222341163000070;49,139345790999997
205536;08221004222301222730;08;2;22;000;2022;10;13;3;3;5;3;0;0;1;1;0;0;0;0;468308,436000000976492;5484432,384999549947679;8,562212102000050;49,511688548000102
205539;08220915116010143100;08;1;16;033;2022;09;08;5;3;3;2;0;1;1;1;0;0;0;0;533346,513798531028442;5386753,422205490060151;9,452595712000059;48,632956265000097
205540;08220910335100094520;08;3;35;043;2022;09;15;7;3;0;1;0;1;1;0;0;0;0;0;513086,562501045991667;5281031,073817869648337;9,174366624000070;47,682535550000097
205541;08220923311500161360;08;3;15;094;2022;09;16;6;3;3;2;0;0;1;1;0;0;0;0;432835,868141169019509;5314059,596501450054348;8,100030318000050;47,976314879000000
205542;08220930231000161190;08;2;31;000;2022;09;11;6;2;6;7;0;0;0;0;1;0;0;1;478165,097119152022060;5415322,046748029999435;8,702127048000021;48,890463834999998
205546;08220914118400105780;08;1;18;048;2022;09;07;4;3;0;7;0;1;1;0;0;0;0;0;514316,865344593999907;5415607,544196539558470;9,195322259000021;48,893251403000100
205548;08221007226700215430;08;2;26;098;2022;10;13;6;3;6;2;0;0;0;1;1;0;0;0;477960,353630106023047;5460419,997981199994683;8,696874010000039;49,296128234999998
205549;08220929215102173540;08;2;15;090;2022;09;17;5;3;1;5;0;0;1;1;0;0;0;0;465161,591255561972503;5432650,075543929822743;8,523253980000050;49,045740986000098
205554;08220917311010118420;08;3;36;069;2022;09;18;7;3;5;3;0;0;1;1;0;0;0;0;408128,198013412009459;5268720,075768129900098;7,778614956000070;47,565393089000104
205555;08220926221400175920;08;2;26;018;2022;09;16;2;2;0;7;0;1;1;0;0;0;0;0;473168,852028832014184;5472144,636791270226240;8,630184936000029;49,401398342999997
205557;08220922215502155830;08;2;15;084;2022;09;05;5;3;3;6;2;1;1;1;0;0;0;0;472428,333098952018190;5446173,181691749952734;8,621769647000059;49,167752690999997
205558;08220913222600115950;08;2;22;000;2022;09;20;3;3;5;2;2;0;1;1;0;0;0;0;461791,297353664995171;5482883,948857169598341;8,472337698000050;49,497385551999997
205561;08220928336400171290;08;3;36;091;2022;09;12;4;3;6;4;0;0;0;1;1;0;0;0;395928,804538120981306;5271962,033754689618945;7,615708022000040;47,592713780000103
205567;08220922115200157750;08;1;15;021;2022;09;03;5;3;0;7;2;0;1;0;0;0;0;0;489756,809868014999665;5382535,406054190360010;8,861076355000019;48,595815502000100
205568;08220913111500164690;08;1;11;000;2022;09;17;3;3;2;6;0;0;1;1;0;0;0;0;512501,188950937008485;5402204,195912280119956;9,170142682000060;48,772716340000002
205570;08221006222600289450;08;2;22;000;2022;10;16;5;2;5;3;0;0;1;0;0;0;0;0;462616,834889861987904;5482876,866777869872749;8,483738551000039;49,497373288000098
205572;08220915116010117960;08;1;16;016;2022;09;16;5;3;5;3;0;0;1;1;0;0;0;0;533443,371455295011401;5385639,522584780119359;9,453820408000070;48,622930543000102
205575;08221027436100253380;08;4;36;010;2022;10;15;5;3;0;1;0;0;1;0;0;0;0;0;566992,084853601991199;5306293,124649739824235;9,896455767000081;47,906464374999999
205576;08221029421200273190;08;4;25;072;2022;10;17;7;3;6;1;0;0;1;0;1;0;0;0;582172,001658458029851;5371526,420302930288017;10,112180945000000;48,491485552000000
205578;08221025435200294980;08;4;35;036;2022;10;16;3;3;0;1;0;0;1;0;0;0;0;0;520144,420518463011831;5282328,450303380377591;9,268465225000060;47,694027362000000
205579;08221018311200234350;08;3;11;000;2022;10;08;3;3;0;1;0;0;1;0;0;0;0;0;414109,058630832994822;5316361,713024370372295;7,848685573000070;47,994783417000100
205582;08221027212010273610;08;2;12;000;2022;10;09;5;3;5;2;0;0;1;1;0;0;0;0;455516,654583484982140;5429240,251385239884257;8,391648925000030;49,014448729999998
205583;08221029119300271600;08;1;19;067;2022;10;23;7;3;6;4;2;0;0;1;1;0;0;0;539049,363860485027544;5406008,508664339780807;9,531817341000020;48,805838524000102
205584;08221011136300227920;08;1;36;065;2022;10;05;3;3;0;7;2;1;1;0;0;0;0;0;558920,159457255969755;5405785,754288669675589;9,802384747000080;48,802268728000101
205585;08221013311010206370;08;3;11;000;2022;10;16;5;3;5;3;0;0;1;1;0;0;0;0;413861,930549882992636;5320599,014898450113833;7,844522317000040;48,032866120999998
205586;08221021111500232270;08;1;11;000;2022;10;13;6;3;5;7;0;1;1;0;0;1;0;0;511674,078842433984391;5409256,075282599776983;9,159086183000060;48,836170328999998
205587;08221104127100511580;08;1;27;076;2022;11;09;6;3;2;2;0;0;1;1;0;0;0;0;554950,291182919056155;5440404,635568370111287;9,753000419000051;49,114026041999999
205589;08221017337010270050;08;3;37;062;2022;10;15;2;3;0;7;0;0;1;1;0;0;0;0;454800,684937387995888;5275123,087349849753082;8,398386560000059;47,627932117999997
205590;08221025221011281790;08;2;21;000;2022;10;09;3;3;5;2;0;0;1;1;0;0;0;0;475685,114353868993931;5473593,928817279636860;8,664777302000060;49,414540191000100
205592;08221015115100228640;08;1;15;003;2022;10;14;7;3;5;3;0;1;1;1;0;0;0;0;500458,333999999973457;5391946,445999519899487;9,006226592000081;48,680562576000099
205594;08221010311200210390;08;3;11;000;2022;10;16;2;3;5;3;0;0;1;1;0;0;0;0;414328,103999987011775;5319384,915999500080943;7,851017173000060;48,022007615000099
205595;08221020221010253130;08;2;22;000;2022;10;06;5;3;0;1;1;0;1;0;0;0;0;0;461338,782000001985580;5481142,303999549709260;8,466259089000060;49,481691726000101
205596;08221103226700510070;08;2;26;076;2022;11;10;5;3;0;7;0;0;1;0;0;0;0;0;475689,403160321991891;5465308,295209079980850;8,665342850000060;49,340012149000103
205597;08221022117400268940;08;1;17;011;2022;10;14;7;3;5;2;0;0;1;1;0;0;0;0;546273,345054297009483;5400750,503664489835501;9,629603874000050;48,758044719000097
205598;08221017311010220070;08;3;11;000;2022;10;15;2;3;5;3;0;0;1;0;0;1;0;0;411119,540493607986718;5315091,967539070174098;7,808884647000070;47,982953148000000
205599;08221028317500281140;08;3;17;009;2022;10;07;6;3;5;3;0;0;1;1;0;0;0;0;425236,039037463022396;5362893,490439970046282;7,989610318000080;48,414756804000000
205600;08221031221400288840;08;2;26;018;2022;10;18;2;3;0;7;2;0;1;0;0;0;0;0;473171,250278198975138;5472782,104441800154746;8,630174928000031;49,407132339999997
205601;08221013121600237890;08;1;25;102;2022;10;19;5;3;5;3;2;0;1;1;0;0;0;0;520616,457378067017999;5444230,973056480288506;9,282720192000060;49,150555105000102
205602;08221014221301293510;08;2;21;000;2022;10;13;6;3;0;1;0;0;1;0;0;0;0;0;477319,422585849999450;5474138,769831890240312;8,687277562000080;49,419504066000101
205603;08221026326400288180;08;3;26;074;2022;10;07;4;2;5;2;0;1;1;1;0;0;0;0;460206,976327606011182;5322514,787473159842193;8,465984015000060;48,054672338000003
205605;08221019311300641000;08;3;11;000;2022;10;16;4;3;5;3;0;0;1;1;0;0;0;0;410644,617724990996066;5315501,351951790042222;7,802436302000050;47,986569492999998
205607;08221024421300244340;08;4;21;000;2022;10;12;2;3;6;4;0;1;0;1;1;0;0;0;569778,811525581055321;5363998,354234069585800;9,943212102000070;48,425267214000002
205608;08221009335100228290;08;3;35;043;2022;10;10;1;3;5;2;0;0;1;0;0;0;0;0;512868,417165732011199;5278893,577508039772511;9,171397061000050;47,663307461000002
205609;08221021215302265650;08;2;15;007;2022;10;06;6;3;5;2;2;1;1;1;0;0;0;0;478326,286829332006164;5431273,240449289791286;8,703476526000030;49,033959342000102
205611;08221028212402256090;08;2;12;000;2022;10;11;6;3;5;3;0;0;1;1;0;0;0;0;456542,346167429001071;5427533,298932639881968;8,405858121000049;48,999167584000098
205613;08221012116100202450;08;1;16;019;2022;10;08;4;3;5;3;0;0;1;1;0;0;0;0;522608,769263288006186;5398476,531508159823716;9,307501723000030;48,738897584000000
205614;08221024311010273480;08;3;11;000;2022;10;15;2;3;0;7;0;1;1;0;0;0;0;0;413745,770123957016040;5315148,688419870100915;7,844060665000030;47,983822906000100
205615;08221020415400231110;08;4;15;061;2022;10;12;5;3;0;1;0;0;1;0;0;0;0;0;514543,265155374014284;5369877,165752450004220;9,196801355000050;48,481853219000101
205617;08221018326200272030;08;3;26;041;2022;10;13;3;3;0;7;0;0;1;0;0;0;0;0;463194,024673305975739;5328592,061586909927428;8,505544409000040;48,109527199000098
205620;08221027336200280110;08;3;36;069;2022;10;11;5;3;5;2;0;0;1;1;0;0;0;0;408718,078675752971321;5268487,519794359803200;7,786503599000070;47,563384282000101
205621;08221028416000272870;08;4;16;022;2022;10;11;6;3;8;1;0;0;1;0;0;0;0;0;511016,289907431986649;5375083,365811940282583;9,149211485000020;48,528761789999997
205622;08221011317100202270;08;3;17;001;2022;10;16;3;3;0;7;0;0;1;0;0;0;0;1;431410,945999995979946;5382370,133999519981444;8,069848185000071;48,590655834000103
205623;08221013222400283370;08;2;26;038;2022;10;07;5;3;1;5;0;0;1;1;0;0;0;0;471511,522135581006296;5479741,765612560324371;8,606796524000060;49,469657097000002
205624;08221020119400230920;08;1;19;079;2022;10;16;5;3;6;4;0;0;0;1;1;0;0;0;523171,788467921025585;5408590,573494370095432;9,315729440000039;48,829860978000099
205625;08221104311200534540;08;3;11;000;2022;11;14;6;3;0;1;0;0;1;0;0;0;0;0;413600,316714696993586;5318442,437945799902081;7,841448539000060;48,013431701000101
205626;08221022335200264190;08;3;35;063;2022;10;21;7;3;0;1;2;0;1;0;0;0;0;0;497623,298163034021854;5287176,023991310037673;8,968299010000070;47,737953726999997
205627;08221017416200295030;08;4;16;041;2022;10;21;2;3;0;1;2;0;1;0;0;0;0;0;504281,937589398003183;5374052,029620650224388;9,057986722000070;48,519565604999997
205630;08221027117010255860;08;1;17;026;2022;10;19;5;2;6;4;2;0;0;1;1;0;0;0;547933,343913597054780;5395407,416245619766414;9,651567229000021;48,709855638000100
205631;08221010326200227930;08;3;26;074;2022;10;07;2;2;5;2;1;1;1;1;0;0;0;0;465557,665396759985015;5323534,727940809912980;8,537704645000080;48,064159826000001
205632;08221019115300262650;08;1;15;028;2022;10;13;4;3;3;6;0;0;1;0;0;0;0;1;500315,910537406976800;5404950,804901620373130;9,004301701000029;48,797550211000001
205633;08221103116500527920;08;1;16;046;2022;11;09;5;3;0;1;0;0;1;0;0;0;0;0;527757,679541544988751;5378475,467035650275648;9,376189810000030;48,558760405999998
205634;08221022222200236500;08;2;22;000;2022;10;17;7;3;6;4;0;0;0;0;1;0;0;1;461302,805071942973882;5481755,726205850020051;8,465702393000070;49,487206839000102
205635;08221017212102218970;08;2;12;000;2022;10;18;2;3;0;1;1;1;1;0;0;0;0;0;457896,358601508021820;5428048,725741789676249;8,424315400000070;49,003897767000097
205639;08221022226600283130;08;2;26;031;2022;10;12;7;3;1;7;0;0;1;1;0;0;0;0;474527,175506572006270;5493215,570901270024478;8,647548007000070;49,590982808000000
205643;08221026416010281600;08;4;16;036;2022;10;09;4;2;6;2;0;0;0;0;1;0;1;0;494985,539883359975647;5369166,945425040088594;8,932152011000030;48,475612017000103