OBJECTID;UIDENTSTLAE;ULAND;UREGBEZ;UKREIS;UGEMEINDE;UJAHR;UMONAT;USTUNDE;UWOCHENTAG;UKATEGORIE;UART;UTYP1;ULICHTVERH;IstStrassenzustand;IstRad;IstPKW;IstFuss;IstKrad;IstGkfz;IstSonstige;LINREFX;LINREFY;XGCSWGS84;YGCSWGS84
205644;08221010325102292360;08;3;25;045;2022;10;13;2;3;6;2;0;0;0;0;1;0;0;1;468471,133762368001044;5349294,153412080369890;8,574897189000071;48,296059218000003
205645;08221020115400248110;08;1;15;045;2022;10;15;5;2;0;7;0;0;1;0;0;0;0;0;495632,810167653020471;5393649,586280840449035;8,940652551000030;48,695869088000101
205647;08221022222014295830;08;2;22;000;2022;10;14;7;3;0;4;0;0;0;0;1;0;0;1;461642,908904840995092;5482313,714695639908314;8,470343896000029;49,492247239999998
205648;08221017212402248330;08;2;12;000;2022;10;10;2;2;0;3;0;0;1;1;0;0;0;0;455342,176999998977408;5428033,819999529980123;8,389395641000020;49,003584166000103
205649;08221028317200289570;08;3;17;057;2022;10;14;6;2;5;3;0;0;1;1;0;0;0;0;412317,498007034999318;5381139,057590000331402;7,811229104000060;48,577200840000003
205651;08221013212402219800;08;2;12;000;2022;10;16;5;3;4;6;0;0;1;1;0;0;0;0;456758,944833905028645;5424743,913410499691963;8,409115989000041;48,974091830000098
205653;08221026325302292200;08;3;25;053;2022;10;16;4;3;6;4;0;0;0;1;1;0;0;0;456923,402179670985788;5341963,380100039765239;8,419953301000019;48,229428433000102
205656;08221102117200527110;08;1;17;024;2022;11;14;4;3;5;3;0;0;1;1;0;0;0;0;559562,324825630988926;5384446,541079009883106;9,808049810000060;48,610257502000103
205659;08221016212402211270;08;2;12;000;2022;10;01;1;3;0;1;2;1;1;0;0;0;0;0;455754,359585658006836;5428744,677491550333798;8,394953595000061;49,010008088000099
205660;08221028136100271090;08;1;36;088;2022;10;11;6;3;5;3;0;0;1;1;0;0;0;0;580011,418000009958632;5410342,520999520085752;10,090450773000001;48,840896559000001
205661;08221030416010286770;08;4;15;019;2022;10;02;1;2;7;1;2;0;1;0;0;0;0;0;520354,075000000011642;5370870,213999509811401;9,275481558000020;48,490625694000101
205662;08221012212010232560;08;2;12;000;2022;10;13;4;3;4;2;0;0;1;1;0;0;0;0;457789,498623683990445;5428856,374375400133431;8,422770406000041;49,011155387000002
205663;08221014116500295930;08;1;16;049;2022;10;06;6;3;5;3;2;1;1;1;0;0;0;0;525661,620555439963937;5384614,741558049805462;9,348162416000040;48,614079235000098
205664;08221024311200261690;08;3;11;000;2022;10;18;2;3;3;2;0;0;1;1;0;0;0;0;414047,533999986015260;5316653,691999499686062;7,847802565000050;47,997401609000100
205665;08221021126200265610;08;1;26;066;2022;10;11;6;3;0;7;0;1;1;1;0;0;0;0;536192,451000001979992;5449871,382999540306628;9,496819781000060;49,200570100000000
205666;08221025421200242810;08;4;21;000;2022;10;07;3;3;5;2;0;0;1;1;0;0;0;0;573260,059155512950383;5361397,540675669908524;9,989807358000061;48,401477094000001
205672;08221028425000283340;08;4;25;033;2022;10;08;6;2;6;2;0;0;0;1;1;0;0;0;553113,753826954984106;5349006,706949359737337;9,716076258000040;48,292029495000101
205674;08221013335300258370;08;3;35;075;2022;10;13;5;3;5;3;0;0;1;0;0;0;0;1;488435,808136372012086;5288767,031623560003936;8,845712158000030;47,752169633000101
205676;08221104221011516410;08;2;21;000;2022;11;12;6;3;0;7;0;1;1;0;0;0;0;0;477362,855096864979714;5469981,690878669731319;8,688113306000050;49,382113359000101
205678;08221017222014222830;08;2;22;000;2022;10;14;2;3;1;5;0;0;1;1;0;0;0;0;461654,434325072972570;5481197,957787290215492;8,470611263000020;49,482212327000099
205679;08221031337010281450;08;3;37;076;2022;10;15;2;3;5;3;0;0;1;1;0;0;0;0;426036,088893825013656;5267132,782412930391729;8,016917196000071;47,553400912000001
205680;08221015327100262540;08;3;27;050;2022;10;10;7;3;2;6;0;0;1;1;0;0;0;0;486127,573907517013140;5314238,392972770147026;8,814098479000050;47,981298854999999
205681;08221024311300276120;08;3;11;000;2022;10;17;2;3;5;2;0;0;1;1;0;0;0;0;410399,112606581998989;5315696,080367850139737;7,799106088000030;47,988286772999999
205682;08221027119200271420;08;1;19;020;2022;10;18;5;3;5;2;2;0;1;1;0;0;0;0;519121,649536499986425;5408752,874043289572001;9,260552111000040;48,831458925000000
205684;08221010325202228820;08;3;25;049;2022;10;16;2;3;6;4;0;0;0;1;1;0;0;0;472614,779000002017710;5334108,781999499537051;8,631745969000059;48,159634797000102
205685;08221019119500226480;08;1;19;085;2022;10;12;4;3;0;1;0;0;1;0;0;0;0;0;528858,247695124009624;5413985,755885469727218;9,393589389000059;48,878155832000097
205689;08221028115200282700;08;1;15;015;2022;10;16;6;3;6;1;0;0;0;1;1;0;0;0;492411,347274072002620;5387655,759456560015678;8,896984860000030;48,641917028000101
205690;08221030127202275380;08;1;27;014;2022;10;15;1;3;3;6;0;0;1;0;0;0;0;0;579169,066606728010811;5442348,705419540405273;10,085206230000001;49,128869270000102
205691;08221012421300236200;08;4;21;000;2022;10;18;4;3;3;6;2;0;1;1;0;0;0;0;571949,145241240039468;5360403,172599339857697;9,971928036000071;48,392683478999999
205693;08221026119300269400;08;1;19;076;2022;10;17;4;3;5;3;0;0;1;1;0;0;0;0;541902,010982758016326;5406032,996470830403268;9,570668392000069;48,805873022000100
205695;08221102121100568420;08;1;25;026;2022;11;12;4;2;6;4;0;0;0;1;1;0;0;0;497973,520525133004412;5438642,793399389833212;8,972238128000070;49,100629852000097
205697;08221027215502256070;08;2;15;106;2022;10;17;5;3;0;7;0;0;1;0;0;0;0;0;466407,174732726009097;5454308,083944009616971;8,538492985000060;49,240626115000097
205698;08221029216200279410;08;2;16;028;2022;10;16;7;3;5;2;0;0;1;1;1;0;0;0;426644,103356527979486;5396858,365658540278673;8,002646294000041;48,720434269000101
205699;08221012311010229670;08;3;36;105;2022;10;19;4;3;5;3;0;0;1;1;0;0;0;0;398725,101110022980720;5267494,860996870324016;7,653922246000040;47,552972682000103
205702;08221013119300215310;08;1;19;067;2022;10;12;5;3;0;7;0;0;1;0;0;0;0;0;538890,155882038990967;5406034,781914999708533;9,529651657000040;48,806084848000097
205705;08221018327200249600;08;3;27;046;2022;10;07;3;3;5;3;0;0;1;1;0;0;0;0;480789,280483365990222;5324821,525904970243573;8,742087117000040;48,076377790000002
205707;08221010119200274830;08;1;19;020;2022;10;08;2;3;3;2;0;0;1;0;0;0;1;0;519926,807749553001486;5407620,545658280141652;9,271468066000070;48,821247422000098
205709;08221028116200285330;08;1;16;078;2022;10;15;6;3;1;1;0;0;1;1;0;0;0;0;510538,146229655016214;5394590,434447250328958;9,143230804000041;48,704259298000103
205710;08221030212502285440;08;2;12;000;2022;10;21;1;3;0;7;2;0;1;0;0;0;0;0;454720,397432938974816;5429163,063329270109534;8,380768641000030;49,013696494999998
205711;08221012136100202000;08;1;36;088;2022;10;06;4;3;1;1;2;0;1;1;0;0;0;0;579536,343143758014776;5410396,329634030349553;10,083987786000000;48,841441578999998
205712;08221020326400650510;08;3;26;074;2022;10;07;5;3;1;5;2;0;1;1;0;0;0;0;460739,883595740015153;5319928,048472760245204;8,473372499000050;48,031433138000097
205713;08221025416010281570;08;4;15;073;2022;10;13;3;3;6;4;0;0;0;0;1;0;0;1;517979,681000000971835;5350914,414999510161579;9,242490906000061;48,311166256000000
205715;08221024436200286620;08;4;36;064;2022;10;18;2;3;0;1;2;1;1;0;0;0;0;0;545083,327766150003299;5290568,743590359576046;9,601666374000050;47,766907373000002
205718;08221027311010267140;08;3;11;000;2022;10;09;5;3;6;6;0;0;1;0;1;0;0;0;413718,868360458000097;5316790,501435180194676;7,843370203000060;47,998587987000100
205719;08221029317000257650;08;3;17;065;2022;10;10;7;2;5;3;0;0;1;1;0;0;0;0;414748,352320052974392;5353989,574820379726589;7,849709173000060;48,333336316999997
205722;08221020118400261730;08;1;18;048;2022;10;07;5;3;5;3;0;0;1;1;0;0;0;0;513966,861772547999863;5415329,335624869912863;9,190537745000031;48,890756701000001
205725;08221017317300222660;08;3;17;065;2022;10;17;2;3;6;4;0;0;0;1;1;0;0;0;417094,977537713013589;5354943,564269499853253;7,881177790000040;48,342229642000099
205728;08221015136010272900;08;1;36;038;2022;10;15;7;2;1;5;0;0;1;1;0;0;0;0;591736,086635438026860;5413912,601060000248253;10,251005326000000;48,871382887000003
205730;08221022417100286360;08;4;17;079;2022;10;21;7;2;0;1;2;0;1;0;0;0;0;0;500920,327397315995768;5340686,772974629886448;9,012390200000031;48,219405467999998
205732;08221019426300223240;08;4;26;097;2022;10;07;4;3;5;3;0;0;1;1;0;0;0;0;534897,531743690953590;5333840,152053840458393;9,469248259000040;48,156850014000000
205733;08221103221011527680;08;2;21;000;2022;11;06;5;3;5;3;1;0;1;1;0;0;0;0;475514,905554800992832;5472614,609032750129700;8,662491119000039;49,405724561000099
205734;08221010126100196600;08;1;26;056;2022;10;11;2;3;0;7;0;0;1;0;0;0;0;0;558679,615000003017485;5461433,529999540187418;9,807172718000061;49,302823719000102
205736;08221016311100213200;08;3;15;133;2022;10;12;1;3;0;1;0;0;1;0;0;0;0;0;397878,320780152978841;5327456,398589399643242;7,628535060000050;48,092188837999998
205737;08221028111500258620;08;1;11;000;2022;10;15;6;3;5;3;0;0;1;1;0;0;0;0;518263,993795118003618;5406455,687675500288606;9,248763500000051;48,810819686999999
205738;08221029326300281960;08;3;26;068;2022;10;21;7;3;6;1;2;0;1;0;1;0;0;0;448264,480505298997741;5321590,504407079890370;8,305840185000021;48,045500468999997
205739;08221012117010250570;08;1;17;026;2022;10;18;4;3;6;4;1;0;0;1;1;0;0;0;548293,195507830008864;5395334,555508470162749;9,656449901000030;48,709172455999997
205740;08221014121300259870;08;1;21;000;2022;10;17;6;3;5;3;0;1;1;1;0;0;0;0;514285,824000001011882;5442055,816999539732933;9,195829699000059;49,131168750000001
205746;08221027317500251690;08;3;17;096;2022;10;07;5;3;0;1;1;0;1;0;0;0;0;0;425557,762114841025323;5369822,844401580281556;7,992725590000020;48,477125098999998
205748;08221012111320202940;08;1;11;000;2022;10;14;4;3;6;7;0;0;1;0;1;0;0;0;515821,319593293010257;5405696,042914919555187;9,215464206000039;48,804053029000002
205750;08221020317100260120;08;3;17;001;2022;10;19;5;3;4;6;2;1;1;0;0;0;0;1;431378,191146493016277;5386390,445062450133264;8,068739282000021;48,626815109000098
205754;08221101212010568070;08;2;12;000;2022;11;12;3;1;0;7;0;0;1;0;0;0;0;0;454714,879222498973832;5427581,900673200376332;8,380869540000051;48,999473405000103
205755;08221015111500241730;08;1;11;000;2022;10;18;7;3;6;4;2;0;0;0;1;0;0;1;512787,841449794010259;5402343,119807960465550;9,174048358000050;48,773960264999999
205756;08221027116500289790;08;1;16;049;2022;10;17;5;3;0;7;0;0;1;0;0;0;0;0;525428,919200947973877;5386393,535418380051851;9,345114392000029;48,630090847000098
205761;08221017216100216340;08;2;16;043;2022;10;12;2;2;5;3;0;0;1;1;0;0;0;0;443036,570825005008373;5413099,583023410290480;8,223243251000040;48,868239369000001
205763;08221012415400232900;08;4;15;061;2022;10;14;4;3;3;2;0;0;1;0;0;0;0;0;516428,978595505992416;5371341,445130139589310;9,222376474000040;48,494979933000103
205764;08221014235100238240;08;2;35;079;2022;10;13;6;3;4;6;0;1;1;1;0;0;0;0;469854,000829406024422;5401110,698240740224719;8,589794012000031;48,762274815000097
205766;08221025311010244510;08;3;36;050;2022;10;12;3;3;3;6;0;0;1;0;0;0;0;0;399347,491863796021789;5273850,785533700138330;7,660734687000060;47,610243464000099
205767;08221101436200528540;08;4;36;064;2022;11;08;3;3;6;4;0;1;0;1;1;0;0;0;545761,740653302986175;5292036,067868670448661;9,610874308000060;47,780061121000102
205775;08221021335300245490;08;3;35;075;2022;10;19;6;3;2;6;2;0;1;1;0;0;0;0;487985,869000000995584;5291322,258999490179121;8,839638513000070;47,775152127000098
205777;08221031335300268030;08;3;35;100;2022;10;14;2;3;0;7;0;0;1;1;0;0;0;0;489864,139726451016031;5285826,533496280200779;8,864837196000050;47,725736322000003
205779;08221014226200240220;08;2;26;032;2022;10;07;6;3;0;7;0;0;1;0;0;0;0;0;467000,628564162994735;5463314,588740870356560;8,545902492000041;49,321670951000002
205781;08221026311010280850;08;3;11;000;2022;10;15;4;3;5;7;0;0;1;0;0;0;0;0;413643,640505831979681;5315736,749686120077968;7,842573984000070;47,989098955000003
205783;08221010225200230590;08;2;25;039;2022;10;17;2;3;8;6;1;0;1;0;0;0;0;1;531607,829075788962655;5495163,485193089582026;9,437492689000070;49,608213566000103
205784;08221019212010226020;08;2;15;101;2022;10;05;4;3;0;1;2;1;1;0;0;0;0;0;465212,402409607020672;5428510,246633459813893;8,524304396000050;49,008505004000000
205785;08221103221011511450;08;2;21;000;2022;11;13;5;3;5;3;0;0;1;1;0;0;0;0;474356,871867999027018;5474583,167672120034695;8,646401618000031;49,423383650000098
205786;08221009222200297650;08;2;22;000;2022;10;10;1;3;2;6;0;0;1;1;0;0;0;0;460440,261810456984676;5481667,127031640149653;8,453802566000039;49,486354322000103
205787;08221021317500246590;08;3;17;096;2022;10;13;6;2;5;2;0;1;1;1;0;0;0;0;421010,615877870994154;5366054,412834350019693;7,931920608000040;48,442673591000101
205788;08221016416200225880;08;4;16;041;2022;10;18;1;3;0;1;1;0;1;0;0;0;0;0;503927,511225170979742;5375368,424856659956276;9,053199424000070;48,531410684000001
205789;08221027416200279570;08;4;16;041;2022;10;13;5;2;0;1;0;1;1;0;0;0;0;0;506561,868897175008897;5373179,158336820080876;9,088848173000031;48,511693244000099
205790;08221030119500286330;08;1;19;085;2022;10;14;1;3;1;7;0;0;0;1;1;0;0;0;529488,130023992969655;5413604,253860220313072;9,402152444000020;48,874694355000003
205791;08221012317100203350;08;3;17;001;2022;10;17;4;3;5;3;0;0;1;1;0;0;0;0;431767,612050593015738;5386422,148499170318246;8,074018141000071;48,627142888999998
205794;08221018116100290380;08;1;16;019;2022;10;06;3;3;5;3;2;0;1;1;0;0;0;0;523913,833902626996860;5396309,368151539936662;9,325125897000021;48,719353275000103
205803;08221022311010291360;08;3;11;000;2022;10;23;7;3;0;7;2;0;1;0;0;0;0;0;411297,170269368973095;5316814,828163510188460;7,810908576000030;47,998475389000099
205804;08221017426010219830;08;4;25;125;2022;10;16;2;3;6;7;0;0;0;0;1;0;0;1;546198,493222341989167;5338552,026910659857094;9,621710360000071;48,198519057000098
205807;08221027118000272530;08;1;18;048;2022;10;17;5;2;5;2;0;0;1;0;0;0;0;1;512664,995561428018846;5415272,088608729653060;9,172775831000020;48,890269698000097
205809;08221020135010242030;08;1;35;031;2022;10;16;5;2;0;7;0;0;1;0;0;0;0;0;595459,673000026028603;5378306,577999509871006;10,293534474000101;48,550588828999999
205813;08221028221400267360;08;2;21;000;2022;10;21;6;3;0;7;2;0;1;0;0;0;0;0;476095,907999999995809;5471298,450999540276825;8,670578864000049;49,393909027000099
205814;08221031212702286050;08;2;15;017;2022;10;09;2;3;1;5;0;0;1;1;0;0;0;0;454375,656177749973722;5422156,131726659834385;8,376840680000040;48,950642971000001
205815;08221013119200222320;08;1;19;020;2022;10;17;5;3;6;4;0;0;0;1;1;0;0;0;519349,282877816993278;5409835,011257370002568;9,263704905000051;48,841186538999999
205816;08221014231202224580;08;2;36;071;2022;10;17;6;3;6;4;0;1;0;1;1;0;0;0;469164,006504309014417;5421488,834222950041294;8,578870548000049;48,945554641000101
205817;08221026311010250340;08;3;36;050;2022;10;07;4;3;6;4;2;1;0;1;1;0;0;0;400751,104941450990736;5276571,623829309828579;7,678789129000050;47,634934952000002
205818;08221022421200250660;08;4;21;000;2022;10;14;7;3;6;2;0;0;0;0;1;0;0;1;573551,629070910043083;5361091,585309949703515;9,993692498000030;48,398691010000100
205822;08221021311010278450;08;3;11;000;2022;10;06;6;3;5;3;2;1;1;1;0;0;0;0;413747,219425192975905;5318369,034927000291646;7,843432739000040;48,012791263000103
205823;08221016118400278760;08;1;18;048;2022;10;11;1;3;6;7;0;0;0;1;1;0;0;0;514496,175511598994490;5416150,017882030457258;9,197787789000071;48,898127178999999
205826;08221012336400203880;08;3;36;091;2022;10;17;4;3;6;3;0;0;1;0;1;0;0;0;395736,494612946989946;5271929,573383970186114;7,613158519000020;47,592390898000097
205827;08221020222800286730;08;2;22;000;2022;10;05;5;3;5;3;2;0;1;1;0;0;0;0;460941,996999999973923;5486889,321999549865723;8,460213054000061;49,533357432999999
205828;08221025426010247320;08;4;26;021;2022;10;18;3;2;0;7;2;0;1;0;0;0;0;0;558134,295238825026900;5327363,466952770017087;9,780792682000030;48,096884662999997
205829;08221105121600520870;08;1;25;008;2022;11;12;7;2;0;7;0;0;1;0;0;0;0;0;523012,631933665019460;5431871,574651169590652;9,314875244000060;49,039293090000101
205831;08221025336300244270;08;3;36;081;2022;10;09;3;3;5;3;0;0;1;1;0;0;0;0;411120,874999983003363;5277374,029999489895999;7,816637365000080;47,643659847999999
205832;08221026226500244850;08;2;26;085;2022;10;05;4;3;5;3;2;1;1;1;0;0;0;0;490935,681420368026011;5455365,704144880175591;8,875446128000020;49,250994337000101
205834;08221019115100244180;08;1;15;003;2022;10;15;4;3;5;3;0;0;1;0;0;0;1;0;498462,637000000977423;5392786,870999519713223;8,979111379000070;48,688121406999997
205835;08221102212302510260;08;2;12;000;2022;11;17;4;3;0;7;1;0;1;0;0;0;0;0;456242,447373419010546;5428493,810276630334556;8,401654712000040;49,007786314000001
205836;08221010111210199770;08;1;11;000;2022;10;17;2;3;0;7;0;0;1;0;0;0;0;0;508570,931240504025482;5397325,774863629601896;9,116549999000030;48,728896672000097
205839;08221027415400266840;08;4;15;061;2022;10;13;5;3;0;7;0;0;1;0;0;0;0;0;514457,746527180017438;5371295,717868610285223;9,195693208000019;48,494617007999999
205840;08221030231000260620;08;2;31;000;2022;10;12;1;3;0;1;0;0;1;0;0;0;0;0;478264,571619755995926;5415144,469573319889605;8,703493512000019;48,888869907000100
205841;08221012311010234330;08;3;11;000;2022;10;18;4;3;1;5;0;0;0;1;1;0;0;0;404661,649817415978760;5317479,143126949667931;7,721831681000030;48,003495774999998
205842;08221014136200209370;08;1;36;046;2022;10;17;6;2;0;7;0;0;1;0;0;0;0;0;579477,862000009045005;5421175,664999529719353;10,085287414000000;48,938400313999999
205844;08221025337010263800;08;3;37;126;2022;10;14;3;2;5;3;0;0;1;1;0;0;0;0;445515,638951622007880;5276208,905884260311723;8,274674600000029;47,636986651000001
205845;08221018416000221860;08;4;16;041;2022;10;13;3;3;5;3;0;0;1;1;0;0;0;0;504740,232147338974755;5373186,555663480423391;9,064183184000060;48,511776187000102
205847;08221009121200262280;08;1;21;000;2022;10;18;1;3;6;4;0;0;0;1;1;0;0;0;515996,988379703019746;5441948,548444460146129;9,219281869000040;49,130161665999999
205848;08221027215402289800;08;2;15;021;2022;10;17;5;3;2;6;0;0;1;1;0;0;0;0;469411,554000000003725;5444856,882999540306628;8,580486359000080;49,155769466999999
205849;08221029316200285930;08;3;16;056;2022;10;14;7;3;5;3;0;0;1;1;0;0;0;0;423476,231222074013203;5328650,192294269800186;7,972026642000060;48,106516145000100
205852;08221021115400229970;08;1;15;045;2022;10;13;6;3;3;2;0;1;1;1;0;0;0;0;500586,007513372984249;5393712,483429069630802;9,007963576000069;48,696449927000103
205853;08221024212010242180;08;2;12;000;2022;10;15;2;3;5;3;0;0;1;1;0;0;0;0;456988,569265906000510;5427109,517739259637892;8,412003302000070;48,995386863000100
205856;08221025119200286720;08;1;19;093;2022;10;07;3;3;5;3;0;1;1;1;0;0;0;0;524830,640999999945052;5404421,537999530322850;9,338079656000049;48,792293235999999
205857;08221016111500232220;08;1;11;000;2022;10;12;1;3;6;6;0;0;0;1;1;0;0;0;512038,082305573974736;5404594,733863430097699;9,163909787000019;48,794230558999999
205858;08221026415100287110;08;4;15;014;2022;10;22;4;3;3;6;2;0;1;1;0;0;0;0;526161,648438306991011;5374737,589467049576342;9,354325040000051;48,525202489000002
205859;08221010311100226120;08;3;15;013;2022;10;18;2;2;0;1;0;0;1;0;0;0;0;0;404856,998955956019927;5324579,460391229949892;7,722872427000030;48,067391499000102
205863;08221017119200252560;08;1;19;020;2022;10;07;2;3;1;5;0;0;0;0;1;0;0;1;519777,836681858985685;5408014,690933629870415;9,269457625000030;48,824797832999998
205866;08221013116400232770;08;1;16;033;2022;10;12;5;2;5;3;0;0;1;0;0;0;0;0;534021,594999999972060;5387911,793999520130455;9,461853065000071;48,643340484000099
205867;08221014416010214160;08;4;15;061;2022;10;15;6;3;0;6;0;1;1;1;0;0;0;0;513731,969873190973885;5370406,425999980419874;9,185840258000040;48,486632892000003
205868;08221026317300298210;08;3;17;059;2022;10;14;4;3;0;2;0;0;1;1;0;0;0;0;412550,721285192004871;5348986,457791750319302;7,821100398000060;48,288034007000100
205869;08221023336400258910;08;3;36;091;2022;10;12;1;2;9;1;0;0;1;0;0;0;0;0;395603,171488663007040;5274271,751923570409417;7,610827925000020;47,613437730999998
205870;08221018121500258500;08;1;25;065;2022;10;17;3;2;0;7;0;0;1;0;0;0;0;0;514950,012271514977328;5449417,622577680274844;9,205207770000071;49,197374610000097
205871;08221102221400509620;08;2;26;018;2022;11;15;4;3;0;7;0;0;1;0;0;0;0;0;473146,563140558020677;5472385,877585950307548;8,629861425000060;49,403567271999997
205874;08221016136300233190;08;1;36;065;2022;10;14;1;3;6;6;0;0;1;0;1;0;0;0;557729,425692145945504;5399328,746064409613609;9,785264365000049;48,744298862000100
205875;08221028111500293610;08;1;11;000;2022;10;13;6;3;6;7;0;0;0;1;1;0;0;0;516750,130452245008200;5405744,072636250406504;9,228115166000070;48,804460759999998
205876;08221030211000291060;08;2;16;029;2022;10;12;1;2;0;1;0;0;1;0;0;0;0;0;457279,908123788016383;5400916,495553440414369;8,418722425000061;48,759791878000001
205877;08221012325000214960;08;3;26;041;2022;10;16;4;2;6;4;0;0;0;1;1;0;0;0;464981,903999999980442;5331134,864999500103295;8,529353195000059;48,132504848000103
205878;08221014212010238080;08;2;12;000;2022;10;16;6;3;6;4;0;1;0;0;1;0;0;1;454768,440769447013736;5428814,390498059801757;8,381464484000050;49,010563682000097
205879;08221020235100296260;08;2;35;085;2022;10;09;5;2;1;1;0;0;1;1;0;0;0;0;482595,111864846025128;5393993,032727159559727;8,763464687000070;48,698731246000101
205880;08221026111250251320;08;1;11;000;2022;10;12;4;3;6;4;0;0;1;0;1;0;0;0;512022,677078437991440;5403120,195638540200889;9,163656890000031;48,780966040000102
205881;08221104436300513670;08;4;36;081;2022;11;14;6;3;4;3;0;0;1;0;0;0;0;0;562439,123461153008975;5282797,980826320126653;9,832154479000049;47,695548660000000
205882;08221025216300260440;08;2;16;033;2022;10;17;3;3;5;3;0;0;1;1;0;0;0;0;447304,797047319007106;5413397,017304589971900;8,281401747000070;48,871292193999999
205884;08221008436200192800;08;4;36;064;2022;10;14;7;3;6;2;0;1;0;0;1;0;0;1;546365,189450095989741;5292584,822368009947240;9,618987883000051;47,784955115000102
205885;08221027311400289030;08;3;15;074;2022;10;17;5;3;0;7;1;0;1;0;0;0;0;0;396929,665821730974130;5297859,435815819539130;7,622892945000050;47,825822183000099
205888;08221013222700232460;08;2;22;000;2022;10;22;5;2;6;4;2;1;1;0;1;0;0;0;462417,695813426980749;5481380,608253830112517;8,481130830000041;49,483902917000101
205889;08221020128200263770;08;1;28;115;2022;10;16;5;3;9;1;0;1;1;0;0;0;0;0;547683,862690955982544;5497059,137065860442817;9,660222860000029;49,624208425000099
205890;08221104136200521160;08;1;36;019;2022;11;12;6;3;0;1;0;0;1;0;0;0;0;0;583227,101437603007071;5422812,669967389665544;10,136808211000099;48,952630397000100
205892;08221017231000249960;08;2;31;000;2022;10;14;2;3;6;4;0;0;0;1;1;0;0;0;476524,232854773988947;5415195,933704160153866;8,679749886000019;48,889269374000001
205895;08221026436000250830;08;4;36;064;2022;10;12;4;3;0;1;0;1;1;0;0;0;0;0;546291,520000000949949;5291879,201999490149319;9,617929195000039;47,778611943000001
205896;08221101121200508380;08;1;21;000;2022;11;07;3;3;0;7;1;1;1;0;0;0;0;0;515938,848211926990189;5443690,502285379916430;9,218553792000019;49,145832634999998
205897;08221008317500207920;08;3;17;096;2022;10;15;7;3;5;3;0;0;1;0;0;1;0;0;421896,521762672986370;5369695,083229100331664;7,943217958000050;48,475531728000099
205900;08221011136300293300;08;1;36;065;2022;10;05;3;3;5;3;2;0;1;1;0;0;0;0;560513,972902663983405;5405658,393656119704247;9,824068485000049;48,800969999000102
205902;08221020115400230520;08;1;15;001;2022;10;15;5;3;4;6;0;0;1;1;0;0;0;0;490128,438125228974968;5392239,366907400079072;8,865885338000060;48,683119831000099
205903;08221104111330531710;08;1;11;000;2022;11;13;6;3;0;6;0;0;1;0;0;0;0;1;510029,361856709991116;5410014,188138430006802;9,136691758000040;48,843018940999997
205904;08221022317300246880;08;3;17;065;2022;10;17;7;3;0;1;0;0;1;0;0;0;0;0;414512,407268817012664;5353919,379805119708180;7,846540506000050;48,332673047000100
205905;08221017435200217960;08;4;35;036;2022;10;15;2;3;8;1;0;0;1;0;0;0;0;0;521313,300553325971123;5282268,496301350183785;9,284039798000039;47,693450419999998
205906;08221024436300275320;08;4;36;081;2022;10;20;2;3;0;1;2;0;1;0;0;0;0;0;561962,269620303995907;5281182,693007940426469;9,825570541000049;47,681062241000099
205907;08221015116200212180;08;1;16;078;2022;10;15;7;3;0;1;0;1;1;0;0;0;0;0;512142,025405324995518;5392632,869908420369029;9,164972533000030;48,686619775000104
205908;08221026415100279070;08;4;15;050;2022;10;17;4;3;5;3;0;0;1;1;0;0;0;0;521448,209693901997525;5376390,901519100181758;9,290573769000050;48,540254847000000
205912;08221022121200271830;08;1;21;000;2022;10;15;7;3;0;1;0;0;1;0;0;0;0;0;514206,135302641021553;5440925,765772930346429;9,194697531000029;49,121005372000099
205914;08221028335100284790;08;3;35;043;2022;10;18;6;3;6;4;2;0;0;1;1;0;0;0;511065,448533149028663;5281254,003792219795287;9,147442859000019;47,684579159000101
205915;08221031215202289000;08;2;15;100;2022;10;20;2;2;1;5;2;0;1;1;0;0;0;0;474364,236993170983624;5450105,116314640268683;8,648075248000049;49,203204982999999
205917;08221014222301211040;08;2;22;000;2022;10;15;6;3;1;6;0;0;1;1;0;0;0;0;464515,699469659011811;5485049,769268809817731;8,509765576000060;49,517031492000100
205919;08221024212010575750;08;2;12;000;2022;10;09;2;3;6;7;0;1;0;1;1;0;0;0;461051,935129004006740;5427532,417974590323865;8,467509197000030;48,999460660000103
205920;08221018317010226010;08;3;17;057;2022;10;19;3;2;5;2;2;0;1;1;0;0;0;0;413259,617906129977200;5379429,680014190264046;7,824355745000050;48,561957167000102
205921;08221102117200651440;08;1;17;024;2022;11;11;4;3;6;4;0;0;0;1;1;0;0;0;560493,341404804028571;5385547,902151379734278;9,820839665000049;48,620075262999997
205922;08221010126100226590;08;1;26;046;2022;10;07;2;3;0;7;0;0;1;0;0;0;0;0;549848,632000001030974;5458878,477999540045857;9,685388587000030;49,280626859999998
205923;08221016435100214290;08;4;35;016;2022;10;17;1;3;0;1;0;0;1;0;0;0;0;0;534309,907858186983503;5278037,912958290427923;9,456907010000069;47,654826668000098
205924;08221028116400282040;08;1;16;033;2022;10;17;6;3;0;1;0;0;1;0;0;0;0;0;534462,793578424025327;5387985,716383470222354;9,467848408000069;48,643981310000100
205926;08221012119400203500;08;1;19;090;2022;10;14;4;3;1;6;0;0;1;1;0;0;0;0;531861,772539581055753;5405755,485420560464263;9,433912416000060;48,803972457999997