OBJECTID;UIDENTSTLAE;ULAND;UREGBEZ;UKREIS;UGEMEINDE;UJAHR;UMONAT;USTUNDE;UWOCHENTAG;UKATEGORIE;UART;UTYP1;ULICHTVERH;IstStrassenzustand;IstRad;IstPKW;IstFuss;IstKrad;IstGkfz;IstSonstige;LINREFX;LINREFY;XGCSWGS84;YGCSWGS84
205927;08221020415400260720;08;4;15;061;2022;10;10;5;3;6;4;0;0;1;0;1;0;0;0;516204,449917250021826;5373544,674661870114505;9,219422905000039;48,514806738000097
205933;08221027121400253590;08;1;25;056;2022;10;14;5;3;0;1;0;0;1;0;0;0;0;0;512035,120099531020969;5435803,592224369756877;9,164790928000061;49,074975582999997
205934;08221011111330260300;08;1;11;000;2022;10;18;3;3;5;3;1;0;1;1;0;0;0;0;512695,639513437985443;5408005,341475630179048;9,172968501000071;48,824898876000098
205937;08221104222400531930;08;2;26;028;2022;11;17;6;3;6;4;2;1;0;1;1;0;0;0;471130,139628385019023;5483620,380553149618208;8,601249498000071;49,504525813999997
205940;08221031212010285590;08;2;12;000;2022;10;19;2;3;7;1;2;0;1;0;0;0;0;0;458611,080230174993630;5427231,491335540078580;8,434170593000029;48,996594941000097
205944;08221024119400274460;08;1;19;091;2022;10;18;2;2;5;3;2;0;1;1;0;0;0;0;528433,707763473037630;5406275,230548479594290;9,387264189000060;48,808814217000098
205945;08221010311010196410;08;3;11;000;2022;10;07;2;3;5;3;0;1;1;1;0;0;0;0;413790,645049456972629;5315058,104613300412893;7,844680116000060;47,983014120000099
205948;08221010121300273240;08;1;21;000;2022;10;09;2;3;5;3;0;0;1;1;0;0;0;0;513823,775048780022189;5442130,598815299570560;9,189498545000051;49,131852008000102
205950;08221017111320553300;08;1;11;000;2022;10;15;2;3;0;3;0;0;1;1;0;0;0;0;517005,813655969977845;5405127,794883379712701;9,231571688000029;48,798909872000102
205951;08221027436400278510;08;4;36;087;2022;10;16;5;3;0;1;0;0;1;0;0;0;0;0;547372,982483685947955;5302569,046402749605477;9,633533675000020;47,874708894999998
205952;08221030115100261230;08;1;15;003;2022;10;17;1;3;0;7;1;0;1;0;0;0;0;0;501289,773313643992878;5391324,332070190459490;9,017519981000021;48,674964799000101
205954;08221025337100247890;08;3;37;096;2022;10;14;3;3;5;2;0;0;1;1;0;0;0;0;420707,653252153017092;5267637,275783319957554;7,946015824000030;47,557310664000099
205956;08221018111500508270;08;1;11;000;2022;10;13;3;3;4;6;0;0;1;1;0;0;0;0;509338,799116719979793;5397812,058078680187464;9,127002680000031;48,733260250000100
205957;08221102212010514000;08;2;12;000;2022;11;14;4;2;5;3;0;0;1;1;0;0;0;0;460056,836000000999775;5427791,779999529942870;8,453879515000040;49,001730087000098
205960;08221019126200239050;08;1;26;066;2022;10;07;4;3;0;7;0;0;1;0;0;0;0;0;537106,706967688049190;5449687,130558890290558;9,509352390000060;49,198858094999999
205961;08221103135010511230;08;1;35;019;2022;11;08;5;2;2;6;0;0;1;1;0;0;0;0;584773,614969359943643;5395425,218351430259645;10,152265082000000;48,706096091000099
205962;08221010221011201460;08;2;21;000;2022;10;10;2;3;2;6;0;0;1;1;0;0;0;0;476934,088999999978114;5470207,231999550014734;8,682192927000070;49,384125987000097
205963;08221021335000274560;08;3;35;063;2022;10;17;6;2;0;3;0;1;1;0;0;0;0;1;496975,586800070013851;5288082,569467090070248;8,959653389000040;47,746107741000102
205964;08221016212702227990;08;2;15;017;2022;10;14;1;3;0;7;0;0;1;1;0;0;0;0;456038,262450076988898;5420663,650473450310528;8,399709077000070;48,937338226000101
205966;08221030121100275400;08;1;25;006;2022;10;14;1;3;0;7;0;1;1;0;0;0;0;0;499581,705187350977212;5452535,058702440001070;8,994255108000059;49,225598988999998
205969;08221026235100296770;08;2;35;050;2022;10;12;4;2;5;3;0;0;1;1;0;0;0;0;471826,965702040004544;5391634,674762849695981;8,617287356000080;48,677122312000101
205970;08221018311400282190;08;3;15;074;2022;10;12;3;3;1;6;0;0;1;0;0;0;0;0;396748,497543559002224;5297947,468149730004370;7,620452122000070;47,826584961999998
205971;08221102436400508760;08;4;36;009;2022;11;10;4;3;5;3;0;0;1;1;0;0;0;0;555608,941245411057025;5306956,504882999695837;9,744232250000040;47,913520573000000
205973;08221027335200281940;08;3;35;063;2022;10;14;5;3;9;1;0;0;1;0;0;0;0;0;498455,140038352983538;5293289,733461829833686;8,979372569000081;47,792964699000002
205976;08221014116100575270;08;1;16;019;2022;10;17;6;3;5;3;1;1;1;1;0;0;0;0;523280,755562277976424;5398442,052949960343540;9,316639313000049;48,738562668000000
205977;08221020415400230690;08;4;15;061;2022;10;08;5;3;5;3;0;0;1;1;0;0;0;0;516514,863054806017317;5372295,467666479758918;9,223576703000051;48,503560386000103
205979;08221025226700567040;08;2;26;095;2022;10;16;3;3;5;3;0;0;1;1;0;0;0;0;474138,294080580992159;5461664,982371159829199;8,644227046000029;49,307176990000102
205980;08221101416200512340;08;4;16;041;2022;11;02;3;3;8;1;2;0;1;0;0;0;0;0;503877,063276129018050;5374473,527934799902141;9,052507767000071;48,523360187999998
205981;08221014435100296140;08;4;35;030;2022;10;21;6;3;0;7;2;0;1;0;0;0;0;0;541526,501000000978820;5271661,145999490283430;9,552401749000071;47,597029661000100
205982;08221026435200264520;08;4;35;059;2022;10;19;4;2;6;3;2;0;1;0;1;0;0;0;513755,298130425973795;5289361,372757970355451;9,183539939000070;47,757474213000101
205984;08221013222014222010;08;2;22;000;2022;10;15;5;2;6;4;0;0;0;1;1;0;0;0;461081,328205009980593;5482488,144308719784021;8,462572455000039;49,493780376000103
205988;08221017221200247110;08;2;21;000;2022;10;12;2;3;4;7;0;0;1;0;0;0;0;0;475913,272038072987925;5473025,780286880210042;8,667957266000030;49,409438873000099
205989;08221031118400280540;08;1;18;048;2022;10;14;2;3;6;4;0;0;0;0;1;0;0;1;513636,102000001003034;5415464,509999530389905;9,186030013000050;48,891980062000101
205990;08221013116100234780;08;1;16;019;2022;10;23;5;3;5;3;2;1;1;1;0;0;0;0;522255,622554433997720;5398400,968438619747758;9,302694566000071;48,738230543000000
205992;08221026311200278340;08;3;11;000;2022;10;07;4;3;0;7;0;1;1;0;0;0;0;0;411747,947050135000609;5319085,234620350413024;7,816482821000020;48,018960654000097
205995;08221018435100219680;08;4;35;057;2022;10;15;3;3;3;6;0;0;1;0;0;0;0;0;543799,803098059026524;5279261,631581599824131;9,583401112000050;47,665263918000100
205996;08221102317500508770;08;3;17;096;2022;11;12;4;3;0;7;0;0;0;1;1;0;0;0;422054,760437381977681;5369096,711638979613781;7,945470184000040;48,470169062000103
205998;08221021226400265690;08;2;26;084;2022;10;11;6;3;1;7;0;1;1;1;0;0;0;0;469174,311552066996228;5469987,604664900340140;8,575296775000030;49,381807169000098
206005;08221104436400518480;08;4;36;014;2022;11;18;6;3;6;2;2;1;0;1;1;0;0;0;555886,002621165011078;5299925,045418860390782;9,747029851000040;47,850237209000099
206009;08221027325202277770;08;3;25;072;2022;10;23;5;3;5;3;2;0;1;1;0;0;0;0;470662,122184308012947;5329003,441516860388219;8,605840588000040;48,113616159000102
206010;08221029121400258890;08;1;25;017;2022;10;10;7;2;1;1;0;0;0;1;1;0;0;0;502749,408041757997125;5432235,338060409761965;9,037622123000061;49,042988768000001
206011;08221011111210277530;08;1;11;000;2022;10;14;3;3;6;7;0;0;0;1;1;0;0;0;507541,039308190986048;5396378,798441270366311;9,102527938000041;48,720390954000003
206012;08221014111120239760;08;1;11;000;2022;10;19;6;3;0;1;2;1;1;0;0;0;0;0;513996,884357113973238;5402805,586869250051677;9,190519635000040;48,778094555999999
206014;08221104316200528760;08;3;16;009;2022;11;10;6;3;8;7;0;1;1;0;0;0;0;0;418205,136126482975669;5324619,429170469753444;7,902003177000040;48,069602703999998
206015;08221022226400268680;08;2;26;063;2022;10;10;7;3;6;4;0;0;0;1;1;0;0;0;470917,809370710980147;5471223,299091240391135;8,599226909000039;49,393007724000000
206017;08221025215502248310;08;2;15;106;2022;10;12;3;3;0;7;0;0;1;0;0;0;0;0;464680,002417284005787;5455020,720631930045784;8,514702698000059;49,246938993000100
206018;08221015212502222390;08;2;12;000;2022;10;11;7;3;1;5;0;0;1;1;0;0;0;0;453441,104198310000356;5428816,497249280102551;8,363314250000030;49,010483909000101
206019;08221027111130252690;08;1;11;000;2022;10;10;5;3;0;2;0;0;1;0;0;0;0;1;509123,006567383999936;5402952,639561399817467;9,124181953000059;48,779508002000100
206020;08221010416200228190;08;4;16;041;2022;10;17;2;3;3;6;0;0;1;1;0;0;0;0;506118,857922136026900;5374861,743196380324662;9,082874467000069;48,526834858000001
206023;08221028416200651380;08;4;15;061;2022;10;09;6;3;0;1;0;0;1;0;0;0;0;0;510376,684169889020268;5371076,334344229660928;9,140448637000080;48,492724006000103
206024;08221011311010209940;08;3;36;081;2022;10;14;3;2;0;1;0;0;1;0;0;0;0;0;411182,966297051985748;5276966,593700540252030;7,817546607000050;47,640003143000101
206025;08221014111320207630;08;1;11;000;2022;10;13;6;3;5;3;0;1;1;1;0;0;0;0;517883,578000001027249;5407327,395999520085752;9,243620115000059;48,818672488000097
206026;08221020222600273580;08;2;22;000;2022;10;21;5;3;5;3;2;1;1;1;0;0;0;0;461747,075266420026310;5483033,006321489810944;8,471712586000020;49,498723455000103
206028;08221018111110239700;08;1;11;000;2022;10;14;3;3;6;4;0;0;0;1;1;0;0;0;513178,038995679991785;5403268,091009629890323;9,179388745000040;48,782273089999997
206029;08221025119500297810;08;1;19;085;2022;10;16;3;3;6;3;0;0;0;1;1;0;0;0;528995,242473538964987;5413790,660275840200484;9,395443941000050;48,876394439000101
206030;08221101311010513180;08;3;15;109;2022;11;19;3;3;0;7;2;0;1;0;0;0;0;0;422599,126633108011447;5314288,573331300169230;7,962842981000050;47,977218175000097
206032;08221027135010272560;08;4;25;020;2022;10;20;5;2;6;4;2;0;0;1;1;0;0;0;556791,853614373016171;5361170,903204020112753;9,767300626000059;48,401137188000099
206035;08221020221011241310;08;2;21;000;2022;10;20;5;3;6;4;2;1;0;1;1;0;0;0;475224,021185574005358;5473332,506695150397718;8,658436771000030;49,412170146000101
206037;08221022111500281060;08;1;11;000;2022;10;13;7;3;6;3;0;0;0;1;1;0;0;0;515226,605070298013743;5402908,259221689775586;9,207261763000080;48,778989303000102
206039;08221028221400277950;08;2;21;000;2022;10;16;6;2;0;1;0;0;1;0;0;0;0;0;478483,109900001029018;5471424,911999549716711;8,703469441000040;49,395135577000097
206040;08221031311010297110;08;3;11;000;2022;10;13;2;3;2;2;0;0;1;1;0;0;0;0;409621,484088536002673;5315830,890460669994354;7,788657786000040;47,989389994000099
206042;08221014221400209450;08;2;21;000;2022;10;18;6;3;5;2;1;1;1;1;0;0;0;0;477099,566015072981827;5471242,002061530016363;8,684413254000050;49,393439856000001
206043;08221026336100247710;08;3;36;050;2022;10;10;4;3;8;1;0;1;1;0;0;0;0;0;402171,684373154013883;5276677,547711280174553;7,697671265000050;47,636103986000101
206045;08221018416200220280;08;4;16;041;2022;10;12;3;3;0;1;0;0;1;0;0;0;0;0;504038,987278549990151;5375194,393749070353806;9,054707716000051;48,529844332000003
206046;08221102111500577090;08;1;11;000;2022;11;08;4;3;5;3;0;0;1;1;0;0;0;0;511123,856000001018401;5400590,308999519795179;9,151353453000070;48,758224038000002
206047;08221010119100202460;08;1;19;075;2022;10;15;2;2;0;1;0;0;1;0;0;0;0;0;536537,968238846980967;5427939,585260559804738;9,499578391000060;49,003270599000103
206049;08221016231000212660;08;2;31;000;2022;10;14;1;3;2;6;0;0;1;1;0;0;0;0;478210,395641447976232;5415555,057340719737113;8,702732578000051;48,892561515000097
206050;08221028212010254730;08;2;12;000;2022;10;12;6;3;6;7;0;0;0;1;1;0;0;0;456087,721594888018444;5427023,944679549895227;8,399698026000070;48,994553705999998
206051;08221029437000574950;08;4;37;104;2022;10;14;7;3;4;2;0;0;1;1;0;0;0;0;514444,981679151009303;5324761,253703800030053;9,193929032000030;48,075961313999997
206052;08221012231000207250;08;2;36;075;2022;10;16;4;2;8;1;0;0;1;0;0;0;0;0;482081,791667202021927;5422643,767118209972978;8,755236592000070;48,956453136999997
206054;08221025311010272270;08;3;11;000;2022;10;12;3;3;6;2;0;0;0;1;1;0;0;0;413860,603999984974507;5316235,861999499611557;7,845381152000070;47,993617917000101
206055;08221105118300533580;08;1;18;046;2022;11;17;7;3;5;3;2;0;1;1;0;0;0;0;514601,248941815982107;5412752,535048889927566;9,199100061000021;48,867561819000102
206056;08221018335300220020;08;3;35;075;2022;10;06;3;3;0;7;2;0;1;0;0;0;0;0;488045,729328072979115;5289043,541930880397558;8,840500199000081;47,754650432000098
206057;08221101231000517500;08;2;31;000;2022;11;15;3;3;0;1;0;0;1;0;0;0;0;0;478516,116000001027714;5415658,508999530225992;8,706897909000080;48,893502807000097
206058;08221008237100215390;08;2;37;045;2022;10;19;7;3;5;3;2;0;1;1;0;0;0;0;459191,558361460978631;5362416,220256419852376;8,448513724000071;48,413577635000102
206059;08221027415100567560;08;4;15;078;2022;10;09;5;3;5;3;0;0;1;1;0;0;0;0;528729,801172486972064;5371448,441543189808726;9,388880003000050;48,495500427000103
206060;08221028336400256220;08;3;36;091;2022;10;21;6;2;0;7;2;0;1;0;0;0;0;0;396471,749222475977149;5272035,074900790117681;7,622910547000060;47,593457717000000
206061;08221011417200263030;08;4;17;002;2022;10;09;3;3;6;4;0;0;0;1;1;0;0;0;489597,409324607986491;5346574,829107570461929;8,859807344000050;48,272294348999999
206062;08221013417300204640;08;4;17;031;2022;10;19;5;3;0;1;2;0;1;0;0;0;0;0;496944,181999999971595;5354309,000999510288239;8,958761562000060;48,341954466000097
206063;08221020111500264330;08;1;11;000;2022;10;19;5;3;6;2;0;0;0;1;1;0;0;0;512487,087213387014344;5402577,544126270338893;9,169962093000040;48,776075237999997
206064;08221104316200529520;08;3;16;010;2022;11;16;6;3;0;5;0;0;1;1;0;0;0;0;430782,015351066016592;5335900,901223329827189;8,068975219000039;48,172577844999999
206065;08221022416010241460;08;4;15;092;2022;10;20;7;3;6;3;2;0;0;0;1;0;0;1;519140,636227366980165;5364385,462031659670174;9,258761798000020;48,432324602000101
206067;08221015436300211720;08;4;36;049;2022;10;19;7;3;0;1;2;0;1;0;0;0;0;0;577972,826308303978294;5282263,595724790357053;10,039052021000000;47,689053291999997
206068;08221027118400268330;08;1;18;048;2022;10;08;5;3;5;3;0;0;1;1;0;0;0;0;516049,311400372011121;5418188,184188559651375;9,219058961000030;48,916423613000099
206071;08221103212402511020;08;2;12;000;2022;11;13;5;3;0;7;0;0;1;0;0;0;0;0;456900,138071199995466;5427793,387377509847283;8,410721887000021;49,001532201000003
206072;08221022121500270880;08;1;25;065;2022;10;11;7;3;6;7;0;0;0;1;1;0;0;0;514874,232364763971418;5449736,307475290261209;9,204179402000021;49,200243102999998
206073;08221017212010222850;08;2;12;000;2022;10;13;2;3;5;3;0;0;1;1;0;0;0;0;457462,403736179985572;5429109,669195470400155;8,418271070000060;49,013411345000101
206074;08221028216100257170;08;2;16;043;2022;10;15;6;3;6;7;0;0;1;0;1;0;0;0;441545,254440900986083;5412128,677731310017407;8,203048290000030;48,859367340000098
206075;08221031216100266770;08;2;16;043;2022;10;17;2;3;0;7;1;0;1;0;0;0;0;0;441764,269508084980771;5412201,877894739620388;8,206023550000049;48,860046372000099
206076;08221013212010204700;08;2;12;000;2022;10;18;5;3;5;2;1;0;1;1;0;0;0;0;455371,681928193022031;5428466,647584619931877;8,389751462000049;49,007479626000098
206078;08221026317200280810;08;3;17;057;2022;10;07;4;3;5;3;2;1;1;1;0;0;0;0;412767,600424701988231;5380069,966471919789910;7,817554355000030;48,567647872000101
206079;08221023121600272370;08;1;25;057;2022;10;17;1;3;3;6;0;0;1;0;0;0;0;0;523460,253035718982574;5442217,638697899878025;9,321600274000049;49,132342586000000
206082;08221010221200197280;08;2;21;000;2022;10;20;2;3;0;7;2;0;1;0;0;0;0;0;475186,965930239006411;5472700,415262140333652;8,657965437000030;49,406483090000101
206083;08221017115400253850;08;1;15;045;2022;10;16;2;3;0;4;0;0;0;1;1;0;0;0;499641,701654390024487;5394829,077695580199361;8,995129919000020;48,706495076000103
206086;08221103121200563600;08;1;21;000;2022;11;14;5;3;0;4;0;0;0;0;1;0;0;1;516111,722316755971406;5443577,883942710235715;9,220919723000071;49,144815085000097
206087;08221022215502266720;08;2;15;106;2022;10;12;7;3;0;7;0;0;1;0;0;0;0;0;464095,111642230011057;5454282,313198920339346;8,506732763000061;49,240263055000099
206088;08221017222500280330;08;2;26;009;2022;10;09;2;3;5;3;0;0;1;1;0;0;0;0;466516,756614486977924;5471611,352888129651546;8,538546534000030;49,396272025000002
206089;08221028231000286540;08;2;31;000;2022;10;16;6;2;6;4;0;0;0;1;1;0;0;0;475951,042036029975861;5415162,727725819684565;8,671932657000070;48,888948685999999
206090;08221031118100268210;08;1;18;007;2022;10;12;2;2;0;7;0;0;1;0;0;0;0;0;510010,948202094004955;5427227,131626679562032;9,136863215000060;48,997861984000103
206091;08221013111000222380;08;1;11;000;2022;10;14;5;3;3;6;0;0;1;0;0;0;0;1;511834,618948695017025;5401130,945738039910793;9,161039747000070;48,763074476000000
206094;08221026212702252330;08;2;15;017;2022;10;15;4;3;5;3;0;0;1;1;0;0;0;0;453653,655846078996547;5419382,939623859710991;8,367295247000071;48,925643960000102
206096;08221020111110546040;08;1;11;000;2022;10;09;5;3;0;1;0;1;1;0;0;0;0;0;513328,537663753028028;5403226,213176890276372;9,181436070000069;48,781893154000002
206098;08221009317500218300;08;3;17;096;2022;10;04;1;3;8;1;2;0;1;0;0;0;0;0;422539,673468706023414;5368900,261146159842610;7,952065868000030;48,468461918000102
206100;08221016216200217300;08;2;16;007;2022;10;19;1;3;0;2;1;0;1;0;0;0;0;1;436384,217215558979660;5393873,183078319765627;8,135516947000040;48,694652511000101
206101;08221027421200255510;08;4;21;000;2022;10;17;5;3;9;1;0;0;1;0;0;0;0;0;573357,411435569985770;5361431,645621449686587;9,991128428000019;48,401772553000100
206102;08221030436300262690;08;4;36;081;2022;10;16;1;3;0;1;0;1;1;0;0;0;0;0;558789,428880118997768;5276717,995373750105500;9,782699895000061;47,641190254000001
206106;08221025415400241440;08;4;15;061;2022;10;08;3;3;5;3;0;1;1;1;0;0;0;0;515079,282999999995809;5372708,277999510057271;9,204157002000040;48,507310271999998
206107;08221018311200255240;08;3;11;000;2022;10;11;3;3;4;6;0;0;1;1;0;0;0;0;414251,366124095977284;5316848,125066249631345;7,850495519000050;47,999177979000102
206109;08221101317100513410;08;3;17;098;2022;11;16;3;3;3;6;0;0;1;1;0;0;0;0;437900,906637670006603;5368889,927392129786313;8,159858109000030;48,470073454999998
206110;08221009116010218700;08;1;16;019;2022;10;16;1;3;5;7;0;0;1;0;0;0;0;0;520627,190467505017295;5399071,902576530352235;9,280580447000030;48,744322257000100
206112;08221029111500509500;08;1;11;000;2022;10;15;7;3;5;3;0;0;1;1;0;0;0;0;512845,569168684014585;5402282,404733070172369;9,174832158000070;48,773412887000099
206113;08221011317100228270;08;3;17;110;2022;10;10;3;3;5;3;0;0;1;0;0;0;1;0;426440,338250658009201;5381774,815020889975131;8,002556326000050;48,584736843000002
206115;08221020111500238660;08;1;11;000;2022;10;09;5;3;5;3;0;0;1;1;0;0;0;0;512016,447072278009728;5402424,799276470206678;9,163551761000059;48,774710423999998
206117;08221022311010250180;08;3;11;000;2022;10;16;7;2;0;7;0;0;1;0;0;0;0;0;411252,381018716027029;5316868,170482150278986;7,810297262000060;47,998949000000003
206118;08221017335100246490;08;3;35;043;2022;10;08;2;3;0;1;0;1;1;0;0;0;0;0;511057,787865593971219;5281024,717645430006087;9,147334974000049;47,682516253000102
206119;08221024436200240020;08;4;36;064;2022;10;07;2;3;3;2;1;1;1;1;0;0;0;0;546206,647608899977058;5292652,450832800008357;9,616878633000059;47,785574962000098
206120;08221015335200212210;08;3;35;063;2022;10;15;7;2;0;1;0;0;1;0;0;0;0;0;498138,483822252019309;5287867,314570480026305;8,975167715000049;47,744175370999997
206121;08221027119400285170;08;1;19;091;2022;10;10;5;3;6;7;0;0;0;1;1;0;0;0;528388,898935604956932;5406540,776585600338876;9,386672279000040;48,811205041000100
206122;08221022416200232410;08;4;16;041;2022;10;09;7;3;8;1;0;0;1;0;0;0;0;0;502191,020610449020751;5374467,911942509934306;9,029673362000040;48,523317814999999
206124;08221019212010225910;08;2;12;000;2022;10;13;4;3;5;2;0;0;1;1;0;0;0;0;456322,837636018986814;5428423,746411680243909;8,402761452000050;49,007161775999997
206125;08221103311010539810;08;3;11;000;2022;11;10;5;3;0;7;0;0;1;0;0;0;0;0;412546,992038568016142;5315315,330325679853559;7,827964713000030;47,985159125000102
206126;08221021216100230980;08;2;16;002;2022;10;22;6;3;2;6;2;1;1;0;0;0;0;0;444194,473995617008768;5422255,067000339739025;8,237779325000080;48,950697884000100
206128;08221028116010255050;08;1;16;080;2022;10;13;6;3;5;3;0;0;1;1;0;0;0;0;519317,315605453972239;5394934,510802960023284;9,262569301000040;48,707144483000000
206131;08221014336400213510;08;3;36;091;2022;10;15;6;3;6;4;0;0;0;1;1;0;0;0;394517,131625961977988;5271619,365063210017979;7,597018967000050;47,589403321000098
206136;08221027212010269290;08;2;12;000;2022;10;19;5;3;5;2;2;0;1;1;0;0;0;0;460938,693739375972655;5426918,750468309968710;8,466020060000060;48,993933423999998
206138;08221012116100220710;08;1;16;019;2022;10;17;4;3;6;7;0;0;1;0;1;0;0;0;522075,433473047974985;5398582,049771389923990;9,300253586000050;48,739865944000002
206139;08221020326400228710;08;3;26;074;2022;10;18;5;3;5;3;1;0;1;1;0;0;0;0;460468,686755682982039;5322617,005716199986637;8,469486523000061;48,055608236000097
206140;08221105118000530410;08;1;15;003;2022;11;18;7;2;6;4;2;0;0;1;1;0;0;0;500423,463329439982772;5392485,317964529618621;9,005753417000051;48,685410354000098
206142;08221025311010247410;08;3;11;000;2022;10;14;3;3;4;2;0;0;1;1;0;0;0;0;418782,085268526978325;5314330,188771449960768;7,911696812000060;47,977119351000098
206143;08221031436300272940;08;4;36;049;2022;10;10;2;3;5;3;0;0;1;1;0;0;0;0;578249,844630009029061;5283200,734923309646547;10,042910987000001;47,697450479000103
206145;08221026436400278490;08;4;36;082;2022;10;06;4;2;5;3;2;1;1;0;0;0;0;1;546674,391705514048226;5294053,976015039719641;9,623273599000070;47,798150731000099
206146;08221011136100241720;08;1;36;088;2022;10;07;3;2;1;5;1;1;1;1;0;0;0;0;581694,857167080976069;5409630,530486909672618;10,113247432000000;48,834273529000001
206147;08221013311010228680;08;3;11;000;2022;10;10;5;3;1;7;0;0;1;0;0;0;0;0;414187,849999986996409;5315251,898999500088394;7,849963350000050;47,984810789000100
206153;08221025311010278300;08;3;11;000;2022;10;17;3;3;3;2;1;0;1;1;0;0;0;0;411505,340999983018264;5321746,077999499626458;7,812680291000050;48,042861926000100
206154;08221024212302240420;08;2;12;000;2022;10;12;2;3;5;3;0;0;1;1;0;0;0;0;456965,041000000026543;5428576,552999529987574;8,411526211000020;49,008581408000097
206155;08221025118200244100;08;1;18;011;2022;10;09;3;3;0;7;0;1;1;0;0;0;0;0;498710,136416083027143;5411168,733705580234528;8,982416583000029;48,853484755000103
206156;08221031426200264920;08;4;26;108;2022;10;08;2;3;5;3;0;0;1;1;0;0;0;0;572599,467000007047318;5336402,027999510057271;9,976586726000050;48,176708433000002
206158;08221027231102269100;08;2;36;040;2022;10;15;5;3;6;4;0;0;0;1;1;0;0;0;488263,691692947002593;5421731,139663590118289;8,839707447000020;48,948391719000000
206159;08221029317000262930;08;3;17;089;2022;10;17;7;2;0;1;1;0;1;0;0;0;0;0;431107,051999995019287;5378796,760999520309269;8,066319667000069;48,558479671999997
206162;08221020215402230560;08;2;15;009;2022;10;13;5;3;5;2;0;0;1;1;0;0;0;0;469489,540297873027157;5441121,449169330298901;8,581838668000049;49,122172526999996
206167;08221013212502646620;08;2;12;000;2022;10;10;5;3;0;2;0;0;1;0;0;0;0;1;454322,696353728009854;5429511,648363430052996;8,375290892000070;49,016802723000097
206168;08221015226200227150;08;2;26;032;2022;10;19;7;3;4;6;2;1;1;1;0;0;0;0;466907,457642721012235;5462946,017306559719145;8,544650996000030;49,318350668999997
206169;08221027136300249660;08;1;36;079;2022;10;09;5;3;5;3;0;0;1;1;0;0;0;0;560888,189836820005439;5402248,306608299724758;9,828658740000041;48,770259689000099
206173;08221103311010528710;08;3;11;000;2022;11;13;5;3;6;7;0;0;0;1;1;0;0;0;412524,152563241019379;5317527,194213599897921;7,827207840000030;48,005052400000103
206175;08221021311010230080;08;3;36;050;2022;10;08;6;3;5;3;0;1;1;1;0;0;0;0;399124,353765287029091;5273460,740163589827716;7,657856267000060;47,606700179000001
206176;08221016118400231780;08;1;18;048;2022;10;16;1;3;0;1;0;1;1;0;0;0;0;0;515513,274371718987823;5416514,427934559993446;9,211678971000030;48,901380672000101
206177;08221028111240273800;08;1;11;000;2022;10;18;6;3;6;7;0;0;1;0;0;0;0;1;515360,006092264025938;5404231,918451399542391;9,209127050000060;48,790893521000001
206178;08221030116500262920;08;1;16;068;2022;10;13;1;3;1;7;0;0;1;0;0;0;0;1;526535,050932400976308;5389540,808634320273995;9,360327843000050;48,658357747000103
206183;08221018212010241120;08;2;12;000;2022;10;16;3;3;6;4;0;0;0;0;1;0;0;1;455759,700811536982656;5428715,914890389889479;8,395029765000061;49,009749749000001
206184;08221102436100515130;08;4;36;010;2022;11;06;4;3;3;2;1;0;1;1;0;0;0;0;566271,838698850944638;5306334,455728920176625;9,886825333000051;47,906911030000103
206185;08221008421200219360;08;4;21;000;2022;10;14;7;3;3;6;0;0;1;0;0;0;0;0;572784,794253873056732;5360622,022602260112762;9,983252650000050;48,394556183000098
206186;08221027325202280980;08;3;25;072;2022;10;07;5;3;6;1;0;0;0;0;1;0;0;1;470628,929999999993015;5329084,156999499537051;8,605389096000071;48,114340809000097
206187;08221029215502259710;08;2;15;066;2022;10;18;7;3;0;7;2;0;1;0;0;0;0;0;455740,683678795001470;5452499,808335820212960;8,392161157000031;49,223682818999997
206190;08221021111320268550;08;1;11;000;2022;10;14;6;3;0;7;0;1;1;0;0;0;0;0;516266,881435715011321;5406061,582514019683003;9,221546572000021;48,807329868000103
206192;08221017416010216300;08;4;16;041;2022;10;16;2;3;0;1;0;0;1;0;0;0;0;0;504467,685591412009671;5373514,699512000195682;9,060496395000030;48,514730290999999
206193;08221025119300278350;08;1;19;086;2022;10;14;3;3;6;6;0;0;0;1;1;0;0;0;534687,730557656032033;5406087,807516650296748;9,472424747000050;48,806810609000102
206194;08221101115400526160;08;1;15;045;2022;11;14;3;3;6;4;0;0;0;1;1;0;0;0;502345,759686118981335;5395006,860857640393078;9,031885163000030;48,708090118000001
206196;08221027115400283430;08;1;15;029;2022;10;16;5;2;4;2;0;0;1;1;0;0;0;0;497258,327300405013375;5398514,851445049978793;8,962709996000060;48,739646553000100
206197;08221010435100210030;08;4;35;034;2022;10;19;2;3;0;1;2;0;1;0;0;0;0;0;529774,257444264017977;5284484,662637160159647;9,396946906000039;47,713055734000100
206198;08221020222014229520;08;2;22;000;2022;10;07;5;3;6;4;1;0;0;1;1;0;0;0;465724,252590708027128;5476855,846276889555156;8,527171921000051;49,443400318000002
206199;08221103118300516910;08;1;18;048;2022;11;12;5;3;5;3;0;0;1;1;0;0;0;0;512527,080971440998837;5417266,594009920023382;9,170955586000050;48,908214542000103
206200;08221022215102236640;08;2;12;000;2022;10;16;7;3;5;2;0;0;1;1;0;0;0;0;458403,175999999977648;5431454,549999530427158;8,430895588000061;49,034568006000001