OBJECTID;UIDENTSTLAE;ULAND;UREGBEZ;UKREIS;UGEMEINDE;UJAHR;UMONAT;USTUNDE;UWOCHENTAG;UKATEGORIE;UART;UTYP1;ULICHTVERH;IstStrassenzustand;IstRad;IstPKW;IstFuss;IstKrad;IstGkfz;IstSonstige;LINREFX;LINREFY;XGCSWGS84;YGCSWGS84
206201;08221017317500238230;08;3;17;034;2022;10;10;2;3;0;1;0;0;1;0;0;0;0;0;427105,087034117022995;5362215,059517149813473;8,014983323000020;48,408873186000100
206204;08221014311010240500;08;3;11;000;2022;10;12;6;3;1;5;0;0;1;1;0;0;0;0;414588,443549357994925;5316787,419913359917700;7,855025363000040;47,998677036000103
206205;08221024317200270020;08;3;17;057;2022;10;17;2;3;5;3;0;0;1;1;0;0;0;0;412274,679579849005677;5380833,744664190337062;7,810713136000060;48,574448758000102
206206;08221026337100278260;08;3;37;096;2022;10;07;4;3;6;4;2;1;0;1;1;0;0;0;420464,871712320018560;5267462,146138410083950;7,942820939000060;47,555705437000000
206207;08221019335200273660;08;3;35;063;2022;10;13;4;3;5;3;0;0;1;1;0;0;0;0;498353,259377475013025;5287804,598393410444260;8,978033019000071;47,743611661000003
206208;08221102115300509420;08;1;15;028;2022;11;14;4;3;6;7;0;0;0;1;1;0;0;0;500645,818211990990676;5404886,606649420224130;9,008793899000070;48,796972433000100
206211;08221016416201214390;08;4;16;041;2022;10;14;1;2;1;5;0;0;1;1;0;0;0;0;504439,625473937019706;5374149,147944250144064;9,060123190000070;48,520438222000102
206212;08221027436400281400;08;4;36;012;2022;10;16;5;3;4;6;0;0;1;1;0;0;0;0;549679,650250000995584;5298956,408812190406024;9,663964244000059;47,842032357000100
206214;08221012116500232260;08;1;16;049;2022;10;16;4;3;5;3;0;0;1;1;0;0;0;0;525451,179000000003725;5384672,220999520272017;9,345310844000039;48,614604919000001
206215;08221021221011298530;08;2;21;000;2022;10;13;6;3;6;4;0;1;1;0;1;0;0;0;478678,921822051983327;5473340,924045059829950;8,706065087000070;49,412376737999999
206216;08221022215202283270;08;2;15;100;2022;10;16;7;3;0;6;0;0;1;1;0;0;0;0;474304,504017812025268;5451967,554421730339527;8,647136041000071;49,219955325000100
206218;08221031417300266090;08;4;17;025;2022;10;16;2;3;0;7;0;0;1;0;0;0;0;0;487032,089690777007490;5353754,120292429812253;8,825014796000060;48,336836694000098
206219;08221013118400232710;08;1;18;048;2022;10;09;5;3;5;3;0;0;1;1;0;0;0;0;514098,807480490999296;5414982,570418779738247;9,192325791000030;48,887634304000102
206221;08221026335300266230;08;3;35;075;2022;10;16;4;3;6;4;0;0;0;1;1;0;0;0;488160,377120119985193;5288527,783209609799087;8,842043924000050;47,750011986000104
206223;08221010316100199410;08;3;16;043;2022;10;17;2;3;4;2;0;0;1;1;0;0;0;0;408863,719752167002298;5328857,979160719551146;7,775729477000030;48,106461899000102
206224;08221019231000230130;08;2;31;000;2022;10;17;4;1;6;4;0;0;0;0;1;0;0;1;480218,415423683996778;5414003,301255599595606;8,730202011000070;48,878669751000103
206231;08221012415300205030;08;4;15;059;2022;10;15;4;2;5;3;0;0;1;1;0;0;0;0;515850,144305801019073;5367030,236255309544504;9,214378183000060;48,456209545000000
206232;08221025435200244330;08;4;35;059;2022;10;07;3;3;6;4;1;1;0;1;1;0;0;0;514721,989458516007289;5288840,108960470184684;9,196420984000040;47,752762780000097
206235;08221009117400199360;08;1;17;053;2022;10;11;1;2;0;1;0;0;1;0;0;0;0;0;552008,391230133944191;5401446,271332490257919;9,707718048000061;48,763850662999999
206236;08221027311010251170;08;3;11;000;2022;10;11;5;3;0;7;0;0;1;0;0;0;0;0;412238,475426012999378;5318326,646258570253849;7,823214985000050;48,012204527999998
206238;08221012115300236220;08;1;15;028;2022;10;17;4;3;5;3;0;0;1;1;0;0;0;0;501523,439216080994811;5405301,058086059987545;9,020745718000059;48,800699278000103
206239;08221013311010204880;08;3;11;000;2022;10;20;5;3;0;7;2;1;1;0;0;0;0;0;410216,268587820988614;5315765,209321419708431;7,796641586000020;47,988882959000101
206240;08221020311010243310;08;3;11;000;2022;10;19;5;3;5;3;2;1;1;1;0;0;0;0;412393,822558391024359;5317599,796225279569626;7,825446051000030;48,005687625000100
206241;08221104136200519660;08;1;36;019;2022;11;15;6;3;0;1;0;0;1;0;0;0;0;0;582650,708000013022684;5423676,694999529980123;10,129112191999999;48,960478696000102
206244;08221101128200509090;08;1;28;115;2022;11;17;3;2;0;7;2;0;1;0;0;0;0;0;546052,764982738997787;5493161,646695040166378;9,637183393000040;49,589280551999998
206249;08221103311010509970;08;3;36;050;2022;11;16;5;3;1;5;0;0;1;1;0;0;0;0;399282,731003471999429;5272794,735766779631376;7,660115889000050;47,600733870000099
206250;08221022226200265950;08;2;26;068;2022;10;10;7;3;5;3;0;0;1;1;0;0;0;0;467765,015690925996751;5460079,573238709941506;8,556681886000041;49,292613269000100
206253;08221031216100272890;08;2;16;012;2022;10;23;2;3;6;4;2;0;0;1;1;0;0;0;442211,068747924000490;5419471,757636169902980;8,211086259000069;48,925480230000097
206254;08221012416200232660;08;4;16;041;2022;10;16;4;3;5;3;0;0;1;1;0;0;0;0;503571,211401775013655;5373501,775563349947333;9,048357240000030;48,514619761000098
206255;08221014311010208000;08;3;11;000;2022;10;19;6;2;4;6;2;1;1;1;0;0;0;0;412957,226473979011644;5316337,644778179936111;7,833254157000060;47,994411147999998
206256;08221026117010275740;08;1;17;028;2022;10;07;4;3;6;7;1;1;0;0;1;0;1;0;547052,806600091978908;5382699,836815630085766;9,638154406000069;48,595610383000100
206257;08221024111500244450;08;1;11;000;2022;10;16;2;3;6;4;0;0;0;1;1;0;0;0;515448,694020766008180;5406380,692292500287294;9,210415371000069;48,810221411000001
206258;08221019226400223730;08;2;26;084;2022;10;08;4;3;0;7;0;0;1;0;0;0;0;0;469352,015170732978731;5470328,000341519713402;8,577718792000040;49,384877918000001
206259;08221102115400514790;08;1;15;029;2022;11;13;4;3;5;3;0;0;1;1;0;0;0;0;498217,095180972013623;5399244,270742890425026;8,975747219000031;48,746211905000102
206260;08221024421200274400;08;4;21;000;2022;10;07;2;3;0;6;0;1;1;0;1;0;0;0;572605,447890840005130;5360667,160816060379148;9,980838027000059;48,394982890000101
206261;08221010222700570360;08;2;22;000;2022;10;19;2;3;6;7;2;0;0;0;1;0;0;1;462201,732347956974991;5481354,211593760177493;8,478151846000060;49,483652081000102
206264;08221028111500509270;08;1;11;000;2022;10;09;6;3;4;6;0;0;1;1;0;0;0;0;513486,451840615016408;5400099,891256379894912;9,183483189000070;48,753765563000101
206268;08221020336400230670;08;3;36;091;2022;10;14;5;3;2;1;0;0;1;1;0;0;0;0;396686,093499680981040;5272063,629108520224690;7,625754092000020;47,593748757000100
206269;08221026116400277620;08;1;16;033;2022;10;19;4;3;5;3;2;0;1;1;0;0;0;0;533431,270018234965391;5387523,719334020279348;9,453808177000040;48,639881258999999
206278;08221020118000270090;08;1;15;045;2022;10;10;5;2;5;3;0;0;1;0;0;0;0;0;498103,996462968993001;5396889,002739939838648;8,974219578000030;48,725023509000003
206280;08221022311010233020;08;3;11;000;2022;10;13;7;3;3;2;0;0;1;1;0;0;0;0;414511,755586259998381;5318122,775409519672394;7,853731403000040;48,010678812999998
206283;08221024212502272970;08;2;12;000;2022;10;16;2;3;5;3;0;0;1;1;0;0;0;0;452043,867454023973551;5427193,088910399936140;8,344400258000061;48,995774309000097
206287;08221009127100197020;08;1;27;076;2022;10;13;1;2;0;7;0;0;1;0;0;0;0;0;550476,686434315983206;5436749,399728699587286;9,691245419000040;49,081531454000100
206289;08221028435200258650;08;4;35;059;2022;10;16;6;3;1;6;0;0;1;1;0;0;0;0;514355,071674027014524;5291740,336440790444613;9,191621408000060;47,778865867000000
206290;08221011436500229660;08;4;36;081;2022;10;15;3;3;0;3;0;0;1;0;0;0;0;1;562642,573420039028861;5282948,246293909847736;9,834887234000060;47,696880860000100
206291;08221013435100239320;08;4;35;016;2022;10;17;5;3;3;6;0;0;1;1;0;0;0;0;537436,410986938048154;5278525,796648659743369;9,498583061000030;47,659042988000103
206292;08221020231202276130;08;2;36;071;2022;10;06;5;3;8;1;2;0;1;0;0;0;0;0;469017,458002124971244;5421738,200082929804921;8,576850215000039;48,947790476000101
206293;08221104311010517700;08;3;11;000;2022;11;20;6;3;5;3;2;1;1;1;0;0;0;0;414328,103999987011775;5319384,915999500080943;7,851017173000060;48,022007615000099
206295;08221024436400270160;08;4;36;082;2022;10;06;2;3;6;4;2;1;0;0;1;0;0;1;548094,132814427022822;5295298,350987739861012;9,642369132000059;47,809241784000100
206296;08221015115100242850;08;1;15;003;2022;10;23;7;3;0;7;2;1;1;0;0;0;0;0;501020,410000001022127;5392237,168999520130455;9,013863265000049;48,683177286999999
206297;08221027126200279720;08;1;26;058;2022;10;15;5;3;6;4;0;0;0;1;1;0;0;0;542202,329743901966140;5450370,984556879848242;9,579366770000041;49,204679623000096
206298;08221010311400213070;08;3;15;006;2022;10;13;2;3;5;3;0;0;1;1;0;0;0;0;402642,095241173985414;5307337,193504639901221;7,697059476000050;47,911965332000101
206299;08221020215402260610;08;2;15;009;2022;10;18;5;3;5;3;1;1;1;1;0;0;0;0;469673,968884640024044;5441384,251347649842501;8,584346528000030;49,124545609000101
206300;08221103221300510740;08;2;21;000;2022;11;18;5;3;5;3;2;1;1;0;0;1;0;0;476801,171354059013538;5474629,832632049918175;8,680103257000040;49,423901541000099
206301;08221022119400248940;08;1;19;079;2022;10;11;7;2;5;3;0;0;1;1;0;0;0;0;525549,901800574967638;5407581,387034679763019;9,348069179000049;48,820689321000003
206302;08221017126200275890;08;1;26;058;2022;10;06;2;3;4;2;2;0;1;1;0;0;0;0;542629,233089240035042;5451269,998184690251946;9,585322568000040;49,212736544000101
206304;08221031118300287670;08;1;18;003;2022;10;18;2;2;5;2;2;0;1;0;0;1;0;0;510800,099473676003981;5416619,931003199890256;9,147370657000071;48,902429859999998
206305;08221013212010207810;08;2;12;000;2022;10;18;5;3;3;6;0;0;1;1;0;0;0;0;456845,784581933985464;5428446,042413540184498;8,409909424000030;49,007399120999999
206306;08221014231000249440;08;2;31;000;2022;10;07;6;3;3;6;1;0;1;1;0;0;0;0;475397,386121371993795;5414961,130595870316029;8,664392150000030;48,887113457000098
206307;08221026121200249990;08;1;21;000;2022;10;15;4;3;0;7;0;0;1;0;0;0;0;0;514137,717820513993502;5440742,460360459983349;9,193753440000020;49,119358048000002
206309;08221103116100511200;08;1;16;019;2022;11;13;5;3;1;5;0;0;1;1;0;0;0;0;522264,093716621981002;5398635,074503500014544;9,302822430000051;48,740336235000001
206310;08221010119300229050;08;1;19;067;2022;10;14;2;3;7;7;0;0;0;0;1;1;0;0;536855,906461909995414;5405073,483344520442188;9,501861724000040;48,797561374000097
206311;08221021226600261190;08;2;26;096;2022;10;21;6;2;0;1;2;1;1;0;0;0;0;0;474643,587284739012830;5487655,977401030249894;8,649516856000050;49,540981590999998
206312;08221016115300234020;08;1;15;050;2022;10;15;1;3;5;3;0;0;1;1;0;0;0;0;489126,395017792994622;5402400,112380459904671;8,852003668000069;48,774509366000103
206314;08221030415100275920;08;4;15;088;2022;10;12;1;3;6;7;0;0;0;1;1;0;0;0;541443,691777718951926;5374084,544521640054882;9,561226827000040;48,518504687000103
206316;08221014119500207830;08;1;19;085;2022;10;12;6;3;3;6;0;0;1;0;0;0;0;0;529299,462426312034950;5414141,130558960139751;9,399617972000041;48,879532822000002
206317;08221024311010241840;08;3;36;091;2022;10;17;2;3;5;3;0;0;1;1;0;0;0;0;396289,301974562986288;5271967,146631839685142;7,620500496000030;47,592817531000001
206319;08221025311010273150;08;3;36;050;2022;10;10;3;2;6;4;0;0;0;1;1;0;0;0;400868,686999969999306;5275812,289999489672482;7,680525937000030;47,628122470999998
206320;08221017416010225350;08;4;16;048;2022;10;07;2;2;6;6;1;0;0;1;1;0;0;0;493478,522956395987421;5378565,645021059550345;8,911614425000041;48,560152297999998
206324;08221027316100279080;08;3;16;024;2022;10;07;5;3;5;3;1;0;1;1;0;0;0;0;408841,593716780014802;5334082,366916339844465;7,774314427000040;48,153451700000097
206325;08221029325000283930;08;3;26;074;2022;10;14;7;2;6;2;0;0;0;1;1;0;0;0;465639,675053041020874;5324625,535981959663332;8,538717675000040;48,073978017000101
206326;08221011311010201870;08;3;11;000;2022;10;15;3;2;0;7;0;0;1;0;0;0;0;0;411951,405360793985892;5316578,777834529988468;7,819725320000030;47,996442491000003
206327;08221013335100205620;08;3;35;043;2022;10;20;5;3;0;1;2;1;1;0;0;0;0;0;514107,989626332011539;5280059,052874710410833;9,187944734000039;47,673768162000002
206329;08221104116100563190;08;1;16;019;2022;11;18;6;2;0;1;2;1;1;0;0;0;0;0;523424,899357391986996;5397086,219574590213597;9,318522713000050;48,726360327000101
206331;08221017212302250100;08;2;12;000;2022;10;17;2;2;0;7;0;0;1;0;0;0;0;0;455264,580149767978583;5429874,202397890388966;8,388131885000060;49,020132941999996
206334;08221027116400255220;08;1;16;033;2022;10;16;5;3;0;7;0;0;1;1;0;0;0;0;532930,055566643946804;5388396,177124319598079;9,447074092000040;48,647756407000003
206336;08221010317600278640;08;3;17;040;2022;10;15;2;3;5;3;0;0;1;1;0;0;0;0;432618,239555349980947;5347535,619721169583499;8,091820490000030;48,277437700000100
206337;08221019216100225140;08;3;17;122;2022;10;07;4;3;3;6;2;1;1;1;0;0;0;0;416615,290499427006580;5366735,463659170083702;7,872363901000030;48,448232572000101
206338;08221103212702566390;08;2;15;017;2022;11;17;5;3;5;3;1;1;1;1;0;0;0;0;454720,051466442004312;5421110,268081749789417;8,381660560000061;48,941260557000099
206341;08221016121200214580;08;1;21;000;2022;10;17;1;3;5;3;0;0;1;1;0;0;0;0;515935,507600434008054;5443677,148674339987338;9,218507457000040;49,145712601000099
206343;08221030115100277150;08;1;15;003;2022;10;14;1;2;0;7;0;0;1;0;0;0;0;0;500614,183117159001995;5390345,030456460081041;9,008341466000051;48,666155901000103
206344;08221013119200204910;08;1;19;020;2022;10;07;5;3;3;2;1;0;1;1;0;0;0;0;519959,793842313985806;5407497,603841030038893;9,271911456000050;48,820140404000000
206346;08221026311010263580;08;3;11;000;2022;10;13;4;3;0;7;0;0;0;0;1;0;0;1;411289,525500677991658;5323306,248458189889789;7,809461912000070;48,056865960000003
206347;08221015222200266020;08;2;22;000;2022;10;18;7;3;3;2;1;0;1;1;0;0;0;0;461467,185237225028686;5481832,470820980146527;8,467964430000050;49,487907576000097
206349;08221010335300228750;08;3;35;075;2022;10;16;2;3;6;4;0;0;0;0;1;0;0;1;487981,804000000003725;5289501,186999499797821;8,839634627000070;47,758766921000102
206350;08221018417200291010;08;4;17;002;2022;10;16;3;2;6;4;0;0;0;0;1;0;1;0;488941,322000000975095;5347254,116999509744346;8,850947704000021;48,278394596000098
206351;08221103136100530470;08;1;36;088;2022;11;15;5;3;2;6;0;0;0;1;1;0;0;1;580097,257677186978981;5410106,050483539700508;10,091574210999999;48,838758618000000
206354;08221028311010264470;08;3;11;000;2022;10;01;6;3;0;7;2;0;1;0;0;0;0;0;414195,408732300973497;5316366,486753390170634;7,849841846000060;47,994837952000097
206357;08221014335300241500;08;3;35;075;2022;10;14;6;3;0;2;0;1;1;1;0;0;0;0;491162,378785522014368;5288822,694382259622216;8,882088462000070;47,752713599000103
206358;08221026231402247630;08;2;31;000;2022;10;11;4;3;6;7;0;1;0;1;1;0;0;0;477146,938021105015650;5415761,100784299895167;8,688212918000030;48,894376699000098
206359;08221023118200267000;08;1;18;011;2022;10;08;1;3;5;3;0;0;1;1;0;0;0;0;502816,952935422013979;5409113,506472839973867;9,038386558000070;48,834991167000098
206360;08221018325202220590;08;3;25;011;2022;10;06;3;3;5;2;2;0;1;1;0;0;0;0;473655,767563297995366;5338569,808038399554789;8,645467421000030;48,199813446000100
206361;08221102231000511410;08;2;36;073;2022;11;18;4;3;6;7;2;0;0;1;1;0;0;0;479878,404638847976457;5424283,256991170346737;8,725057522000039;48,971133494000100
206362;08221010115400260550;08;1;15;045;2022;10;14;2;3;0;7;0;0;1;0;0;0;0;0;501549,998580338025931;5394206,747238350100815;9,021065633000029;48,700894718000001
206364;08221028127100288120;08;1;27;076;2022;10;18;6;3;0;7;1;0;1;0;0;0;0;0;550358,814339958014898;5436789,770798129960895;9,689636388000050;49,081904240000000
206365;08221030136200285520;08;1;36;010;2022;10;11;1;3;0;7;0;0;1;0;0;0;0;0;596662,035925511037931;5412653,700693340040743;10,317865026000000;48,859312758999998
206366;08221012118400231760;08;1;18;048;2022;10;21;4;3;0;7;2;1;1;0;0;0;0;0;514626,394441579002887;5414644,985266190022230;9,199510627000050;48,884585248000100
206367;08221024221011272160;08;2;26;012;2022;10;12;2;3;6;4;0;0;0;1;1;0;0;0;476269,107556010014378;5477627,491594700142741;8,672587122000040;49,450844310000001
206370;08221025111500291420;08;1;11;000;2022;10;15;3;3;0;7;0;0;1;0;0;0;0;0;514310,838003279000986;5402286,994830640032887;9,194774965000020;48,773422203000102
206374;08221027222014291220;08;2;22;000;2022;10;19;5;3;6;2;2;0;0;1;1;0;0;0;461355,864968498994131;5482130,825132420286536;8,466398295000030;49,490584033000097
206377;08221013327200235460;08;3;27;046;2022;10;13;5;3;0;6;0;0;1;1;0;0;0;0;479653,775047785020433;5325602,149063229560852;8,726805418000030;48,083365797000098
206379;08221104226400518470;08;2;26;063;2022;11;14;6;3;5;3;0;0;1;1;0;0;0;0;469690,955502333003096;5471753,348718429915607;8,582280030000049;49,397715554000101
206383;08221013118300203710;08;1;18;046;2022;10;09;5;3;1;5;0;0;1;1;0;0;0;0;513617,133737114025280;5412332,317134040407836;9,185666931000069;48,863804022000103
206384;08221014212102205440;08;2;12;000;2022;10;01;6;3;0;1;2;1;1;0;0;0;0;0;461632,891513933020178;5427529,634552810341120;8,475451838000030;48,999472003999998
206386;08221024121200272120;08;1;21;000;2022;10;07;2;3;0;3;2;1;1;1;0;0;0;0;516730,186125891981646;5443042,017267580144107;9,229377619000051;49,139978256000099
206387;08221010311010197650;08;3;11;000;2022;10;15;2;3;5;3;0;0;1;0;0;0;0;0;415409,643803766986821;5315907,389481299556792;7,866205082000020;47,990869971000102
206394;08221029426100257780;08;4;26;021;2022;10;13;7;3;0;1;0;0;1;0;0;0;0;0;558529,681662966031581;5327460,151324819773436;9,786115799000070;48,097718252000000
206398;08221104416010516350;08;4;16;041;2022;11;15;6;2;5;3;0;0;1;1;0;0;0;0;506107,423000946000684;5374340,756512220017612;9,082711959000051;48,522147990000100
206401;08221009116100206970;08;1;16;019;2022;10;18;1;3;0;1;1;0;1;0;0;0;0;0;523449,482469015987590;5398571,231546250171959;9,318941466000069;48,739718414999999
206403;08221029111140260320;08;1;11;000;2022;10;15;7;3;3;2;0;0;1;1;0;0;0;0;513529,619463013019413;5402232,838270479813218;9,184140614000061;48,772952492000101
206404;08221011436200294910;08;4;36;064;2022;10;20;3;2;5;2;2;0;1;1;0;0;0;0;546613,760237311013043;5293341,668937520124018;9,622387461000070;47,791746513000099
206405;08221013222014238890;08;2;26;084;2022;10;18;5;2;6;2;1;0;0;1;1;0;0;0;468854,644415837014094;5471042,174417579546571;8,570810047000069;49,391276507000001
206408;08221018111120221630;08;1;11;000;2022;10;15;3;3;6;4;0;0;0;1;1;0;0;0;513584,309916535974480;5402331,469718289561570;9,184888215000059;48,773838582000103
206409;08221025225100278310;08;2;25;067;2022;10;16;3;3;5;3;0;0;1;1;0;0;0;0;509542,414036729023792;5463008,231589829549193;9,131305840000040;49,319732718000097
206412;08221018111500250810;08;1;11;000;2022;10;07;3;3;5;3;0;0;1;1;0;0;0;0;511072,622000001021661;5397635,545999520458281;9,150576925000051;48,731643947000101
206413;08221102335000513450;08;3;35;043;2022;11;16;4;1;4;6;0;0;1;0;0;0;0;0;513334,993899427005090;5278787,386206519789994;9,177608220000019;47,662342534000103
206414;08221009212302195090;08;2;12;000;2022;10;14;1;2;1;3;0;0;1;1;0;0;0;0;457470,741416471020784;5429300,438658749684691;8,418365095000070;49,015127915999997
206415;08221027336100271000;08;3;36;050;2022;10;10;5;3;5;3;0;0;1;1;0;0;0;0;400200,151692216983065;5276576,834070329554379;7,671455626000070;47,634897131000102
206417;08221012215102221040;08;2;15;109;2022;10;13;4;3;5;3;0;0;1;1;0;0;0;0;461635,993194344977383;5435499,572082799859345;8,474739952000050;49,071163245000001
206418;08221014211100224430;08;2;11;000;2022;10;09;6;3;5;2;0;1;1;0;0;0;0;0;440528,238452923018485;5404243,937541389837861;8,190327451000030;48,788347497000103
206421;08221017335300267870;08;3;35;075;2022;10;07;2;3;6;4;0;0;0;1;1;0;0;0;487666,927339214016683;5290154,124959309585392;8,835414544000059;47,764635800000100
206423;08221101435200508370;08;4;35;034;2022;11;11;3;3;0;1;0;0;1;0;0;0;0;0;530324,097597362007946;5285182,139116000384092;9,404325670000050;47,719305626000100
206426;08221027111500251490;08;1;11;000;2022;10;09;5;3;5;3;0;0;1;1;0;0;0;0;509006,682000001019333;5396793,120999519713223;9,122463815000060;48,724098759000100
206428;08221013335300284820;08;3;35;075;2022;10;17;5;3;9;1;0;0;1;0;0;0;0;0;488394,023360566992778;5291451,808376139961183;8,845082967000049;47,776325230000097
206429;08221020121400272710;08;1;25;056;2022;10;07;5;2;5;3;1;0;1;1;0;0;0;0;511083,227122356998734;5435854,044014469720423;9,151758563000040;49,075447292000000
206431;08221022216100235620;08;2;16;043;2022;10;16;7;3;5;3;0;0;1;1;0;0;0;0;441964,709038043976761;5413303,235456629656255;8,208599833000051;48,869971834000097
206432;08221017226700250020;08;2;26;065;2022;10;18;2;3;5;2;2;0;1;0;0;0;0;0;479353,277000000991393;5456123,386999540030956;8,716253353000070;49,257528572000098
206433;08221031212402291960;08;2;12;000;2022;10;17;2;3;5;3;1;0;1;1;0;0;0;0;455971,028188626980409;5427897,455209179781377;8,398008178000049;49,002402729000003
206437;08221026222500286270;08;2;22;000;2022;10;06;4;3;3;5;2;1;1;0;0;0;0;1;466099,082743152976036;5474678,277565759606659;8,532528636000050;49,423834900000003
206439;08221010436200641500;08;4;36;064;2022;10;06;2;3;5;2;2;0;1;0;0;0;0;0;545274,777000001980923;5291398,193999489769340;9,604307691000029;47,774356556999997
206440;08221019111230508110;08;1;11;000;2022;10;15;4;3;5;3;0;0;1;1;0;0;0;0;511905,060999999986961;5398503,318999519571662;9,161922311000071;48,739435080000099
206441;08221103211000522410;08;2;16;043;2022;11;17;5;2;5;3;0;1;1;1;0;0;0;0;441018,603999998013023;5411033,143999530002475;8,196026675000040;48,849463210000103
206442;08221009327200235140;08;3;27;049;2022;10;14;1;3;6;6;0;0;1;0;1;0;0;0;471777,928065499989316;5326224,029532570391893;8,621015131000039;48,088660695000002
206444;08221016336300249350;08;3;36;103;2022;10;15;1;2;0;1;0;0;1;0;0;0;0;0;412794,261999985028524;5285649,894999490119517;7,837259286000060;47,718335802000098
206445;08221028121400282900;08;1;25;038;2022;10;09;6;3;0;7;0;0;1;0;0;0;0;0;500311,562643276003655;5434444,478109790012240;9,004265035000060;49,062867214999997
206447;08221012311010229960;08;3;11;000;2022;10;07;4;3;5;2;0;0;1;1;0;0;0;0;411036,755999982997309;5318463,171999500133097;7,807076521000060;48,013266429000097
206449;08221025435100263470;08;4;35;045;2022;10;17;3;3;0;1;1;1;1;0;0;0;0;0;536733,358751210034825;5286527,600574109703302;9,489893960000069;47,731078233000098
206452;08221101118200513200;08;1;18;080;2022;11;11;3;2;0;1;0;0;1;0;0;0;0;0;508945,284220495028421;5411393,736658929847181;9,121946863000060;48,855445699000001
206455;08221028426100278050;08;4;26;043;2022;10;16;6;2;6;4;0;0;1;0;1;0;0;0;572346,319832946057431;5321531,893675119616091;9,970659451000071;48,042969770000099
206456;08221011128200232610;08;1;28;139;2022;10;15;3;3;0;1;0;0;1;0;0;0;0;0;551394,766662535956129;5490068,777979739941657;9,710685278000030;49,561032764000103
206458;08221020317000228440;08;3;17;026;2022;10;10;5;2;6;2;0;0;0;1;1;0;0;0;411906,394143477024045;5345282,956428810022771;7,813187930000030;48,254632295000100
206460;08221022226700234280;08;2;26;098;2022;10;15;7;3;5;3;0;0;1;1;0;0;0;0;476458,899520164006390;5459089,895146929658949;8,676302186000040;49,284107923000100
206461;08221025216100278930;08;2;16;022;2022;10;06;3;3;0;7;2;0;1;0;0;0;0;0;435090,747314218024258;5405372,578845139592886;8,116129744000030;48,797955720000097
206463;08221027116500280030;08;1;16;049;2022;10;15;5;2;2;6;0;0;1;1;0;0;0;0;524503,321912051993422;5384390,653603110462427;9,332434320000059;48,612109758000003
206465;08221020119400265880;08;1;19;079;2022;10;14;5;3;0;1;0;1;1;0;0;0;0;1;524729,801536321989261;5407478,767113859765232;9,336890880000061;48,819799370000098
206466;08221103118300652990;08;1;18;046;2022;11;17;5;3;0;7;2;0;1;0;0;0;0;0;513326,158137510996312;5412172,549715830013156;9,181694355000049;48,862373108000000
206471;08221013119200203750;08;1;19;093;2022;10;07;5;3;1;4;1;0;0;1;1;0;0;0;523669,183000001008622;5405858,119999519549310;9,322348980000070;48,805261723000100
206472;08221026216100249060;08;2;16;009;2022;10;16;4;3;0;7;0;0;1;0;0;0;0;0;447299,255557634984143;5420795,590272930450737;8,280371222000040;48,937842306000100
206474;08221018426200257380;08;4;26;134;2022;10;13;3;2;5;3;0;0;1;1;0;0;0;0;561763,134000002988614;5337578,561999510042369;9,831007925000049;48,188438371000103
206475;08221026435100278110;08;4;35;016;2022;10;14;4;3;0;1;0;0;1;0;0;0;0;0;536115,617705959011801;5277952,778182479552925;9,480945866000070;47,653962395000100
206476;08221010421200210940;08;4;21;000;2022;10;21;2;3;0;1;2;0;1;0;0;0;0;0;573266,450215275981463;5360913,091033649630845;9,989809142000070;48,397118622999997
206479;08221022128100270830;08;1;28;007;2022;10;15;7;2;6;4;0;0;0;1;1;1;0;0;555674,101000002003275;5482972,984999549575150;9,768852775000029;49,496834869000097
206481;08221031325102265430;08;3;25;057;2022;10;10;2;3;5;3;0;0;1;1;0;0;0;0;472708,457727889996022;5356704,599442739970982;8,631547638000031;48,362924147000101
206484;08221026136010272310;08;1;36;019;2022;10;07;4;2;6;4;0;1;0;1;1;0;0;0;581853,356009984971024;5426280,776688469573855;10,118745535000100;48,984005755000098
206485;08221023222700271400;08;2;22;000;2022;10;20;1;3;5;3;2;1;1;0;0;0;0;0;462249,295593802991789;5481793,891410900279880;8,478766500000059;49,487609734000003
206490;08221016311010222180;08;3;11;000;2022;10;17;1;3;5;3;0;0;1;1;0;0;0;0;415241,724912843026686;5319585,320663739927113;7,863227987000070;48,023932211000002
206492;08221029415401651120;08;4;15;061;2022;10;14;7;3;6;7;0;0;0;0;1;0;0;1;515701,920357140013948;5370931,778839150443673;9,212519957000040;48,491313022999996
206493;08221012212302202130;08;2;12;000;2022;10;10;4;3;7;7;0;0;1;0;0;0;0;0;455779,583549642993603;5428839,665691480040550;8,395288157000040;49,010864325000099
206495;08221021311010231440;08;3;11;000;2022;10;20;6;3;6;7;2;1;0;1;1;0;0;0;414031,770052569976542;5316411,898570439778268;7,847639731000070;47,995224468000103
206496;08221025316100273310;08;3;16;011;2022;10;08;3;3;5;3;0;0;1;1;0;0;0;0;414634,663291932025459;5329435,282220220193267;7,853120697000070;48,112454513000003
206498;08221101426200514030;08;4;26;070;2022;11;16;3;3;1;5;1;0;1;1;0;0;0;0;565423,633000005036592;5342050,040999510325491;9,880942819000040;48,228296332000099