OBJECTID;UIDENTSTLAE;ULAND;UREGBEZ;UKREIS;UGEMEINDE;UJAHR;UMONAT;USTUNDE;UWOCHENTAG;UKATEGORIE;UART;UTYP1;ULICHTVERH;IstStrassenzustand;IstRad;IstPKW;IstFuss;IstKrad;IstGkfz;IstSonstige;LINREFX;LINREFY;XGCSWGS84;YGCSWGS84
207075;08221111317600529740;08;3;17;145;2022;11;11;6;3;6;7;0;0;0;1;1;0;0;0;442257,683432109013665;5349564,638087489642203;8,221451193000060;48,296643140000100
207077;08221123415400460330;08;4;15;061;2022;11;06;4;3;5;3;1;0;1;1;0;0;0;0;515638,767727751983330;5371987,106927040033042;9,211704739000030;48,500808694000099
207078;08221116415300565420;08;4;15;092;2022;11;17;4;2;5;3;2;0;1;1;0;0;0;0;518880,994000000995584;5365838,041999509558082;9,255317214000060;48,445400442999997
207079;08221128111500567840;08;1;11;000;2022;11;17;2;2;5;3;2;1;1;1;0;0;0;0;507092,955215531983413;5398546,019841250032187;9,096473088000041;48,739892596000097
207080;08221119121300349790;08;1;21;000;2022;11;18;7;3;6;4;2;1;0;1;1;0;0;0;513526,005643992975820;5443937,238638049922884;9,185477330000030;49,148109992999998
207081;08221129436400353230;08;4;36;082;2022;11;09;3;3;5;3;0;1;1;1;0;0;0;0;546615,312208399991505;5294164,565034690313041;9,622496606000031;47,799149978000102
207082;08221109212702559480;08;2;15;096;2022;11;07;4;3;2;6;0;0;1;1;0;0;0;0;463605,732774685020559;5417729,832628600299358;8,503299059000030;48,911438849000000
207085;08221124211100387030;08;2;11;000;2022;11;16;5;2;6;4;2;0;0;1;1;0;0;0;445540,021481769974343;5399323,136993009597063;8,259205025000030;48,744542862000102
207087;08221109326400540100;08;3;26;074;2022;11;04;4;3;6;2;2;1;0;1;1;0;0;0;460428,777706526976544;5322513,552065820433199;8,468960535000059;48,054675019000101
207088;08221105222400521080;08;2;26;105;2022;11;10;7;3;6;4;0;0;0;1;1;0;0;0;471963,934999999997672;5477103,443999550305307;8,613227463000040;49,445947257000100
207091;08221127221400448880;08;2;26;018;2022;11;22;1;3;1;5;2;0;1;1;0;0;0;0;472975,341293119010516;5471265,593173629604280;8,627577620000070;49,393482956000099
207093;08221130335100408650;08;3;35;043;2022;11;16;4;3;5;3;1;0;1;1;0;0;0;0;512042,957521867007017;5280328,981260560452938;9,160442220000050;47,676238650000101
207096;08221111116500569200;08;1;16;049;2022;11;08;6;3;5;3;0;0;1;1;0;0;0;0;525475,739299418986775;5384682,628637339919806;9,345644701000030;48,614697546999999
207097;08221114116500532290;08;1;16;049;2022;11;13;2;3;0;1;0;1;1;0;0;0;0;0;524439,574944125022739;5386144,482141519896686;9,331672836000051;48,627889801000002
207098;08221123111500560740;08;1;11;000;2022;11;20;4;3;0;4;2;1;0;1;1;0;0;0;506768,349507417995483;5405605,724524499848485;9,092174227000040;48,803405050000002
207100;08221116111500559340;08;1;11;000;2022;11;15;4;2;6;4;0;0;0;1;1;0;0;0;513454,896974505973049;5402127,991372610442340;9,183120203000041;48,772010917000003
207101;08221126221400416650;08;2;21;000;2022;11;17;7;3;5;3;1;0;1;1;0;0;0;0;476170,123017607023939;5469451,556234319694340;8,671712301000071;49,377299366999999
207104;08221115116100570570;08;1;16;019;2022;11;06;3;3;5;3;1;0;1;1;0;0;0;0;524114,076450695982203;5397712,029465929605067;9,327930324000020;48,731963761000003
207106;08221118415100543450;08;4;15;050;2022;11;07;6;3;5;3;1;1;1;1;0;0;0;0;522532,817072711011861;5375427,908751700073481;9,305215406000061;48,531553533000100
207107;08221110215202558030;08;2;15;100;2022;11;18;5;3;0;7;2;1;1;0;0;0;0;0;475008,224186026025563;5451220,232804959639907;8,656846249000070;49,213262197000098
207111;08221125311010330310;08;3;11;000;2022;11;17;6;3;0;1;2;1;1;0;0;0;0;0;411179,784587264002766;5315188,500831199809909;7,809671851000080;47,983829860000100
207112;08221206311010417580;08;3;11;000;2022;12;11;3;2;0;4;0;0;0;1;1;0;0;0;413804,792619545012712;5320279,855994730256498;7,843820245000070;48,029987479000098
207113;08221110226500533650;08;2;26;085;2022;11;14;5;3;0;7;0;0;1;0;0;0;0;0;492498,410587234015111;5454221,951276260428131;8,896941148000050;49,240727187000097
207114;08221129212010350260;08;2;12;000;2022;11;16;3;3;6;4;2;1;0;0;1;0;0;1;461406,089673863025382;5427500,480090630240738;8,472353952000050;48,999195614000001
207115;08221107311010535310;08;3;36;069;2022;11;13;2;3;5;3;0;0;1;1;0;0;0;0;408256,510010186990257;5268075,287807789631188;7,780455040000050;47,559610834000097
207116;08221124115300390390;08;1;15;028;2022;11;07;5;3;5;3;0;1;1;1;0;0;0;0;500869,806873415014707;5405166,903027709573507;9,011844474000039;48,799493687000101
207119;08221201128100443950;08;1;28;007;2022;12;17;5;3;6;4;2;0;0;1;1;0;0;0;555167,406236410955898;5483135,066076709888875;9,761878665000040;49,498338924000102
207120;08221124311010321960;08;3;11;000;2022;11;19;5;3;5;3;2;0;1;1;0;0;0;0;412800,226582749979571;5316743,778045860119164;7,831067613000070;47,998043053000103
207123;08221106118100576590;08;1;18;010;2022;11;14;1;3;0;7;0;0;1;0;0;0;0;0;507695,107864717021585;5430031,233616920188069;9,105255765000040;49,023119733000001
207124;08221123211100345250;08;2;11;000;2022;11;11;4;3;0;3;0;0;1;0;0;0;0;1;444126,017999998992309;5401187,802999519743025;8,239719659000061;48,761190683999999
207125;08221116415400559860;08;4;15;060;2022;11;06;4;3;8;1;2;0;1;0;0;0;0;0;515525,148203279997688;5378952,580026649869978;9,210426156000040;48,563474928000097
207126;08221128118010401570;08;1;18;067;2022;11;16;2;3;6;4;0;0;0;1;1;0;0;0;505622,397791083029006;5413698,337331050075591;9,076679234000039;48,876216481000000
207128;08221130317500361510;08;3;17;096;2022;11;08;4;3;5;3;0;1;1;1;0;0;0;0;422390,323999991989695;5369449,557999510318041;7,949943774000080;48,473384394000000
207129;08221108226700573800;08;2;26;102;2022;11;10;3;3;5;3;0;0;1;1;0;0;0;0;484050,710999999020714;5452724,496999540366232;8,780944606000050;49,227095484000102
207130;08221111111500539120;08;1;11;000;2022;11;14;6;2;6;7;0;0;1;1;1;0;0;0;512379,864211805979721;5403735,796564309857786;9,168537566000049;48,786496928000098
207132;08221123111230571610;08;1;11;000;2022;11;22;4;3;0;7;2;1;1;0;0;0;0;0;515612,272849841974676;5397753,880963760428131;9,212315879000069;48,732611278000000
207134;08221116221300550780;08;2;21;000;2022;11;08;4;3;5;3;0;1;1;1;0;0;0;0;476424,067489316978026;5473860,486732079647481;8,674949039000071;49,416966916000000
207137;08221129311010572090;08;3;11;000;2022;11;16;3;3;3;6;1;1;1;1;0;0;0;0;412912,806065201002639;5316247,353519519791007;7,832677182000050;47,993592900000102
207139;08221107212302541620;08;2;12;000;2022;11;15;2;3;6;3;0;0;0;1;1;0;0;0;456639,727662422985304;5428602,092641269788146;8,407075293000050;49,008788368000097
207141;08221111435200524930;08;4;35;059;2022;11;17;6;3;5;3;2;0;1;0;0;0;0;0;511898,724463569000363;5290712,451596390455961;9,158804372000080;47,769667519999999
207142;08221121416010308220;08;4;16;041;2022;11;11;2;2;5;3;0;0;1;1;0;0;0;0;503450,737692796974443;5375026,030073810368776;9,046738538000060;48,528333184000097
207143;08221202231000427370;08;2;31;000;2022;12;12;6;3;6;2;0;1;0;1;1;0;0;0;477492,881370646995492;5415688,507104519754648;8,692936593000070;48,893736335000000
207145;08221205221300472880;08;2;21;000;2022;12;09;2;3;5;3;0;1;1;1;0;0;0;0;477461,739657005004119;5474333,560836040414870;8,689228751000030;49,421261467000100
207146;08221111119200523490;08;1;19;020;2022;11;13;6;3;5;3;0;0;1;1;0;0;0;0;519895,201780120027252;5407766,894873740151525;9,271044594000051;48,822564962999998
207147;08221113115300528220;08;1;15;050;2022;11;10;1;3;0;7;0;0;1;0;0;0;0;0;489254,816743071016390;5402296,900913040153682;8,853754256000061;48,773583111999997
207150;08221116115100559300;08;1;15;003;2022;11;14;4;3;5;7;0;0;1;1;0;0;0;0;501914,281681857013609;5391568,422786399722099;9,026004286000051;48,677159066999998
207151;08221125426010393540;08;4;26;097;2022;11;10;6;2;5;3;0;0;1;0;0;0;1;0;535912,057150183944032;5333262,701467650011182;9,482840795000071;48,151598407999998
207152;08221206118400444870;08;1;18;048;2022;12;17;3;3;6;4;2;0;1;0;1;0;0;0;513881,941026106011122;5415704,857599079608917;9,189392011000050;48,894136705999998
207156;08221114437200552340;08;4;37;104;2022;11;03;2;2;0;7;2;0;1;0;0;0;0;0;517811,596570606983732;5325220,418082170188427;9,239145812000061;48,080007242000100
207157;08221107435200567900;08;4;35;034;2022;11;16;2;3;0;1;0;0;1;0;0;0;0;0;529766,863684955984354;5284520,380542839877307;9,396850776000059;47,713377444000102
207159;08221110121100557990;08;1;25;026;2022;11;15;5;3;6;4;0;0;0;0;1;1;0;0;493525,115878660988528;5441880,317994340322912;8,911245061000050;49,129722022000102
207160;08221112235100542180;08;2;35;033;2022;11;08;7;3;3;6;1;0;1;1;0;0;0;0;460858,076289223972708;5407065,781674009747803;8,466821300000049;48,815343425000002
207163;08221125212010348350;08;2;12;000;2022;11;13;6;3;5;3;0;0;1;1;0;0;0;0;457246,155494929989800;5429904,533314700238407;8,415230147000051;49,020546297000102
207164;08221205415400473020;08;4;15;061;2022;12;07;2;3;0;2;1;0;1;1;0;0;0;0;514856,361049755010754;5369925,135683650150895;9,201039888000031;48,482277453000101
207165;08221115311010533870;08;3;11;000;2022;11;11;3;3;0;1;0;0;1;0;0;0;0;0;417573,178386059997138;5314437,395961469970644;7,895480233000060;47,977929129000103
207166;08221110111500541740;08;1;11;000;2022;11;18;5;3;6;4;2;0;1;0;1;0;0;0;507552,004199217015412;5399319,001300670206547;9,102730891000020;48,746840945000002
207167;08221129121500359560;08;1;25;039;2022;11;17;3;3;5;2;2;1;1;1;0;0;0;0;512092,551352304988541;5458595,903635970316827;9,166262614000059;49,279998154000097
207168;08221107117100543610;08;1;17;026;2022;11;07;2;3;4;2;0;0;1;1;0;0;0;0;549825,710644867969677;5393989,867214810103178;9,677117614000050;48,696955812000098
207171;08221129111110564410;08;1;11;000;2022;11;17;3;3;4;2;2;1;1;1;0;0;0;0;512996,826590724987909;5403602,167519249953330;9,176932531000030;48,785282226000000
207172;08221120221400324330;08;2;21;000;2022;11;19;1;3;6;2;2;1;0;1;1;0;0;0;478537,175348500022665;5468541,066328450106084;8,704370179000019;49,369197587000002
207174;08221124317500320750;08;3;17;096;2022;11;08;5;3;8;1;1;1;1;0;0;0;0;0;422625,896692874026485;5368918,623529640026391;7,953228753000080;48,468637700999999
207175;08221108437100566970;08;4;37;100;2022;11;17;3;3;6;7;2;0;0;1;1;0;0;0;537217,751558408956043;5318459,362910980358720;9,499105145000041;48,018341966999998
207177;08221105336100544480;08;3;36;050;2022;11;19;7;3;5;3;2;0;1;1;0;0;0;0;401185,516999972984195;5277015,615999479778111;7,684470226000030;47,638995278000003
207179;08221116311010574560;08;3;11;000;2022;11;07;4;3;6;3;0;1;1;0;1;0;0;0;414192,006508342979942;5317885,930647389963269;7,849492336000030;48,008505454000002
207181;08221119311010359910;08;3;11;000;2022;11;14;7;3;5;2;0;1;1;0;0;0;0;0;413535,811557007022202;5316403,258206030353904;7,840994806000030;47,995079867000101
207182;08221130222500446720;08;2;22;000;2022;11;16;4;3;5;3;1;0;1;1;0;0;0;0;463321,332623476977460;5478253,423943810164928;8,493895970000040;49,455830650999999
207186;08221112215202541790;08;2;15;100;2022;11;15;7;3;0;7;0;0;1;0;0;0;0;0;474162,668739906977862;5449934,463113659992814;8,645319177000029;49,201661471000101
207187;08221122435100432680;08;4;35;016;2022;11;15;3;3;6;4;0;0;0;1;1;0;0;0;535729,746485461946577;5277950,175672680139542;9,475807252000040;47,653960404000003
207188;08221202222500376390;08;2;22;000;2022;12;08;6;3;0;1;1;1;1;0;0;0;0;0;465766,465489664988127;5475501,832159929908812;8,527871146000050;49,431223847000098
207191;08221206311010460230;08;3;11;000;2022;12;05;3;3;6;4;2;0;0;1;1;0;0;0;413854,314675180998165;5316612,768684290349483;7,845221209000040;47,997007482000100
207193;08221106336200515500;08;3;36;069;2022;11;12;1;3;1;5;0;0;1;1;0;0;0;0;407701,042583981005009;5268839,556613880209625;7,772912393000070;47,566407310000002
207195;08221121316100310030;08;3;16;024;2022;11;13;2;3;0;1;0;1;1;0;0;0;0;0;410445,260855576023459;5334659,049029460176826;7,795750418000070;48,158866813000003
207196;08221201136200377630;08;1;36;018;2022;12;13;5;3;5;3;0;0;1;1;0;0;0;0;588554,126412009005435;5429367,748164930380881;10,210981852000000;49,010844447000103
207197;08221124317100385250;08;3;17;089;2022;11;07;5;3;5;3;1;1;1;1;0;0;0;0;431665,123385305982083;5376760,516282189637423;8,074216166000040;48,540224431000098
207200;08221106311010537570;08;3;11;000;2022;11;19;1;3;1;6;2;0;1;1;0;0;0;0;411714,167200370982755;5318693,916947229765356;7,816110510000040;48,015435992000100
207201;08221123317500315430;08;3;17;096;2022;11;11;4;3;5;3;0;1;1;1;0;0;0;0;423346,750610643997788;5369244,028795439749956;7,962919651000050;48,471652988000102
207205;08221130311010361010;08;3;11;000;2022;11;09;4;3;0;1;0;1;1;0;0;0;0;0;414104,234088398981839;5316134,084722690284252;7,848666473000040;47,992735166000003
207207;08221110111500524270;08;1;11;000;2022;11;16;5;3;0;7;0;0;0;1;1;0;0;0;519326,686418023018632;5399982,694909850135446;9,262933343000039;48,752557381000003
207208;08221128416200422190;08;4;16;041;2022;11;17;2;3;3;6;2;1;1;1;0;0;0;0;503580,026467168005183;5374413,292576169595122;9,048484428000050;48,522820054000100
207210;08221106325202547430;08;3;25;049;2022;11;09;1;2;6;2;0;0;0;1;1;0;0;0;471852,954930712003261;5334179,600970770232379;8,621497124000030;48,160238660000097
207211;08221124117300380590;08;1;17;026;2022;11;07;5;3;6;2;2;1;0;1;1;0;0;0;548579,765543489018455;5394825,314866670407355;9,660285047000061;48,704569335000002
207212;08221117335200539420;08;3;35;055;2022;11;10;5;3;0;7;0;1;1;0;0;0;0;0;495294,172766825009603;5283945,373090120032430;8,937267529000049;47,708872780000000
207213;08221128127202352660;08;1;27;014;2022;11;15;2;3;5;3;0;1;1;1;0;0;0;0;579096,945461479946971;5442535,473410929553211;10,084254451000000;49,130558311000101
207215;08221201335100370210;08;3;35;043;2022;12;20;5;3;5;3;2;0;1;1;0;0;0;0;512472,474394542980008;5278941,692962599918246;9,166124816000041;47,663748145000099
207216;08221124311010324920;08;3;11;000;2022;11;15;5;3;4;6;0;0;1;0;0;0;0;0;413647,757197924016509;5317413,427011329680681;7,842291749000030;48,004181817000102
207218;08221111222500525500;08;2;22;000;2022;11;15;6;3;5;2;0;0;1;1;0;0;0;0;462174,639513276983052;5480108,368355959653854;8,477896957000040;49,472444662999997
207219;08221112435200553010;08;4;35;059;2022;11;11;7;3;6;4;0;0;1;0;1;0;0;0;511921,345011243014596;5291435,686710789799690;9,159126123000020;47,776174417000000
207221;08221116337010536940;08;3;37;126;2022;11;13;4;3;6;4;0;0;0;1;1;0;0;0;441092,338838858995587;5275092,276066999882460;8,215944989000040;47,626553038000097
207222;08221126115300415980;08;1;15;028;2022;11;17;7;3;5;3;2;0;1;1;0;0;0;0;500760,357582214986905;5404601,589608419686556;9,010353017000060;48,794408308000101
207224;08221130311010401540;08;3;11;000;2022;11;16;4;3;0;1;0;0;1;0;0;0;0;0;412058,087605764972977;5321244,057770339772105;7,820197903000060;48,038422540000099
207225;08221115116200535010;08;1;16;078;2022;11;10;3;3;6;4;0;0;0;1;1;0;0;0;510233,411290522024501;5394606,938613110221922;9,139089376000070;48,704412845000000
207229;08221122221400418110;08;2;21;000;2022;11;14;3;3;4;6;0;0;1;0;0;0;0;0;474608,718311849981546;5473543,645057920366526;8,649940825000041;49,414043925999998
207230;08221203221200599950;08;2;21;000;2022;12;23;7;3;3;6;2;1;1;0;0;0;0;0;476791,628283097001258;5472680,702915400266647;8,680085636000060;49,406369094000098
207232;08221125212010358760;08;2;12;000;2022;11;06;6;2;5;2;2;1;1;0;0;1;0;0;458581,181188141985331;5428255,934960070066154;8,433657385000060;49,005807984999997
207233;08221206115300410880;08;1;15;042;2022;12;13;3;3;0;7;0;0;1;0;0;0;0;0;495788,828134723997209;5406054,715250260196626;8,942645863000051;48,807466718999997
207235;08221129436200572140;08;4;36;064;2022;11;15;3;3;0;3;0;1;1;1;0;0;0;0;545761,875374824041501;5292037,056475429795682;9,610876210000070;47,780070006000102
207236;08221107216100515150;08;2;16;043;2022;11;08;2;3;5;3;0;0;1;1;0;0;0;0;441753,733417942014057;5412199,930484320037067;8,205880195000081;48,860027866000102
207239;08221201226200597250;08;2;26;032;2022;12;10;5;3;3;2;0;0;1;1;0;0;0;0;467953,726231689972337;5463979,567153059877455;8,558964037000070;49,327703112000101
207240;08221124118000373940;08;1;18;048;2022;11;09;5;2;6;4;0;1;0;1;1;0;0;0;514379,541000001016073;5415924,645999530330300;9,196188488000081;48,896102514000098
207242;08221110118000542930;08;1;15;003;2022;11;15;5;2;6;3;0;0;0;1;1;0;0;0;502425,166574054979719;5392274,869121669791639;9,032948473000030;48,683512565000100
207243;08221105316100534180;08;3;16;043;2022;11;10;7;2;5;3;0;0;1;1;0;0;0;0;411885,318071041023359;5330778,016801140271127;7,815913880000040;48,124158002000101
207244;08221123221011365310;08;2;21;000;2022;11;13;4;3;1;5;0;0;1;1;0;0;0;1;477005,713798141980078;5472862,510881469585001;8,683026109000020;49,408012554000003
207245;08221116311010551630;08;3;11;000;2022;11;13;4;3;1;6;0;0;1;1;0;0;0;0;410874,905084812024143;5316796,559353739954531;7,805253035000020;47,998252329000103
207247;08221119119100302520;08;1;19;008;2022;11;17;7;3;6;4;2;1;0;1;1;0;0;0;532665,183866905979812;5420571,043549560010433;9,446036494000049;48,937204807000100
207250;08221111115300538110;08;1;15;041;2022;11;07;6;3;5;3;0;0;1;1;0;0;0;0;495275,158924637013115;5401929,453030879609287;8,935697375000069;48,770352407000097
207253;08221116118200540220;08;1;18;011;2022;11;18;4;3;5;3;2;1;1;1;0;0;0;0;505213,768740742991213;5407789,172710429877043;9,071031054000059;48,823062121000099
207255;08221115311010542510;08;3;11;000;2022;11;07;3;3;6;7;1;1;0;0;1;0;0;1;414774,183779634011444;5318141,417871059849858;7,857245738000070;48,010881562000101
207256;08221118221011559070;08;2;21;000;2022;11;09;6;3;5;3;0;1;1;1;0;0;0;0;476631,837789468001574;5472024,894698619842529;8,677921636000059;49,400464087000003
207257;08221129222600362320;08;2;22;000;2022;11;13;3;3;0;1;0;1;1;0;0;0;0;0;461432,509660443989560;5483061,542009119875729;8,467365727000070;49,498960199000102
207258;08221108211000523000;08;2;16;005;2022;11;06;3;3;4;6;2;0;1;1;0;0;0;0;445823,073269665997941;5417815,309959120117128;8,260611565000030;48,910907216000098
207262;08221121337010391580;08;3;37;124;2022;11;16;2;3;0;7;0;0;1;0;0;0;0;0;454306,771615366975311;5282923,329129830002785;8,390997119000080;47,698077867999999
207264;08221125311010495250;08;3;11;000;2022;11;17;6;3;5;3;2;1;1;1;0;0;0;0;409780,451647898007650;5315618,231154319830239;7,790832625000060;47,987499527000097
207265;08221207111500580060;08;1;11;000;2022;12;20;4;3;5;2;2;0;1;1;0;0;0;0;512656,366838273010217;5402995,142493239603937;9,172279007000039;48,779828501000097
207268;08221112421300525510;08;4;21;000;2022;11;09;7;3;5;3;0;0;1;1;0;0;0;0;571405,355000006966293;5361069,029999510385096;9,964696548000060;48,398734873000102
207270;08221116212702538250;08;2;15;017;2022;11;07;4;3;5;3;0;1;1;1;0;0;0;0;454021,114166187995579;5419606,797975430265069;8,372286109000070;48,927685017000002
207271;08221126222014340700;08;2;22;000;2022;11;17;7;3;0;5;1;0;1;1;0;0;0;0;461174,537859232979827;5482241,730308740399778;8,463883735000019;49,491569988999998
207272;08221119212102299490;08;2;12;000;2022;11;11;7;3;0;1;0;1;1;0;0;0;0;0;457634,536622333980631;5428768,106298400089145;8,420660623000060;49,010350783000000
207273;08221129226400391820;08;2;26;084;2022;11;15;3;3;6;4;0;1;0;1;1;0;0;0;469108,398259548004717;5470331,849354430101812;8,574361931000061;49,384900230000000
207275;08221108226400531580;08;2;26;084;2022;11;12;3;3;5;3;0;0;1;1;0;0;0;0;469875,306118725973647;5469662,003135720267892;8,584979175000059;49,378913527000101
207276;08221110416010547590;08;4;16;041;2022;11;19;5;1;5;3;2;0;1;1;0;0;0;0;501148,178000001003966;5374641,751999519765377;9,015550448000059;48,524884516999997
207277;08221112325202550020;08;3;25;049;2022;11;10;7;2;5;3;0;0;1;1;0;0;0;0;473886,982000001007691;5332141,489999500103295;8,648973901000030;48,141989035000101
207282;08221129111130564100;08;1;11;000;2022;11;18;3;3;6;2;2;1;0;0;1;0;0;1;510350,723000000987668;5402153,634999520145357;9,140873412000079;48,772300987000101
207289;08221110111500522480;08;1;11;000;2022;11;18;5;3;4;2;2;1;1;1;0;0;0;0;514064,680362112005241;5402999,936622120440006;9,191449089000059;48,779841380000100
207290;08221111311010523390;08;3;11;000;2022;11;12;6;3;0;7;0;0;1;0;0;0;0;0;411722,408106999006122;5316121,520399239845574;7,816750386000020;47,992297757000102
207291;08221106212502552600;08;2;12;000;2022;11;12;1;3;5;7;0;0;1;1;0;0;0;0;451236,292121294012759;5431512,902233160100877;8,332841736000031;49,034567697000099
207296;08221130231000444170;08;2;37;028;2022;11;18;4;3;6;2;2;1;0;1;1;0;0;0;457222,441332757007331;5368453,080583560280502;8,421287834000051;48,467754833000100
207297;08221109235100542710;08;2;35;065;2022;11;07;4;3;4;2;2;1;1;1;0;0;0;0;473829,073034372995608;5403701,635133549571037;8,643717996000021;48,785762185000102
207298;08221111215102536700;08;2;15;102;2022;11;17;6;3;0;7;1;1;1;0;0;0;0;0;456021,419981816026848;5436097,070770950056612;8,397807336000030;49,076162341000000
207299;08221114111140530580;08;1;11;000;2022;11;11;2;3;0;1;0;1;1;0;0;0;0;0;511756,507838719000574;5403509,452618540264666;9,160044849000030;48,784472853000103
207300;08221122417200460500;08;4;17;002;2022;11;18;3;3;5;2;2;0;1;1;0;0;0;0;490988,486006042978261;5350419,721810990013182;8,878472382000041;48,306907065000097
207301;08221203436300425150;08;4;36;081;2022;12;12;7;3;5;2;0;0;1;1;0;0;0;0;562414,054237063042819;5282319,672232359647751;9,831751972000060;47,691247873000101
207302;08221116221200559440;08;2;21;000;2022;11;14;4;3;3;6;0;0;1;0;0;0;0;0;478086,614554056024645;5472972,793314670212567;8,697919906000040;49,409044413000103
207303;08221126335200403750;08;3;35;063;2022;11;14;7;3;0;1;0;0;1;0;0;0;0;0;498008,871917617972940;5288328,488055629655719;8,973436605000069;47,748324432000103
207304;08221206311010406220;08;3;11;000;2022;12;09;3;3;3;2;0;0;1;1;0;0;0;0;409768,233296948019415;5315571,015142139978707;7,790678829000060;47,987073086000102
207305;08221118311010565240;08;3;11;000;2022;11;10;6;3;5;3;0;1;1;1;0;0;0;0;413900,351879025984090;5317136,889279889874160;7,845733030000080;48,001728338000099
207309;08221118325202543220;08;3;25;064;2022;11;13;6;3;0;1;0;0;1;0;0;0;0;0;477134,919999999983702;5333234,940999500453472;8,692575095000050;48,151951671000099
207311;08221110121100557910;08;1;25;026;2022;11;14;5;3;6;6;0;0;0;1;1;0;0;0;493091,270249921013601;5442166,456364659592509;8,905293197000050;49,132291227000103
207312;08221112317100552430;08;3;17;089;2022;11;15;7;3;6;2;0;0;0;1;1;0;0;0;431665,771533905994147;5375636,692050299607217;8,074409249000039;48,530115511000098
207313;08221122111500383260;08;1;11;000;2022;11;18;3;2;6;4;2;0;0;1;1;0;0;0;511027,484568662999664;5402441,050996500067413;9,150091816000041;48,774874938000004
207317;08221109416000520110;08;4;16;031;2022;11;18;4;3;6;4;2;1;0;1;1;0;0;0;502550,545000000973232;5362818,223999509587884;9,034471400000029;48,418510679000100
207318;08221128317100403490;08;3;17;089;2022;11;09;2;3;0;7;0;0;1;0;0;0;0;0;432086,852435017004609;5375758,683383209630847;8,080092166000041;48,531258557999998
207319;08221107136100540710;08;1;36;088;2022;11;08;2;3;5;3;0;0;1;1;0;0;0;0;581203,132389600039460;5409009,925200389698148;10,106425132000000;48,828756184000000
207320;08221124116400575600;08;1;16;033;2022;11;21;5;3;0;7;2;0;1;0;0;0;0;0;534833,217518673976883;5387351,653449210338295;9,472823591000060;48,638256826000003
207321;08221117222500562210;08;2;22;000;2022;11;12;5;3;5;2;0;0;1;1;0;0;0;0;462891,497364106995519;5479176,780609319917858;8,487878672000020;49,464109712000003
207323;08221121115100369940;08;1;15;003;2022;11;11;2;3;5;3;0;0;1;1;0;0;0;0;501234,087999999988824;5392689,600999520160258;9,016767640000070;48,687247028999998
207325;08221124336400341790;08;3;36;091;2022;11;07;5;3;5;3;1;1;1;1;0;0;0;0;395698,308606944978237;5272609,659875259734690;7,612489008000070;47,598502259000000
207327;08221111311010525660;08;3;11;000;2022;11;18;6;3;0;1;2;0;1;0;0;0;0;0;412918,725953983026557;5316258,821152330376208;7,832754189000070;47,993696860999997
207328;08221105317300514110;08;3;17;127;2022;11;13;7;3;0;1;0;0;1;0;0;0;0;0;421309,560554446012247;5352308,398954399861395;7,938536236000060;48,319065108000103
207330;08221117111500552330;08;1;11;000;2022;11;14;5;3;6;4;0;0;0;1;1;0;1;0;509491,825955640990287;5403338,527704919688404;9,129211204000059;48,782973909000098
207331;08221128111500427560;08;1;11;000;2022;11;17;2;2;5;3;2;1;1;0;0;0;0;1;509418,742894665978383;5406805,924505939707160;9,128295857000071;48,814167409000000
207334;08221107116400515460;08;1;16;033;2022;11;19;2;3;5;3;0;0;1;1;0;0;0;0;533052,537077364977449;5388151,502711799927056;9,448717378000030;48,645548876000099
207335;08221117336200565020;08;3;36;069;2022;11;08;5;3;6;4;0;1;0;1;1;0;0;0;405151,896501276001800;5267056,019897669553757;7,739415537000070;47,549995610000103
207336;08221119437100314250;08;4;37;100;2022;11;23;7;3;0;7;2;0;1;0;0;0;0;0;535419,364334319951013;5316218,840968290343881;9,474803865000069;47,998286537000098
207337;08221201216200371510;08;2;16;007;2022;12;14;5;3;1;5;0;0;1;1;0;0;0;0;435668,896973525988869;5394328,988414459861815;8,125726544000029;48,698679155999997
207341;08221111336400570020;08;3;36;091;2022;11;19;6;2;0;7;2;0;0;0;1;0;0;1;397171,133008622971829;5271850,831839670427144;7,632253907000060;47,591911693999997
207342;08221105212302512850;08;2;12;000;2022;11;23;7;3;6;4;2;0;0;1;1;0;0;0;455765,114634577010293;5428316,080441690050066;8,395147359000021;49,006153585000000
207343;08221123316100314810;08;3;16;011;2022;11;08;4;2;6;4;0;0;0;1;1;0;0;0;412566,089342791005038;5331135,191981679759920;7,824986801000020;48,127464706000097
207344;08221116437100569420;08;4;37;076;2022;11;20;4;3;6;6;2;0;1;0;1;0;0;0;523549,390972175984643;5322480,828532489947975;9,316031796000059;48,055173160000002
207345;08221128222700347040;08;2;22;000;2022;11;17;2;3;4;2;2;1;1;1;0;0;0;0;462261,955572490987834;5480632,634707760065794;8,479052115000060;49,477165610999997
207346;08221119415100347290;08;4;15;050;2022;11;11;7;2;0;1;0;0;1;0;0;0;0;0;521836,011000001977663;5375634,658999510109425;9,295787874000039;48,533438140999998
207347;08221130215502363980;08;2;15;106;2022;11;17;4;3;2;6;2;0;1;1;0;0;0;0;466370,388150546001270;5454220,493820480071008;8,537994968000019;49,239836226000101
207348;08221109226400522860;08;2;26;062;2022;11;22;4;3;0;3;2;1;1;1;0;0;0;0;469721,501459556980990;5468642,773905030451715;8,582937878000051;49,369738147000099