OBJECTID;UIDENTSTLAE;ULAND;UREGBEZ;UKREIS;UGEMEINDE;UJAHR;UMONAT;USTUNDE;UWOCHENTAG;UKATEGORIE;UART;UTYP1;ULICHTVERH;IstStrassenzustand;IstRad;IstPKW;IstFuss;IstKrad;IstGkfz;IstSonstige;LINREFX;LINREFY;XGCSWGS84;YGCSWGS84
207352;08221204111130577430;08;1;11;000;2022;12;10;1;3;0;4;0;0;1;0;1;0;0;0;512057,873921366990544;5402302,018398620188236;9,164112005000050;48,773605094000096
207353;08221116222600557880;08;2;22;000;2022;11;06;4;3;5;2;2;1;1;1;0;0;0;0;462646,588505793013610;5483024,566235549747944;8,484135467000041;49,498703600000098
207359;08221118121500554010;08;1;25;065;2022;11;06;6;3;5;2;2;1;1;1;0;0;0;0;514742,426627396023832;5448788,958241419866681;9,202335347000030;49,191724641000100
207360;08221110327100523170;08;3;27;036;2022;11;13;5;3;3;6;0;0;1;1;0;0;0;0;491276,004933009971865;5319499,188995730131865;8,882984342000039;48,028722019999996
207362;08221122212010308800;08;2;12;000;2022;11;13;3;3;5;3;0;0;1;1;0;0;0;0;453786,392748658021446;5428339,327011119574308;8,368090035000019;49,006217692000099
207365;08221205136010411830;08;1;36;065;2022;12;16;2;2;6;4;2;0;0;1;1;0;0;0;562040,021083672996610;5404434,049033500254154;9,844662687000040;48,789806636000002
207367;08221110116500531890;08;1;16;049;2022;11;07;5;3;5;2;1;1;1;1;0;0;0;0;525262,319138934020884;5386453,598618520423770;9,342857045000070;48,630637929999999
207368;08221128311010353190;08;3;11;000;2022;11;18;2;3;0;3;2;0;1;0;0;0;0;0;413514,554185729008168;5316412,344917059876025;7,840708092000060;47,995158730000099
207370;08221123417300317830;08;4;17;031;2022;11;14;4;3;5;3;0;0;1;1;0;0;0;0;496940,011890414985828;5357825,282859739847481;8,958679712000050;48,373589105000100
207372;08221128119100380500;08;1;19;008;2022;11;20;2;3;6;7;2;1;0;1;1;1;0;0;533271,416874021990225;5422664,436491490341723;9,454485198000040;48,956003443000000
207374;08221201222600652230;08;2;22;000;2022;12;09;5;3;3;2;0;0;1;1;0;0;0;0;461792,281010238977615;5482880,976885239593685;8,472351569000070;49,497358882000100
207377;08221110435200520180;08;4;35;047;2022;11;06;5;3;0;1;1;1;1;0;0;0;0;0;513078,772804465028457;5294654,546218110248446;9,174672419000050;47,805113568000102
207378;08221113415200527600;08;4;15;053;2022;11;13;1;3;5;3;0;0;1;1;0;0;0;0;538297,532250819029287;5362245,293923170305789;9,517539667000049;48,412197575000100
207381;08221125417100325290;08;4;17;079;2022;11;06;6;3;5;3;2;0;1;0;0;0;0;1;501648,494629908993375;5340177,027667080052197;9,022191399000061;48,214817894000099
207386;08221110226600531600;08;2;26;031;2022;11;11;5;2;3;2;0;0;1;1;0;0;0;0;474313,478294332977384;5493764,442958859726787;8,644555394000070;49,595910605000000
207387;08221112118000552400;08;1;15;041;2022;11;16;7;2;4;2;1;0;1;0;0;0;0;0;494841,426266580994707;5402467,681091600097716;8,929787753000030;48,775190844000100
207390;08221116118000561960;08;1;15;045;2022;11;13;4;2;5;3;0;0;1;1;0;0;0;0;498177,897999999986496;5396176,284999519586563;8,975227584000040;48,718612082999996
207391;08221125216300364520;08;2;16;015;2022;11;16;6;3;8;1;0;1;1;0;0;0;0;0;449993,329128912999295;5406019,879836110398173;8,318962382000050;48,805155771999999
207392;08221206416200445040;08;4;16;041;2022;12;18;3;2;0;1;2;0;1;0;0;0;0;0;504988,559999999008141;5375480,915999510325491;9,067573014000059;48,532415155000102
207393;08221129221300381870;08;2;21;000;2022;11;19;3;3;0;7;2;1;1;0;0;0;0;0;477701,130000001983717;5472790,856999550014734;8,692616227000030;49,407393919000100
207394;08221119335000303020;08;3;35;035;2022;11;14;7;3;0;7;0;0;1;0;0;0;0;0;483909,215434101992287;5295337,172071349807084;8,785075847000030;47,811187185999998
207395;08221130421300447710;08;4;21;000;2022;11;10;4;3;6;4;0;0;1;0;1;0;0;0;571120,997011936968192;5360597,555506159551442;9,960775529000051;48,394525964000103
207397;08221110421200551530;08;4;25;031;2022;11;19;5;3;6;4;2;0;0;1;1;0;0;0;570470,142998964991421;5367776,319140350446105;9,953191301000061;48,459173966999998
207399;08221123111000577190;08;1;11;000;2022;11;07;4;3;0;7;1;0;1;1;0;0;0;0;511857,663079303980339;5398679,439565500244498;9,161282717000059;48,741020363000104
207402;08221126317300335610;08;3;17;127;2022;11;17;7;3;1;5;2;0;1;1;0;0;0;0;421259,927849441999570;5351223,824821240268648;7,938069340000030;48,309303026000102
207403;08221206127100580150;08;1;27;076;2022;12;16;3;3;6;4;1;1;0;1;1;0;0;0;551970,443852819036692;5438421,382867270149291;9,711914821000050;49,096446270000101
207405;08221114136100558410;08;1;36;088;2022;11;17;2;3;5;2;1;0;1;1;0;0;0;0;579456,566915136994794;5410045,769305979833007;10,082832756000100;48,838298764999998
207406;08221107118400550110;08;1;18;048;2022;11;20;2;3;3;2;2;0;1;1;0;0;0;0;514968,748081120022107;5415368,803080219775438;9,204206966000070;48,891088347000000
207407;08221118336200566380;08;3;36;069;2022;11;18;6;3;5;3;2;0;1;0;0;0;0;0;408630,577758523984812;5268959,354130510240793;7,785242493000060;47,567616520000101
207408;08221112225100525590;08;2;25;058;2022;11;11;7;3;3;1;0;0;1;0;0;0;0;0;509212,942858679976780;5465361,850933429785073;9,126826626000019;49,340908768000098
207409;08221122115100366240;08;1;15;024;2022;11;07;3;3;6;2;0;1;0;1;1;0;0;0;502060,645920098002534;5386294,237100020051003;9,027966297000029;48,629711187000098
207410;08221202335100452750;08;3;35;043;2022;12;18;6;3;0;1;2;0;1;0;0;0;0;0;513333,661316706973594;5278782,749867750331759;9,177590330000040;47,662300846000100
207412;08221205226700438000;08;2;26;098;2022;12;18;2;2;6;4;2;0;0;1;1;0;0;0;478369,760940545005724;5460477,804451650008559;8,702501652000020;49,296662839000099
207413;08221115222800535110;08;2;22;000;2022;11;18;3;3;6;4;2;1;0;1;1;0;0;0;460129,981000001018401;5487886,653999550268054;8,448890555000050;49,542274902000003
207414;08221109335300532350;08;3;35;100;2022;11;11;4;3;0;1;0;1;1;0;0;0;0;0;487962,191858754027635;5286381,887812370434403;8,839459253000030;47,730700493000001
207417;08221124115400327960;08;1;15;045;2022;11;17;5;3;4;6;2;0;1;1;0;0;0;0;500542,342907938000280;5393846,273175749927759;9,007370370000050;48,697653551000002
207418;08221117222600644850;08;2;22;000;2022;11;17;5;3;5;3;0;1;1;1;0;0;0;0;461702,957798011018895;5480895,774027340114117;8,471310398000069;49,479497405000103
207419;08221128136300425570;08;1;36;065;2022;11;13;2;3;6;7;0;0;0;1;1;0;0;0;558269,882939086994156;5405104,687772139906883;9,793433428000069;48,796203789000103
207421;08221121111500330620;08;1;11;000;2022;11;20;2;3;1;5;2;1;1;1;0;0;0;0;516909,219700151996221;5404582,244485620409250;9,230233900000030;48,794004809999997
207422;08221201222500456280;08;2;26;009;2022;12;16;5;3;8;5;0;0;0;1;1;0;0;0;465431,509561308019329;5473254,123005709610879;8,523447621000059;49,410987548000001
207423;08221124222600386260;08;2;22;000;2022;11;21;5;3;6;4;2;0;0;0;1;0;0;1;462052,787018285016529;5483141,836505870334804;8,475923942000071;49,499721526000002
207424;08221109311300567730;08;3;16;011;2022;11;12;4;3;0;6;0;0;1;0;0;0;0;1;414097,337848283990752;5329857,097522550262511;7,845818287000040;48,116176555999999
207425;08221111115400553230;08;1;15;029;2022;11;15;6;3;3;6;0;1;1;1;0;0;0;0;497314,555010222014971;5399126,220486789941788;8,963470774000029;48,745146686000098
207428;08221116327200542580;08;3;27;049;2022;11;15;4;3;5;3;0;0;1;1;0;0;0;0;473074,871000000974163;5323920,585999500006437;8,638576161000060;48,067992996999998
207430;08221119121200299320;08;1;21;000;2022;11;20;7;3;6;2;2;1;0;1;1;0;0;0;516057,862693409027997;5442274,802734670229256;9,220129302000030;49,133094847000102
207431;08221129222200413900;08;2;22;000;2022;11;14;3;3;6;2;0;0;0;1;1;0;0;0;461253,704121231974568;5481962,404416079632938;8,465004223000051;49,489062665000098
207432;08221114317300530120;08;3;17;065;2022;11;14;2;3;5;3;0;0;1;1;0;0;0;0;412971,503393898019567;5355682,816130329854786;7,825389632000050;48,348324386999998
207433;08221108127202519190;08;1;27;071;2022;11;12;3;3;6;4;0;0;0;1;1;0;0;0;574547,782352025038563;5456144,628454309888184;10,024430161000099;49,253526140000098
207441;08221128327100468730;08;3;27;050;2022;11;18;2;3;4;6;0;0;1;0;0;0;0;0;485704,163311163021717;5314473,696797190234065;8,808416640000081;47,983406598999998
207443;08221117311010539900;08;3;36;045;2022;11;08;5;2;5;3;0;1;1;0;0;0;0;1;399374,337074024020694;5285114,049163959920406;7,658498339000060;47,711563579000000
207444;08221120212010429230;08;2;12;000;2022;11;10;1;1;6;2;0;1;0;1;1;0;0;0;455975,193061169004068;5428069,641342120245099;8,398046453000060;49,003951860000001
207448;08221109416010540260;08;4;16;041;2022;11;17;4;3;1;5;2;1;1;1;0;0;0;0;504118,291078252019361;5377057,009526209905744;9,055800292000070;48,546600536000000
207449;08221105231000530180;08;2;37;004;2022;11;14;7;2;6;7;0;0;0;1;1;0;0;1;454662,600834939978085;5381673,304610829800367;8,385221449000030;48,586502537000101
207451;08221117212010558250;08;2;12;000;2022;11;11;5;2;5;2;0;0;1;0;0;0;1;0;456865,872116916987579;5428116,058574129827321;8,410219142000070;49,004432278000102
207453;08221107119400514900;08;1;19;091;2022;11;10;2;3;0;7;0;0;1;0;0;0;0;0;528330,004439678043127;5405923,146295989863575;9,385827494000070;48,805651704000098
207455;08221122116200379530;08;1;16;078;2022;11;13;3;3;6;2;0;0;0;1;1;0;0;0;512334,678785466006957;5392858,040036070160568;9,167596806000059;48,688641642000100
207456;08221201415400364880;08;4;15;061;2022;12;09;5;2;5;3;0;0;1;0;0;0;0;1;514888,143655079009477;5370064,473053229972720;9,201474939000040;48,483530231000003
207457;08221124311010392430;08;3;11;000;2022;11;17;5;2;0;7;2;1;0;0;1;0;0;1;415186,516250389977358;5317405,079859750345349;7,862919006000030;48,004312766000098
207458;08221205212010479470;08;2;12;000;2022;12;19;2;3;5;3;2;0;1;0;0;0;0;1;455749,492310918984003;5428577,835889980196953;8,394905227000040;49,008506982000000
207461;08221123311010317440;08;3;11;000;2022;11;17;4;2;0;7;0;0;1;0;0;0;0;0;414925,847967169014737;5317194,774206530302763;7,859466693000060;48,002386340999998
207464;08221115335300533520;08;3;35;075;2022;11;15;3;2;0;1;0;0;1;0;0;0;0;0;488345,128411386976950;5290349,785497919656336;8,844459887000029;47,766408881000103
207466;08221130222200439520;08;2;22;000;2022;11;20;4;3;6;7;2;1;1;0;1;0;0;0;461329,544036915991455;5481799,431180840358138;8,466067290000071;49,487601647000098
207467;08221109226400548150;08;2;26;062;2022;11;11;4;3;5;3;0;1;1;1;0;0;0;0;469740,818460548995063;5469091,437158269807696;8,583169825000031;49,373774740999998
207468;08221111226400525580;08;2;26;084;2022;11;18;6;3;3;2;2;1;1;1;0;0;0;0;469276,553059272002429;5470024,956888969987631;8,576702488000020;49,382148309000101
207471;08221116212010555720;08;2;12;000;2022;11;12;4;3;2;3;0;0;1;1;0;0;0;0;454517,387999998987652;5426358,466999529860914;8,378306599000039;48,988453983000099
207475;08221129436100440410;08;4;36;055;2022;11;12;3;3;5;3;0;1;1;1;0;0;0;0;576480,682000007946044;5297335,006999489851296;10,021822711000000;47,824816150000103
207477;08221108115100519210;08;1;15;003;2022;11;16;3;3;6;7;1;0;1;0;1;0;0;0;501063,096000001009088;5392088,003999520093203;9,014442813000070;48,681835311000000
207478;08221110222301521310;08;2;22;000;2022;11;09;5;3;5;3;0;0;1;0;0;0;0;0;464434,373000000021420;5485259,847999550402164;8,508623119000051;49,518916273999999
207479;08221112222200549420;08;2;22;000;2022;11;12;7;3;0;7;0;0;1;0;0;0;0;1;461820,172396880981978;5481404,588580929674208;8,472879345000020;49,484081312000100
207480;08221122111140310900;08;1;11;000;2022;11;07;3;3;0;1;0;1;1;0;0;0;0;0;512421,522715780010913;5401430,832717239856720;9,169035066000051;48,765760808000003
207481;08221203222301469210;08;2;22;000;2022;12;13;7;3;5;2;0;0;1;1;0;0;0;0;464023,389831651991699;5483526,067654159851372;8,503103165000031;49,503297572000101
207482;08221125111500414330;08;1;11;000;2022;11;10;6;1;0;7;0;1;1;0;0;0;0;0;511696,109689440985676;5403463,216938559897244;9,159221319000039;48,784058059000103
207483;08221206212702484630;08;2;15;017;2022;12;09;3;3;0;7;0;1;1;0;0;0;0;0;455979,892999998992309;5421504,999999529682100;8,398821204000059;48,944902194000100
207484;08221115222400538310;08;2;26;036;2022;11;11;3;3;0;1;0;0;1;0;0;0;0;0;468602,419736396986991;5480009,013445230200887;8,566624477000060;49,471917433999998
207485;08221128335300421170;08;3;35;075;2022;11;18;2;3;0;1;2;0;1;0;0;0;0;0;487801,558884329977445;5290131,189094729721546;8,837211845000070;47,764431995999999
207486;08221107335100566960;08;3;35;043;2022;11;12;2;3;5;3;0;0;1;0;0;0;0;0;511790,734915113018360;5281021,769565160386264;9,157100711000060;47,682476772000001
207487;08221117222500560310;08;2;22;000;2022;11;07;5;2;6;4;0;1;0;1;1;0;0;0;463346,046563907992095;5478232,968588230200112;8,494238860000049;49,455648156000102
207489;08221201212702376350;08;2;15;108;2022;12;12;5;3;1;5;0;0;1;1;0;0;0;0;448631,666161601024214;5423834,891896779648960;8,298180477000070;48,965292948000098
207490;08221124416000318240;08;4;16;025;2022;11;07;5;3;0;7;2;1;1;0;0;0;0;0;503757,649644480028655;5362031,869831600226462;9,050778739000069;48,411430175000099
207491;08221205222501404380;08;2;22;000;2022;12;21;2;3;6;7;2;1;0;1;1;0;0;0;461366,676000002014916;5480774,177999549545348;8,466680125000041;49,478382402000101
207492;08221110116100521340;08;1;16;014;2022;11;06;5;3;2;3;2;0;1;1;0;0;0;0;529451,465713668032549;5395678,733864629641175;9,400367254000059;48,713443160000097
207496;08221117111500551320;08;1;11;000;2022;11;07;5;3;6;4;0;0;0;1;1;0;0;0;512381,779521071992349;5401511,403419580310583;9,168496659000031;48,766486409000002
207497;08221128231000373720;08;2;37;028;2022;11;09;2;3;6;7;0;0;0;1;1;0;0;0;456807,756283198017627;5368354,010946599766612;8,415688340000029;48,466835260000003
207498;08221119111250364150;08;1;11;000;2022;11;10;7;3;1;7;0;0;1;1;0;0;0;0;518535,564000001992099;5402890,727999529801309;9,252301501000030;48,778741799999999
207500;08221109118400575690;08;1;18;048;2022;11;16;4;3;6;4;1;1;1;0;1;0;0;0;515904,938384647015482;5415888,952402289956808;9,216998838000050;48,895744141000101
207502;08221113119200538740;08;1;19;020;2022;11;02;1;3;6;7;2;0;0;0;1;0;0;1;520946,485662295017391;5405065,286171919666231;9,285228818000061;48,798227262000097
207503;08221122316200308430;08;3;16;056;2022;11;13;3;3;2;7;0;0;1;1;0;0;0;0;422179,223713000013959;5327208,927892870269716;7,954869268000040;48,093394047000103
207505;08221116119200536730;08;1;19;091;2022;11;17;4;3;1;5;2;0;1;1;0;0;0;0;525914,895327811012976;5406539,884934670291841;9,352975645000070;48,811305124999997
207506;08221126118400645030;08;1;18;048;2022;11;17;7;3;5;3;2;0;1;1;0;0;0;0;514517,773392490984406;5415617,927178409881890;9,198063561000030;48,893340131000102
207507;08221206311010470780;08;3;36;050;2022;12;14;3;3;5;3;0;0;1;1;0;0;0;0;399241,098556038981769;5274636,079520059749484;7,659138838000050;47,617290906999997
207509;08221129335100421540;08;3;35;043;2022;11;20;3;3;5;3;2;1;1;1;0;0;0;0;512892,998161464987788;5278959,554199529811740;9,171726406000060;47,663900608000098
207511;08221108121200546070;08;1;21;000;2022;11;14;3;2;5;3;0;0;1;1;0;0;0;0;517871,284893176984042;5443156,320545580238104;9,245027468000050;49,140974311000001
207517;08221112426100528360;08;4;26;065;2022;11;17;7;3;0;1;1;0;1;0;0;0;0;0;579833,839408827014267;5331720,532550079748034;10,073005963000099;48,133728832000003
207518;08221122416200371250;08;4;16;041;2022;11;20;3;3;3;6;2;0;1;0;0;0;0;1;503996,122412615979556;5375209,635712790302932;9,054127262000071;48,529981728999999
207519;08221115416200574830;08;4;16;041;2022;11;15;3;3;3;6;0;1;1;0;0;0;0;0;504761,345497649977915;5375131,198652110062540;9,064491265000070;48,529270742000101
207520;08221126426100331340;08;4;26;021;2022;11;12;7;3;3;2;0;0;1;1;0;0;0;0;559653,292948988033459;5326679,374722580425441;9,801096459000060;48,090590042000002
207521;08221118231302563440;08;2;31;000;2022;11;17;6;3;6;7;1;0;0;1;1;0;0;0;477973,440169901994523;5415290,215224560350180;8,699514207000050;48,890170705999999
207522;08221129426010398690;08;4;21;000;2022;11;18;3;2;6;4;2;1;0;1;1;0;0;0;571377,376725335023366;5360621,622163780033588;9,964242551000041;48,394713479000103
207526;08221110415400550760;08;4;15;061;2022;11;18;5;3;0;3;1;0;1;1;0;0;0;0;515799,839295018988196;5370330,701721220277250;9,213822511000050;48,485903064000098
207527;08221112415400565520;08;4;15;061;2022;11;20;7;3;6;2;2;0;0;1;1;0;0;0;514851,382415035972372;5373773,171494199894369;9,201109406000061;48,516895833000000
207528;08221121421200367290;08;4;21;000;2022;11;13;2;3;6;6;0;0;0;1;1;0;0;0;573338,984629950020462;5361428,032045450061560;9,990878871000060;48,401742193000103
207531;08221206416100412150;08;4;16;036;2022;12;15;3;3;6;2;0;0;0;1;1;0;0;0;497613,067707929003518;5372338,189779919572175;8,967685559000071;48,504157315000000
207532;08221110212010556490;08;2;12;000;2022;11;16;5;3;4;7;1;0;1;1;0;0;0;0;456334,913145057973452;5428770,277026560157537;8,402889289000029;49,010279713000003
207535;08221124115100478490;08;1;15;003;2022;11;07;5;3;4;6;0;1;1;0;0;0;0;0;500824,248036513978150;5391110,139946009963751;9,011195967000051;48,673038687000002
207536;08221117311010540560;08;3;11;000;2022;11;11;5;3;0;7;0;0;1;0;0;0;0;0;412215,731006881978828;5317240,066679979674518;7,823132481000070;48,002427322000102
207537;08221121212010340410;08;2;12;000;2022;11;17;2;3;6;7;2;0;0;1;1;0;0;0;455624,179012380016502;5428011,265967239625752;8,393253679000050;49,003401629000102
207538;08221201215402597790;08;2;15;009;2022;12;18;5;3;6;1;2;1;0;1;1;0;0;0;470544,117198467021808;5441198,517935900017619;8,596286169000050;49,122917219999998
207540;08221205222500612600;08;2;22;000;2022;12;18;2;3;5;3;2;0;1;1;0;0;0;0;462595,560713717015460;5479814,947951960377395;8,483734415000070;49,469831567000000
207542;08221111325102536260;08;3;25;012;2022;11;15;6;3;0;1;0;0;1;0;0;0;0;0;467373,667466775979847;5352695,666053149849176;8,559837422000040;48,326605051000101
207543;08221106116200537800;08;1;16;080;2022;11;11;1;3;0;1;0;0;1;0;0;0;0;0;519070,632051486987621;5397341,440890770405531;9,259327582000029;48,728804738000100
207544;08221123121300344170;08;1;21;000;2022;11;06;4;3;5;2;2;0;1;1;0;0;0;0;512209,976848086982500;5447930,869795870035887;9,167552346000040;49,184061552000102
207545;08221116311010536270;08;3;36;069;2022;11;09;4;3;6;4;0;1;0;1;1;0;0;0;408538,686113515985198;5267737,278464750386775;7,784275481000070;47,556609969000100
207548;08221130119200408390;08;1;19;020;2022;11;13;4;3;5;3;0;0;1;1;0;0;0;0;520099,621557971986476;5406549,060047320090234;9,273769833000070;48,811602983000100
207550;08221111116500567680;08;1;16;049;2022;11;15;6;3;5;3;0;0;1;1;0;0;0;0;525444,822738529997878;5384669,650201049633324;9,345224449000060;48,614582051000099
207551;08221113215302552320;08;2;15;007;2022;11;11;1;3;5;3;0;0;1;1;0;0;0;0;478554,278023894003127;5431357,376553310081363;8,706591237000049;49,034724156000003
207554;08221116222014561260;08;2;22;000;2022;11;05;4;3;0;1;2;1;1;0;0;0;0;0;466195,643539640004747;5474784,003496129997075;8,533851090000040;49,424791243000101
207555;08221125416200370240;08;4;16;041;2022;11;17;6;3;0;1;1;0;1;0;0;0;0;0;505305,840866995975375;5373129,114550200290978;9,071840843000070;48,511254901000001
207556;08221206335100408370;08;3;35;043;2022;12;09;3;2;0;1;0;1;1;0;0;0;0;0;515475,659999999974389;5280223,553999490104616;9,206170368000070;47,675216994000003
207557;08221118121100543880;08;1;25;006;2022;11;07;6;3;5;2;1;1;1;1;0;0;0;0;507157,578477750997990;5453807,342440839856863;9,098325341000081;49,237001804000002
207560;08221107221011645200;08;2;21;000;2022;11;16;2;3;4;6;0;0;1;0;0;0;0;0;477793,981379450007807;5472944,157707240432501;8,693887565000070;49,408776230999997
207562;08221110221200550300;08;2;21;000;2022;11;17;5;3;4;2;2;0;1;1;0;0;0;0;477997,102000001003034;5473293,127999549731612;8,696668224000060;49,411922545000003
207565;08221202436400596520;08;4;36;082;2022;12;23;6;2;9;1;2;0;1;0;0;0;0;0;548351,194831100990996;5295403,808916349895298;9,645814119000020;47,810171316000002
207566;08221125311010327650;08;3;11;000;2022;11;12;6;3;5;2;0;1;1;1;0;0;0;0;414048,217511183000170;5315697,166235099546611;7,848003278000020;47,988797390999999
207567;08221205117010586880;08;1;17;026;2022;12;10;2;2;6;7;0;0;0;1;1;0;0;0;547815,919569110032171;5394465,149939450435340;9,649862017000030;48,701388498000000
207569;08221128436300346550;08;4;36;081;2022;11;16;2;3;6;4;1;0;0;0;1;1;0;0;562220,226449685054831;5281470,858951900154352;9,829048203000070;47,683630016999999
207570;08221105212010533770;08;2;12;000;2022;11;09;7;3;5;3;0;1;1;1;0;0;0;0;458997,828450653993059;5427279,399818950332701;8,439452740000039;48,997051694000000
207571;08221123426010371960;08;4;21;000;2022;11;07;4;3;6;7;0;0;0;1;1;0;0;0;572870,852764429990202;5360433,473272999748588;9,984382319000080;48,392850195999998
207572;08221117316100561400;08;3;16;011;2022;11;13;5;3;0;3;0;0;1;1;0;0;0;0;414700,014905252028257;5330372,190621599555016;7,853811053000070;48,120890951000000
207573;08221128119400352880;08;1;19;079;2022;11;17;2;3;6;4;2;1;0;1;1;0;0;0;524289,026674228953198;5409462,774936789646745;9,331003902000020;48,837664369000002
207574;08221121116100437030;08;1;16;019;2022;11;08;2;3;0;1;0;0;1;0;0;0;0;0;522521,234450225019827;5398965,065599549561739;9,306337887000041;48,743295555000003
207575;08221202111500578040;08;1;11;000;2022;12;08;6;3;5;3;0;1;1;1;0;0;0;0;512231,371039384976029;5402373,999529950320721;9,166475494000050;48,774249245000100
207577;08221110222500567520;08;2;22;000;2022;11;15;5;3;1;7;0;0;1;1;0;0;0;0;462913,238774196011946;5478921,424722390249372;8,488202628000071;49,461814234000002
207580;08221202417100451680;08;4;17;079;2022;12;09;6;3;6;2;0;0;0;1;1;0;0;0;501618,257118499022909;5339866,043600279837847;9,021783167000020;48,212020094000103
207584;08221129136300397450;08;1;36;065;2022;11;17;3;3;0;1;2;0;1;0;0;0;0;0;558333,230614781030454;5405654,885938679799438;9,794374065000060;48,801146918000001
207588;08221128416010454430;08;4;15;061;2022;11;17;2;3;6;7;2;0;0;1;1;0;0;0;515473,796290130994748;5370852,891079129651189;9,209429477000070;48,490608979999998
207589;08221119436500378210;08;4;36;049;2022;11;18;7;2;6;4;2;1;0;1;1;0;0;0;577839,325641699018888;5281912,575006159953773;10,037210701999999;47,685911533000102
207591;08221124325202349800;08;3;25;069;2022;11;18;5;3;5;3;2;0;1;0;0;0;0;1;468635,738305110018700;5335302,032130519859493;8,578152475000021;48,170186221000101
207592;08221108415400517550;08;4;15;061;2022;11;17;3;3;5;3;2;0;1;1;0;0;0;0;515175,268428287003189;5371210,632274909876287;9,205402089000071;48,493834627000098
207596;08221116416200557850;08;4;16;041;2022;11;10;4;3;0;7;0;1;1;0;0;0;0;0;503970,342435360013042;5373282,095589639618993;9,053759721000061;48,512641040000098
207597;08221128121400352830;08;1;25;013;2022;11;17;2;3;6;2;2;1;0;1;1;0;0;0;504808,762398945982568;5435904,315988729707897;9,065845315000050;49,075980496000099
207599;08221130117300403450;08;1;17;026;2022;11;14;4;3;3;2;0;0;1;1;0;0;0;0;548548,928454846958630;5394573,913969829678535;9,659836382000041;48,702310263000101
207603;08221113136100530500;08;1;36;033;2022;11;15;1;3;0;1;0;0;1;0;0;0;0;0;578779,726727813016623;5416440,471400920301676;10,074841745000100;48,895900520000097
207604;08221122212010348630;08;2;12;000;2022;11;17;3;3;5;3;2;1;1;1;0;0;0;0;459500,007999999972526;5428922,591999529860914;8,446153886000049;49,011865667000102
207605;08221203436100463490;08;4;36;049;2022;12;14;7;3;0;1;0;0;1;0;0;0;0;0;578618,172798748011701;5282793,701732969842851;10,047745841000101;47,693744025000100
207611;08221118216100555630;08;2;16;043;2022;11;13;6;3;5;3;0;1;1;1;0;0;0;0;441192,034898618992884;5411764,373847929760814;8,198285444000019;48,856057057000001
207612;08221122116010312750;08;1;16;035;2022;11;15;3;3;5;3;0;0;1;0;0;0;0;1;526811,455901119043119;5391436,913887449540198;9,364204048000030;48,675403227000103
207614;08221124317500318560;08;3;17;096;2022;11;10;5;3;7;7;0;1;1;0;0;0;0;0;421971,435999992012512;5368787,868999510072172;7,944400701000060;48,467380713000097
207615;08221205115300398520;08;1;15;041;2022;12;10;2;3;0;6;0;0;1;1;0;0;0;0;495156,646646680019330;5402529,987040479667485;8,934077414000059;48,775753880000103
207617;08221129115100397630;08;1;15;044;2022;11;17;3;3;6;4;2;1;0;1;1;0;0;0;504365,355308917001821;5389947,275747410021722;9,059283422000020;48,662562690000101
207620;08221116311010549570;08;3;11;000;2022;11;12;4;3;3;6;0;0;1;1;0;0;0;0;411356,631004539027344;5314270,394016349688172;7,812230816000070;47,975595762000097
207623;08221130317010404710;08;3;17;057;2022;11;09;4;3;5;3;0;1;1;0;0;0;0;1;414107,915999986988027;5380463,752999509684741;7,835637229000040;48,571374881000096
207624;08221115119200534270;08;1;19;020;2022;11;20;3;3;1;5;2;0;1;1;0;0;0;0;520777,868905314011499;5407479,278581069782376;9,283054992000070;48,819948728000000
207625;08221109221200539390;08;2;21;000;2022;11;21;4;3;5;3;2;0;1;1;0;0;0;0;477104,939111119019799;5472787,965855189599097;8,684398196000069;49,407345775000103
207628;08221122231000313300;08;2;31;000;2022;11;07;3;3;0;1;1;1;1;0;0;0;0;0;478264,289541582984384;5415146,340857059694827;8,703489564000050;48,888886730000102
207630;08221126222014339700;08;2;22;000;2022;11;11;7;3;3;2;0;0;1;1;0;0;0;0;461593,390796402993146;5482091,428073310293257;8,469681753000030;49,490244759000099
207632;08221129317000450010;08;3;17;096;2022;11;13;3;3;6;4;0;1;1;0;1;0;0;0;422895,316024961997755;5370044,098037440329790;7,956665455000060;48,478794377000000
207634;08221108226400543040;08;2;26;084;2022;11;14;3;3;4;6;0;0;1;0;0;0;0;0;469367,702199637016747;5469705,877580500207841;8,577982853000041;49,379282854000103
207639;08221116337010633230;08;3;37;126;2022;11;06;4;3;6;6;1;0;0;1;1;0;0;0;445423,800117706996389;5276115,910328210331500;8,273463692000060;47,636142231000100
207640;08221126111250336900;08;1;11;000;2022;11;14;7;3;3;2;0;1;1;0;0;1;0;0;517644,630260595004074;5402374,002219820395112;9,240152272000049;48,774119300999999
207641;08221118437200562950;08;4;37;104;2022;11;15;6;3;6;2;0;0;0;1;1;0;0;0;515905,275324380025268;5325945,025759000331163;9,213577941000040;48,086576949000097
207642;08221130335300364670;08;3;35;100;2022;11;14;4;3;6;6;0;0;0;1;1;0;0;0;488622,102951252018102;5286260,925192190334201;8,848263205000020;47,729624095000098
207643;08221115118300535520;08;1;18;046;2022;11;15;3;3;5;3;0;0;1;1;0;0;0;0;514057,071137667982839;5411743,028623989783227;9,191645116000069;48,858493095000000