OBJECTID;UIDENTSTLAE;ULAND;UREGBEZ;UKREIS;UGEMEINDE;UJAHR;UMONAT;USTUNDE;UWOCHENTAG;UKATEGORIE;UART;UTYP1;ULICHTVERH;IstStrassenzustand;IstRad;IstPKW;IstFuss;IstKrad;IstGkfz;IstSonstige;LINREFX;LINREFY;XGCSWGS84;YGCSWGS84
207644;08221108226600531390;08;2;26;096;2022;11;15;3;3;5;2;0;0;1;1;0;0;0;0;474379,481986320985015;5486936,426806740462780;8,645913159000029;49,534498405000100
207648;08221203335010577920;08;3;26;012;2022;12;22;7;2;6;7;2;0;0;1;1;0;0;0;462545,604161446972284;5310905,403825510293245;8,498380399000039;47,950366176999999
207649;08221116119200538440;08;1;19;020;2022;11;16;4;3;5;3;0;0;1;1;0;0;0;0;519744,603472182992846;5406735,573598479852080;9,268943287000070;48,813292206000000
207650;08221125212302363060;08;2;12;000;2022;11;13;6;3;0;1;0;1;1;0;0;0;0;0;456842,921462311991490;5428719,773540309630334;8,409841176000040;49,009861167000103
207651;08221206335100483890;08;3;35;043;2022;12;20;3;3;5;2;2;1;1;0;0;0;0;0;512841,854735861998051;5280159,407214899547398;9,171080488000030;47,674697504999997
207652;08221129311010398150;08;3;11;000;2022;11;15;3;3;0;6;0;1;1;0;0;0;0;0;414142,581713846011553;5316738,656573469750583;7,849059418000020;47,998178668000001
207653;08221107111140536190;08;1;11;000;2022;11;08;2;3;0;1;0;1;1;0;0;0;0;0;512434,473000000987668;5401094,130999520421028;9,169201121000070;48,762731598000101
207654;08221117415400544250;08;4;15;061;2022;11;13;5;3;5;3;0;0;1;1;0;0;0;0;515654,890202527982183;5371451,582236570306122;9,211902910000051;48,495990528999997
207655;08221121311200306480;08;3;11;000;2022;11;18;2;3;0;1;2;1;1;0;0;0;0;0;413992,742263875028584;5316412,781095280312002;7,847116517000070;47,995227157000002
207657;08221124118200363010;08;1;18;019;2022;11;13;5;3;5;3;0;1;1;1;0;0;0;0;505496,890948608983308;5405615,844163119792938;9,074859123000071;48,803508630000103
207662;08221116417200549720;08;4;17;002;2022;11;13;4;3;7;1;0;0;1;0;0;0;0;0;488884,955000000016298;5347583,605999509803951;8,850179307000079;48,281357927999998
207663;08221128111500567930;08;1;11;000;2022;11;20;2;3;6;4;2;1;0;1;1;0;0;0;512874,004812637984287;5409127,968157529830933;9,175433835000041;48,834994176000102
207665;08221130216100376490;08;2;16;043;2022;11;22;4;3;5;3;2;0;1;1;0;0;0;0;440649,087195936008357;5413574,920987520366907;8,190621744000049;48,872291102000098
207666;08221109311010518330;08;3;11;000;2022;11;12;4;3;0;7;0;1;1;0;0;0;0;0;414448,007018329983111;5318271,808123780414462;7,852847072000030;48,012010885000102
207667;08221111212010536210;08;2;12;000;2022;11;16;6;3;2;2;1;0;1;1;0;0;0;0;456368,806571585009806;5427233,887385180220008;8,403517827000030;48,996462096000101
207672;08221118215302569950;08;2;15;007;2022;11;07;6;3;6;4;1;1;0;1;1;0;0;0;479327,996000002021901;5432053,570999530144036;8,717141181000040;49,041013165000003
207673;08221129317200413680;08;3;17;057;2022;11;06;3;3;5;3;2;1;1;1;0;0;0;0;413612,216242431022692;5379622,794908110052347;7,829093582000040;48,563742816000101
207674;08221114215402533970;08;2;15;009;2022;11;12;2;3;0;7;0;0;1;0;0;0;0;0;470684,048812424007338;5441365,561336940154433;8,598191842000061;49,124426499000002
207675;08221108212302518810;08;2;12;000;2022;11;12;3;3;0;7;0;0;1;0;0;0;0;0;455665,200708288990427;5429234,164242319762707;8,393680977000029;49,014404668000097
207676;08221110127010520430;08;1;27;099;2022;11;07;5;2;6;4;0;1;0;1;1;0;0;0;564189,865751566016115;5447978,235536400228739;9,880805296000061;49,181250261999999
207679;08221202221200604400;08;2;21;000;2022;12;17;6;3;3;6;2;1;1;1;0;0;0;0;477166,270290563988965;5472540,666462180204690;8,685257835000071;49,405123660000100
207680;08221125311010408770;08;3;11;000;2022;11;17;6;3;6;4;2;1;0;0;1;0;0;1;413976,375343932013493;5316587,408553710207343;7,846862167000040;47,996795794000001
207681;08221206226200440060;08;2;26;032;2022;12;05;3;3;5;3;2;1;1;0;0;0;1;0;465923,585680379997939;5464951,190400809980929;8,530942206000081;49,336332675000101
207682;08221128415400427400;08;4;15;061;2022;11;15;2;3;0;1;0;1;1;0;0;0;0;0;515110,291449529991951;5371703,676085599698126;9,204540453000050;48,498271787000100
207686;08221202118100379250;08;1;18;079;2022;12;17;6;3;6;4;2;1;0;1;1;0;0;0;510315,915501157986000;5421349,168607160449028;9,140883456000040;48,944980958000002
207687;08221124421300327590;08;4;21;000;2022;11;12;5;3;1;5;0;1;1;1;0;0;0;0;572395,727306992979720;5360324,382496559992433;9,977946215000030;48,391923626000100
207688;08221205311010410190;08;3;15;028;2022;12;13;2;3;6;2;0;0;0;1;1;0;0;0;408586,211859260976780;5312156,161084350198507;7,775567099000060;47,956188023999999
207692;08221207115400415330;08;1;15;045;2022;12;11;4;3;0;1;0;0;1;0;0;0;0;0;499913,190183527010959;5395296,893928400240839;8,998819961000040;48,710703682000002
207696;08221208311010463410;08;3;11;000;2022;12;16;5;3;1;6;1;0;1;1;0;0;0;0;413964,021920084021986;5316581,842711930163205;7,846697721000060;47,996744065000001
207701;08221212121200600170;08;1;21;000;2022;12;12;2;3;6;6;0;0;1;0;1;0;0;0;516170,032370192988310;5443094,171323269605637;9,221699838000060;49,140462399999997
207706;08221219317500589550;08;3;17;096;2022;12;08;2;2;0;1;0;2;1;0;0;0;0;0;422331,710644230013713;5369687,414289539679885;7,949106688000030;48,475516656000103
207709;08221210226600483640;08;2;26;096;2022;12;17;7;3;0;7;2;0;1;0;0;0;0;0;474361,938284731993917;5488165,597549839876592;8,645590753000020;49,545553561000098
207713;08221227416200636820;08;4;16;041;2022;12;08;3;3;0;1;0;2;1;0;0;0;0;0;503670,488958249974530;5373560,280402669683099;9,049702057000051;48,515145519999997
207717;08221221316200627120;08;3;16;056;2022;12;15;4;2;6;4;0;1;0;1;1;0;0;0;422737,580608433985617;5327453,101746080443263;7,962322507000070;48,095658477000001
207721;08221214231000588280;08;2;31;000;2022;12;07;4;3;0;1;0;2;1;0;0;0;0;0;481215,917339308012743;5416420,635051320306957;8,743695519000029;48,900446387999999
207723;08221225325000617460;08;3;26;003;2022;12;14;1;2;6;4;0;0;0;1;1;0;0;0;465588,646915749006439;5318465,723813329823315;8,538527970000080;48,018556531000101
207724;08221215221200594530;08;2;21;000;2022;12;21;5;3;0;1;2;2;1;0;0;0;0;0;477153,359237025026232;5472167,473308510147035;8,685101338000040;49,401766359000099
207725;08221213116100614570;08;1;16;058;2022;12;12;3;3;6;2;0;0;0;1;1;0;0;0;534085,567206948995590;5395451,176700199954212;9,463343062000041;48,711159994000099
207729;08221220231000591650;08;2;37;040;2022;12;07;3;3;6;2;2;1;0;1;1;0;0;0;477348,196058590023313;5367055,174778549931943;8,693627046000071;48,456225776000103
207730;08221208115100596900;08;1;15;003;2022;12;09;5;3;6;2;0;1;0;1;1;0;0;0;500549,915500206989236;5391093,089516609907150;9,007469617000030;48,672885601000097
207733;08221223425000619030;08;4;25;033;2022;12;04;6;3;1;5;2;1;1;0;0;0;0;1;551918,645964639959857;5348484,909890740178525;9,699901004000029;48,287434566000101
207741;08221229121500639950;08;1;25;039;2022;12;11;5;3;0;1;0;1;1;0;0;0;0;0;511659,608361964987125;5459915,559545430354774;9,160348518000029;49,291877047000099
207742;08221222311010601320;08;3;11;000;2022;12;10;5;3;5;3;0;1;1;1;0;0;0;0;414769,798885631025769;5317615,943577920086682;7,857291390000060;48,006154135000003
207747;08221228135200640960;08;1;35;019;2022;12;13;4;3;5;3;0;0;1;1;0;0;0;0;585541,238615748006850;5391129,293175630271435;10,161807329000100;48,667352637000100
207748;08221218326300585580;08;3;26;052;2022;12;11;1;3;6;4;0;2;0;1;1;0;0;0;450642,630172084027436;5331396,527532319538295;8,336613013000029;48,133908145000099
207749;08221207116200601110;08;1;16;080;2022;12;06;4;2;5;3;2;0;1;1;0;0;0;0;519984,476000001013745;5395184,331999519839883;9,271649625000070;48,709370845000102
207753;08221222335200601220;08;3;35;063;2022;12;21;5;2;6;2;2;1;0;1;1;0;0;0;497308,677626465971116;5287445,159023240208626;8,964100866000020;47,740374058999997
207754;08221212116500457540;08;1;16;049;2022;12;07;2;3;5;2;2;0;1;1;0;0;0;0;525141,489000000990927;5385883,459999520331621;9,341182606000070;48,625513810000001
207759;08221216335100636470;08;3;35;043;2022;12;22;6;3;1;5;2;2;1;1;0;0;0;0;512979,386672294000164;5281063,705679560080171;9,172939580000049;47,682831321000002
207763;08221221111330600770;08;1;11;000;2022;12;15;4;3;3;6;0;1;1;1;0;0;0;0;512080,476021684007719;5409575,741172580048442;9,164633680000071;48,839038215000102
207768;08221224212502607640;08;2;12;000;2022;12;10;7;3;5;3;0;0;1;1;0;0;0;0;455024,821310651022941;5428498,335329139605165;8,385005258000040;49,007739479000101
207769;08221215436500579000;08;4;36;052;2022;12;07;5;2;6;2;1;1;0;0;1;1;0;0;568437,189874971052632;5289730,826691759750247;9,913173012000071;47,757312319000100
207770;08221212317200599130;08;3;17;057;2022;12;10;2;3;5;2;0;0;1;1;0;0;0;0;412664,819871101004537;5380518,980885909870267;7,816067174000070;48,571672159000101
207777;08221231317100643370;08;3;17;001;2022;12;17;7;3;5;2;2;0;1;1;0;0;0;0;430986,725489134027157;5386604,939386669546366;8,063391767000040;48,628701410000097
207778;08221222435200602010;08;4;35;059;2022;12;13;5;3;5;3;0;0;1;1;0;0;0;0;514355,551780475012492;5288857,681453620083630;9,191532577000030;47,752929152000000
207780;08221210317600441390;08;3;17;051;2022;12;15;7;3;8;1;0;2;1;0;0;0;0;0;442697,797013960022014;5340384,682427359744906;8,228628029000051;48,214100569999999
207787;08221214212502475160;08;2;12;000;2022;12;07;4;3;5;3;1;1;1;1;0;0;0;0;453993,049109696003143;5431431,383550870232284;8,370564967000060;49,034046310000100
207789;08221213221011587510;08;2;21;000;2022;12;18;3;3;6;4;2;0;0;0;1;0;0;1;476862,780434364976827;5472538,333214109763503;8,681074707000050;49,405091210000101
207790;08221210121100436150;08;1;25;026;2022;12;07;7;3;5;3;1;0;1;1;0;0;0;0;493113,140604639018420;5442517,217540809884667;8,905587009000040;49,135446707000000
207795;08221216222200583570;08;2;22;000;2022;12;14;6;2;7;1;0;0;1;0;0;0;0;0;461271,788344856991898;5481705,341749809682369;8,465279096000071;49,486751680000097
207796;08221207311010416910;08;3;11;000;2022;12;11;4;2;6;4;0;0;0;1;1;0;0;0;413943,778310065972619;5316173,685702689923346;7,846508259000070;47,993069816999999
207804;08221214311010477700;08;3;11;000;2022;12;08;4;3;0;1;0;1;1;0;0;0;0;0;412435,829137390013784;5317288,933234780095518;7,826072579000030;48,002897079000000
207810;08221221215402627240;08;2;15;009;2022;12;15;4;3;5;3;0;1;1;1;0;0;0;0;473790,504388457979076;5438241,161887690424919;8,640971246000049;49,096462019000100
207811;08221213316100586190;08;3;16;011;2022;12;07;3;3;6;2;0;0;0;1;1;0;0;0;416682,696398690983187;5329736,412535320036113;7,880571572000060;48,115434538000002
207812;08221208221400420080;08;2;21;000;2022;12;07;5;3;5;3;2;1;1;1;0;0;0;0;477472,431629463972058;5469896,852999780327082;8,689627796000019;49,381354315000102
207815;08221226337010641280;08;3;37;118;2022;12;09;2;3;6;6;0;1;0;1;1;0;0;0;437516,941818492021412;5282600,137963810004294;8,167288387000040;47,693764476000098
207816;08221216222600642910;08;2;22;000;2022;12;11;6;3;5;3;0;1;1;1;0;0;0;0;463259,047010214009788;5483937,537673040293157;8,492508472000051;49,506952706000000
207820;08221220111500593810;08;1;11;000;2022;12;19;3;2;6;4;2;1;0;1;1;0;0;0;512919,976495829992928;5404754,796520509757102;9,175922581000069;48,795652765000099
207822;08221219311010590860;08;3;36;081;2022;12;07;2;3;6;2;2;1;0;1;1;0;0;0;411821,441768764983863;5278041,430575669743121;7,825828324000040;47,649759506000102
207825;08221214335100472780;08;3;35;043;2022;12;15;4;2;9;1;0;1;1;0;0;0;0;0;511120,468614601995796;5281855,234996019862592;9,148191300000059;47,689987883000100
207826;08221211212102649090;08;2;12;000;2022;12;10;1;3;6;6;0;0;1;0;1;0;0;0;458443,860529106983449;5428795,230305789969862;8,431724615000061;49,010649802000003
207833;08221228311010639160;08;3;11;000;2022;12;13;4;3;3;7;0;0;0;0;1;0;0;1;414138,695229951990768;5316399,754842289723456;7,849075139000040;47,995129598000098
207834;08221222226400613090;08;2;26;062;2022;12;09;5;3;1;5;0;1;1;1;0;0;0;0;470186,686220313014928;5469109,369245859794319;8,589310289000030;49,373958018000103
207836;08221209311010461070;08;3;36;069;2022;12;18;6;3;6;2;2;0;0;1;1;0;0;0;408560,448964900977444;5268014,395879309624434;7,784507029000050;47,559105943000098
207843;08221207211000584540;08;2;16;043;2022;12;13;4;3;5;3;0;0;1;1;0;0;0;0;441832,620345684990752;5410904,232015909627080;8,207139694000031;48,848380483000000
207847;08221208136300467750;08;1;36;065;2022;12;07;5;3;6;2;1;0;0;1;1;0;0;0;558730,481774186948314;5404751,758001069538295;9,799654090000050;48,792985823999999
207850;08221223222700650190;08;2;22;000;2022;12;13;6;3;1;5;0;1;1;1;0;0;0;0;462097,299916247022338;5481064,805121099576354;8,476737840000061;49,481042506000101
207852;08221212325000579750;08;3;26;003;2022;12;12;2;1;6;2;0;1;0;0;1;0;1;0;464733,945000000996515;5319893,724999500438571;8,526948882000060;48,031357419000102
207870;08221229335100640030;08;3;35;043;2022;12;23;5;3;5;3;2;1;1;1;0;0;0;0;513011,837085599021520;5278609,551831969991326;9,173298833000050;47,660749019999997
207872;08221210221200590340;08;2;21;000;2022;12;03;7;3;0;1;2;0;1;0;0;0;0;0;477670,770143848028965;5473452,999447279609740;8,692160491000040;49,413348674000098
207881;08221220317010629210;08;3;17;057;2022;12;17;3;2;6;4;2;1;0;0;1;0;0;1;412707,243909390992485;5379630,967118379659951;7,816828517000030;48,563690942000100
207882;08221213311010469940;08;3;11;000;2022;12;15;3;2;0;1;0;2;1;0;0;0;0;0;412497,362482284021098;5316053,754921490326524;7,827149222000060;47,991794702000000
207889;08221215435100649840;08;4;35;035;2022;12;16;5;3;6;4;0;0;0;1;1;0;0;0;542220,549000001978129;5282853,526999490335584;9,562714383000070;47,697686142000101
207893;08221219416010641390;08;4;16;025;2022;12;16;2;3;0;3;0;1;1;0;0;0;0;0;502713,081830752023961;5360373,624942500144243;9,036652328000059;48,396517055000103
207894;08221208221300649670;08;2;21;000;2022;12;06;5;3;6;4;2;0;1;0;1;0;0;0;476367,605958750005811;5473498,127917139790952;8,674192169000040;49,413705372999999
207896;08221231128300629990;08;1;28;064;2022;12;15;7;3;4;6;0;0;1;1;0;0;0;0;534218,273644804023206;5503029,919837409630418;9,474310166000070;49,678824466000002
207897;08221223111320644800;08;1;11;000;2022;12;19;6;3;6;7;2;1;1;0;1;0;0;0;516200,079555073985830;5405151,123823489993811;9,220600848000061;48,799141255999999
207905;08221229119200622910;08;1;19;093;2022;12;13;5;3;1;5;0;0;1;1;0;0;0;0;523836,101601949019823;5406319,827174370177090;9,324649005000030;48,809408757000000
207906;08221222416100604570;08;4;16;036;2022;12;15;5;3;5;2;0;1;1;1;0;0;0;0;496007,640695706009865;5368890,219374299980700;8,945984148000040;48,473129788999998
207913;08221207436100578050;08;4;36;055;2022;12;06;4;3;1;2;2;1;1;1;0;0;0;0;575652,268844207050279;5298333,957167499698699;10,010930980000101;47,833900734000103
207916;08221221311100626830;08;3;15;132;2022;12;14;4;3;5;3;0;0;1;1;0;0;0;0;409553,185099767986685;5323048,046693800017238;7,786219335000060;48,054299625000098
207921;08221224222014641910;08;2;22;000;2022;12;12;7;3;6;3;0;0;0;0;1;0;0;1;461661,241006460972130;5482343,840828780084848;8,470594102000060;49,492519367000099
207922;08221216212302585740;08;2;12;000;2022;12;12;6;3;3;6;0;2;1;1;0;0;0;0;454491,218466579972301;5428542,781284090131521;8,377704189000040;49,008100155000101
207926;08221220222400612450;08;2;26;036;2022;12;12;3;3;5;3;0;1;1;1;0;0;0;0;468531,825057749985717;5479777,196816509589553;8,565668536000031;49,469828677000102
207929;08221220212010596400;08;2;12;000;2022;12;12;3;2;6;2;0;1;0;0;1;0;0;1;452861,181331266998313;5428013,466404750011861;8,355477652000051;49,003216588999997
207931;08221213416010597740;08;4;15;014;2022;12;08;3;1;6;4;1;2;0;1;1;0;0;0;527002,447677636053413;5373081,318253720179200;9,365605087000059;48,510266747999999
207942;08221208426100586600;08;4;26;021;2022;12;12;5;3;6;3;0;0;0;1;1;0;0;0;559450,004808456054889;5326229,552856139838696;9,798304103000021;48,086562365000098
207946;08221215215102489740;08;2;12;000;2022;12;22;5;3;0;7;2;2;1;0;0;0;1;0;455803,579035602975637;5432612,236526729539037;8,395205123000039;49,044800588000001
207947;08221212222014463050;08;2;22;000;2022;12;17;2;3;6;2;2;0;0;1;1;0;0;0;461255,208893731003627;5481951,320147910155356;8,465026086000019;49,488963064000103
207953;08221219215302589540;08;2;15;007;2022;12;07;2;3;6;4;0;1;0;0;1;0;0;1;478544,420360167976469;5431280,154752819798887;8,706460459000031;49,034029169000100
207956;08221211128300588600;08;1;28;131;2022;12;03;1;3;0;1;2;2;1;0;0;0;0;0;537246,488035299000330;5512083,054210480302572;9,517147532000021;49,760069973000000
207965;08221220311010625800;08;3;11;000;2022;12;16;3;3;5;3;1;0;1;1;0;0;0;0;412033,642528929980472;5317256,403443730436265;7,820688523000060;48,002549242999997
207966;08221213212402595950;08;2;12;000;2022;12;16;3;3;5;3;1;1;1;1;0;0;0;0;455396,853103653993458;5425648,312233430333436;8,390405050000030;48,982130196000099
207967;08221208421300475240;08;4;21;000;2022;12;13;5;3;5;3;0;0;1;1;0;0;0;0;569824,202116857981309;5356476,007088890299201;9,942574914000030;48,357596030000103
207977;08221219221011613510;08;2;26;085;2022;12;07;2;2;6;2;2;1;0;1;1;0;0;0;491310,874250294000376;5455540,258102290332317;8,880597898000079;49,252569928000099
207978;08221231215502643120;08;2;15;099;2022;12;18;7;3;1;5;2;0;1;1;0;0;0;0;462033,656126865011174;5445178,050029070116580;8,479273827000039;49,158246436000098
207981;08221210212502577810;08;2;12;000;2022;12;18;7;3;0;1;2;1;1;0;0;0;0;0;454563,954117459012195;5429123,843137750402093;8,378633688000040;49,013332206000001
207987;08221228311500638120;08;3;15;113;2022;12;05;4;2;1;5;2;1;1;1;0;0;0;0;435690,124821507022716;5306065,291998599655926;8,139465970000060;47,904689287000103
207988;08221222226700601430;08;2;26;103;2022;12;06;5;3;5;2;2;1;1;1;0;0;0;0;473928,804741305997595;5454942,702178380452096;8,641783388000020;49,246701127999998
207993;08221212115200612380;08;1;15;037;2022;12;17;2;3;6;2;2;1;0;1;1;0;0;0;492509,310235564014874;5386437,652203620411456;8,898336715000029;48,630959906000001
208001;08221209335300608480;08;3;35;075;2022;12;19;6;3;8;1;2;1;1;0;0;0;0;0;488776,787658395012841;5289723,173438189551234;8,850236759000040;47,760778582999997
208007;08221207136100463400;08;1;36;033;2022;12;18;4;2;6;3;2;0;0;1;1;0;0;0;580701,839416870032437;5415982,114755029790103;10,100970803000100;48,891530622000097
208010;08221221127100611160;08;1;27;076;2022;12;06;4;3;4;2;2;1;1;1;0;0;0;0;555164,340000004041940;5438653,125999529846013;9,755694038000060;49,098252629999998
208015;08221225118010634600;08;1;18;048;2022;12;11;1;3;0;7;0;1;1;1;0;0;0;0;512247,194381394016091;5416724,092293419875205;9,167119750000040;48,903339944000003
208016;08221215416200609560;08;4;16;041;2022;12;15;5;3;3;6;0;1;1;1;0;0;0;0;503559,040475388988853;5374842,445912989787757;9,048203878000040;48,526680990999999
208017;08221212436200582780;08;4;36;064;2022;12;15;2;3;1;2;0;0;1;1;0;0;0;0;546260,795797589002177;5292734,587500300258398;9,617610245000041;47,786310059000101
208020;08221219335100621500;08;3;35;043;2022;12;15;2;3;5;3;0;0;1;1;0;0;0;0;512944,965019885974471;5279104,878385329619050;9,172422873000070;47,665207150000100
208024;08221222222500618880;08;2;22;000;2022;12;11;5;3;6;4;0;0;0;1;1;0;0;0;462067,112044635985512;5479295,162333579733968;8,476490771000041;49,465123568000102
208030;08221217216100585630;08;2;16;043;2022;12;15;7;3;0;1;0;2;1;0;0;0;0;0;438038,723654085013550;5412662,648491130210459;8,155165906000040;48,863830002000000
208033;08221221121200599620;08;1;21;000;2022;12;10;4;3;6;6;0;1;0;0;1;0;0;1;515944,602000001003034;5443649,383999530225992;9,218631060000060;49,145462613000099
208034;08221213212010485130;08;2;12;000;2022;12;16;3;2;3;6;0;0;1;1;0;0;0;0;459287,795825029024854;5429515,268203520216048;8,443192525000031;49,017182923000099
208040;08221227126200626910;08;1;26;066;2022;12;11;3;3;5;3;0;0;1;1;0;0;0;0;536126,603913930943236;5448750,451750050298870;9,495815134000051;49,190491238000000
208041;08221216111500580170;08;1;11;000;2022;12;12;6;3;6;4;0;1;0;1;1;0;0;0;507740,086584014992695;5398515,532895489595830;9,105274299000030;48,739610631000097
208046;08221208317200464600;08;3;17;057;2022;12;16;5;3;5;3;2;1;1;0;0;0;0;1;416901,179781368002295;5379560,585903369821608;7,873675708000060;48,563627938000103
208055;08221207117100581600;08;1;17;019;2022;12;10;4;2;0;6;0;0;1;0;0;0;0;1;550228,615543183055706;5394102,164651489816606;9,682606234000049;48,697933670000097
208058;08221221115200600740;08;1;15;037;2022;12;13;4;3;5;3;0;0;1;1;0;0;0;0;492147,542858147993684;5385595,811069370247424;8,893442780000040;48,623382108999998
208061;08221230416100624670;08;4;16;036;2022;12;12;6;3;6;1;0;0;0;1;1;0;0;0;495996,112481114978436;5369683,456589289940894;8,945820576000070;48,480266022000102
208063;08221214311010474750;08;3;11;000;2022;12;06;4;2;0;1;2;2;1;0;0;0;0;0;414539,279999986989424;5316097,307999500073493;7,854503873000060;47,992462638000099
208064;08221212225200604120;08;2;25;014;2022;12;12;2;3;6;7;0;0;0;1;1;0;0;0;524718,770214863005094;5486774,153563800267875;9,341614354000059;49,533076283000099
208069;08221229119400622300;08;1;19;079;2022;12;10;5;3;5;3;0;0;1;1;0;0;0;0;523546,575477930018678;5411467,423579770140350;9,321001400000060;48,855726222999998
208071;08221212111230578070;08;1;11;000;2022;12;12;2;3;6;6;0;1;0;0;1;0;0;1;506930,601131247007288;5398481,034991869702935;9,094263779000070;48,739309818999999
208079;08221220311400641370;08;3;15;006;2022;12;08;3;2;5;3;0;1;1;1;0;0;0;0;403087,746344483981375;5308048,545789089985192;7,702862099000070;47,918431462000100
208080;08221213222301466410;08;2;22;000;2022;12;11;3;3;5;3;0;0;1;1;0;0;0;0;464823,918157614010852;5484227,601360259577632;8,514096881000061;49,509654476000001
208081;08221209327200589770;08;3;27;046;2022;12;07;6;3;6;2;2;0;0;1;1;0;0;0;480082,627922014973592;5324671,745539770461619;8,732607063000049;48,075008535000102
208087;08221216127100598780;08;1;27;100;2022;12;15;6;3;5;3;0;0;1;1;0;0;0;0;553117,316613293020055;5434196,408715910278261;9,727068982000050;49,058345649000003
208092;08221208212702469550;08;2;15;017;2022;12;16;5;3;5;3;0;0;1;1;0;0;0;0;456607,342999999993481;5421626,458999530412257;8,407376814000029;48,946039085000102
208097;08221212311010453800;08;3;36;050;2022;12;15;2;3;6;4;0;0;0;1;1;0;0;0;399426,887069766002242;5273417,163429830223322;7,661890318000080;47,606355209000100
208102;08221219212010599050;08;2;12;000;2022;12;11;2;2;5;3;0;0;1;0;0;0;0;0;455005,991043212008663;5428499,835855069570243;8,384747620000040;49,007751604000099
208104;08221222311200602580;08;3;15;047;2022;12;18;5;3;6;2;2;1;0;1;1;0;0;0;415545,037053224979900;5321630,986839990131557;7,866891755000040;48,042373920999999
208108;08221223215402634040;08;2;15;009;2022;12;13;6;3;6;7;0;1;0;1;1;0;0;0;470197,403999999980442;5441468,343999530188739;8,591514408000020;49,125327642999999
208109;08221214311010481440;08;3;11;000;2022;12;18;4;2;6;3;2;1;0;0;1;0;1;0;410839,926999981980771;5316476,234999500215054;7,804850805000060;47,995366058999998
208110;08221213115100630380;08;1;15;051;2022;12;09;3;3;6;4;0;2;0;1;1;0;0;0;503978,765593354008161;5385177,503781810402870;9,053987556000040;48,619655567000102
208116;08221229416010623880;08;4;15;061;2022;12;18;5;3;6;4;2;0;0;0;1;0;0;1;515273,067807370971423;5370132,792259230278432;9,206686417000070;48,484135621000100
208119;08221211421200449740;08;4;21;000;2022;12;19;1;3;6;6;2;0;0;1;1;0;0;0;573893,132906168000773;5361411,407333509996533;9,998361833000050;48,401527934000100
208123;08221227416200646830;08;4;16;041;2022;12;18;3;3;0;3;2;0;1;1;0;0;0;0;503926,504000001994427;5372585,490999519824982;9,053159579000070;48,506374395000101
208127;08221221326200650700;08;3;26;074;2022;12;16;4;3;6;3;1;1;0;1;1;0;0;0;464510,451000000000931;5323513,380999499931931;8,523650887000031;48,063910362000101
208128;08221213231000482260;08;2;31;000;2022;12;13;3;3;6;4;0;0;0;1;1;0;0;0;482216,519027856993489;5414572,675541269592941;8,757428801000060;48,883852224000101
208129;08221209128100489780;08;1;28;126;2022;12;17;6;3;6;2;2;1;0;1;1;0;0;0;565260,921500865020789;5481326,399590319953859;9,900957827000070;49,481070346000102
208133;08221225435200626140;08;4;35;059;2022;12;14;1;3;0;1;0;1;1;0;0;0;0;0;511678,830110497015994;5290829,113415029831231;9,155872736000051;47,770721209000001
208138;08221220221300615060;08;2;21;000;2022;12;17;3;3;0;1;2;0;1;0;0;0;0;0;477353,546367922972422;5473737,300610950216651;8,687770967000059;49,415894190000103
208139;08221208415400423000;08;4;15;061;2022;12;11;5;3;5;3;0;0;1;1;0;0;0;0;515319,307684211991727;5371397,931190869770944;9,207358564000060;48,495516137999999
208141;08221231111500627710;08;1;11;000;2022;12;09;7;3;6;4;0;0;0;1;1;0;0;0;511073,150453179026954;5397478,768966210074723;9,150579900000031;48,730233570000102
208149;08221219311010632280;08;3;11;000;2022;12;07;2;3;0;7;0;1;1;0;0;0;0;0;412044,060435916006099;5314482,128364680334926;7,821396591000050;47,977595250999997
208150;08221230118400640160;08;1;18;048;2022;12;11;6;2;2;4;0;1;1;0;1;0;1;0;513293,891706802009139;5415480,574868699535728;9,181361970000070;48,892132013999998
208158;08221207127202456180;08;1;27;014;2022;12;06;4;2;6;4;2;0;0;0;1;0;0;1;578973,764910844038241;5442933,204152559861541;10,082644120000101;49,134151266000103
208166;08221227111500617470;08;1;11;000;2022;12;17;3;3;5;3;2;0;1;1;0;0;0;0;512201,185456505976617;5406474,661709009669721;9,166186444000060;48,811138999999997
208167;08221216226400601260;08;2;26;084;2022;12;17;6;3;5;2;1;0;1;1;0;0;0;0;469246,367013306997251;5469748,545098300091922;8,576307983000049;49,379660524000002
208176;08221221226700612160;08;2;26;095;2022;12;09;4;3;2;3;0;0;1;1;0;0;0;0;474073,332146307977382;5460188,015627849847078;8,643429263000030;49,293888961999997
208177;08221214111210608400;08;1;11;000;2022;12;12;4;3;6;4;0;2;0;1;1;0;0;0;508496,666951210994739;5396260,620607960037887;9,115518187000021;48,719315528999999
208181;08221225222701641890;08;2;22;000;2022;12;14;1;3;6;7;0;1;0;1;1;0;0;0;461632,823000001022592;5480933,691999549977481;8,470338554000019;49,479834029000102
208183;08221212212010595760;08;2;12;000;2022;12;22;2;3;6;6;2;0;1;0;1;0;0;0;455868,497622259019408;5428646,657916090451181;8,396524965000030;49,009134566000100