OBJECTID;UIDENTSTLAE;ULAND;UREGBEZ;UKREIS;UGEMEINDE;UJAHR;UMONAT;USTUNDE;UWOCHENTAG;UKATEGORIE;UART;UTYP1;ULICHTVERH;IstStrassenzustand;IstRad;IstPKW;IstFuss;IstKrad;IstGkfz;IstSonstige;LINREFX;LINREFY;XGCSWGS84;YGCSWGS84
208186;08221214212000475380;08;2;12;000;2022;12;22;4;2;0;7;2;2;1;0;0;0;0;0;457797,657291622017510;5428508,789704799652100;8,422918106000051;49,008029370000003
208187;08221220221011594690;08;2;21;000;2022;12;11;3;3;6;6;0;0;0;1;1;0;0;0;477850,818640780984424;5473186,628422119654715;8,694657535000029;49,410959290000100
208192;08221223415100604940;08;4;15;050;2022;12;11;6;3;6;4;0;1;0;1;1;0;0;0;521097,441999999980908;5376347,121999509632587;9,285819521000059;48,539872892000098
208194;08221212111500599480;08;1;11;000;2022;12;07;2;3;6;4;2;0;1;0;1;0;0;0;509161,630993556987960;5397756,321764799766243;9,124592055000051;48,732761475000103
208199;08221219121200620010;08;1;21;000;2022;12;06;2;2;0;7;2;2;1;0;0;0;0;0;516055,126797928009182;5443236,405011829920113;9,220130100000061;49,141744852999999
208201;08221222231000599390;08;2;31;000;2022;12;08;5;2;6;2;1;1;0;1;1;0;0;0;477504,082268413971178;5415377,063923070207238;8,693106552000071;48,890935106000001
208202;08221213311010586850;08;3;15;098;2022;12;12;3;3;0;7;0;2;1;0;0;0;0;1;406781,340190524992067;5312062,260078609921038;7,751418163000040;47,955083133000102
208203;08221210121200446170;08;1;21;000;2022;12;15;7;3;6;7;0;0;0;1;1;0;0;0;516926,897791180992499;5443671,200468439608812;9,232101022000050;49,145632571000100
208209;08221207336300424870;08;3;36;057;2022;12;12;4;3;5;3;0;0;1;1;0;0;0;0;407619,350107743986882;5277267,620663690380752;7,770050384000060;47,642212338999997
208213;08221208311010427470;08;3;11;000;2022;12;18;5;3;0;1;2;0;1;0;0;0;0;0;414045,743173848022707;5316686,341674479655921;7,847772023000060;47,997695063999998
208215;08221231118100627140;08;1;18;007;2022;12;13;7;3;5;3;0;0;1;1;0;0;0;0;514763,469528411980718;5429380,855313990265131;9,201914581000040;49,017140547000103
208216;08221223221300619760;08;2;21;000;2022;12;17;6;3;5;3;2;1;1;1;0;0;0;0;476986,186000002024230;5474995,018999549560249;8,682633261000030;49,427193353000099
208217;08221214421300586530;08;4;25;028;2022;12;11;4;2;0;1;0;2;1;0;0;0;0;0;579818,529058987973258;5340905,291005560196936;10,074525317000100;48,216350687999999
208222;08221219118400618050;08;1;18;048;2022;12;20;2;3;6;4;2;1;0;1;1;0;0;0;513813,612604657013435;5415634,425001620315015;9,188457427000060;48,893504640000103
208225;08221210212302577800;08;2;12;000;2022;12;11;7;3;5;2;0;0;1;1;0;0;0;0;456864,720911854994483;5428488,581674310378730;8,410163825000041;49,007783091000100
208236;08221223226700631370;08;2;26;041;2022;12;14;6;3;6;2;0;0;0;1;1;0;0;0;477396,385000000998843;5466302,294999539852142;8,688784221000050;49,349018764999997
208245;08221230118300625680;08;1;18;046;2022;12;14;6;2;0;7;0;1;1;0;0;0;0;0;513908,896471756976098;5414398,130030429922044;9,189715288000061;48,882381117000101
208247;08221213226700648740;08;2;26;065;2022;12;09;3;3;1;5;0;0;1;1;0;0;0;0;478645,672416572982911;5457652,696599399670959;8,706447326000051;49,271260550000100
208248;08221209337010593110;08;3;37;126;2022;12;07;6;2;6;2;2;1;0;1;1;0;0;0;441972,064999999012798;5273561,515999490395188;8,227855767000049;47,612860261999998
208254;08221216221011613440;08;2;21;000;2022;12;19;6;2;6;2;2;0;0;1;1;0;0;0;476570,593482639000285;5472653,113718380220234;8,677040474000020;49,406112463000099
208255;08221207222600601310;08;2;22;000;2022;12;06;4;3;6;2;2;1;0;1;1;0;0;0;464150,937582128972281;5482708,072930090129375;8,504938971000060;49,495947672000099
208259;08221220435100622960;08;4;35;016;2022;12;05;3;3;5;3;2;1;1;1;0;0;0;0;531373,570453505031765;5280310,086806830018759;9,417967930000030;47,675419551000097
208260;08221208121300461640;08;1;21;000;2022;12;17;5;3;5;3;1;0;1;1;0;0;0;0;513522,532193165970966;5447965,191313469782472;9,185565048000059;49,184342748000098
208263;08221223311010605040;08;3;11;000;2022;12;10;6;3;6;6;0;1;0;0;1;0;0;1;414401,783187144028489;5316527,837695100344718;7,852575411000030;47,996317029000103
208265;08221213118000598910;08;1;15;021;2022;12;07;3;2;4;2;2;0;1;0;0;0;0;1;490698,297000001010019;5383272,998999520204961;8,873828751000080;48,602465748999997
208273;08221211121600455120;08;1;25;008;2022;12;15;1;2;6;7;0;0;0;1;1;0;0;0;527597,220329797011800;5434977,677620910108089;9,377815219000070;49,067045336000000
208280;08221214212702586910;08;2;15;110;2022;12;08;4;3;0;7;1;2;1;0;0;0;0;0;461675,071728023991454;5419406,124622480012476;8,476793471000059;48,926401226999999
208281;08221221416010615470;08;4;15;078;2022;12;18;4;2;6;4;2;1;0;1;1;0;0;0;528862,495699787978083;5371372,017684339545667;9,390670800000070;48,494806821000097
208286;08221226437100639840;08;4;37;100;2022;12;10;2;3;0;1;0;1;1;0;0;0;0;0;536947,549875163007528;5318016,395940730348229;9,495443589000050;48,014372356000102
208287;08221215336100611680;08;3;36;050;2022;12;07;5;3;0;1;1;2;1;0;0;0;0;0;399087,983736492984463;5275773,285969560034573;7,656839773000060;47,627496597000103
208295;08221220435100603540;08;4;35;029;2022;12;17;3;3;5;3;2;1;1;1;0;0;0;0;544780,602744002942927;5271666,979204439558089;9,595687353000070;47,596865530000102
208296;08221213421200584430;08;4;21;000;2022;12;08;3;3;6;4;0;0;0;0;1;0;0;1;572659,232961541973054;5360706,943974530324340;9,981571391000051;48,395334553000097
208302;08221227117300629510;08;1;17;026;2022;12;11;3;3;4;2;0;0;1;1;0;0;0;0;549899,575000002048910;5393783,339999520219862;9,678096385000060;48,695092101000100
208303;08221216117200580670;08;1;17;024;2022;12;06;6;3;6;1;2;2;0;1;1;0;0;0;561079,890544377034530;5385804,314773580059409;9,828835504000040;48,622324767000102
208307;08221220116200597290;08;1;16;078;2022;12;16;3;3;5;3;1;1;1;1;0;0;0;0;510428,910900783026591;5393841,254310400225222;9,141727198000069;48,697521466000097
208308;08221208237100613640;08;2;37;028;2022;12;21;5;2;6;7;2;1;0;1;1;0;0;0;456313,373816699022427;5368288,208881430327892;8,409007495000029;48,466209157999998
208310;08221231212010641580;08;2;12;000;2022;12;19;7;2;1;5;2;0;1;0;0;0;0;1;454480,411872987984680;5429727,947324959561229;8,377423501000070;49,018760002000100
208311;08221223311200651200;08;3;11;000;2022;12;17;6;3;6;4;2;0;0;0;1;0;0;1;410768,553715537011158;5316350,309051100164652;7,803920477000080;47,994223369000103
208313;08221212311010481270;08;3;11;000;2022;12;09;2;3;6;4;0;0;1;0;1;0;0;0;413227,243887869000901;5316548,653549480251968;7,836830107000030;47,996345943999998
208320;08221222115400599880;08;1;15;045;2022;12;14;5;3;5;3;0;1;1;1;0;0;0;0;500845,569261193973944;5396914,112412840127945;9,011497463000071;48,725251706999998
208321;08221210311010440790;08;3;11;000;2022;12;19;7;3;6;7;2;1;0;1;1;0;0;0;415609,324323560984340;5317740,529583759605885;7,868520377000040;48,007386242000102
208325;08221227311400637060;08;3;15;074;2022;12;09;3;2;6;4;0;0;0;1;1;0;0;0;397131,518318763002753;5295520,457142289727926;7,626144254000050;47,804815650000101
208326;08221217317100616820;08;3;17;001;2022;12;13;7;3;8;1;0;2;1;0;0;0;0;0;432175,637818200979382;5386842,280888170003891;8,079485972000040;48,630966377999997
208327;08221208111500647580;08;1;11;000;2022;12;18;5;3;5;3;2;0;1;1;0;0;0;0;516767,694318972993642;5410251,005427489988506;9,228538640000069;48,845003841000100
208332;08221209231000444940;08;2;36;076;2022;12;16;6;3;3;6;0;0;1;1;0;0;0;0;471483,558161380002275;5423687,229204979725182;8,610394065000040;48,965441556000002
208335;08221231416200636590;08;4;16;025;2022;12;09;7;3;3;5;0;0;1;1;0;0;0;0;504428,543629320978653;5361327,181385040283203;9,059837376000081;48,405086058999998
208337;08221216212302598090;08;2;12;000;2022;12;12;6;3;0;1;0;0;1;0;0;0;0;0;455721,679076656990219;5428298,962315569631755;8,394555337000041;49,005996491000097
208341;08221220222700642190;08;2;22;000;2022;12;19;3;3;0;7;2;1;1;0;0;0;0;0;462313,341000001993962;5480565,985999549739063;8,479767775000029;49,476569332000103
208343;08221219335200588210;08;3;35;063;2022;12;14;2;3;0;1;0;0;1;0;0;0;0;0;497897,645412364974618;5287947,678236350417137;8,971954587000029;47,744897709999996
208347;08221211116500440970;08;1;16;049;2022;12;01;1;3;2;6;2;1;1;1;0;0;0;0;525315,880465344991535;5383577,892996639944613;9,343408444000030;48,604765760000099
208352;08221219311010634050;08;3;15;003;2022;12;07;2;3;0;7;2;2;1;0;0;0;0;0;412822,585820108011831;5311919,950216160155833;7,832346174000070;47,954654073000000
208353;08221219335100632910;08;3;35;043;2022;12;18;2;3;6;4;2;0;1;1;1;0;0;0;514337,939882464997936;5280065,557945310138166;9,191008296000060;47,673821633999999
208357;08221230216200628030;08;2;16;007;2022;12;10;6;3;5;3;0;0;1;1;0;0;0;0;436430,267999998002779;5393985,124999520368874;8,136125434000061;48,695664130000097
208358;08221223126200621840;08;1;26;066;2022;12;14;6;3;6;4;0;1;0;1;1;0;0;0;535611,883558487985283;5450435,134840089827776;9,488900532000059;49,205675036000102
208360;08221212435100458300;08;4;35;035;2022;12;17;2;3;8;1;2;0;1;0;0;0;0;0;541535,966295224963687;5283170,203962200321257;9,553620889000060;47,700579738999998
208365;08221219311010633880;08;3;11;000;2022;12;05;2;3;0;1;2;2;1;0;0;0;0;0;411867,107995842990931;5317160,161874979734421;7,818476159000060;48,001660584000000
208366;08221228416200628640;08;4;16;041;2022;12;11;4;3;0;1;0;0;1;0;0;0;0;0;504550,940405401983298;5376385,628076549619436;9,061655082000071;48,540557578000097
208368;08221211222400629700;08;2;26;028;2022;12;11;1;3;6;4;0;0;0;1;1;0;0;0;471694,409438007976860;5484087,941834270022810;8,609009485000060;49,508757946000102
208374;08221207231000619930;08;2;31;000;2022;12;07;4;3;6;2;1;0;0;1;1;0;0;0;477645,667739133990835;5415372,826447780244052;8,695038290000070;48,890902111000102
208389;08221219311010632340;08;3;11;000;2022;12;20;2;2;0;1;2;1;1;0;0;0;0;0;413754,066728116013110;5316480,780500969849527;7,843904200000050;47,995806686000002
208391;08221223415100605470;08;4;15;014;2022;12;21;6;3;0;1;2;1;1;0;0;0;0;0;525613,809594681020826;5375229,516911719925702;9,346935656000030;48,529650560999997
208392;08221214415400476260;08;4;15;061;2022;12;10;4;3;0;1;0;2;1;0;0;0;0;0;513380,708872126997449;5369169,855297760106623;9,181046933000060;48,475515802000103
208399;08221229119300640610;08;1;19;067;2022;12;11;5;2;5;3;0;0;1;1;0;0;0;0;538850,073474406031892;5406123,382363569922745;9,529114177000050;48,806884363999998
208400;08221222215102604890;08;2;15;090;2022;12;13;5;3;1;5;0;1;1;0;0;0;1;0;464847,777112311974633;5434362,962438479997218;8,518811062000051;49,061130953000003
208407;08221224111500617490;08;1;11;000;2022;12;10;7;3;5;3;0;1;1;1;0;0;0;0;506359,132296854979359;5406144,948912610299885;9,086609694000060;48,808260185999998
208409;08221207136100608250;08;1;36;088;2022;12;16;4;3;5;3;0;1;1;0;0;0;0;0;580344,877056663972326;5410056,096428399905562;10,094938358000000;48,838277322000103
208412;08221221118000630510;08;1;15;042;2022;12;12;4;3;6;7;0;0;0;0;1;0;0;1;496002,407857361016795;5406145,981410150416195;8,945553826000040;48,808289152000000
208420;08221218311010649390;08;3;11;000;2022;12;19;1;3;5;3;1;0;1;1;0;0;0;0;414176,153999987000134;5315689,131999500095844;7,849719236000060;47,988742301999999
208421;08221207222800423590;08;2;22;000;2022;12;11;4;3;2;6;0;0;1;1;0;0;1;0;460778,619192946993280;5488487,502148199826479;8,457796227000070;49,547721498000001
208425;08221213311010630530;08;3;11;000;2022;12;11;3;3;5;2;0;1;1;1;0;0;0;0;413066,482292036991566;5315389,356370680034161;7,834910380000050;47,985895835000100
208430;08221213136100468270;08;1;36;082;2022;12;12;3;3;6;6;0;0;0;1;1;0;0;0;586999,626000014948659;5414554,255999520421028;10,186565566000100;48,877836469999998
208434;08221219416010587890;08;4;16;041;2022;12;08;2;3;0;1;0;2;1;0;0;0;0;0;504688,864999999990687;5371821,262999510392547;9,063472330000019;48,499493872000102
208436;08221219212702605230;08;2;15;017;2022;12;07;2;3;1;5;2;2;1;1;0;0;0;0;457068,400029112992343;5421177,993083200417459;8,413720484000070;48,942037207000098
208437;08221214222014482000;08;2;22;000;2022;12;22;4;3;5;3;2;1;1;1;0;0;0;0;462070,086746819026303;5482742,514621430076659;8,476201187000070;49,496130923000102
208439;08221223415400604260;08;4;15;061;2022;12;10;6;3;5;2;0;1;1;1;0;0;0;0;515599,542392485018354;5370057,201892039738595;9,211101659000059;48,483447564000102
208440;08221214426010585090;08;4;25;033;2022;12;07;4;2;6;4;0;2;0;1;1;0;0;0;553696,396031914977357;5347767,815112319774926;9,723773259000041;48,280835227000097
208446;08221217336100617900;08;3;36;050;2022;12;09;7;3;5;3;0;1;1;1;0;0;0;0;399428,016964472015388;5272357,346909699961543;7,662148466000080;47,596821955000102
208449;08221221127202612210;08;1;27;076;2022;12;06;4;2;6;4;2;1;0;1;1;0;0;0;551976,551213236991316;5438424,246048189699650;9,711998844000050;49,096471508000000
208450;08221213435100601560;08;4;35;016;2022;12;09;3;3;0;1;0;2;1;0;0;0;0;0;535444,572840870008804;5279524,927594670094550;9,472137507000070;47,668144787000102
208451;08221209221011441590;08;2;21;000;2022;12;11;6;2;5;3;0;0;1;1;0;0;0;0;476867,630898871982936;5473465,037112640216947;8,681087574000060;49,413426944000001
208456;08221224111500608960;08;1;11;000;2022;12;19;7;3;6;4;2;0;0;1;1;0;0;0;512589,926876328012440;5408804,224311619997025;9,171552784000029;48,832087655000102
208458;08221207119400456590;08;1;19;091;2022;12;10;4;3;6;2;0;0;0;1;1;0;0;0;526712,066529370960779;5406925,719301570206881;9,363858462000049;48,814742228000100
208461;08221214212010471030;08;2;12;000;2022;12;07;4;3;5;2;0;0;1;1;0;0;0;0;460798,778049418004230;5427213,674435770139098;8,464078999000041;48,996577465000001
208462;08221220311010619920;08;3;11;000;2022;12;11;3;3;5;2;0;0;1;0;0;0;0;0;414511,365999986999668;5315880,457999500446022;7,854172986000040;47,990508254000098
208463;08221208416010431580;08;4;16;041;2022;12;19;5;2;4;6;2;0;1;1;0;0;0;0;504389,577592639019713;5374344,529383320361376;9,059447479000029;48,522196296000097
208465;08221230222500641260;08;2;22;000;2022;12;19;6;3;5;7;2;0;1;1;0;0;0;0;465704,997203198028728;5475810,568555770441890;8,526996740000071;49,433997353000102
208466;08221223128100622270;08;1;28;007;2022;12;09;6;3;6;7;0;0;0;1;1;0;0;0;556628,563740896992385;5482171,094359540380538;9,781917608000070;49,489534313000000
208467;08221215111500580570;08;1;11;000;2022;12;18;5;2;6;4;2;1;0;1;1;0;0;0;511730,718220415001269;5400443,883888320066035;9,159606338000060;48,756895664000098
208473;08221219317500607600;08;3;17;096;2022;12;11;2;3;0;1;0;0;1;0;0;0;0;0;421192,890999990981072;5368096,722999510355294;7,934000353000040;48,461066851000098
208476;08221231111500638770;08;1;11;000;2022;12;17;7;3;6;4;2;0;0;1;1;0;0;0;518615,355675376020372;5405984,707601640373468;9,253527792000060;48,806572405000097
208477;08221223317500606660;08;3;17;096;2022;12;19;6;3;0;1;2;1;1;0;0;0;0;0;423517,935708653007168;5369505,509378300048411;7,965187476000040;48,474025843000000
208483;08221218415100653180;08;4;15;050;2022;12;17;1;3;5;3;2;0;1;1;0;0;0;0;520954,836000000010245;5376856,228999510407448;9,283913191000069;48,544457713000000
208486;08221222221200627010;08;2;21;000;2022;12;22;5;3;6;4;2;1;0;1;1;0;0;0;476116,708439475973137;5472761,111605090089142;8,670777569000050;49,407066241999999
208495;08221214212102606990;08;2;12;000;2022;12;14;4;3;0;1;0;2;1;0;0;0;0;0;461118,300503742008004;5427519,335834469646215;8,468417744000019;48,999347166000099
208503;08221227116100629090;08;1;16;019;2022;12;15;3;3;5;3;0;0;1;1;0;0;0;0;525250,179879504023120;5396651,294645239599049;9,343315091000020;48,722376511999997
208505;08221207337010458160;08;3;37;096;2022;12;07;4;3;5;3;2;0;1;1;0;0;0;0;419298,507935889007058;5267204,608174970373511;7,927367725000070;47,553244610999997
208515;08221212436200595600;08;4;36;064;2022;12;16;2;3;5;3;0;0;1;1;0;0;0;0;545492,314000001992099;5290979,489999500103295;9,607167258000061;47,770574136999997
208523;08221212118000591450;08;1;18;049;2022;12;18;2;3;6;4;2;0;0;1;1;0;0;0;519370,660316871013492;5421180,310144290328026;9,264534140000020;48,943244661000101
208527;08221227212010617700;08;2;15;105;2022;12;10;3;2;6;2;0;0;0;1;1;0;0;0;457351,681539846002124;5442103,493728050030768;8,415387100000030;49,130283624000100
208529;08221207417100474100;08;4;17;079;2022;12;17;4;3;6;4;2;1;0;1;1;0;0;0;502104,494438278023154;5340799,845081609673798;9,028332984000031;48,220419935999999
208533;08221213311010467800;08;3;11;000;2022;12;22;3;2;0;7;2;2;1;0;0;0;0;0;416508,000999988988042;5314809,628999499604106;7,881137295000030;47,981139425999999
208544;08221221335100626660;08;3;35;043;2022;12;18;4;3;5;3;2;1;1;1;0;0;0;0;512122,906867849000264;5281611,874146609567106;9,161542972000060;47,687780180000097
208545;08221213336400499340;08;3;36;014;2022;12;22;3;3;0;7;2;2;1;0;0;0;0;0;390563,251060222974047;5279304,042835960164666;7,542526878000050;47,657870822000099
208546;08221209215402480300;08;2;15;009;2022;12;13;6;2;6;7;0;0;0;0;1;0;0;1;469064,804168450005818;5441190,631656009703875;8,576012304000070;49,122773606000102
208550;08221226119300643800;08;1;19;067;2022;12;20;2;3;0;7;2;1;1;0;0;0;0;0;536975,061555961030535;5405152,253664229996502;9,503491269000049;48,798262884000103
208552;08221207311400414020;08;3;15;033;2022;12;15;4;3;5;3;0;0;1;1;0;0;0;0;398239,748409453022759;5306527,345738279633224;7,638350844000060;47,903997425000099
208555;08221220222014595330;08;2;22;000;2022;12;12;3;3;6;7;0;0;0;1;1;0;0;0;462199,964000001025852;5482634,194999549537897;8,478005030000080;49,495164752000100
208556;08221208426010452810;08;4;26;074;2022;12;12;5;2;6;4;0;0;0;1;1;0;0;0;555642,420000002020970;5326312,079999499954283;9,747190665000060;48,087648608000102
208558;08221231119200627190;08;1;19;020;2022;12;16;7;3;5;3;0;0;1;1;0;0;0;0;520477,685411532002036;5406287,918857369571924;9,278906214000070;48,809241462000003
208561;08221213121500614900;08;1;25;065;2022;12;18;3;3;5;3;2;0;1;1;0;0;0;0;516313,946540425997227;5447541,175843969918787;9,223853180000051;49,180460719000102
208566;08221219216100608420;08;2;16;022;2022;12;16;2;3;6;4;1;1;0;1;1;0;0;0;434669,142498013970908;5404299,518970119766891;8,110560110000050;48,788259539000101
208568;08221222311010601360;08;3;11;000;2022;12;20;5;3;0;1;2;1;1;0;0;0;0;0;413709,493526991980616;5318365,835234330035746;7,842927622000050;48,012757388000097
208573;08221227222700642220;08;2;22;000;2022;12;17;3;3;4;2;2;0;1;1;0;0;0;0;462668,412519539007917;5481604,646224199794233;8,484570975000050;49,485933499000097
208575;08221207311010647020;08;3;11;000;2022;12;09;4;3;5;3;0;0;1;1;0;0;0;0;412376,171303012990393;5315699,033559040166438;7,825597582000060;47,988587278000097
208583;08221225436400621240;08;4;36;009;2022;12;19;1;3;0;1;2;1;1;0;0;0;0;0;555871,052644949057139;5308254,688887939788401;9,747908182000060;47,925176960000002
208584;08221215335300485780;08;3;35;100;2022;12;17;5;3;0;1;2;1;1;0;0;0;0;0;488130,956645092985127;5286056,685946850106120;8,841718821000031;47,727777588999999
208585;08221212311010598480;08;3;11;000;2022;12;07;2;3;6;4;0;0;0;0;1;0;0;1;411289,353240256023128;5315375,387148340232670;7,811101304000030;47,985526157999999
208588;08221219415400589520;08;4;15;061;2022;12;06;2;3;0;7;2;1;1;0;0;0;0;0;515323,010000000998843;5371395,104999519884586;9,207408574000061;48,495490621999998
208592;08221223222500629070;08;2;22;000;2022;12;10;6;3;5;3;0;0;1;1;0;0;0;0;462868,563216830021702;5479003,368973280303180;8,487578445000050;49,462548554000101
208593;08221214311010606210;08;3;11;000;2022;12;12;4;2;0;7;0;2;1;0;0;0;0;0;414791,280999986978713;5319051,681999499909580;7,857294012000070;48,019072006999998
208596;08221226426100613300;08;4;26;021;2022;12;18;2;3;5;3;2;1;1;1;0;0;0;0;558818,466742170974612;5327202,174067609943449;9,789958554000069;48,095370846000002
208598;08221212327200631560;08;3;27;046;2022;12;07;2;3;6;4;1;0;0;0;1;0;0;1;480067,237983748025727;5325169,825480910018086;8,732377215000040;48,079489262999999
208604;08221220311010624420;08;3;11;000;2022;12;17;3;3;5;3;2;0;1;1;0;0;0;0;411762,164250029018149;5321152,700738440267742;7,816247589000060;48,037559932000100
208605;08221231325069652790;08;3;26;074;2022;12;19;7;3;5;2;2;0;1;1;0;0;0;0;459826,357626942975912;5323727,203572610393167;8,460762504000060;48,065556222000097
208606;08221223326200628890;08;3;26;074;2022;12;20;6;2;6;2;2;1;0;1;1;0;0;0;464196,883858311979566;5322249,677429350093007;8,519548062000069;48,052523575000102
208607;08221214415100605350;08;4;15;050;2022;12;07;4;3;5;2;2;0;1;1;0;0;0;0;520751,544872429978568;5376429,340592550113797;9,281137603000049;48,540624088000101
208608;08221210327100643640;08;3;27;050;2022;12;13;7;3;6;4;0;2;0;1;1;0;0;0;486216,077414203027729;5314524,320851050317287;8,815275312000040;47,983873309000003
208615;08221222221011623080;08;2;21;000;2022;12;17;5;3;3;2;2;1;1;1;0;0;0;0;476578,219886101025622;5472494,748681980185211;8,677154937000070;49,404688288999999
208617;08221210126200590950;08;1;26;066;2022;12;10;7;3;5;3;0;0;1;1;0;0;0;0;536131,853014301974326;5448666,238800819963217;9,495879601000070;49,189733435000100
208621;08221227237100646950;08;2;37;028;2022;12;16;3;2;0;1;0;0;1;0;0;0;0;0;457659,063734680996276;5367862,363068839535117;8,427254127000030;48,462470281999998
208622;08221217221300585390;08;2;21;000;2022;12;15;7;3;5;3;0;1;1;1;0;0;0;0;476986,186000002024230;5474995,018999549560249;8,682633261000030;49,427193353000099
208623;08221207416200449130;08;4;16;041;2022;12;08;4;3;0;1;1;1;1;0;0;0;0;0;504127,746921225974802;5377106,802004519850016;9,055928906000080;48,547048423000000
208626;08221221116400598370;08;1;16;033;2022;12;16;4;3;6;3;1;1;0;1;1;0;0;0;532533,813700331957079;5388738,686179130338132;9,441721603000079;48,650858337000003
208627;08221208311100582910;08;3;15;015;2022;12;04;5;3;0;1;2;0;1;0;0;0;0;0;396764,374007107981015;5318619,718012370169163;7,615711857000060;48,012528072000102
208629;08221231121300638460;08;1;21;000;2022;12;12;7;3;5;3;0;0;1;1;0;0;0;0;514742,315378742991015;5445932,033274170011282;9,202229089000070;49,166025803000103
208630;08221223222500652950;08;2;22;000;2022;12;11;6;3;5;3;0;0;1;1;0;0;0;0;462845,294522029988002;5479264,082768959924579;8,487232875000069;49,464892129000098
208631;08221214311010603480;08;3;11;000;2022;12;08;4;3;0;6;0;2;1;1;0;0;0;0;413407,320810971024912;5315566,644118259660900;7,839441596000030;47,987536839000001
208632;08221212231202651100;08;2;36;071;2022;12;19;2;3;6;2;2;0;0;1;1;0;0;0;468368,026000001002103;5422565,034999529831111;8,567916514000050;48,955195339000099
208637;08221219212010591580;08;2;12;000;2022;12;09;2;3;5;3;0;1;1;1;0;0;0;0;456439,364884060982149;5427101,367786309681833;8,404496585000061;48,995275047000099
208638;08221230115400642070;08;1;15;045;2022;12;19;6;3;0;6;2;0;1;1;0;0;0;0;500009,100772681005765;5394718,993618530221283;9,000123698000040;48,705504853999997
208641;08221210226600634060;08;2;21;000;2022;12;03;7;3;0;1;2;0;1;0;0;0;0;0;476818,729087724001147;5475215,819949699565768;8,680311118000080;49,429173054000003
208646;08221216317300580080;08;3;17;065;2022;12;13;6;3;0;1;0;2;1;0;0;0;0;0;415662,139428115973715;5354482,776035330258310;7,861937517000060;48,337895231000097
208660;08221230118300643500;08;1;18;046;2022;12;11;6;3;5;3;0;0;1;1;0;0;0;0;512876,091000001993962;5411333,189999519847333;9,175531580000040;48,854831906000101
208661;08221222215102631700;08;2;15;090;2022;12;12;5;2;6;7;0;1;0;1;1;0;0;0;465227,148375678982120;5433226,301900779828429;8,524101598000071;49,050927977000100
208662;08221213327200591440;08;3;27;049;2022;12;17;3;3;2;6;2;1;1;1;0;0;0;0;472544,040493590990081;5324810,639758810400963;8,631393636000039;48,075978077999999
208668;08221227111230629110;08;1;11;000;2022;12;13;3;3;6;7;0;0;0;1;1;0;0;0;513352,394416538008954;5397935,260116309858859;9,181589180000060;48,734295490000100
208669;08221216221300637790;08;2;26;012;2022;12;17;6;3;4;6;2;0;1;1;0;0;0;0;476193,202533375995699;5477305,358074399642646;8,671559244000040;49,447943825999999
208673;08221220316200612350;08;3;16;009;2022;12;15;3;3;6;4;0;0;0;1;1;0;0;0;416952,653065708000213;5324388,942344149574637;7,885238166000020;48,067367511999997
208674;08221208337010422530;08;3;37;128;2022;12;15;5;2;5;1;0;0;1;1;0;0;0;0;448628,213685658003669;5284842,171526639722288;8,315091998000071;47,714915091000101
208676;08221230311010636920;08;3;11;000;2022;12;09;6;3;5;3;0;1;1;1;0;0;0;0;409901,579157889005728;5316622,981477309949696;7,792244759000030;47,996554532000097
208678;08221215221011602830;08;2;21;000;2022;12;17;5;3;5;3;2;0;1;1;0;0;0;0;477534,332094790996052;5472439,406287140212953;8,690336881000061;49,404226538000003
208683;08221218336200594730;08;3;36;105;2022;12;12;1;3;0;1;0;2;1;0;0;0;0;0;401639,103500000026543;5266806,306999480351806;7,692796711000030;47,547226728000098
208685;08221222111500651720;08;1;11;000;2022;12;14;5;3;5;2;0;1;1;1;0;0;0;0;512222,450612568994984;5403608,747627009637654;9,166390793000060;48,785357120000100
208686;08221211226400456120;08;2;26;018;2022;12;11;1;3;1;7;0;2;1;1;0;0;0;0;473123,568447610014118;5472156,817545330151916;8,629559980000071;49,401505907999997
208694;08221213221200469680;08;2;21;000;2022;12;18;3;3;5;3;2;1;1;1;0;0;0;0;477118,383174912014510;5472347,053162709809840;8,684608920000070;49,403380339000101
208695;08221209415100591500;08;4;15;014;2022;12;13;6;3;5;3;0;0;1;1;0;0;0;0;525645,322000000043772;5375246,860999509692192;9,347363546000050;48,529805304000000
208701;08221216118100581670;08;1;18;007;2022;12;18;6;3;6;2;2;1;0;1;1;0;0;0;510350,386945568025112;5427694,027247340418398;9,141515686000050;49,002056387000003
208702;08221208115100589660;08;1;15;024;2022;12;15;5;3;4;6;0;0;1;0;0;0;0;1;500531,500999998999760;5387404,620999519713223;9,007214752000040;48,639703580999999
208705;08221219416100586820;08;4;16;036;2022;12;05;2;3;0;1;2;2;1;0;0;0;0;0;498086,580000001995359;5369650,545999510213733;8,974108311000069;48,479979782999997
208707;08221230226500642040;08;2;26;085;2022;12;11;6;3;6;2;0;0;0;1;1;0;0;0;491127,548000000999309;5454972,336999540217221;8,878091295000051;49,247458731000101
208708;08221223221200618210;08;2;21;000;2022;12;14;6;3;5;3;0;1;1;0;0;0;0;0;477425,634872411028482;5472450,605651649646461;8,688838003000059;49,404323251999998
208709;08221215111370609260;08;1;11;000;2022;12;14;5;3;6;2;0;1;0;0;1;0;1;0;511710,576890025986359;5406411,585749980062246;9,159502330000070;48,810581016000100